#VRML V2.0 utf8
# 3D model generated by easyeda2kicad.py (https://github.com/uPesy/easyeda2kicad.py)

Shape{
    appearance Appearance {
        material  Material 	{
            diffuseColor 0.7529411764705882 0.7529411764705882 0.7529411764705882
            specularColor 0.6627450980392157 0.6627450980392157 0.6627450980392157
            ambientIntensity 0.7529
            transparency 0.0
            shininess 0.5
        }
    }
    geometry IndexedFaceSet {
        ccw TRUE
        solid FALSE
        coord DEF co Coordinate {
            point [
                0.8768 1.5725 0.1165, 0.8768 1.5725 0.2365, 0.8793 1.5531 0.1165, 0.8793 1.5531 0.2365, 0.8865 1.5349 0.1165, 0.8865 1.5349 0.2365, 0.898 1.519 0.1165, 0.898 1.519 0.2365, 0.9131 1.5066 0.1165, 0.9131 1.5066 0.2365, 0.9309 1.4983 0.1165, 0.9309 1.4983 0.2365, 0.9501 1.4947 0.1165, 0.9501 1.4947 0.2365, 0.9696 1.496 0.1165, 0.9696 1.496 0.2365, 0.9882 1.5021 0.1165, 0.9882 1.5021 0.2365, 1.0047 1.5127 0.1165, 1.0047 1.5127 0.2365, 0.8768 -1.5726 0.1165, 0.8768 -1.5726 0.2365, 0.8786 -1.5892 0.1165, 0.8786 -1.5892 0.2365, 0.8839 -1.6051 0.1165, 0.8839 -1.6051 0.2365, 1.2619 -0.1464 3.8634, 1.2642 -0.1535 3.8372, 1.2558 -0.0001 3.8093, 1.2578 -0.1194 3.91, 1.2598 -0.135 3.8879, 1.2562 -0.1002 3.9291, 1.2548 -0.0779 3.9447, 1.2538 -0.0533 3.9561, 1.2532 -0.0271 3.9631, 1.253 -0.0001 3.9654, 1.2532 0.027 3.9631, 1.2538 0.0532 3.9561, 1.2548 0.0778 3.9447, 1.2562 0.1001 3.9291, 1.2578 0.1192 3.91, 1.2598 0.1348 3.8879, 1.2619 0.1463 3.8634, 1.2642 0.1533 3.8372, 1.28 -0.2328 3.8115, 1.2719 -0.1553 3.8108, 1.4678 -0.6583 3.8279, 1.4291 -0.5907 3.8245, 1.4154 -0.5844 3.9267, 1.6231 0.8325 3.8415, 1.6177 0.8302 3.9035, 1.5195 0.7162 3.8324, 1.5046 0.7089 3.9566, 1.4678 0.6581 3.8279, 1.6106 0.8178 3.9852, 1.607 0.8116 4.026, 1.494 0.6764 4.0773, 1.5984 0.7811 4.1248, 1.5966 0.775 4.1445, 1.4841 0.6234 4.1906, 1.5869 0.721 4.2562, 1.5779 0.6509 4.3586, 1.4752 0.5514 4.293, 1.5766 0.6368 4.3737, 1.5699 0.5662 4.4495, 1.4674 0.4627 4.3814, 1.5677 0.5338 4.4752, 1.5632 0.4689 4.5268, 1.4611 0.3599 4.4531, 1.5605 0.4151 4.5578, 1.5578 0.3612 4.5888, 1.4565 0.2462 4.506, 1.5551 0.2839 4.619, 1.5538 0.2453 4.634, 1.4537 0.1249 4.5383, 1.5518 0.1442 4.657, 1.5514 0.124 4.6616, 1.4527 -0.0001 4.5492, 1.5506 -0.0001 4.6709, 1.5514 -0.1242 4.6616, 1.4537 -0.1251 4.5383, 1.5518 -0.1444 4.657, 1.5538 -0.2455 4.634, 1.4565 -0.2463 4.506, 1.5551 -0.2841 4.619, 1.5578 -0.3613 4.5888, 1.4611 -0.36 4.4531, 1.5605 -0.4152 4.5578, 1.5632 -0.4691 4.5268, 1.4674 -0.4628 4.3814, 1.5677 -0.5339 4.4752, 1.5699 -0.5664 4.4495, 1.4752 -0.5515 4.293, 1.5766 -0.6369 4.3737, 1.5779 -0.651 4.3586, 1.4841 -0.6235 4.1906, 1.5869 -0.7211 4.2562, 1.5966 -0.7751 4.1445, 1.494 -0.6765 4.0773, 1.5984 -0.7812 4.1248, 1.607 -0.8118 4.026, 1.5046 -0.709 3.9566, 1.6231 -0.8326 3.8415, 1.5195 -0.7163 3.8324, 1.6177 -0.8303 3.9035, 1.6106 -0.818 3.9852, 1.4067 -0.5576 4.0263, 1.3986 -0.5139 4.1196, 1.3912 -0.4546 4.204, 1.3848 -0.3814 4.2769, 1.3796 -0.2967 4.336, 1.3758 -0.203 4.3795, 1.3735 -0.1031 4.4062, 1.3727 -0.0001 4.4152, 1.3735 0.103 4.4062, 1.3758 0.2029 4.3795, 1.3796 0.2966 4.336, 1.3848 0.3813 4.2769, 1.3912 0.4544 4.204, 1.3986 0.5138 4.1196, 1.4067 0.5575 4.0263, 1.4154 0.5842 3.9267, 1.4291 0.5906 3.8245, 1.3517 -0.4554 3.8177, 1.3448 -0.4484 3.8965, 1.3381 -0.4279 3.9729, 1.3319 -0.3944 4.0445, 1.3262 -0.3488 4.1093, 1.3213 -0.2927 4.1652, 1.3173 -0.2277 4.2105, 1.3144 -0.1558 4.244, 1.3126 -0.0791 4.2644, 1.312 -0.0001 4.2713, 1.3126 0.079 4.2644, 1.3144 0.1557 4.244, 1.3173 0.2276 4.2105, 1.3213 0.2926 4.1652, 1.3262 0.3487 4.1093, 1.3319 0.3942 4.0445, 1.3381 0.4278 3.9729, 1.3448 0.4483 3.8965, 1.3517 0.4552 3.8177, 1.3039 -0.3069 3.8136, 1.2941 -0.3039 3.8665, 1.2896 -0.29 3.9182, 1.2853 -0.2672 3.9668, 1.2815 -0.2364 4.0106, 1.2781 -0.1984 4.0485, 1.2755 -0.1543 4.0793, 1.2735 -0.1056 4.1019, 1.2723 -0.0536 4.1158, 1.2719 -0.0001 4.1204, 1.2723 0.0535 4.1158, 1.2735 0.1054 4.1019, 1.2755 0.1542 4.0793, 1.2781 0.1982 4.0485, 1.2815 0.2363 4.0106, 1.2853 0.2671 3.9668, 1.2896 0.2898 3.9182, 1.2941 0.3038 3.8665, 1.2719 0.1551 3.8108, 1.28 0.2326 3.8115, 1.3039 0.3068 3.8136, 1.6226 0.0758 2.9222, 1.6222 0.1373 2.9268, 1.6647 0.1437 2.8874, 1.6205 0.2256 2.9469, 1.6196 0.2715 2.9573, 1.6619 0.2843 2.9193, 1.6162 0.3694 2.9956, 1.6152 0.3997 3.0074, 1.6573 0.4186 2.9718, 1.61 0.5033 3.067, 1.6092 0.519 3.076, 1.651 0.5435 3.0436, 1.5428 0.9214 3.8345, 1.5368 0.9188 3.9031, 1.5752 0.9621 3.9097, 1.5296 0.9064 3.9852, 1.5249 0.8983 4.0387, 1.5628 0.9406 4.0517, 1.5168 0.8694 4.1319, 1.5135 0.8577 4.1698, 1.5508 0.8981 4.189, 1.5046 0.8089 4.2707, 1.5027 0.7979 4.2934, 1.5395 0.8356 4.3184, 1.6967 0.7283 3.0599, 1.7054 0.6032 2.9605, 1.6835 0.5719 3.0046, 1.5701 0.8372 4.5071, 1.5816 0.9273 4.3753, 1.5662 0.8793 4.3461, 1.7316 0.1682 2.7305, 1.7327 -0.0001 2.7179, 1.7216 -0.0001 2.7751, 1.7283 0.3327 2.7679, 1.7206 0.1595 2.7871, 1.7229 0.4897 2.8293, 1.7175 0.3156 2.8225, 1.6562 1.1004 3.5922, 1.6703 1.0507 3.4316, 1.6624 0.9968 3.4522, 1.6417 1.1256 3.7584, 1.649 1.0439 3.6045, 1.627 1.1256 3.9265, 1.6352 1.0678 3.7622, 1.6124 1.1004 4.0927, 1.6213 1.0678 3.9217, 1.5984 1.0507 4.2533, 1.6075 1.0439 4.0793, 1.5403 0.3327 4.917, 1.5457 0.4897 4.8556, 1.5442 0.4646 4.8031, 1.537 0.1682 4.9544, 1.5391 0.3156 4.8613, 1.5359 -0.0001 4.967, 1.536 0.1595 4.8968, 1.5851 0.9775 4.4047, 1.573 0.8825 4.5436, 1.5622 0.7677 4.6668, 1.7156 0.6358 2.9133, 1.7064 0.7677 3.0181, 1.6956 0.8825 3.1413, 1.5781 0.9452 4.2099, 1.5942 0.9968 4.2317, 1.6901 0.4405 2.929, 1.7124 0.4646 2.8808, 1.5199 0.6562 4.5425, 1.512 0.5435 4.632, 1.5373 0.5719 4.6762, 1.4935 0.7265 4.3978, 1.4927 0.7204 4.4068, 1.5291 0.7543 4.4371, 1.5455 0.6906 4.5819, 1.5512 0.6032 4.7234, 1.6339 0.7543 3.2385, 1.6236 0.8356 3.3572, 1.6547 0.8793 3.3346, 1.6019 0.6239 3.1593, 1.6017 0.6267 3.1616, 1.6432 0.6562 3.1332, 1.6656 0.7938 3.2097, 1.6749 0.9273 3.3085, 1.4983 0.1437 4.7883, 1.4634 0.1373 4.7421, 1.463 0.0758 4.7467, 1.5349 -0.0001 4.9087, 1.5229 0.1513 4.8406, 1.5219 -0.0001 4.8519, 1.4974 -0.0001 4.7991, 1.4625 -0.0001 4.7524, 1.5011 0.2843 4.7564, 1.4661 0.2715 4.7116, 1.4652 0.2256 4.7221, 1.5258 0.2992 4.807, 1.5057 0.4186 4.7039, 1.4705 0.3997 4.6615, 1.4694 0.3694 4.6734, 1.5307 0.4405 4.7517, 1.4757 0.5033 4.6019, 1.4839 0.6267 4.5074, 1.4837 0.6239 4.5096, 1.4765 0.519 4.5929, 1.5552 0.7938 4.4711, 1.5599 0.7283 4.6239, 1.553 0.6358 4.7716, 1.5907 0.9899 4.0655, 1.6038 1.0125 3.916, 1.617 1.0125 3.7648, 1.5878 0.9621 3.766, 1.5488 0.9188 3.7659, 1.6002 0.9406 3.624, 1.5607 0.8983 3.6302, 1.556 0.9064 3.6837, 1.6301 0.9899 3.6153, 1.6122 0.8981 3.4867, 1.5721 0.8577 3.4991, 1.5688 0.8694 3.537, 1.6427 0.9452 3.4708, 1.581 0.8089 3.3982, 1.5929 0.7204 3.2621, 1.5921 0.7265 3.2711, 1.583 0.7979 3.3755, 1.6753 0.6906 3.0988, 1.6865 0.8372 3.1768, 1.6835 0.9775 3.2802, 1.695 0.2992 2.8738, 1.6979 0.1513 2.8401, 1.6989 -0.0001 2.8288, 1.6656 -0.0001 2.8766, 1.6231 -0.0001 2.9165, 1.4351 0.7858 3.6934, 1.4462 0.7535 3.5663, 1.4567 0.7006 3.4463, 1.4748 0.5395 3.2401, 1.4818 0.4357 3.1596, 1.4873 0.32 3.0972, 1.491 0.1955 3.0546, 1.4929 0.0657 3.033, 1.6226 -0.076 2.9222, 1.4929 -0.0659 3.033, 1.6222 -0.1374 2.9268, 1.6205 -0.2258 2.9469, 1.491 -0.1957 3.0546, 1.6196 -0.2717 2.9573, 1.6162 -0.3695 2.9956, 1.4873 -0.3201 3.0972, 1.6152 -0.3999 3.0074, 1.61 -0.5035 3.067, 1.4818 -0.4358 3.1596, 1.6092 -0.5191 3.076, 1.6019 -0.624 3.1593, 1.4748 -0.5397 3.2401, 1.583 -0.7981 3.3755, 1.581 -0.8091 3.3982, 1.4567 -0.7008 3.4463, 1.5721 -0.8578 3.4991, 1.5688 -0.8696 3.537, 1.4462 -0.7536 3.5663, 1.1574 -0.2293 3.8007, 1.1521 -0.1721 3.8003, 1.1506 -0.1701 3.7717, 1.1362 -0.0001 3.7989, 1.1574 -0.1361 3.6945, 1.1553 -0.1517 3.7182, 1.1415 0.1151 3.7993, 1.1506 0.17 3.7717, 1.1521 0.1716 3.8003, 1.1887 0.3367 3.7471, 1.1838 0.3414 3.803, 1.2496 0.497 3.7256, 1.1889 -0.34 3.8035, 1.1887 -0.3368 3.7471, 1.2204 -0.4507 3.8062, 1.2496 -0.4971 3.7256, 1.246 -0.5022 3.8085, 1.2461 0.5024 3.8085, 1.2669 0.556 3.8103, 1.3323 0.6476 3.7075, 1.5607 -0.8984 3.6302, 1.556 -0.9065 3.6837, 1.4351 -0.7859 3.6934, 1.5488 -0.9189 3.7659, 1.3229 -0.6567 3.8152, 1.3323 -0.6478 3.7075, 1.4268 -0.7944 3.8243, 1.4614 -0.8402 3.8273, 1.5428 -0.9215 3.8345, 1.3415 -0.6211 3.6028, 1.2567 -0.4767 3.6452, 1.1935 -0.323 3.6926, 1.153 -0.1631 3.7442, 1.3501 -0.5776 3.5039, 1.2633 -0.4432 3.5693, 1.198 -0.3003 3.6412, 1.2021 -0.2695 3.5941, 1.2694 -0.3977 3.4998, 1.358 -0.5183 3.4134, 1.4663 -0.6288 3.3365, 1.6017 -0.6268 3.1616, 1.5929 -0.7205 3.2621, 1.5921 -0.7266 3.2711, 1.365 -0.4448 3.3339, 1.2747 -0.3413 3.4389, 1.2057 -0.2313 3.5528, 1.1592 -0.1168 3.6736, 1.3708 -0.3592 3.2676, 1.2792 -0.2757 3.3879, 1.2087 -0.1868 3.5183, 1.1607 -0.0943 3.6562, 1.3753 -0.2638 3.2162, 1.2826 -0.2025 3.3485, 1.211 -0.1372 3.4916, 1.1619 -0.0693 3.6427, 1.3784 -0.1613 3.1811, 1.285 -0.1238 3.3216, 1.2126 -0.0839 3.4733, 1.1627 -0.0424 3.6335, 1.3799 -0.0543 3.1633, 1.2862 -0.0417 3.3079, 1.2134 -0.0283 3.4641, 1.1631 -0.0143 3.6288, 1.3799 0.0542 3.1633, 1.2862 0.0415 3.3079, 1.2134 0.0281 3.4641, 1.1631 0.0142 3.6288, 1.3784 0.1611 3.1811, 1.285 0.1236 3.3216, 1.2126 0.0838 3.4733, 1.1627 0.0423 3.6335, 1.3753 0.2637 3.2162, 1.2826 0.2023 3.3485, 1.211 0.1371 3.4916, 1.1619 0.0692 3.6427, 1.3708 0.3591 3.2676, 1.2792 0.2755 3.3879, 1.2087 0.1867 3.5183, 1.1607 0.0942 3.6562, 1.365 0.4447 3.3339, 1.2747 0.3412 3.4389, 1.2057 0.2312 3.5528, 1.1592 0.1167 3.6736, 1.4663 0.6287 3.3365, 1.358 0.5181 3.4134, 1.2694 0.3976 3.4998, 1.2021 0.2694 3.5941, 1.1574 0.136 3.6945, 1.3501 0.5774 3.5039, 1.2633 0.4431 3.5693, 1.198 0.3002 3.6412, 1.1553 0.1515 3.7182, 1.3415 0.621 3.6028, 1.2567 0.4765 3.6452, 1.1935 0.3229 3.6926, 1.153 0.163 3.7442, 1.4266 0.794 3.8243, 1.3879 0.7516 3.8209, 1.3274 0.6538 3.8156, 1.8522 -0.0001 2.7284, 1.8364 -0.0001 2.8101, 1.8354 -0.156 2.8218, 1.804 -0.0001 2.8868, 1.803 -0.1442 2.8975, 1.7564 -0.0001 2.9551, 1.7555 -0.1334 2.965, 1.6957 -0.0001 3.0121, 1.6949 -0.1242 3.0213, 1.6945 -0.1444 3.0259, 1.7529 -0.2638 2.9947, 1.6925 -0.2455 3.0489, 1.6912 -0.2841 3.064, 1.7487 -0.3882 3.0434, 1.6885 -0.3613 3.0942, 1.6858 -0.4152 3.1252, 1.7428 -0.504 3.11, 1.6831 -0.4691 3.1562, 1.6786 -0.5339 3.2077, 1.7356 -0.6086 3.193, 1.6763 -0.5664 3.2335, 1.6697 -0.6369 3.3092, 1.727 -0.6995 3.2906, 1.6684 -0.651 3.3244, 1.6594 -0.7211 3.4268, 1.7174 -0.7748 3.4007, 1.6496 -0.7751 3.5385, 1.7069 -0.8329 3.5207, 1.6479 -0.7812 3.5582, 1.6958 -0.8723 3.648, 1.6393 -0.8118 3.6569, 1.6357 -0.818 3.6978, 1.6842 -0.8922 3.7797, 1.6286 -0.8303 3.7795, 1.6726 -0.8922 3.9129, 1.6611 -0.8723 4.0446, 1.6499 -0.8329 4.1719, 1.6394 -0.7748 4.2919, 1.6298 -0.6995 4.402, 1.6213 -0.6086 4.4996, 1.614 -0.504 4.5827, 1.6082 -0.3882 4.6493, 1.6039 -0.2638 4.698, 1.6013 -0.1334 4.7276, 1.6004 -0.0001 4.7375, 1.8002 -0.285 2.9296, 1.7956 -0.4196 2.9822, 1.7893 -0.5447 3.0541, 1.7815 -0.6577 3.1439, 1.7722 -0.756 3.2494, 1.7618 -0.8374 3.3684, 1.7505 -0.9001 3.4981, 1.7385 -0.9426 3.6356, 1.726 -0.9642 3.778, 1.7134 -0.9642 3.9219, 1.701 -0.9426 4.0643, 1.6889 -0.9001 4.2018, 1.6776 -0.8374 4.3315, 1.6672 -0.756 4.4504, 1.6579 -0.6577 4.556, 1.6501 -0.5447 4.6457, 1.6438 -0.4196 4.7177, 1.6392 -0.285 4.7703, 1.6364 -0.1442 4.8023, 1.6354 -0.0001 4.8131, 1.8323 -0.3084 2.8564, 1.8274 -0.4539 2.9133, 1.8205 -0.5893 2.9912, 1.8121 -0.7115 3.0883, 1.8021 -0.8179 3.2025, 1.7908 -0.9059 3.3311, 1.7785 -0.9738 3.4715, 1.7655 -1.0199 3.6203, 1.752 -1.0432 3.7743, 1.7384 -1.0432 3.93, 1.7249 -1.0199 4.084, 1.7119 -0.9738 4.2329, 1.6996 -0.9059 4.3732, 1.6884 -0.8179 4.5019, 1.6784 -0.7115 4.616, 1.6699 -0.5893 4.7131, 1.6631 -0.4539 4.791, 1.6581 -0.3084 4.8479, 1.6551 -0.156 4.8826, 1.6541 -0.0001 4.8942, 1.8511 -0.1683 2.741, 1.8479 -0.3328 2.7784, 1.8425 -0.4898 2.8398, 1.8351 -0.6359 2.9238, 1.826 -0.7679 3.0286, 1.8152 -0.8826 3.1518, 1.803 -0.9776 3.2907, 1.7898 -1.0508 3.4421, 1.7757 -1.1006 3.6027, 1.7612 -1.1257 3.7689, 1.7465 -1.1257 3.937, 1.732 -1.1006 4.1031, 1.7179 -1.0508 4.2638, 1.7047 -0.9776 4.4152, 1.6925 -0.8826 4.554, 1.6817 -0.7679 4.6773, 1.6726 -0.6359 4.782, 1.6652 -0.4898 4.8661, 1.6598 -0.3328 4.9275, 1.6566 -0.1683 4.9649, 1.6555 -0.0001 4.9774, 3.0714 -0.0001 0.0, 3.0714 -0.0001 0.12, 3.0634 0.0608 0.0, 3.0634 0.0608 0.12, 3.0399 0.1174 0.0, 3.0399 0.1174 0.12, 3.0025 0.1661 0.0, 3.0025 0.1661 0.12, 2.9539 0.2035 0.0, 2.9539 0.2035 0.12, 2.8972 0.2269 0.0, 2.8972 0.2269 0.12, 2.8364 0.2349 0.0, 2.8364 0.2349 0.12, 2.7756 0.2269 0.0, 2.7756 0.2269 0.12, 2.7189 0.2035 0.0, 2.7189 0.2035 0.12, 2.6702 0.1661 0.0, 2.6702 0.1661 0.12, 2.6329 0.1174 0.0, 2.6329 0.1174 0.12, 2.6094 0.0608 0.0, 2.6094 0.0608 0.12, 2.6014 -0.0001 0.0, 2.6014 -0.0001 0.12, 1.5136 1.5599 5.2279, 1.514 1.5599 5.2174, 1.5136 -1.5601 5.2279, 1.514 -1.5601 5.2174, 1.7583 -0.0001 6.1573, 1.8743 -0.0001 6.1262, 1.8692 0.3301 6.1073, 1.7533 0.3301 6.1384, 1.8541 0.6556 6.051, 1.7382 0.6556 6.0821, 1.8292 0.972 5.958, 1.7133 0.972 5.989, 1.7948 1.2749 5.8296, 1.6789 1.2749 5.8606, 1.7514 1.5599 5.6676, 1.6355 1.5599 5.6986, -2.1364 -0.0001 0.0, -2.1364 -0.0001 0.12, -2.1521 0.119 0.0, -2.1521 0.119 0.12, -2.198 0.2299 0.0, -2.198 0.2299 0.12, -2.2711 0.3252 0.0, -2.2711 0.3252 0.12, -2.3664 0.3983 0.0, -2.3664 0.3983 0.12, -2.4773 0.4443 0.0, -2.4773 0.4443 0.12, -2.5964 0.4599 0.0, -2.5964 0.4599 0.12, -2.7154 0.4443 0.0, -2.7154 0.4443 0.12, -2.8264 0.3983 0.0, -2.8264 0.3983 0.12, -2.9216 0.3252 0.0, -2.9216 0.3252 0.12, -2.9947 0.2299 0.0, -2.9947 0.2299 0.12, -3.0407 0.119 0.0, -3.0407 0.119 0.12, -3.0564 -0.0001 0.0, -3.0564 -0.0001 0.12, 0.9158 -2.2621 5.2865, -1.5762 -2.2621 5.2865, 0.9188 -2.2459 5.256, -1.5792 -2.2459 5.256, 0.9198 -2.2318 5.2245, -1.5802 -2.2318 5.2245, -1.5802 -2.2252 5.2075, -1.5802 -2.1951 5.0365, 0.9198 -2.1951 5.0365, -1.5802 -2.2027 5.1233, 0.9198 -2.2027 5.1233, 0.9198 -2.2252 5.2075, -1.5802 2.6199 3.4376, 0.9198 2.6199 3.4376, 0.9198 2.5954 3.0734, -1.5802 2.5954 3.0734, 0.9198 2.5224 2.7158, -1.5802 2.5224 2.7158, 0.9198 2.4022 2.3712, -1.5802 2.4022 2.3712, 0.9198 2.2369 2.0458, -1.5802 2.2369 2.0458, 0.9198 2.0295 1.7455, -1.5802 2.0295 1.7455, -1.5802 2.4999 3.4376, 0.9198 2.4999 3.4376, -1.5802 2.478 3.7744, 0.9198 2.478 3.7744, -1.5802 2.4127 4.1055, 0.9198 2.4127 4.1055, -1.5802 2.305 4.4254, 0.9198 2.305 4.4254, -1.5802 2.1568 4.7286, 0.9198 2.1568 4.7286, -1.5802 -2.0751 5.0365, 0.9198 -2.0751 5.0365, 0.9198 -2.0959 4.8772, -1.5802 -2.0959 4.8772, 0.9198 -2.1569 4.7286, -1.5802 -2.1569 4.7286, 1.823 0.416 1.6858, 1.8209 0.3849 1.7095, 1.6835 -0.9776 3.2802, 1.8205 -0.3751 1.7148, 1.6703 -1.0508 3.4316, 1.822 -0.4036 1.6969, 1.8241 -0.4273 1.6733, 1.8192 0.3099 1.7296, 1.8192 -0.3101 1.7296, 1.7316 -0.1683 2.7305, 1.8196 0.3488 1.7245, 1.9194 1.5599 0.5844, 1.7283 -0.3328 2.7679, 1.8195 -0.3434 1.7258, 1.7229 -0.4898 2.8293, 1.9194 0.4599 0.5844, 1.8322 0.4599 1.5801, 1.8289 0.4548 1.6188, 1.8257 0.4398 1.6548, 1.6956 -0.8826 3.1413, 1.7064 -0.7679 3.0181, 1.7156 -0.6359 2.9133, 1.537 -0.1683 4.9544, 1.5403 -0.3328 4.917, 1.5457 -0.4898 4.8556, 1.553 -0.6359 4.7716, 1.5622 -0.7679 4.6668, 1.573 -0.8826 4.5436, 1.8266 -0.4452 1.645, 1.8293 -0.4563 1.6134, 1.9194 -1.5601 0.5844, 1.8322 -0.4601 1.5801, 1.9194 -0.4601 0.5844, 1.5851 -0.9776 4.4047, 1.5984 -1.0508 4.2533, 1.6124 -1.1006 4.0927, 1.627 -1.1257 3.9265, 1.6417 -1.1257 3.7584, 1.6562 -1.1006 3.5922, 1.803 0.9775 3.2907, 1.9405 0.3849 1.72, 1.7898 1.0507 3.4421, 1.9425 0.416 1.6962, 1.9452 0.4398 1.6653, 1.9461 -0.4452 1.6554, 1.9436 -0.4273 1.6837, 1.9416 -0.4036 1.7074, 1.94 -0.3751 1.7252, 1.8351 0.6358 2.9238, 1.9392 0.3488 1.7349, 1.826 0.7677 3.0286, 1.8152 0.8825 3.1518, 1.8425 0.4897 2.8398, 1.8479 0.3327 2.7784, 1.9387 0.3099 1.74, 1.8511 0.1682 2.741, 1.9387 -0.3101 1.74, 1.939 -0.3434 1.7363, 2.0389 0.4599 0.5948, 2.0389 1.5599 0.5948, 1.9518 0.4599 1.5906, 1.9484 0.4548 1.6293, 1.6336 1.5599 5.2279, 1.6566 0.1682 4.9649, 1.6598 0.3327 4.9275, 2.0389 -1.5601 0.5948, 1.6336 -1.5601 5.2279, 1.6652 0.4897 4.8661, 1.6726 0.6358 4.782, 1.6817 0.7677 4.6773, 1.7179 1.0507 4.2638, 1.732 1.1004 4.1031, 1.7465 1.1256 3.937, 1.7612 1.1256 3.7689, 1.7757 1.1004 3.6027, 1.9489 -0.4563 1.6238, 1.9518 -0.4601 1.5906, 2.0389 -0.4601 0.5948, 1.6925 0.8825 4.554, 1.7047 0.9775 4.4152, 1.5802 -0.4601 0.2365, 1.5802 -0.4601 0.1165, 1.5802 -0.4501 0.2365, 1.5802 -0.4501 0.1165, -1.5802 1.6049 0.2365, -1.5802 1.6049 0.1165, -1.5802 1.3354 0.2365, -1.5802 1.3354 0.1165, -1.5802 2.2609 4.7882, -1.5802 2.2116 4.9085, -1.5802 2.0956 4.8778, -1.5802 2.1949 5.0375, -1.5802 2.0749 5.0377, -1.5802 2.2121 5.1664, -1.5802 2.0962 5.1975, -1.5802 2.2316 5.2245, -1.5802 2.1269 5.2849, 0.9198 2.2316 5.2245, 0.9198 2.1269 5.2849, 0.9198 2.2121 5.1664, 0.9198 2.0962 5.1975, 0.9198 2.1949 5.0375, 0.9198 2.0749 5.0377, 0.9198 2.2116 4.9085, 0.9198 2.0956 4.8778, 0.9198 2.2609 4.7882, -1.5802 2.416 4.471, -1.5802 2.5287 4.1363, -1.5802 2.597 3.7899, -1.5802 2.4765 3.0895, -1.5802 2.4067 2.7477, -1.5802 2.2918 2.4183, -1.5802 2.1338 2.1072, -1.5802 1.9356 1.8201, 0.9198 1.9356 1.8201, 0.9198 2.1338 2.1072, 0.9198 2.2918 2.4183, 0.9198 2.4067 2.7477, 0.9198 2.4765 3.0895, 0.9198 2.597 3.7899, 0.9198 2.5287 4.1363, 0.9198 2.416 4.471, -1.5802 1.8449 1.2165, -1.5802 1.7249 1.2165, -1.5802 1.8661 1.4052, -1.5802 1.7491 1.4318, -1.5802 1.9287 1.5845, -1.5802 1.8205 1.6365, -1.5802 1.8449 0.3565, -1.5802 1.7249 0.3565, 0.9198 1.9287 1.5845, 0.9198 1.8205 1.6365, 0.9198 1.8661 1.4052, 0.9198 1.7491 1.4318, 0.9198 1.8449 1.2165, 0.9198 1.7249 1.2165, -1.5802 1.7208 0.3254, -1.5802 1.8368 0.2943, -1.5802 1.7089 0.2965, -1.5802 1.8128 0.2365, -1.5802 1.6898 0.2716, -1.5802 1.7746 0.1868, -1.5802 1.6649 0.2525, -1.5802 1.7249 0.1486, -1.5802 1.636 0.2406, -1.5802 1.6671 0.1246, -1.5802 -1.6051 0.1165, -1.5802 -1.6051 0.2365, -1.5802 -1.3355 0.1165, -1.5802 -1.3355 0.2365, 0.9198 1.6049 0.2365, 0.9198 1.6049 0.1165, 0.9198 1.636 0.2406, 0.9198 1.6671 0.1246, 0.9198 1.6649 0.2525, 0.9198 1.7249 0.1486, 0.9198 1.6898 0.2716, 0.9198 1.7746 0.1868, 0.9198 1.7089 0.2965, 0.9198 1.8128 0.2365, 0.9198 1.7208 0.3254, 0.9198 1.8368 0.2943, 0.9198 1.7249 0.3565, 0.9198 1.8449 0.3565, -1.5802 -1.6361 0.2406, -1.5802 -1.6672 0.1246, -1.5802 -1.6651 0.2525, -1.5802 -1.7251 0.1486, -1.5802 -1.6899 0.2716, -1.5802 -1.7748 0.1868, -1.5802 -1.709 0.2965, -1.5802 -1.8129 0.2365, -1.5802 -1.721 0.3254, -1.5802 -1.8369 0.2943, -1.5802 -1.7251 0.3565, -1.5802 -1.8451 0.3565, -1.5802 -1.8451 1.2165, -1.5802 -1.7251 1.2165, 0.9198 -1.7251 0.3565, 0.9198 -1.8451 0.3565, 0.9198 -1.721 0.3254, 0.9198 -1.8369 0.2943, 0.9198 -1.709 0.2965, 0.9198 -1.8129 0.2365, 0.9198 -1.6899 0.2716, 0.9198 -1.7748 0.1868, 0.9198 -1.6651 0.2525, 0.9198 -1.7251 0.1486, 0.9198 -1.6361 0.2406, 0.9198 -1.6672 0.1246, 0.9198 -1.6051 0.2365, 0.9198 -1.6051 0.1165, -1.5802 -2.0296 1.7455, -1.5802 -1.9357 1.8201, -1.5802 -1.9288 1.5845, -1.5802 -1.8207 1.6365, -1.5802 -1.8663 1.4052, -1.5802 -1.7493 1.4318, 0.9198 -1.8451 1.2165, 0.9198 -1.7251 1.2165, 0.9198 -1.8663 1.4052, 0.9198 -1.7493 1.4318, 0.9198 -1.9288 1.5845, 0.9198 -1.8207 1.6365, 0.9198 -2.0296 1.7455, 0.9198 -1.9357 1.8201, -1.5802 -2.1313 2.1029, -1.5802 -2.2343 2.0413, -1.5802 -2.2879 2.409, -1.5802 -2.3981 2.3615, -1.5802 -2.4028 2.733, -1.5802 -2.5183 2.7005, -1.5802 -2.4739 3.0694, -1.5802 -2.5927 3.0524, -1.5802 -2.4999 3.4123, -1.5802 -2.6199 3.4111, -1.5802 -2.4805 3.7556, -1.5802 -2.5996 3.7702, -1.5802 -2.416 4.0933, -1.5802 -2.5322 4.1235, -1.5802 -2.3075 4.4195, -1.5802 -2.4186 4.4648, -1.5802 -2.2611 4.7882, 0.9198 -2.2611 4.7882, 0.9198 -2.3075 4.4195, 0.9198 -2.4186 4.4648, 0.9198 -2.416 4.0933, 0.9198 -2.5322 4.1235, 0.9198 -2.4805 3.7556, 0.9198 -2.5996 3.7702, 0.9198 -2.4999 3.4123, 0.9198 -2.6199 3.4111, 0.9198 -2.4739 3.0694, 0.9198 -2.5927 3.0524, 0.9198 -2.4028 2.733, 0.9198 -2.5183 2.7005, 0.9198 -2.2879 2.409, 0.9198 -2.3981 2.3615, 0.9198 -2.1313 2.1029, 0.9198 -2.2343 2.0413, -1.5802 -2.127 5.2849, -1.5802 -2.1125 5.2485, -1.5802 -2.0845 5.1441, -1.5802 -2.2118 4.908, 0.9198 -2.2118 4.908, 0.9198 -2.0845 5.1441, 0.9198 -2.1125 5.2485, 0.9198 -2.127 5.2849, -1.5652 -2.2944 5.3425, -0.9802 -2.5276 5.7465, 0.4533 -2.5201 5.7334, 0.3198 -2.5276 5.7465, 0.9047 -2.2944 5.3425, -1.2405 -2.4979 5.695, -1.3543 -2.4622 5.6331, -1.4493 -2.4147 5.5508, 0.8604 -2.3578 5.4523, 0.7889 -2.4147 5.5508, 0.6939 -2.4622 5.6331, -1.1137 -2.5201 5.7334, -1.5208 -2.3578 5.4523, 0.5801 -2.4979 5.695, 0.3198 -2.4237 5.8065, -0.9802 -2.4237 5.8065, -1.1137 -2.4162 5.7934, -1.5652 -2.1905 5.4025, 0.8604 -2.2539 5.5123, 0.9047 -2.1905 5.4025, 0.9158 -2.1581 5.3465, -1.5762 -2.1581 5.3465, 0.4533 -2.4162 5.7934, 0.5801 -2.394 5.755, 0.6939 -2.3583 5.6931, -1.4493 -2.3108 5.6108, -1.3543 -2.3583 5.6931, -1.2405 -2.394 5.755, 0.7889 -2.3108 5.6108, -1.5208 -2.2539 5.5123, -1.5792 -2.1417 5.3162, 0.9188 -2.1417 5.3162, 0.8786 1.5891 0.2365, 0.8839 1.6049 0.2365, 0.9131 -1.5067 0.2365, 0.9309 -1.4984 0.2365, 0.898 -1.5192 0.2365, -1.5802 0.9999 0.2365, 0.9501 -1.4948 0.2365, 0.9696 -1.4961 0.2365, 0.9882 -1.5022 0.2365, 1.6006 -1.5601 0.2365, 1.6006 -0.4601 0.2365, 1.128 -1.5601 0.2365, 1.0047 -1.5128 0.2365, -1.5802 -1.0001 0.2365, 0.8793 -1.5532 0.2365, 0.8865 -1.535 0.2365, 1.6006 1.5599 0.2365, 1.128 1.5599 0.2365, 1.6006 0.4599 0.2365, 1.5802 0.4599 0.2365, -1.5253 -1.1958 0.2365, -1.5579 -1.2636 0.2365, -1.5539 -1.0187 0.2365, -1.5325 -1.0428 0.2365, -1.517 -1.0711 0.2365, -1.5083 1.1021 0.2365, -1.517 1.071 0.2365, -1.5083 -1.1022 0.2365, -1.5068 -1.1344 0.2365, -1.5126 -1.1661 0.2365, 1.5802 0.4499 0.2365, -1.5579 1.2635 0.2365, -1.5253 1.1956 0.2365, -1.5126 1.166 0.2365, -1.5068 1.1343 0.2365, -1.5325 1.0427 0.2365, -1.5539 1.0186 0.2365, 0.9158 2.158 5.3465, -1.5762 2.158 5.3465, 0.9188 2.1416 5.3162, -1.5792 2.1416 5.3162, 0.4533 2.4161 5.7934, 0.3198 2.4236 5.8065, 0.9047 2.1903 5.4025, -1.5208 2.2537 5.5123, -1.5652 2.1903 5.4025, -0.9802 2.4236 5.8065, 0.8604 2.2537 5.5123, 0.7889 2.3106 5.6108, 0.6939 2.3581 5.6931, -1.1137 2.4161 5.7934, -1.2405 2.3939 5.755, -1.4493 2.3106 5.6108, -1.3543 2.3581 5.6931, 0.5801 2.3939 5.755, 0.3198 2.5275 5.7465, -0.9802 2.5275 5.7465, -1.1137 2.52 5.7334, -1.5652 2.2943 5.3425, -1.5762 2.2619 5.2865, -1.4493 2.4146 5.5508, -1.3543 2.4621 5.6331, -1.2405 2.4978 5.695, 0.9158 2.2619 5.2865, 0.9047 2.2943 5.3425, -1.5208 2.3577 5.4523, 0.4533 2.52 5.7334, 0.5801 2.4978 5.695, 0.8604 2.3577 5.4523, 0.6939 2.4621 5.6331, 0.7889 2.4146 5.5508, -1.5792 2.2457 5.256, 0.9188 2.2457 5.256, 0.2883 2.4827 4.2905, 0.2899 2.4829 4.2901, 0.298 2.4844 4.2854, 0.9198 2.3709 4.5746, -0.3302 2.2609 4.7882, -0.3302 2.3709 4.5746, -0.3302 2.6199 3.4376, -1.5802 2.6093 3.6776, -0.3302 2.6093 3.6776, -0.5626 2.5279 4.1392, -0.6132 2.5467 4.0647, -0.5626 2.5237 4.1549, -0.5758 2.5231 4.1568, -0.5549 2.523 4.1572, -0.5514 2.5229 4.1576, -0.6853 2.5128 4.1935, -0.59 2.4853 4.2829, -0.59 2.4899 4.2684, -0.333 2.4844 4.2854, -0.333 2.4852 4.2829, -0.3596 2.4852 4.2829, -0.434 2.4898 4.269, -0.4298 2.4892 4.2706, -0.4258 2.4887 4.2722, -0.422 2.4879 4.2747, -0.3862 2.4852 4.2829, -0.4087 2.485 4.2836, -0.4075 2.4844 4.2854, -0.6194 2.5412 4.0875, -0.6214 2.543 4.0799, -0.6239 2.5412 4.0874, -0.5945 2.5231 4.1568, -0.65 2.5231 4.1568, -0.5852 2.5231 4.1568, -0.5541 2.4899 4.2684, -0.5182 2.4899 4.2684, -0.4751 2.4899 4.2684, -0.4728 2.4902 4.2677, -0.4579 2.4905 4.2665, -0.4546 2.4906 4.2663, -0.4361 2.4899 4.2687, -0.7408 2.49 4.2684, -0.7313 2.49 4.2684, -0.8014 2.5128 4.1935, -1.0184 2.5467 4.0644, -1.5802 2.5643 3.985, -0.9676 2.5128 4.1935, -1.5802 2.4844 4.2854, -0.5345 2.5471 4.0627, -0.5792 2.5564 4.022, -0.5412 2.5469 4.0637, -0.5445 2.5468 4.0643, -0.5286 2.5472 4.0623, -0.5164 2.5469 4.0637, -0.5136 2.5468 4.064, -0.4787 2.53 4.1312, -0.5027 2.5419 4.0845, -0.4759 2.5271 4.1422, -0.4758 2.527 4.1425, -0.4791 2.5304 4.1298, -0.4801 2.5319 4.124, -0.5027 2.5459 4.0678, -0.4801 2.5467 4.0645, -0.5046 2.5461 4.0671, -0.4314 2.5266 4.1439, -0.4296 2.5267 4.1437, -0.4351 2.5331 4.1195, -0.4634 2.5467 4.0645, -0.4185 2.5465 4.0655, -0.3875 2.5467 4.0645, -0.422 2.5468 4.0641, -0.4236 2.5469 4.0635, -0.4182 2.5464 4.0657, -0.4117 2.5455 4.0696, -0.4076 2.5442 4.0748, -0.4051 2.5432 4.0793, -0.3875 2.5432 4.0793, -0.4058 2.5435 4.0779, -0.4068 2.544 4.0759, -0.4049 2.5428 4.0806, -0.4035 2.5407 4.0893, -0.4057 2.5383 4.0991, -0.406 2.5379 4.1007, -0.4069 2.5374 4.1027, -0.4083 2.5365 4.106, -0.4086 2.5365 4.1063, -0.4106 2.5358 4.1089, -0.4128 2.5291 4.1347, -0.4112 2.5356 4.1097, -0.4129 2.5352 4.111, -0.4148 2.5349 4.1125, -0.4168 2.5346 4.1134, -0.4167 2.5284 4.1372, -0.4226 2.534 4.1161, -0.4233 2.5339 4.1163, -0.4212 2.5277 4.1399, -0.4264 2.5271 4.1422, -0.4634 2.5321 4.1233, -0.4625 2.53 4.1314, -0.4624 2.5297 4.1323, -0.4618 2.5292 4.1342, -0.4609 2.5285 4.1368, -0.4609 2.5285 4.1368, -0.4598 2.5281 4.1385, -0.4594 2.5279 4.139, -0.4585 2.5277 4.1398, -0.4573 2.5274 4.1409, -0.4569 2.5274 4.1411, -0.4537 2.5269 4.1428, -0.4441 2.5261 4.1459, -0.4448 2.5262 4.1456, -0.4533 2.5269 4.1431, -0.4634 2.5433 4.0788, -0.456 2.5453 4.0706, -0.4552 2.5454 4.0698, -0.4522 2.546 4.0676, -0.451 2.5462 4.0667, -0.4494 2.5463 4.0661, -0.4447 2.5467 4.0644, -0.4257 2.547 4.0633, -0.4337 2.5472 4.0623, -0.4434 2.5468 4.0642, -0.9994 2.5467 4.0644, -0.9858 2.5381 4.0999, -0.9174 2.5467 4.0644, -0.958 2.5381 4.0999, -0.9302 2.5381 4.0999, -0.59 2.5567 4.0207, -0.5847 2.5566 4.0214, -0.3302 2.5643 3.985, -0.3516 2.5467 4.0645, -0.5225 2.5313 4.1264, -0.5237 2.5317 4.1249, -0.54 2.5337 4.117, -0.5537 2.5353 4.1108, -0.5513 2.535 4.1119, -0.5536 2.5268 4.1431, -0.5328 2.5263 4.1453, -0.5315 2.5263 4.1452, -0.5302 2.5264 4.1446, -0.551 2.5265 4.1442, -0.5485 2.5265 4.1445, -0.5383 2.5261 4.1458, -0.5214 2.528 4.1387, -0.5213 2.5281 4.1383, -0.522 2.5279 4.1393, -0.5228 2.5276 4.1403, -0.5224 2.5277 4.1399, -0.5218 2.5279 4.1392, -0.5208 2.5284 4.1371, -0.5208 2.5285 4.1368, -0.5201 2.5294 4.1335, -0.5204 2.5302 4.1306, -0.5205 2.5304 4.1298, -0.5207 2.5305 4.1292, -0.521 2.5307 4.1285, -0.5213 2.5308 4.1281, -0.5252 2.527 4.1424, -0.5657 2.5385 4.098, -0.5663 2.539 4.0963, -0.5615 2.5368 4.105, -0.5645 2.5379 4.1004, -0.5653 2.5383 4.0991, -0.5664 2.5392 4.0953, -0.5671 2.5406 4.0897, -0.566 2.5423 4.083, -0.5657 2.5426 4.0816, -0.5649 2.5431 4.0796, -0.6058 2.5506 4.0478, -0.5644 2.5434 4.0784, -0.5638 2.5436 4.0776, -0.6048 2.551 4.0459, -0.5614 2.5443 4.0745, -0.5871 2.5536 4.0348, -0.5887 2.5536 4.0347, -0.5941 2.5533 4.036, -0.5839 2.5534 4.0355, -0.561 2.5444 4.0741, -0.5792 2.5532 4.0366, -0.5564 2.5455 4.0697, -0.5464 2.5466 4.0651, -0.5959 2.5532 4.0365, -0.597 2.5531 4.037, -0.5985 2.5529 4.0378, -0.5987 2.5529 4.0379, -0.5999 2.5526 4.039, -0.6003 2.5525 4.0394, -0.6019 2.552 4.0416, -0.7197 2.5128 4.1935, -0.6867 2.4877 4.2753, -0.679 2.4886 4.2726, -0.6714 2.4892 4.2708, -0.6519 2.49 4.2684, -0.675 2.489 4.2713, -0.6336 2.49 4.2684, -0.6152 2.49 4.2684, -0.6152 2.4841 4.2852, -0.5627 2.4853 4.2829, -0.5355 2.4844 4.2854, -0.5355 2.4853 4.2829, -0.7026 2.517 4.1788, -0.7025 2.5283 4.1376, -0.7283 2.517 4.1788, -0.7264 2.5283 4.1376, -0.7541 2.517 4.1787, -0.7503 2.5283 4.1376, -0.6876 2.4875 4.2759, -0.7541 2.5128 4.1935, -0.7823 2.5128 4.1935, -0.7823 2.5467 4.0644, -0.7503 2.5322 4.1228, -0.7571 2.5467 4.0644, -0.624 2.55 4.0505, -0.6181 2.5528 4.0382, -0.9584 2.5128 4.1935, -0.8445 2.4841 4.2852, -0.9492 2.5128 4.1935, -0.8513 2.49 4.2683, -0.8819 2.5212 4.1637, -0.8824 2.5215 4.1628, -0.8859 2.5233 4.1563, -0.8865 2.5236 4.155, -0.8879 2.5253 4.1488, -0.89 2.5279 4.1393, -0.891 2.5301 4.1308, -0.8887 2.5349 4.1124, -0.8983 2.5467 4.0644, -0.8886 2.5351 4.1118, -0.886 2.5368 4.1047, -0.885 2.5375 4.1021, -0.8818 2.5386 4.0978, -0.8708 2.5424 4.0826, -0.8547 2.5449 4.0721, -0.8537 2.545 4.0715, -0.8461 2.5457 4.0688, -0.8421 2.546 4.0674, -0.8384 2.5461 4.0669, -0.819 2.5467 4.0644, -0.6173 2.553 4.0371, -0.8006 2.5467 4.0644, -0.7571 2.5432 4.0792, -0.7298 2.5432 4.0792, -0.7264 2.5322 4.1228, -0.7025 2.5432 4.0793, -0.7025 2.5322 4.1228, -0.6133 2.5542 4.0318, -0.6133 2.5542 4.0318, -0.6098 2.5549 4.0289, -0.6086 2.5551 4.0279, -0.6054 2.5554 4.0264, -0.6004 2.556 4.024, -0.9079 2.5467 4.0644, -0.5961 2.5563 4.0226, -0.6586 2.5231 4.1568, -0.6673 2.5231 4.1568, -0.6853 2.5467 4.0645, -0.7212 2.5467 4.0645, -0.855 2.5149 4.186, -0.8486 2.5142 4.1885, -0.8431 2.5136 4.1907, -0.8617 2.5161 4.182, -0.8708 2.5177 4.1765, -0.8256 2.4844 4.2854, -0.7566 2.4844 4.2854, -0.8323 2.49 4.2683, -0.7503 2.49 4.2684, -0.8411 2.5135 4.191, -0.8418 2.49 4.2683, -0.8204 2.5128 4.1935, -0.7381 2.4841 4.2852, -0.7025 2.4844 4.2854, -0.539 2.5439 4.0762, -0.5403 2.5438 4.0766, -0.5308 2.537 4.1042, -0.5282 2.5367 4.1052, -0.5178 2.5436 4.0776, -0.5302 2.5441 4.0756, -0.5374 2.5439 4.0761, -0.542 2.5437 4.077, -0.5422 2.5437 4.0771, -0.5491 2.5399 4.0924, -0.5433 2.5435 4.0777, -0.5435 2.5435 4.0778, -0.5443 2.5433 4.0786, -0.5448 2.5432 4.079, -0.5457 2.5429 4.0803, -0.5481 2.5419 4.0843, -0.5499 2.541 4.0881, -0.5495 2.5403 4.0909, -0.5472 2.5424 4.0824, -0.5494 2.5401 4.0917, -0.5489 2.5398 4.0931, -0.5486 2.5397 4.0935, -0.5457 2.5388 4.0969, -0.5473 2.5393 4.0951, -0.5475 2.5393 4.095, -0.5157 2.5353 4.111, -0.5172 2.5354 4.1103, -0.5129 2.5431 4.0793, -0.5157 2.5435 4.0779, -0.4712 2.5249 4.1502, -0.4728 2.5254 4.1484, -0.5041 2.532 4.1236, -0.4735 2.5258 4.1471, -0.5049 2.5323 4.1223, -0.5076 2.5336 4.1174, -0.4698 2.5245 4.1517, -0.5039 2.5317 4.1247, -0.5033 2.531 4.1273, -0.5032 2.5307 4.1286, -0.5028 2.5298 4.132, -0.4692 2.5244 4.1521, -0.504 2.5281 4.1386, -0.4657 2.5238 4.1545, -0.4664 2.5239 4.154, -0.5043 2.5277 4.14, -0.5051 2.5272 4.1419, -0.5056 2.5269 4.1431, -0.5062 2.5266 4.1439, -0.4593 2.5231 4.1567, -0.4624 2.5234 4.1556, -0.5087 2.5258 4.147, -0.5091 2.5257 4.1474, -0.5136 2.5245 4.1516, -0.54 2.5225 4.1589, -0.3862 2.4899 4.2684, -0.5229 2.5233 4.156, -0.5249 2.5231 4.1569, -0.5278 2.523 4.1574, -0.5345 2.5227 4.1585, -0.4274 2.5232 4.1565, -0.4286 2.5231 4.1569, -0.3845 2.5128 4.1936, -0.3845 2.517 4.1788, -0.4128 2.5249 4.1504, -0.4378 2.5228 4.158, -0.4456 2.5225 4.159, -0.4582 2.5231 4.1569, -0.3587 2.517 4.1788, -0.333 2.517 4.1788, -0.333 2.5283 4.1377, -0.3568 2.5283 4.1376, -0.3807 2.5283 4.1376, -0.3807 2.5322 4.1229, -0.333 2.5322 4.1229, -0.333 2.5431 4.0793, -0.3568 2.5322 4.1229, -0.3602 2.5431 4.0793, -0.3302 2.4461 4.3945, -0.333 2.4461 4.3945, -1.5802 2.3709 4.5746, -0.3987 2.4803 4.2979, -0.3983 2.4801 4.2985, -0.3956 2.4778 4.3054, -0.3944 2.4767 4.3087, -0.3939 2.4754 4.3123, -0.3916 2.4696 4.3293, -0.3943 2.4627 4.3491, -0.3945 2.462 4.3509, -0.3966 2.4602 4.356, -0.3984 2.4586 4.3603, -0.4022 2.4567 4.3657, -0.4109 2.4521 4.3782, -0.4258 2.4482 4.3887, -0.426 2.4482 4.3889, -0.4335 2.447 4.3919, -0.436 2.4466 4.393, -0.4421 2.4463 4.3939, -0.4588 2.4453 4.3964, -0.4599 2.4453 4.3966, -0.4759 2.446 4.3946, -0.4841 2.4464 4.3936, -0.4916 2.4472 4.3914, -0.5183 2.4461 4.3944, -0.6761 2.4471 4.3917, -0.6815 2.4479 4.3896, -0.7821 2.4461 4.3944, -0.6879 2.4488 4.3871, -0.6947 2.4503 4.3832, -0.7038 2.4523 4.3778, -0.7149 2.4568 4.3653, -0.7153 2.4571 4.3645, -0.7188 2.4594 4.3581, -0.7195 2.4599 4.3569, -0.7208 2.462 4.3508, -0.7229 2.4653 4.3416, -0.7239 2.4682 4.3333, -0.7216 2.4744 4.3153, -0.7215 2.4747 4.3147, -0.7189 2.477 4.3078, -0.7179 2.4778 4.3052, -0.7148 2.4792 4.301, -0.7037 2.4842 4.2862, -0.5526 2.4461 4.3944, -0.587 2.4461 4.3944, -0.6152 2.4461 4.3944, -0.6343 2.4461 4.3944, -0.6533 2.4461 4.3944, -0.674 2.447 4.3919, -0.8005 2.4461 4.3944, -0.7913 2.4461 4.3944, -0.5832 2.4659 4.3399, -0.587 2.4514 4.38, -0.5593 2.4659 4.3399, -0.5612 2.4514 4.38, -0.5355 2.4659 4.3399, -0.5355 2.4514 4.3801, -0.5832 2.471 4.3254, -0.5593 2.471 4.3254, -0.5355 2.471 4.3254, -0.4424 2.4517 4.3794, -0.4397 2.4522 4.3781, -0.4822 2.4843 4.2857, -0.4349 2.453 4.3759, -0.4324 2.4536 4.3741, -0.4237 2.4558 4.3681, -0.415 2.4606 4.3549, -0.4139 2.4611 4.3534, -0.4129 2.4625 4.3497, -0.4113 2.4644 4.3442, -0.4107 2.466 4.3396, -0.4097 2.4693 4.3303, -0.4119 2.4748 4.3142, -0.4121 2.4754 4.3125, -0.4137 2.4765 4.3092, -0.4163 2.4783 4.3039, -0.4198 2.48 4.2986, -0.4915 2.4831 4.2894, -0.4915 2.4535 4.3746, -0.4784 2.4517 4.3794, -0.476 2.4514 4.3803, -0.4684 2.4511 4.3811, -0.4601 2.4507 4.382, -0.4442 2.4516 4.3797, -0.5182 2.4841 4.2852, -0.4915 2.4844 4.2854, -0.4915 2.4882 4.2737, 0.1443 2.4393 4.4123, 0.1365 2.4378 4.4162, 0.3543 2.4752 4.3131, 0.3246 2.468 4.3337, 0.3163 2.4661 4.3395, 0.308 2.465 4.3425, 0.2888 2.4626 4.3493, 0.2879 2.4625 4.3497, 0.2451 2.4602 4.3561, 0.1816 2.4464 4.3935, 0.1883 2.4484 4.3883, 0.2344 2.4605 4.3552, 0.2233 2.4608 4.3543, 0.121 2.4364 4.4197, 0.0982 2.4344 4.4249, 0.071 2.4333 4.4277, 0.0677 2.4332 4.428, 0.025 2.4355 4.4222, -0.3158 2.4461 4.3945, 0.0149 2.436 4.4208, 0.0046 2.4376 4.4168, -0.0199 2.4412 4.4072, -0.0214 2.4415 4.4066, -0.0613 2.4508 4.3819, -0.0913 2.4625 4.3495, -0.0917 2.4627 4.349, -0.0997 2.4678 4.3344, -0.1072 2.4724 4.321, -0.3244 2.4461 4.3945, 0.1419 2.5186 4.173, 0.1218 2.5231 4.157, -0.0053 2.5047 4.2209, 0.3287 2.519 4.1716, 0.2664 2.5241 4.1532, 0.3336 2.5156 4.1836, 0.334 2.5151 4.1854, 0.327 2.5202 4.1676, 0.3231 2.5216 4.1622, 0.3177 2.5236 4.155, 0.3139 2.5245 4.1519, 0.293 2.529 4.135, 0.2679 2.5248 4.1508, 0.2929 2.529 4.1349, 0.2822 2.5309 4.1278, 0.3075 2.4867 4.2786, 0.3141 2.4888 4.2721, 0.2416 2.5183 4.1743, 0.3147 2.4891 4.2711, 0.2484 2.5195 4.17, 0.3226 2.4933 4.2579, 0.2545 2.5206 4.166, 0.3251 2.4946 4.2538, 0.2571 2.5214 4.1632, 0.3331 2.502 4.2297, 0.3391 2.5074 4.2118, 0.2184 2.5159 4.1826, 0.2371 2.5178 4.176, 0.2995 2.4847 4.2845, 0.3044 2.4857 4.2816, 0.2182 2.5159 4.1827, 0.193 2.5143 4.1881, -0.0582 2.4843 4.2853, 0.1656 2.5157 4.1833, 0.1594 2.516 4.1823, 0.1543 2.5167 4.1797, 0.143 2.5184 4.1739, -0.0071 2.5357 4.1092, -0.0074 2.5356 4.1097, -0.0347 2.5188 4.1726, -0.0091 2.5351 4.1117, -0.0099 2.5349 4.1126, -0.0116 2.5346 4.1137, -0.0145 2.5341 4.1157, -0.0157 2.5339 4.1161, -0.0241 2.5331 4.1193, -0.0253 2.533 4.1197, -0.0309 2.5326 4.1213, -0.058 2.5329 4.1203, -0.0661 2.4918 4.2625, -0.0366 2.5329 4.1203, -0.0338 2.5327 4.1208, -0.0793 2.5329 4.1203, -0.1037 2.5309 4.1279, -0.1077 2.5306 4.1291, -0.1327 2.5248 4.1507, -0.1413 2.5062 4.2158, -0.1289 2.5265 4.1444, -0.1272 2.527 4.1427, -0.1368 2.5229 4.1575, -0.1389 2.5211 4.1642, -0.1476 2.5133 4.1917, -0.1402 2.505 4.2199, -0.1375 2.5034 4.2252, -0.1331 2.5008 4.2336, -0.1213 2.5285 4.1369, -0.1214 2.5285 4.137, -0.128 2.4991 4.2394, -0.1329 2.5008 4.2339, -0.1265 2.4986 4.241, -0.1216 2.4975 4.2444, -0.1152 2.4962 4.2487, -0.1108 2.4957 4.2503, -0.0885 2.4931 4.2586, -0.0866 2.4929 4.2591, -0.1131 2.5297 4.1322, -0.0736 2.4918 4.2625, 0.3755 2.4844 4.2854, 0.9198 2.4844 4.2854, 0.3793 2.4861 4.2804, 0.314 2.5434 4.0783, 0.3222 2.5426 4.0815, 0.9198 2.5643 3.985, 0.2209 2.5594 4.0084, 0.2239 2.5593 4.0089, 0.2354 2.5583 4.0134, 0.2405 2.5579 4.0154, 0.2452 2.5571 4.0187, 0.2526 2.556 4.0239, 0.2543 2.5556 4.0258, 0.2661 2.5525 4.0395, 0.2832 2.5463 4.0661, 0.2761 2.549 4.0547, 0.2678 2.5521 4.0414, 0.3298 2.5411 4.0874, 0.359 2.5354 4.1103, 0.3793 2.5276 4.14, 0.3842 2.5257 4.1473, 0.3845 2.5256 4.1477, 0.3905 2.5206 4.166, 0.3934 2.4976 4.2441, 0.3917 2.4945 4.2541, 0.394 2.5176 4.1765, 0.3984 2.5089 4.2068, 0.3989 2.508 4.21, 0.3876 2.4917 4.2627, 0.3796 2.4863 4.2797, -0.1591 2.4844 4.2854, -0.1657 2.4862 4.2799, -0.3158 2.5128 4.1936, -0.1727 2.4881 4.2741, -0.1765 2.4898 4.2689, -0.1851 2.4936 4.257, -0.1859 2.4942 4.2551, -0.1959 2.5017 4.2308, -0.1979 2.5032 4.2258, -0.1986 2.5041 4.223, -0.2065 2.5131 4.1926, -0.1944 2.5272 4.1418, -0.1896 2.53 4.1314, -0.3157 2.5467 4.0645, -0.2015 2.5219 4.161, -0.201 2.5229 4.1575, -0.2006 2.5236 4.155, -0.1821 2.5327 4.1208, -0.1713 2.5366 4.1056, -0.1454 2.5417 4.0852, -0.1433 2.5421 4.0836, -0.1404 2.5427 4.0814, -0.1271 2.544 4.0758, -0.1159 2.5451 4.0711, -0.1034 2.5458 4.0683, -0.085 2.5468 4.0641, -0.3302 2.5467 4.0645, 0.193 2.5605 4.0031, -0.0176 2.5459 4.0678, -0.016 2.5457 4.0687, 0.111 2.5498 4.0511, -0.0127 2.5452 4.0706, -0.0121 2.5452 4.071, -0.0103 2.5447 4.0727, -0.009 2.5444 4.074, -0.0088 2.5443 4.0745, 0.1169 2.552 4.0417, -0.029 2.5468 4.0642, -0.0199 2.5461 4.067, 0.1199 2.5531 4.0369, 0.1232 2.5538 4.0338, 0.1299 2.5552 4.0275, 0.1311 2.5553 4.0269, 0.145 2.557 4.0191, 0.1491 2.5576 4.0168, -0.057 2.5468 4.0642, 0.1749 2.5593 4.0088, -0.0064 2.5433 4.0786, -0.0057 2.5431 4.0796, 0.1106 2.5495 4.0525, -0.0034 2.5413 4.0869, 0.1069 2.5465 4.0652, -0.0015 2.5399 4.0928, 0.0981 2.5392 4.0955, -0.0039 2.5376 4.1019, 0.0981 2.5368 4.1047, -0.0045 2.537 4.1041, -0.0053 2.5366 4.1057, -0.3501 2.5128 4.1936, -0.351 2.4899 4.2684, -0.3302 2.5128 4.1936, -0.3302 2.4899 4.2685, -0.3158 2.4899 4.2685, -0.3158 2.4841 4.2852, -0.1545 2.4832 4.2892, -0.1461 2.4817 4.2936, -0.1126 2.4758 4.3112, -0.4228 2.4815 4.2943, -0.4336 2.484 4.2868, -0.4813 2.4844 4.2854, -0.4357 2.4844 4.2854, -0.4363 2.4846 4.2849, -0.4379 2.4847 4.2844, -0.443 2.4853 4.2829, -0.4771 2.4849 4.284, -0.4439 2.4853 4.2826, -0.4728 2.4853 4.2826, -0.4571 2.4859 4.2809, -0.4749 2.4853 4.2829, -0.8187 2.4786 4.303, -0.7909 2.4786 4.303, -0.7631 2.4786 4.303, -0.0533 2.4797 4.2995, 0.1939 2.4833 4.2888, -0.051 2.4774 4.3064, -0.0445 2.474 4.3164, -0.0356 2.4694 4.33, -0.0332 2.4686 4.3323, 0.0006 2.4597 4.3574, 0.128 2.4587 4.3601, -0.0151 2.4628 4.3488, -0.0176 2.4636 4.3465, 0.0668 2.4534 4.3748, 0.1046 2.456 4.3676, 0.0437 2.4547 4.3711, 0.0202 2.457 4.365, 0.0093 2.458 4.3621, 0.114 2.4567 4.3658, 0.1362 2.4599 4.3568, 0.1416 2.4613 4.3529, 0.1531 2.4643 4.3445, 0.1545 2.4649 4.3428, 0.1715 2.4718 4.323, 0.1745 2.473 4.3194, 0.1795 2.4756 4.3116, 0.2183 2.48 4.2987, 0.2297 2.4795 4.3003, 0.2145 2.4805 4.2972, 0.2752 2.4816 4.294, 0.2442 2.4788 4.3023, 0.9198 2.6093 3.6776, 0.8839 1.6049 0.1165, 0.9882 -1.5022 0.1165, 0.9696 -1.4961 0.1165, 1.0047 -1.5128 0.1165, 1.5802 0.4599 0.1165, 1.6006 1.5599 0.1165, 1.6006 0.4599 0.1165, 1.128 1.5599 0.1165, -1.5802 0.9999 0.1165, -1.5083 -1.1022 0.1165, -1.517 -1.0711 0.1165, 0.8793 -1.5532 0.1165, -1.5325 -1.0428 0.1165, 1.128 -1.5601 0.1165, 1.6006 -0.4601 0.1165, 1.6006 -1.5601 0.1165, 0.9501 -1.4948 0.1165, 0.9309 -1.4984 0.1165, 0.9131 -1.5067 0.1165, -1.5539 -1.0187 0.1165, -1.5802 -1.0001 0.1165, 0.8865 -1.535 0.1165, -1.5539 1.0186 0.1165, -1.5325 1.0427 0.1165, -1.517 1.071 0.1165, -1.5083 1.1021 0.1165, -1.5068 1.1343 0.1165, 0.898 -1.5192 0.1165, 1.5802 0.4499 0.1165, -1.5579 -1.2636 0.1165, -1.5253 -1.1958 0.1165, -1.5126 -1.1661 0.1165, -1.5068 -1.1344 0.1165, -1.5126 1.166 0.1165, -1.5253 1.1956 0.1165, -1.5579 1.2635 0.1165, 0.8786 1.5891 0.1165, -1.6651 0.9999 0.2013, -1.6469 0.9999 0.2162, -1.6261 0.9999 0.2273, -1.6036 0.9999 0.2342, -1.6651 -1.0001 0.2013, -1.6469 -1.0001 0.2162, -1.6261 -1.0001 0.2273, -1.6036 -1.0001 0.2342, -1.7464 0.9999 0.12, -1.6615 0.9999 0.0351, -1.7464 -1.0001 0.12, -1.6615 -1.0001 0.0351, -1.6797 -1.0001 0.0202, -1.7464 -1.0001 0.0, -1.723 -1.0001 0.0023, -1.7005 -1.0001 0.0091, -1.7464 0.9999 0.0, -1.723 0.9999 0.0023, -1.7005 0.9999 0.0091, -1.6797 0.9999 0.0202, -3.3064 0.8999 0.0, -3.2064 0.9999 0.0, -3.2323 0.9965 0.0, -3.0407 -0.1191 0.0, -3.3064 -0.9001 0.0, -3.2064 -1.0001 0.0, -2.7154 -0.4444 0.0, -2.5964 -0.4601 0.0, -3.303 0.9258 0.0, -3.293 0.9499 0.0, -2.3664 -0.3984 0.0, -2.2711 -0.3253 0.0, -2.198 -0.2301 0.0, -2.9947 -0.2301 0.0, -2.9216 -0.3253 0.0, -3.303 -0.9259 0.0, -2.8264 -0.3984 0.0, -2.4773 -0.4444 0.0, -2.1521 -0.1191 0.0, -3.2771 0.9706 0.0, -3.2564 0.9865 0.0, -3.2323 -0.9967 0.0, -3.2564 -0.9867 0.0, -3.2771 -0.9708 0.0, -3.293 -0.9501 0.0, -3.2323 -0.9967 0.12, -3.2064 -1.0001 0.12, -2.8264 -0.3984 0.12, -2.7154 -0.4444 0.12, -3.303 0.9258 0.12, -3.3064 0.8999 0.12, -3.3064 -0.9001 0.12, -2.9216 -0.3253 0.12, -2.9947 -0.2301 0.12, -3.0407 -0.1191 0.12, -2.198 -0.2301 0.12, -2.2711 -0.3253 0.12, -2.3664 -0.3984 0.12, -2.4773 -0.4444 0.12, -2.5964 -0.4601 0.12, -3.303 -0.9259 0.12, -3.293 -0.9501 0.12, -3.2064 0.9999 0.12, -3.2323 0.9965 0.12, -3.2564 0.9865 0.12, -3.2771 -0.9708 0.12, -3.2564 -0.9867 0.12, -3.2771 0.9706 0.12, -3.293 0.9499 0.12, -2.1521 -0.1191 0.12, 1.917 -0.4601 0.5088, 2.0357 -0.4601 0.4909, 1.897 -0.4601 0.4359, 2.0081 -0.4601 0.3906, 1.8604 -0.4601 0.3697, 1.9578 -0.4601 0.2996, 1.8093 -0.4601 0.3139, 1.8876 -0.4601 0.223, 1.7466 -0.4601 0.2717, 1.8013 -0.4601 0.1649, 1.6757 -0.4601 0.2454, 1.7038 -0.4601 0.1288, 1.6757 -1.5601 0.2454, 1.7038 -1.5601 0.1288, 1.7466 -1.5601 0.2717, 1.8013 -1.5601 0.1649, 1.8093 -1.5601 0.3139, 1.8876 -1.5601 0.223, 1.8604 -1.5601 0.3697, 1.9578 -1.5601 0.2996, 1.897 -1.5601 0.4359, 2.0081 -1.5601 0.3906, 1.917 -1.5601 0.5088, 2.0357 -1.5601 0.4909, 1.6757 0.4599 0.2454, 1.7038 0.4599 0.1288, 1.7466 0.4599 0.2717, 1.8013 0.4599 0.1649, 1.8093 0.4599 0.3139, 1.8876 0.4599 0.223, 1.8604 0.4599 0.3697, 1.9578 0.4599 0.2996, 1.897 0.4599 0.4359, 2.0081 0.4599 0.3906, 1.917 0.4599 0.5088, 2.0357 0.4599 0.4909, 1.917 1.5599 0.5088, 2.0357 1.5599 0.4909, 1.897 1.5599 0.4359, 2.0081 1.5599 0.3906, 1.8604 1.5599 0.3697, 1.9578 1.5599 0.2996, 1.8093 1.5599 0.3139, 1.8876 1.5599 0.223, 1.7466 1.5599 0.2717, 1.8013 1.5599 0.1649, 1.6757 1.5599 0.2454, 1.7038 1.5599 0.1288, 1.6355 -1.5601 5.6986, 1.5176 -1.5601 5.259, 1.7514 -1.5601 5.6676, 1.7948 -1.275 5.8296, 1.6789 -1.275 5.8606, 1.8292 -0.9722 5.958, 1.7133 -0.9722 5.989, 1.8541 -0.6558 6.051, 1.7382 -0.6558 6.0821, 1.8692 -0.3302 6.1073, 1.7533 -0.3302 6.1384, 1.5176 1.5599 5.259, 1.6036 -0.4501 0.2342, 1.6651 -0.4501 0.2013, 1.6469 -0.4501 0.2162, 1.6261 -0.4501 0.2273, 1.6651 0.4499 0.2013, 1.6469 0.4499 0.2162, 1.6261 0.4499 0.2273, 1.6036 0.4499 0.2342, 1.7464 -0.4501 0.12, 1.6615 -0.4501 0.0351, 1.7464 0.4499 0.12, 1.6615 0.4499 0.0351, 1.7464 0.4499 0.0, 1.7153 0.4499 0.0041, 1.6864 0.4499 0.0161, 1.7464 -0.4501 0.0, 1.7153 -0.4501 0.0041, 1.6864 -0.4501 0.0161, 3.2064 0.4499 0.0, 2.6094 -0.0609 0.0, 2.6329 -0.1176 0.0, 2.6702 -0.1662 0.0, 2.8364 -0.2351 0.0, 3.2064 -0.4501 0.0, 2.7756 -0.2271 0.0, 2.7189 -0.2036 0.0, 3.3064 0.3499 0.0, 3.0634 -0.0609 0.0, 3.3064 -0.3501 0.0, 3.0399 -0.1176 0.0, 3.303 0.3758 0.0, 3.2323 0.4465 0.0, 3.2564 0.4365 0.0, 2.8972 -0.2271 0.0, 2.9539 -0.2036 0.0, 3.2323 -0.4467 0.0, 3.0025 -0.1662 0.0, 3.303 -0.3759 0.0, 3.293 -0.4001 0.0, 3.2771 0.4206 0.0, 3.293 0.3999 0.0, 3.2771 -0.4208 0.0, 3.2564 -0.4367 0.0, 2.7756 -0.2271 0.12, 2.8364 -0.2351 0.12, 3.2064 -0.4501 0.12, 2.8972 -0.2271 0.12, 2.9539 -0.2036 0.12, 3.2064 0.4499 0.12, 3.3064 0.3499 0.12, 3.3064 -0.3501 0.12, 2.7189 -0.2036 0.12, 2.6702 -0.1662 0.12, 2.6329 -0.1176 0.12, 3.2323 0.4465 0.12, 3.303 0.3758 0.12, 3.293 0.3999 0.12, 2.6094 -0.0609 0.12, 3.2771 0.4206 0.12, 3.2564 0.4365 0.12, 3.0025 -0.1662 0.12, 3.2564 -0.4367 0.12, 3.2771 -0.4208 0.12, 3.2323 -0.4467 0.12, 3.0634 -0.0609 0.12, 3.0399 -0.1176 0.12, 3.303 -0.3759 0.12, 3.293 -0.4001 0.12, 0.9188 2.1416 5.3162, 0.9188 2.2457 5.256, -1.5792 2.2457 5.256, -1.5792 2.1416 5.3162, 0.9188 -2.2459 5.256, 0.9188 -2.1417 5.3162, -1.5792 -2.1417 5.3162, -1.5792 -2.2459 5.256, 1.6551 0.1558 4.8826, 1.6364 0.144 4.8023, 1.6013 0.1333 4.7276, 1.6039 0.2636 4.698, 1.6082 0.3881 4.6493, 1.614 0.5039 4.5827, 1.6213 0.6084 4.4996, 1.6298 0.6994 4.402, 1.6394 0.7747 4.2919, 1.6499 0.8327 4.1719, 1.6611 0.8721 4.0446, 1.6726 0.8921 3.9129, 1.6842 0.8921 3.7797, 1.6286 0.8302 3.7795, 1.6357 0.8178 3.6978, 1.6958 0.8721 3.648, 1.6393 0.8116 3.6569, 1.6479 0.7811 3.5582, 1.7069 0.8327 3.5207, 1.6496 0.775 3.5385, 1.6594 0.721 3.4268, 1.7174 0.7747 3.4007, 1.6684 0.6509 3.3244, 1.727 0.6994 3.2906, 1.6697 0.6368 3.3092, 1.7356 0.6084 3.193, 1.6763 0.5662 3.2335, 1.6786 0.5338 3.2077, 1.7428 0.5039 3.11, 1.6831 0.4689 3.1562, 1.6858 0.4151 3.1252, 1.7487 0.3881 3.0434, 1.6885 0.3612 3.0942, 1.6912 0.2839 3.064, 1.7529 0.2636 2.9947, 1.6925 0.2453 3.0489, 1.6945 0.1442 3.0259, 1.7555 0.1333 2.965, 1.6949 0.124 3.0213, 1.6392 0.2849 4.7703, 1.6438 0.4194 4.7177, 1.6501 0.5446 4.6457, 1.6579 0.6575 4.556, 1.6672 0.7558 4.4504, 1.6776 0.8372 4.3315, 1.6889 0.8999 4.2018, 1.701 0.9425 4.0643, 1.7134 0.9641 3.9219, 1.726 0.9641 3.778, 1.7385 0.9425 3.6356, 1.7505 0.8999 3.4981, 1.7618 0.8372 3.3684, 1.7722 0.7558 3.2494, 1.7815 0.6575 3.1439, 1.7893 0.5446 3.0541, 1.7956 0.4194 2.9822, 1.8002 0.2849 2.9296, 1.803 0.144 2.8975, 1.6581 0.3083 4.8479, 1.6631 0.4538 4.791, 1.6699 0.5892 4.7131, 1.6784 0.7114 4.616, 1.6884 0.8178 4.5019, 1.6996 0.9058 4.3732, 1.7119 0.9737 4.2329, 1.7249 1.0197 4.084, 1.7384 1.043 3.93, 1.752 1.043 3.7743, 1.7655 1.0197 3.6203, 1.7785 0.9737 3.4715, 1.7908 0.9058 3.3311, 1.8021 0.8178 3.2025, 1.8121 0.7114 3.0883, 1.8205 0.5892 2.9912, 1.8274 0.4538 2.9133, 1.8323 0.3083 2.8564, 1.8354 0.1558 2.8218, 1.5368 -0.9189 3.9031, 1.5296 -0.9065 3.9852, 1.4122 -0.7859 3.9547, 1.5249 -0.8984 4.0387, 1.5168 -0.8696 4.1319, 1.4011 -0.7536 4.0817, 1.5135 -0.8578 4.1698, 1.5046 -0.8091 4.2707, 1.3906 -0.7008 4.2018, 1.4839 -0.6268 4.5074, 1.4837 -0.624 4.5096, 1.3726 -0.5397 4.408, 1.4765 -0.5191 4.5929, 1.4757 -0.5035 4.6019, 1.3655 -0.4358 4.4885, 1.4705 -0.3999 4.6615, 1.4694 -0.3695 4.6734, 1.3601 -0.3201 4.5509, 1.4661 -0.2717 4.7116, 1.4652 -0.2258 4.7221, 1.3563 -0.1957 4.5934, 1.4634 -0.1374 4.7421, 1.463 -0.076 4.7467, 1.3545 -0.0659 4.615, 1.3545 0.0657 4.615, 1.3563 0.1955 4.5934, 1.3601 0.32 4.5509, 1.3655 0.4357 4.4885, 1.3726 0.5395 4.408, 1.3906 0.7006 4.2018, 1.4011 0.7535 4.0817, 1.2352 0.497 3.8908, 1.1457 -0.1701 3.8282, 1.1389 0.136 3.9054, 1.141 0.1515 3.8817, 1.1457 0.17 3.8282, 1.1789 -0.3368 3.859, 1.1789 0.3367 3.859, 1.2352 -0.4971 3.8908, 1.3135 -0.6478 3.9229, 1.4122 0.7858 3.9547, 1.3135 0.6476 3.9229, 1.3043 0.621 4.0276, 1.2281 0.4765 3.9712, 1.1741 0.3229 3.9135, 1.1433 0.163 3.8557, 1.2956 0.5774 4.1266, 1.2215 0.4431 4.0471, 1.1696 0.3002 3.9649, 1.1655 0.2694 4.012, 1.2154 0.3976 4.1165, 1.2877 0.5181 4.217, 1.381 0.6287 4.3115, 1.2808 0.4447 4.2965, 1.2101 0.3412 4.1775, 1.1619 0.2312 4.0533, 1.1371 0.1167 3.9263, 1.275 0.3591 4.3628, 1.2056 0.2755 4.2284, 1.1589 0.1867 4.0878, 1.1356 0.0942 3.9437, 1.2705 0.2637 4.4143, 1.2022 0.2023 4.2679, 1.1565 0.1371 4.1145, 1.1344 0.0692 3.9572, 1.2674 0.1611 4.4493, 1.1998 0.1236 4.2948, 1.1549 0.0838 4.1328, 1.1336 0.0423 3.9664, 1.2658 0.0542 4.4671, 1.1986 0.0415 4.3084, 1.1541 0.0281 4.142, 1.1332 0.0142 3.9711, 1.2658 -0.0543 4.4671, 1.1986 -0.0417 4.3084, 1.1541 -0.0283 4.142, 1.1332 -0.0143 3.9711, 1.2674 -0.1613 4.4493, 1.1998 -0.1238 4.2948, 1.1549 -0.0839 4.1328, 1.1336 -0.0424 3.9664, 1.2705 -0.2638 4.4143, 1.2022 -0.2025 4.2679, 1.1565 -0.1372 4.1145, 1.1344 -0.0693 3.9572, 1.275 -0.3592 4.3628, 1.2056 -0.2757 4.2284, 1.1589 -0.1868 4.0878, 1.1356 -0.0943 3.9437, 1.2808 -0.4448 4.2965, 1.2101 -0.3413 4.1775, 1.1619 -0.2313 4.0533, 1.1371 -0.1168 3.9263, 1.5027 -0.7981 4.2934, 1.4935 -0.7266 4.3978, 1.381 -0.6288 4.3115, 1.4927 -0.7205 4.4068, 1.2877 -0.5183 4.217, 1.2154 -0.3977 4.1165, 1.1655 -0.2695 4.012, 1.1389 -0.1361 3.9054, 1.2956 -0.5776 4.1266, 1.2215 -0.4432 4.0471, 1.1696 -0.3003 3.9649, 1.141 -0.1517 3.8817, 1.3043 -0.6211 4.0276, 1.2281 -0.4767 3.9712, 1.1741 -0.323 3.9135, 1.1433 -0.1631 3.8557, 1.4983 -0.1439 4.7883, 1.5011 -0.2845 4.7564, 1.5057 -0.4187 4.7039, 1.512 -0.5436 4.632, 1.6002 -0.9408 3.624, 1.6122 -0.8983 3.4867, 1.6236 -0.8357 3.3572, 1.5599 -0.7284 4.6239, 1.5512 -0.6033 4.7234, 1.5373 -0.5721 4.6762, 1.6865 -0.8373 3.1768, 1.6749 -0.9275 3.3085, 1.6547 -0.8794 3.3346, 1.536 -0.1597 4.8968, 1.5391 -0.3157 4.8613, 1.5942 -0.9969 4.2317, 1.6075 -1.0441 4.0793, 1.6213 -1.0679 3.9217, 1.6352 -1.0679 3.7622, 1.649 -1.0441 3.6045, 1.7124 -0.4647 2.8808, 1.7175 -0.3157 2.8225, 1.7206 -0.1597 2.7871, 1.6427 -0.9453 3.4708, 1.6624 -0.9969 3.4522, 1.5307 -0.4406 4.7517, 1.5442 -0.4647 4.8031, 1.6432 -0.6564 3.1332, 1.651 -0.5436 3.0436, 1.6835 -0.5721 3.0046, 1.6339 -0.7544 3.2385, 1.6753 -0.6907 3.0988, 1.7054 -0.6033 2.9605, 1.5291 -0.7544 4.4371, 1.5395 -0.8357 4.3184, 1.5662 -0.8794 4.3461, 1.5199 -0.6564 4.5425, 1.5552 -0.794 4.4711, 1.5816 -0.9275 4.3753, 1.6647 -0.1439 2.8874, 1.6979 -0.1514 2.8401, 1.6619 -0.2845 2.9193, 1.695 -0.2994 2.8738, 1.6573 -0.4187 2.9718, 1.6901 -0.4406 2.929, 1.6656 -0.794 3.2097, 1.6967 -0.7284 3.0599, 1.6301 -0.99 3.6153, 1.617 -1.0126 3.7648, 1.5878 -0.9623 3.766, 1.5752 -0.9623 3.9097, 1.6038 -1.0126 3.916, 1.5628 -0.9408 4.0517, 1.5907 -0.99 4.0655, 1.5508 -0.8983 4.189, 1.5781 -0.9453 4.2099, 1.5455 -0.6907 4.5819, 1.5701 -0.8373 4.5071, 1.5258 -0.2994 4.807, 1.5229 -0.1514 4.8406, 1.2712 0.1463 3.7572, 1.2689 0.1533 3.7833, 1.2753 0.1192 3.7106, 1.2733 0.1348 3.7327, 1.277 0.1001 3.6914, 1.2783 0.0778 3.6759, 1.2793 0.0532 3.6645, 1.2799 0.027 3.6575, 1.2801 -0.0001 3.6551, 1.2799 -0.0271 3.6575, 1.2793 -0.0533 3.6645, 1.2783 -0.0779 3.6759, 1.277 -0.1002 3.6914, 1.2753 -0.1194 3.7106, 1.2733 -0.135 3.7327, 1.2712 -0.1464 3.7572, 1.2689 -0.1535 3.7833, 1.4334 0.5842 3.7215, 1.5264 -0.709 3.7075, 1.5369 -0.6765 3.5868, 1.5469 -0.6235 3.4735, 1.5558 -0.5515 3.3711, 1.5635 -0.4628 3.2827, 1.5698 -0.36 3.211, 1.5744 -0.2463 3.1582, 1.5773 -0.1251 3.1258, 1.5782 -0.0001 3.1149, 1.5773 0.1249 3.1258, 1.5744 0.2462 3.1582, 1.5698 0.3599 3.211, 1.5635 0.4627 3.2827, 1.5558 0.5514 3.3711, 1.5469 0.6234 3.4735, 1.5369 0.6764 3.5868, 1.5264 0.7089 3.7075, 1.4421 0.5575 3.6219, 1.4503 0.5138 3.5286, 1.4577 0.4544 3.4442, 1.464 0.3813 3.3713, 1.4692 0.2966 3.3122, 1.473 0.2029 3.2687, 1.4753 0.103 3.242, 1.4761 -0.0001 3.233, 1.4753 -0.1031 3.242, 1.473 -0.203 3.2687, 1.4692 -0.2967 3.3122, 1.464 -0.3814 3.3713, 1.4577 -0.4546 3.4442, 1.4503 -0.5139 3.5286, 1.4421 -0.5576 3.6219, 1.4334 -0.5844 3.7215, 1.3586 0.4483 3.739, 1.3653 0.4278 3.6626, 1.3716 0.3942 3.591, 1.3772 0.3487 3.5262, 1.3821 0.2926 3.4703, 1.3861 0.2276 3.4249, 1.389 0.1557 3.3915, 1.3908 0.079 3.3711, 1.3914 -0.0001 3.3642, 1.3908 -0.0791 3.3711, 1.389 -0.1558 3.3915, 1.3861 -0.2277 3.4249, 1.3821 -0.2927 3.4703, 1.3772 -0.3488 3.5262, 1.3716 -0.3944 3.591, 1.3653 -0.4279 3.6626, 1.3586 -0.4484 3.739, 1.3034 0.3038 3.7597, 1.3079 0.2898 3.708, 1.3122 0.2671 3.6594, 1.316 0.2363 3.6156, 1.3193 0.1982 3.5777, 1.322 0.1542 3.5469, 1.324 0.1054 3.5243, 1.3252 0.0535 3.5104, 1.3256 -0.0001 3.5058, 1.3252 -0.0536 3.5104, 1.324 -0.1056 3.5243, 1.322 -0.1543 3.5469, 1.3193 -0.1984 3.5777, 1.316 -0.2364 3.6156, 1.3122 -0.2672 3.6594, 1.3079 -0.29 3.708, 1.3034 -0.3039 3.7597
            ]
        }
        coordIndex [
            0,1,2,-1,2,1,3,-1,2,3,4,-1,4,3,5,-1,4,5,6,-1,6,5,7,-1,6,7,8,-1,8,7,9,-1,8,9,10,-1,10,9,11,-1,10,11,12,-1,12,11,13,-1,12,13,14,-1,14,13,15,-1,14,15,16,-1,16,15,17,-1,16,17,18,-1,18,17,19,-1,20,21,22,-1,22,21,23,-1,22,23,24,-1,24,23,25,-1,26,27,28,-1,29,30,28,-1,29,28,31,-1,32,31,28,-1,33,32,28,-1,34,33,28,-1,35,34,28,-1,36,35,28,-1,37,36,28,-1,38,37,28,-1,39,38,28,-1,40,39,28,-1,41,40,28,-1,42,41,28,-1,43,42,28,-1,44,45,27,-1,27,45,28,-1,30,26,28,-1,46,47,48,-1,49,50,51,-1,51,50,52,-1,51,52,53,-1,50,54,52,-1,52,54,55,-1,52,55,56,-1,55,57,56,-1,56,57,58,-1,56,58,59,-1,58,60,59,-1,59,60,61,-1,59,61,62,-1,61,63,62,-1,62,63,64,-1,62,64,65,-1,64,66,65,-1,65,66,67,-1,65,67,68,-1,67,69,68,-1,68,69,70,-1,68,70,71,-1,70,72,71,-1,71,72,73,-1,71,73,74,-1,73,75,74,-1,74,75,76,-1,74,76,77,-1,76,78,77,-1,77,78,79,-1,77,79,80,-1,79,81,80,-1,80,81,82,-1,80,82,83,-1,82,84,83,-1,83,84,85,-1,83,85,86,-1,85,87,86,-1,86,87,88,-1,86,88,89,-1,88,90,89,-1,89,90,91,-1,89,91,92,-1,91,93,92,-1,92,93,94,-1,92,94,95,-1,94,96,95,-1,95,96,97,-1,95,97,98,-1,97,99,98,-1,98,99,100,-1,98,100,101,-1,102,103,104,-1,104,103,101,-1,104,101,105,-1,105,101,100,-1,103,46,101,-1,101,46,48,-1,101,48,98,-1,98,48,106,-1,98,106,95,-1,95,106,107,-1,95,107,92,-1,92,107,108,-1,92,108,89,-1,89,108,109,-1,89,109,86,-1,86,109,110,-1,86,110,83,-1,83,110,111,-1,83,111,80,-1,80,111,112,-1,80,112,77,-1,77,112,113,-1,77,113,74,-1,74,113,114,-1,74,114,71,-1,71,114,115,-1,71,115,68,-1,68,115,116,-1,68,116,65,-1,65,116,117,-1,65,117,62,-1,62,117,118,-1,62,118,59,-1,59,118,119,-1,59,119,56,-1,56,119,120,-1,56,120,52,-1,52,120,121,-1,52,121,53,-1,53,121,122,-1,47,123,48,-1,48,123,124,-1,48,124,106,-1,106,124,125,-1,106,125,107,-1,107,125,126,-1,107,126,108,-1,108,126,127,-1,108,127,109,-1,109,127,128,-1,109,128,110,-1,110,128,129,-1,110,129,111,-1,111,129,130,-1,111,130,112,-1,112,130,131,-1,112,131,113,-1,113,131,132,-1,113,132,114,-1,114,132,133,-1,114,133,115,-1,115,133,134,-1,115,134,116,-1,116,134,135,-1,116,135,117,-1,117,135,136,-1,117,136,118,-1,118,136,137,-1,118,137,119,-1,119,137,138,-1,119,138,120,-1,120,138,139,-1,120,139,121,-1,121,139,140,-1,121,140,122,-1,122,140,141,-1,123,142,124,-1,124,142,143,-1,124,143,125,-1,125,143,144,-1,125,144,126,-1,126,144,145,-1,126,145,127,-1,127,145,146,-1,127,146,128,-1,128,146,147,-1,128,147,129,-1,129,147,148,-1,129,148,130,-1,130,148,149,-1,130,149,131,-1,131,149,150,-1,131,150,132,-1,132,150,151,-1,132,151,133,-1,133,151,152,-1,133,152,134,-1,134,152,153,-1,134,153,135,-1,135,153,154,-1,135,154,136,-1,136,154,155,-1,136,155,137,-1,137,155,156,-1,137,156,138,-1,138,156,157,-1,138,157,139,-1,139,157,158,-1,139,158,140,-1,140,158,159,-1,140,159,141,-1,160,161,159,-1,159,161,162,-1,159,162,141,-1,142,44,143,-1,143,44,27,-1,143,27,144,-1,144,27,26,-1,144,26,145,-1,145,26,30,-1,145,30,146,-1,146,30,29,-1,146,29,147,-1,147,29,31,-1,147,31,148,-1,148,31,32,-1,148,32,149,-1,149,32,33,-1,149,33,150,-1,150,33,34,-1,150,34,151,-1,151,34,35,-1,151,35,152,-1,152,35,36,-1,152,36,153,-1,153,36,37,-1,153,37,154,-1,154,37,38,-1,154,38,155,-1,155,38,39,-1,155,39,156,-1,156,39,40,-1,156,40,157,-1,157,40,41,-1,157,41,158,-1,158,41,42,-1,158,42,159,-1,159,42,43,-1,159,43,160,-1,160,43,28,-1,163,164,165,-1,166,167,168,-1,169,170,171,-1,172,173,174,-1,175,176,177,-1,178,179,180,-1,181,182,183,-1,184,185,186,-1,187,188,189,-1,190,191,192,-1,193,194,195,-1,196,193,197,-1,198,196,199,-1,200,201,202,-1,203,200,204,-1,205,203,206,-1,207,205,208,-1,209,207,210,-1,211,212,213,-1,214,211,215,-1,216,214,217,-1,218,191,219,-1,219,191,190,-1,219,190,220,-1,221,188,222,-1,222,188,187,-1,222,187,223,-1,183,192,224,-1,224,192,191,-1,224,191,225,-1,225,191,218,-1,225,218,209,-1,171,189,226,-1,226,189,188,-1,226,188,227,-1,227,188,221,-1,227,221,198,-1,228,229,230,-1,231,232,233,-1,233,232,228,-1,233,228,234,-1,234,228,230,-1,234,230,235,-1,236,237,238,-1,239,240,241,-1,241,240,236,-1,241,236,242,-1,242,236,238,-1,242,238,243,-1,244,245,246,-1,216,217,247,-1,247,217,248,-1,247,248,249,-1,249,248,244,-1,249,244,250,-1,250,244,246,-1,250,246,251,-1,252,253,254,-1,214,215,217,-1,217,215,255,-1,217,255,248,-1,248,255,252,-1,248,252,244,-1,244,252,254,-1,244,254,245,-1,256,257,258,-1,211,213,215,-1,215,213,259,-1,215,259,255,-1,255,259,256,-1,255,256,252,-1,252,256,258,-1,252,258,253,-1,212,235,213,-1,213,235,230,-1,213,230,259,-1,259,230,229,-1,259,229,256,-1,256,229,260,-1,256,260,257,-1,232,261,228,-1,228,261,262,-1,228,262,229,-1,229,262,263,-1,229,263,260,-1,185,231,186,-1,186,231,233,-1,186,233,264,-1,264,233,234,-1,264,234,265,-1,265,234,235,-1,265,235,266,-1,266,235,212,-1,182,184,183,-1,183,184,186,-1,183,186,192,-1,192,186,264,-1,192,264,190,-1,190,264,265,-1,190,265,220,-1,220,265,266,-1,209,210,225,-1,225,210,267,-1,225,267,224,-1,224,267,180,-1,224,180,183,-1,183,180,179,-1,183,179,181,-1,207,208,210,-1,210,208,268,-1,210,268,267,-1,267,268,177,-1,267,177,180,-1,180,177,176,-1,180,176,178,-1,205,206,208,-1,208,206,269,-1,208,269,268,-1,268,269,270,-1,268,270,177,-1,177,270,271,-1,177,271,175,-1,272,273,274,-1,203,204,206,-1,206,204,275,-1,206,275,269,-1,269,275,272,-1,269,272,270,-1,270,272,274,-1,270,274,271,-1,276,277,278,-1,200,202,204,-1,204,202,279,-1,204,279,275,-1,275,279,276,-1,275,276,272,-1,272,276,278,-1,272,278,273,-1,201,243,202,-1,202,243,238,-1,202,238,279,-1,279,238,237,-1,279,237,276,-1,276,237,280,-1,276,280,277,-1,240,281,236,-1,236,281,282,-1,236,282,237,-1,237,282,283,-1,237,283,280,-1,173,239,174,-1,174,239,241,-1,174,241,284,-1,284,241,242,-1,284,242,285,-1,285,242,243,-1,285,243,286,-1,286,243,201,-1,170,172,171,-1,171,172,174,-1,171,174,189,-1,189,174,284,-1,189,284,187,-1,187,284,285,-1,187,285,223,-1,223,285,286,-1,198,199,227,-1,227,199,287,-1,227,287,226,-1,226,287,168,-1,226,168,171,-1,171,168,167,-1,171,167,169,-1,196,197,199,-1,199,197,288,-1,199,288,287,-1,287,288,165,-1,287,165,168,-1,168,165,164,-1,168,164,166,-1,193,195,197,-1,197,195,289,-1,197,289,288,-1,288,289,290,-1,288,290,165,-1,165,290,291,-1,165,291,163,-1,271,274,292,-1,273,278,293,-1,277,280,294,-1,240,239,295,-1,173,172,296,-1,170,169,297,-1,167,166,298,-1,164,163,299,-1,291,300,301,-1,302,303,304,-1,305,306,307,-1,308,309,310,-1,311,312,313,-1,314,315,316,-1,317,318,319,-1,320,321,322,-1,323,324,325,-1,322,321,323,-1,323,326,327,-1,327,326,328,-1,327,328,329,-1,329,328,330,-1,329,330,331,-1,332,333,334,-1,334,333,335,-1,334,335,336,-1,330,337,331,-1,331,337,338,-1,331,338,339,-1,340,341,342,-1,342,341,343,-1,336,335,344,-1,344,335,345,-1,344,345,346,-1,346,345,342,-1,346,342,347,-1,347,342,343,-1,347,343,348,-1,318,340,319,-1,319,340,342,-1,319,342,349,-1,349,342,345,-1,349,345,350,-1,350,345,335,-1,350,335,351,-1,351,335,333,-1,351,333,352,-1,315,317,316,-1,316,317,319,-1,316,319,353,-1,353,319,349,-1,353,349,354,-1,354,349,350,-1,354,350,355,-1,355,350,351,-1,355,351,325,-1,325,351,352,-1,325,324,355,-1,355,324,356,-1,355,356,354,-1,354,356,357,-1,354,357,353,-1,353,357,358,-1,353,358,316,-1,316,358,359,-1,316,359,314,-1,352,323,325,-1,332,320,333,-1,333,320,322,-1,333,322,352,-1,352,322,323,-1,360,361,359,-1,359,361,362,-1,359,362,314,-1,312,360,313,-1,313,360,359,-1,313,359,363,-1,363,359,358,-1,363,358,364,-1,364,358,357,-1,364,357,365,-1,365,357,356,-1,365,356,366,-1,366,356,324,-1,366,324,323,-1,309,311,310,-1,310,311,313,-1,310,313,367,-1,367,313,363,-1,367,363,368,-1,368,363,364,-1,368,364,369,-1,369,364,365,-1,369,365,370,-1,370,365,366,-1,370,366,323,-1,306,308,307,-1,307,308,310,-1,307,310,371,-1,371,310,367,-1,371,367,372,-1,372,367,368,-1,372,368,373,-1,373,368,369,-1,373,369,374,-1,374,369,370,-1,374,370,323,-1,303,305,304,-1,304,305,307,-1,304,307,375,-1,375,307,371,-1,375,371,376,-1,376,371,372,-1,376,372,377,-1,377,372,373,-1,377,373,378,-1,378,373,374,-1,378,374,323,-1,300,302,301,-1,301,302,304,-1,301,304,379,-1,379,304,375,-1,379,375,380,-1,380,375,376,-1,380,376,381,-1,381,376,377,-1,381,377,382,-1,382,377,378,-1,382,378,323,-1,163,291,299,-1,299,291,301,-1,299,301,383,-1,383,301,379,-1,383,379,384,-1,384,379,380,-1,384,380,385,-1,385,380,381,-1,385,381,386,-1,386,381,382,-1,386,382,323,-1,166,164,298,-1,298,164,299,-1,298,299,387,-1,387,299,383,-1,387,383,388,-1,388,383,384,-1,388,384,389,-1,389,384,385,-1,389,385,390,-1,390,385,386,-1,390,386,323,-1,169,167,297,-1,297,167,298,-1,297,298,391,-1,391,298,387,-1,391,387,392,-1,392,387,388,-1,392,388,393,-1,393,388,389,-1,393,389,394,-1,394,389,390,-1,394,390,323,-1,172,170,296,-1,296,170,297,-1,296,297,395,-1,395,297,391,-1,395,391,396,-1,396,391,392,-1,396,392,397,-1,397,392,393,-1,397,393,398,-1,398,393,394,-1,398,394,323,-1,239,173,295,-1,295,173,296,-1,295,296,399,-1,399,296,395,-1,399,395,400,-1,400,395,396,-1,400,396,401,-1,401,396,397,-1,401,397,402,-1,402,397,398,-1,402,398,323,-1,283,282,403,-1,403,282,281,-1,281,240,403,-1,403,240,295,-1,403,295,404,-1,404,295,399,-1,404,399,405,-1,405,399,400,-1,405,400,406,-1,406,400,401,-1,406,401,407,-1,407,401,402,-1,407,402,323,-1,280,283,294,-1,294,283,403,-1,294,403,408,-1,408,403,404,-1,408,404,409,-1,409,404,405,-1,409,405,410,-1,410,405,406,-1,410,406,411,-1,411,406,407,-1,411,407,323,-1,278,277,293,-1,293,277,294,-1,293,294,412,-1,412,294,408,-1,412,408,413,-1,413,408,409,-1,413,409,414,-1,414,409,410,-1,414,410,415,-1,415,410,411,-1,415,411,323,-1,274,273,292,-1,292,273,293,-1,292,293,339,-1,339,293,412,-1,339,412,331,-1,331,412,413,-1,331,413,329,-1,329,413,414,-1,329,414,327,-1,327,414,415,-1,327,415,323,-1,175,271,416,-1,416,271,292,-1,416,292,417,-1,417,292,339,-1,417,339,418,-1,418,339,338,-1,419,420,421,-1,420,422,423,-1,422,424,425,-1,424,426,427,-1,424,427,425,-1,425,427,428,-1,425,428,429,-1,428,430,429,-1,429,430,431,-1,429,431,432,-1,431,433,432,-1,432,433,434,-1,432,434,435,-1,434,436,435,-1,435,436,437,-1,435,437,438,-1,437,439,438,-1,438,439,440,-1,438,440,441,-1,440,442,441,-1,441,442,443,-1,441,443,444,-1,444,443,445,-1,444,445,446,-1,446,445,447,-1,446,447,448,-1,447,449,448,-1,448,449,450,-1,448,450,451,-1,451,450,452,-1,451,452,453,-1,453,452,102,-1,102,104,453,-1,453,104,105,-1,453,105,454,-1,105,100,454,-1,454,100,99,-1,454,99,455,-1,99,97,455,-1,455,97,96,-1,455,96,456,-1,456,96,94,-1,456,94,457,-1,457,94,93,-1,457,93,458,-1,93,91,458,-1,458,91,90,-1,458,90,459,-1,459,90,88,-1,459,88,460,-1,460,88,87,-1,87,85,460,-1,460,85,84,-1,460,84,461,-1,84,82,461,-1,461,82,81,-1,461,81,462,-1,81,79,462,-1,462,79,78,-1,462,78,463,-1,422,425,423,-1,423,425,429,-1,423,429,464,-1,464,429,432,-1,464,432,465,-1,465,432,435,-1,465,435,466,-1,466,435,438,-1,466,438,467,-1,467,438,441,-1,467,441,468,-1,468,441,444,-1,468,444,469,-1,469,444,446,-1,469,446,470,-1,470,446,448,-1,470,448,471,-1,471,448,451,-1,471,451,472,-1,472,451,453,-1,472,453,473,-1,473,453,454,-1,473,454,474,-1,474,454,455,-1,474,455,475,-1,475,455,456,-1,475,456,476,-1,476,456,457,-1,476,457,477,-1,477,457,458,-1,477,458,478,-1,478,458,459,-1,478,459,479,-1,479,459,460,-1,479,460,480,-1,480,460,461,-1,480,461,481,-1,481,461,462,-1,481,462,482,-1,482,462,463,-1,482,463,483,-1,420,423,421,-1,421,423,464,-1,421,464,484,-1,484,464,465,-1,484,465,485,-1,485,465,466,-1,485,466,486,-1,486,466,467,-1,486,467,487,-1,487,467,468,-1,487,468,488,-1,488,468,469,-1,488,469,489,-1,489,469,470,-1,489,470,490,-1,490,470,471,-1,490,471,491,-1,491,471,472,-1,491,472,492,-1,492,472,473,-1,492,473,493,-1,493,473,474,-1,493,474,494,-1,494,474,475,-1,494,475,495,-1,495,475,476,-1,495,476,496,-1,496,476,477,-1,496,477,497,-1,497,477,478,-1,497,478,498,-1,498,478,479,-1,498,479,499,-1,499,479,480,-1,499,480,500,-1,500,480,481,-1,500,481,501,-1,501,481,482,-1,501,482,502,-1,502,482,483,-1,502,483,503,-1,419,421,504,-1,504,421,484,-1,504,484,505,-1,505,484,485,-1,505,485,506,-1,506,485,486,-1,506,486,507,-1,507,486,487,-1,507,487,508,-1,508,487,488,-1,508,488,509,-1,509,488,489,-1,509,489,510,-1,510,489,490,-1,510,490,511,-1,511,490,491,-1,511,491,512,-1,512,491,492,-1,512,492,513,-1,513,492,493,-1,513,493,514,-1,514,493,494,-1,514,494,515,-1,515,494,495,-1,515,495,516,-1,516,495,496,-1,516,496,517,-1,517,496,497,-1,517,497,518,-1,518,497,498,-1,518,498,519,-1,519,498,499,-1,519,499,520,-1,520,499,500,-1,520,500,521,-1,521,500,501,-1,521,501,522,-1,522,501,502,-1,522,502,523,-1,523,502,503,-1,523,503,524,-1,525,526,527,-1,527,526,528,-1,527,528,529,-1,529,528,530,-1,529,530,531,-1,531,530,532,-1,531,532,533,-1,533,532,534,-1,533,534,535,-1,535,534,536,-1,535,536,537,-1,537,536,538,-1,537,538,539,-1,539,538,540,-1,539,540,541,-1,541,540,542,-1,541,542,543,-1,543,542,544,-1,543,544,545,-1,545,544,546,-1,545,546,547,-1,547,546,548,-1,547,548,549,-1,549,548,550,-1,551,552,553,-1,553,552,554,-1,555,556,557,-1,555,557,558,-1,558,557,559,-1,558,559,560,-1,560,559,561,-1,560,561,562,-1,562,561,563,-1,562,563,564,-1,564,563,565,-1,564,565,566,-1,567,568,569,-1,569,568,570,-1,569,570,571,-1,571,570,572,-1,571,572,573,-1,573,572,574,-1,573,574,575,-1,575,574,576,-1,575,576,577,-1,577,576,578,-1,577,578,579,-1,579,578,580,-1,579,580,581,-1,581,580,582,-1,581,582,583,-1,583,582,584,-1,583,584,585,-1,585,584,586,-1,585,586,587,-1,587,586,588,-1,587,588,589,-1,589,588,590,-1,589,590,591,-1,591,590,592,-1,593,594,595,-1,595,594,596,-1,595,596,597,-1,597,596,598,-1,597,598,599,-1,600,601,602,-1,602,601,603,-1,602,603,599,-1,599,603,604,-1,599,604,597,-1,605,606,607,-1,605,607,608,-1,608,607,609,-1,608,609,610,-1,610,609,611,-1,610,611,612,-1,612,611,613,-1,612,613,614,-1,614,613,615,-1,614,615,616,-1,617,618,619,-1,619,618,620,-1,619,620,621,-1,621,620,622,-1,621,622,623,-1,623,622,624,-1,623,624,625,-1,625,624,626,-1,627,628,629,-1,627,629,630,-1,630,629,631,-1,630,631,632,-1,201,633,634,-1,635,636,637,-1,637,636,638,-1,637,638,639,-1,640,641,642,-1,643,198,221,-1,201,200,644,-1,644,200,203,-1,644,203,552,-1,552,203,205,-1,205,207,552,-1,552,207,209,-1,552,209,218,-1,642,641,645,-1,645,641,646,-1,645,646,647,-1,642,194,640,-1,640,194,193,-1,640,193,643,-1,643,193,196,-1,643,196,198,-1,221,222,643,-1,643,222,223,-1,643,223,634,-1,634,223,286,-1,634,286,201,-1,648,649,644,-1,644,649,650,-1,644,650,201,-1,201,650,651,-1,201,651,633,-1,554,552,216,-1,216,552,214,-1,635,652,636,-1,636,652,653,-1,636,653,646,-1,646,653,654,-1,646,654,647,-1,218,219,552,-1,552,219,220,-1,552,220,266,-1,216,655,554,-1,554,655,656,-1,554,656,657,-1,657,658,554,-1,554,658,659,-1,554,659,660,-1,639,661,637,-1,637,661,662,-1,637,662,663,-1,663,662,664,-1,663,664,665,-1,266,212,552,-1,552,212,211,-1,552,211,214,-1,660,666,554,-1,554,666,667,-1,554,667,668,-1,668,669,554,-1,554,669,670,-1,554,670,663,-1,663,670,671,-1,663,671,637,-1,672,673,674,-1,674,673,675,-1,674,675,676,-1,677,678,419,-1,419,678,679,-1,419,679,680,-1,681,682,683,-1,683,682,673,-1,683,673,684,-1,684,673,672,-1,681,685,682,-1,682,685,686,-1,682,686,687,-1,687,686,688,-1,687,688,689,-1,689,688,419,-1,689,419,690,-1,690,419,680,-1,691,692,693,-1,693,692,674,-1,693,674,694,-1,694,674,676,-1,695,696,697,-1,505,506,698,-1,698,506,507,-1,698,507,508,-1,508,509,698,-1,698,509,510,-1,698,510,511,-1,515,516,699,-1,699,516,517,-1,696,695,524,-1,524,695,699,-1,524,699,523,-1,697,700,695,-1,695,700,701,-1,695,701,702,-1,695,703,704,-1,704,705,695,-1,695,705,706,-1,695,706,692,-1,692,706,707,-1,692,707,674,-1,517,518,699,-1,699,518,519,-1,699,519,520,-1,520,521,699,-1,699,521,522,-1,699,522,523,-1,419,504,677,-1,677,504,505,-1,677,505,708,-1,708,505,698,-1,708,698,709,-1,709,698,710,-1,511,512,698,-1,698,512,513,-1,698,513,699,-1,699,513,514,-1,699,514,515,-1,702,711,695,-1,695,711,712,-1,695,712,703,-1,713,714,715,-1,715,714,716,-1,717,718,719,-1,719,718,720,-1,721,625,722,-1,722,625,723,-1,722,723,724,-1,724,723,725,-1,724,725,726,-1,726,725,727,-1,726,727,728,-1,728,727,729,-1,730,731,732,-1,732,731,733,-1,732,733,734,-1,734,733,735,-1,734,735,736,-1,736,735,737,-1,736,737,738,-1,738,737,626,-1,625,721,623,-1,623,721,739,-1,623,739,621,-1,621,739,740,-1,621,740,619,-1,619,740,741,-1,619,741,617,-1,617,741,605,-1,617,605,742,-1,742,605,608,-1,742,608,743,-1,743,608,610,-1,743,610,744,-1,744,610,612,-1,744,612,745,-1,745,612,614,-1,745,614,746,-1,746,614,616,-1,747,615,748,-1,748,615,613,-1,748,613,749,-1,749,613,611,-1,749,611,750,-1,750,611,609,-1,750,609,751,-1,751,609,607,-1,751,607,618,-1,618,607,606,-1,618,606,620,-1,620,606,752,-1,620,752,622,-1,622,752,753,-1,622,753,624,-1,624,753,754,-1,624,754,626,-1,626,754,738,-1,755,756,757,-1,757,756,758,-1,757,758,759,-1,759,758,760,-1,759,760,616,-1,616,760,746,-1,755,761,756,-1,756,761,762,-1,615,747,763,-1,763,747,764,-1,763,764,765,-1,765,764,766,-1,765,766,767,-1,767,766,768,-1,762,761,769,-1,769,761,770,-1,769,770,771,-1,771,770,772,-1,771,772,773,-1,773,772,774,-1,773,774,775,-1,775,774,776,-1,775,776,777,-1,777,776,778,-1,777,778,717,-1,717,778,718,-1,779,780,781,-1,781,780,782,-1,783,784,785,-1,785,784,786,-1,785,786,787,-1,787,786,788,-1,787,788,789,-1,789,788,790,-1,789,790,791,-1,791,790,792,-1,791,792,793,-1,793,792,794,-1,793,794,795,-1,795,794,796,-1,796,767,795,-1,795,767,768,-1,780,779,797,-1,797,779,798,-1,797,798,799,-1,799,798,800,-1,799,800,801,-1,801,800,802,-1,801,802,803,-1,803,802,804,-1,803,804,805,-1,805,804,806,-1,805,806,807,-1,807,806,808,-1,808,809,807,-1,807,809,810,-1,811,812,813,-1,813,812,814,-1,813,814,815,-1,815,814,816,-1,815,816,817,-1,817,816,818,-1,817,818,819,-1,819,818,820,-1,819,820,821,-1,821,820,822,-1,821,822,823,-1,823,822,824,-1,825,826,827,-1,827,826,828,-1,827,828,829,-1,829,828,830,-1,829,830,809,-1,809,830,810,-1,831,832,833,-1,833,832,834,-1,833,834,835,-1,835,834,836,-1,835,836,837,-1,837,836,838,-1,826,825,839,-1,839,825,840,-1,839,840,841,-1,841,840,842,-1,841,842,843,-1,843,842,844,-1,843,844,845,-1,845,844,846,-1,845,846,847,-1,847,846,848,-1,847,848,849,-1,849,848,850,-1,849,850,851,-1,851,850,852,-1,851,852,853,-1,853,852,854,-1,853,854,632,-1,632,854,855,-1,631,856,857,-1,857,856,858,-1,857,858,859,-1,859,858,860,-1,859,860,861,-1,861,860,862,-1,861,862,863,-1,863,862,864,-1,863,864,865,-1,865,864,866,-1,865,866,867,-1,867,866,868,-1,867,868,869,-1,869,868,870,-1,869,870,871,-1,871,870,872,-1,871,872,838,-1,838,872,837,-1,598,873,599,-1,599,873,874,-1,599,874,602,-1,602,874,875,-1,602,875,600,-1,600,875,627,-1,600,627,876,-1,876,627,630,-1,876,630,855,-1,855,630,632,-1,856,631,877,-1,877,631,629,-1,877,629,601,-1,601,629,628,-1,601,628,603,-1,603,628,878,-1,603,878,604,-1,604,878,879,-1,604,879,597,-1,597,879,880,-1,831,812,832,-1,832,812,811,-1,881,594,882,-1,883,884,885,-1,882,594,884,-1,884,594,593,-1,884,593,885,-1,886,887,888,-1,889,890,891,-1,882,892,881,-1,881,892,886,-1,881,886,893,-1,893,886,888,-1,889,891,885,-1,885,891,894,-1,885,894,883,-1,895,896,884,-1,884,896,882,-1,897,896,898,-1,899,900,895,-1,895,900,901,-1,895,901,896,-1,896,901,902,-1,896,902,898,-1,903,904,905,-1,906,907,908,-1,903,905,895,-1,895,905,909,-1,895,909,899,-1,897,898,908,-1,908,898,910,-1,908,910,906,-1,902,901,911,-1,911,901,912,-1,911,912,873,-1,912,880,873,-1,873,880,879,-1,873,879,874,-1,874,879,878,-1,874,878,875,-1,875,878,628,-1,875,628,627,-1,632,631,853,-1,853,631,857,-1,853,857,851,-1,851,857,859,-1,851,859,849,-1,849,859,861,-1,849,861,847,-1,847,861,863,-1,847,863,845,-1,845,863,865,-1,845,865,843,-1,843,865,867,-1,843,867,841,-1,841,867,869,-1,841,869,839,-1,839,869,871,-1,839,871,826,-1,826,871,838,-1,826,838,836,-1,826,836,828,-1,828,836,834,-1,828,834,830,-1,830,834,832,-1,830,832,810,-1,807,810,811,-1,811,810,832,-1,25,780,797,-1,823,25,821,-1,821,25,797,-1,821,797,819,-1,819,797,799,-1,819,799,817,-1,817,799,801,-1,817,801,815,-1,815,801,803,-1,815,803,813,-1,813,803,805,-1,813,805,811,-1,811,805,807,-1,913,914,717,-1,915,916,713,-1,915,713,917,-1,5,3,918,-1,916,919,713,-1,713,919,920,-1,713,920,921,-1,922,923,924,-1,924,923,713,-1,924,713,925,-1,925,713,921,-1,926,927,928,-1,929,930,931,-1,931,930,932,-1,930,19,932,-1,932,19,17,-1,932,17,15,-1,21,933,934,-1,15,13,932,-1,932,13,11,-1,932,11,9,-1,926,935,927,-1,927,935,936,-1,927,936,937,-1,25,23,780,-1,780,23,21,-1,780,21,782,-1,782,21,934,-1,938,939,3,-1,937,940,927,-1,927,940,941,-1,927,941,21,-1,21,941,942,-1,21,942,933,-1,9,7,932,-1,932,7,5,-1,932,5,943,-1,943,5,918,-1,943,918,715,-1,715,918,926,-1,715,926,713,-1,713,926,928,-1,713,928,917,-1,944,945,1,-1,1,945,946,-1,1,946,3,-1,3,946,947,-1,3,947,938,-1,939,948,3,-1,3,948,949,-1,3,949,918,-1,913,717,1,-1,1,717,719,-1,1,719,944,-1,914,783,785,-1,914,785,717,-1,795,762,793,-1,793,762,769,-1,793,769,791,-1,791,769,771,-1,791,771,789,-1,789,771,773,-1,789,773,787,-1,787,773,775,-1,787,775,785,-1,785,775,777,-1,785,777,717,-1,756,762,768,-1,768,762,795,-1,756,768,766,-1,756,766,758,-1,758,766,764,-1,758,764,760,-1,760,764,747,-1,760,747,746,-1,746,747,745,-1,745,747,748,-1,745,748,744,-1,744,748,749,-1,744,749,743,-1,743,749,750,-1,743,750,742,-1,742,750,751,-1,742,751,617,-1,617,751,618,-1,950,951,952,-1,952,951,953,-1,952,953,731,-1,731,953,729,-1,731,729,733,-1,729,727,733,-1,733,727,725,-1,733,725,735,-1,735,725,723,-1,735,723,737,-1,737,723,625,-1,737,625,626,-1,954,955,956,-1,957,958,959,-1,959,958,951,-1,959,951,955,-1,955,951,950,-1,955,950,956,-1,960,961,962,-1,959,963,957,-1,957,963,964,-1,957,964,965,-1,965,964,966,-1,960,962,956,-1,956,962,967,-1,956,967,954,-1,968,969,955,-1,955,969,959,-1,970,969,971,-1,971,969,972,-1,973,974,975,-1,972,969,976,-1,976,969,968,-1,976,968,977,-1,970,971,975,-1,975,971,978,-1,975,978,973,-1,968,979,977,-1,977,979,980,-1,977,980,981,-1,981,980,982,-1,981,982,983,-1,972,976,984,-1,984,976,985,-1,984,985,728,-1,728,985,730,-1,728,730,732,-1,738,721,736,-1,736,721,722,-1,736,722,734,-1,734,722,724,-1,734,724,732,-1,732,724,726,-1,732,726,728,-1,986,987,988,-1,738,989,990,-1,990,989,991,-1,990,991,721,-1,992,605,993,-1,606,992,994,-1,995,996,997,-1,997,996,998,-1,997,998,999,-1,999,998,1000,-1,1001,1002,1003,-1,1004,1005,1006,-1,1007,1008,998,-1,998,1008,1009,-1,1009,1010,1011,-1,1011,1010,1012,-1,1011,1012,1013,-1,1014,1015,1016,-1,1014,1016,1017,-1,1016,1018,1017,-1,1017,1018,1001,-1,1017,1001,1019,-1,1019,1001,1003,-1,1019,1003,998,-1,998,1003,1020,-1,998,1020,1021,-1,1022,1023,1021,-1,1023,1024,1021,-1,1021,1024,1025,-1,1021,1025,998,-1,998,1025,1026,-1,998,1026,1007,-1,1027,1028,1029,-1,1030,1031,1032,-1,1032,1031,1033,-1,1034,1035,1036,-1,1036,1035,1037,-1,1034,1038,1035,-1,1035,1038,1039,-1,1035,1039,1040,-1,1041,1042,1043,-1,1043,1042,1044,-1,1041,1045,1042,-1,1042,1045,1046,-1,1042,1046,1047,-1,1047,1046,1048,-1,1047,1048,1049,-1,1050,1051,1052,-1,1053,1035,1048,-1,1048,1035,1040,-1,1048,1040,1049,-1,1054,1055,1056,-1,1056,1055,1057,-1,1054,1058,1055,-1,1055,1058,1059,-1,1055,1059,1060,-1,1061,1062,1063,-1,1063,1062,1055,-1,1063,1055,1064,-1,1064,1055,1060,-1,1061,1065,1062,-1,1062,1065,1066,-1,1062,1066,1067,-1,1067,1068,1062,-1,1062,1068,1069,-1,1062,1069,1070,-1,1071,1072,1073,-1,1073,1072,1074,-1,1073,1074,1075,-1,1075,1076,1073,-1,1073,1076,1077,-1,1073,1077,1078,-1,1077,1079,1078,-1,1078,1079,1080,-1,1078,1080,1081,-1,1081,1080,1052,-1,1081,1052,1082,-1,1082,1052,1051,-1,1083,1084,1052,-1,1052,1084,1085,-1,1085,1086,1052,-1,1052,1086,1087,-1,1052,1087,1088,-1,1088,1089,1052,-1,1052,1089,1090,-1,1052,1090,1091,-1,1091,1092,1052,-1,1052,1092,1093,-1,1052,1093,1094,-1,1095,1050,1096,-1,1096,1050,1052,-1,1096,1052,1097,-1,1097,1052,1094,-1,1098,1099,1053,-1,1053,1099,1100,-1,1053,1100,1101,-1,1101,1102,1053,-1,1053,1102,1103,-1,1053,1103,1104,-1,1105,1035,1106,-1,1106,1035,1053,-1,1106,1053,1107,-1,1107,1053,1104,-1,1108,1109,1110,-1,1110,1109,1111,-1,1110,1111,1112,-1,1030,1108,1031,-1,1031,1108,1110,-1,1031,1110,1113,-1,1114,1035,1115,-1,1116,1115,1055,-1,1055,1115,1035,-1,1055,1035,1057,-1,1057,1035,1105,-1,1117,1118,1119,-1,1120,995,1121,-1,1121,995,1122,-1,1121,1122,1119,-1,1123,1124,1125,-1,1122,1126,1119,-1,1119,1126,1127,-1,1119,1127,1128,-1,1129,1130,1131,-1,1132,1133,1131,-1,1131,1133,1134,-1,1131,1134,1129,-1,1130,1135,1131,-1,1131,1135,1136,-1,1131,1136,1132,-1,1132,1136,1137,-1,1137,1138,1132,-1,1132,1138,1139,-1,1132,1139,1140,-1,1140,1141,1132,-1,1132,1141,1142,-1,1132,1142,1117,-1,1128,1123,1119,-1,1119,1123,1125,-1,1119,1125,1117,-1,1117,1125,1143,-1,1117,1143,1132,-1,1144,1145,996,-1,1120,1146,995,-1,995,1146,1147,-1,995,1147,996,-1,996,1147,1148,-1,996,1148,1144,-1,1145,1149,996,-1,996,1149,1150,-1,996,1150,1151,-1,1151,1152,996,-1,996,1152,1153,-1,996,1153,1154,-1,1153,1155,1154,-1,1154,1155,1156,-1,1154,1156,1157,-1,1157,1156,1158,-1,1159,1160,1161,-1,1159,1158,1162,-1,1162,1158,1163,-1,1162,1163,1164,-1,1164,1163,1165,-1,1164,1165,1035,-1,1035,1165,1166,-1,1035,1166,1037,-1,1159,1161,1158,-1,1158,1161,1167,-1,1158,1167,1168,-1,1168,1169,1158,-1,1158,1169,1170,-1,1158,1170,1171,-1,1171,1172,1158,-1,1158,1172,1173,-1,1158,1173,1157,-1,1174,1175,1176,-1,1177,1178,1001,-1,1174,1176,1001,-1,1001,1176,1179,-1,1001,1179,1177,-1,1178,1180,1001,-1,1001,1180,1181,-1,1001,1181,1002,-1,1002,1181,1182,-1,1002,1182,1183,-1,1183,1182,1184,-1,1183,1184,1185,-1,1186,1187,1188,-1,1188,1187,1189,-1,1188,1189,1190,-1,1190,1189,1191,-1,1175,1174,1192,-1,1192,1174,1193,-1,1192,1193,1194,-1,1194,1193,1190,-1,1194,1190,1195,-1,1195,1190,1191,-1,1195,1191,1196,-1,1197,1198,1199,-1,1200,1201,1202,-1,1202,1201,1203,-1,1203,1204,1202,-1,1202,1204,1205,-1,1202,1205,1206,-1,1206,1207,1202,-1,1202,1207,1208,-1,1202,1208,1209,-1,1209,1210,1202,-1,1202,1210,1211,-1,1202,1211,1212,-1,1212,1211,1213,-1,1212,1213,1214,-1,1214,1215,1212,-1,1212,1215,1216,-1,1212,1216,1217,-1,1217,1218,1212,-1,1212,1218,1219,-1,1212,1219,1220,-1,1220,1221,1212,-1,1212,1221,1222,-1,1212,1222,1223,-1,1224,1225,1195,-1,1199,1224,1197,-1,1197,1224,1195,-1,1197,1195,1226,-1,1226,1195,1196,-1,1226,1196,1227,-1,1227,1196,1228,-1,1227,1228,1229,-1,1229,1228,1230,-1,1225,1224,1223,-1,1223,1224,1231,-1,1223,1231,1212,-1,1212,1231,1232,-1,1212,1232,1233,-1,1233,1234,1212,-1,1212,1234,1235,-1,1212,1235,1236,-1,1110,1237,1113,-1,1113,1237,1212,-1,1113,1212,1238,-1,1238,1212,1236,-1,1018,1239,1001,-1,1001,1239,1240,-1,1001,1240,1241,-1,1241,1240,1198,-1,1241,1198,1242,-1,1242,1198,1197,-1,1243,1203,1244,-1,1244,1203,1245,-1,1243,1246,1203,-1,1203,1246,1247,-1,1203,1247,1204,-1,1248,1249,1250,-1,1250,1249,1251,-1,1245,1203,1252,-1,1252,1203,1253,-1,1252,1253,1254,-1,1254,1253,1250,-1,1254,1250,1029,-1,1029,1250,1251,-1,1029,1251,1027,-1,1255,1256,1028,-1,1028,1256,1192,-1,1028,1192,1029,-1,1029,1192,1194,-1,1257,1258,1259,-1,1260,1261,1262,-1,1260,1262,1259,-1,1259,1262,1263,-1,1259,1263,1257,-1,1264,1265,1266,-1,1266,1265,1267,-1,1266,1267,1268,-1,1268,1269,1266,-1,1266,1269,1270,-1,1266,1270,1271,-1,1272,1273,1274,-1,1271,1275,1266,-1,1266,1275,1272,-1,1266,1272,1276,-1,1276,1272,1274,-1,1264,1266,1258,-1,1258,1266,1277,-1,1258,1277,1278,-1,1279,1259,1280,-1,1280,1259,1258,-1,1280,1258,1281,-1,1281,1258,1278,-1,1282,1042,1283,-1,1283,1042,1284,-1,1283,1284,1260,-1,1260,1284,1285,-1,1260,1285,1261,-1,1286,1287,1288,-1,1287,1289,1288,-1,1288,1289,1044,-1,1288,1044,1290,-1,1290,1044,1042,-1,1290,1042,1291,-1,1291,1042,1282,-1,1286,1288,1292,-1,1292,1288,1293,-1,1292,1293,1294,-1,1294,1295,1292,-1,1292,1295,1296,-1,1292,1296,1297,-1,1298,1299,1296,-1,1296,1299,1300,-1,1296,1300,1297,-1,1298,1301,1299,-1,1299,1301,1302,-1,1299,1302,1303,-1,1304,1305,1303,-1,1303,1305,1306,-1,1303,1306,1299,-1,1304,1307,1305,-1,1305,1307,1308,-1,1305,1308,1309,-1,1009,1011,998,-1,998,1011,1310,-1,998,1310,1000,-1,1311,1309,1011,-1,1011,1309,1312,-1,1011,1312,1313,-1,1313,1314,1011,-1,1011,1314,1315,-1,1011,1315,1310,-1,1316,1317,1311,-1,1318,1319,1320,-1,1317,1321,1311,-1,1311,1321,1322,-1,1311,1322,1309,-1,1309,1322,1323,-1,1309,1323,1305,-1,1324,1325,1326,-1,1326,1327,1324,-1,1324,1327,1328,-1,1324,1328,1319,-1,1319,1328,1320,-1,1320,1328,1329,-1,1320,1329,1073,-1,1330,1331,1332,-1,1332,1331,1333,-1,1332,1333,1329,-1,1329,1333,1062,-1,1329,1062,1073,-1,1073,1062,1070,-1,1073,1070,1071,-1,1334,1335,991,-1,991,1335,1336,-1,991,1336,721,-1,1337,1004,1013,-1,1013,1004,1006,-1,1013,1006,1011,-1,1337,1338,1004,-1,1004,1338,1339,-1,1004,1339,1340,-1,1340,1341,1004,-1,1004,1341,1342,-1,1004,1342,1335,-1,1335,1342,1343,-1,1335,1343,1344,-1,1344,1345,1335,-1,1335,1345,1346,-1,1335,1346,1347,-1,1347,1348,1335,-1,1335,1348,1349,-1,1335,1349,1350,-1,1350,1351,1335,-1,1335,1351,1352,-1,1335,1352,1353,-1,1353,1354,1335,-1,1335,1354,1355,-1,1335,1355,1336,-1,1336,1355,1356,-1,1356,1357,1336,-1,1336,1357,1358,-1,1336,1358,1359,-1,1360,1361,1362,-1,1362,1361,1363,-1,1362,1363,1364,-1,1364,1365,1362,-1,1362,1365,1366,-1,1362,1366,1367,-1,1367,1368,1362,-1,1362,1368,1369,-1,1362,1369,1370,-1,1370,1371,1362,-1,1362,1371,1372,-1,1362,1372,1255,-1,1255,1372,1373,-1,1373,1374,1255,-1,1255,1374,1375,-1,1255,1375,1376,-1,1376,1377,1255,-1,1255,1377,1378,-1,1255,1378,1256,-1,1359,1379,1336,-1,1336,1379,1380,-1,1336,1380,1381,-1,1381,1382,1336,-1,1336,1382,1383,-1,1336,1383,1362,-1,1362,1383,1384,-1,1362,1384,1360,-1,1200,1032,1201,-1,1201,1032,1033,-1,1201,1033,1385,-1,1385,1033,1336,-1,1385,1336,1386,-1,1386,1336,1362,-1,1387,1388,1389,-1,1389,1388,1390,-1,1389,1390,1391,-1,1391,1390,1392,-1,1380,1388,1381,-1,1381,1388,1387,-1,1381,1387,1182,-1,1182,1387,1393,-1,1182,1393,1184,-1,1184,1393,1394,-1,1184,1394,1395,-1,1396,1397,1398,-1,1398,1397,1399,-1,1398,1399,1400,-1,1400,1401,1398,-1,1398,1401,1402,-1,1398,1402,1403,-1,1403,1404,1398,-1,1398,1404,1405,-1,1398,1405,1406,-1,1406,1407,1398,-1,1398,1407,1408,-1,1398,1408,1409,-1,1409,1410,1398,-1,1398,1410,1411,-1,1398,1411,1412,-1,1398,1413,1414,-1,1414,1415,1398,-1,1398,1415,1416,-1,1398,1416,1417,-1,1417,1418,1398,-1,1398,1418,1419,-1,1398,1419,1396,-1,1358,1414,1359,-1,1359,1414,1413,-1,1359,1413,1420,-1,1420,1413,1421,-1,1420,1421,1021,-1,1021,1421,1422,-1,1021,1422,1022,-1,1423,1424,989,-1,1425,1426,989,-1,989,1426,1427,-1,989,1427,1428,-1,1428,1429,989,-1,989,1429,1430,-1,989,1430,1431,-1,1423,989,1432,-1,1432,989,1431,-1,1432,1431,1433,-1,1433,1431,1434,-1,1433,1434,1435,-1,1424,1436,989,-1,989,1436,1437,-1,989,1437,1438,-1,1439,1440,1441,-1,1440,1442,1441,-1,1441,1442,1443,-1,1441,1443,1444,-1,1444,1445,1441,-1,1441,1445,1446,-1,1441,1446,1447,-1,1447,1448,1441,-1,1441,1448,1449,-1,1441,1449,1450,-1,1438,1439,989,-1,989,1439,1441,-1,989,1441,991,-1,991,1441,1451,-1,991,1451,1334,-1,1452,1453,1454,-1,1455,1456,1457,-1,1457,1456,1458,-1,1455,1459,1456,-1,1456,1459,1460,-1,1456,1460,1461,-1,1461,1462,1456,-1,1456,1462,1463,-1,1456,1463,1464,-1,1464,1463,1465,-1,1464,1465,1466,-1,1467,1468,1469,-1,1469,1468,1470,-1,1469,1470,1471,-1,1471,1470,1472,-1,1471,1472,1473,-1,1473,1472,1474,-1,1473,1474,1475,-1,1475,1474,1476,-1,1475,1476,1456,-1,1456,1476,1477,-1,1456,1477,1458,-1,1478,988,1479,-1,1479,988,1480,-1,1479,1480,1469,-1,1469,1480,1481,-1,1469,1481,1467,-1,1478,1482,988,-1,988,1482,1483,-1,988,1483,1484,-1,1484,1483,1485,-1,1485,1486,1484,-1,1484,1486,1487,-1,1484,1487,1488,-1,1489,1490,1491,-1,1491,1490,1492,-1,1491,1492,1493,-1,1493,1494,1491,-1,1491,1494,1495,-1,1491,1495,1496,-1,1496,1497,1491,-1,1491,1497,1498,-1,1491,1498,1499,-1,1500,1501,1502,-1,1502,1501,1503,-1,1500,1504,1501,-1,1501,1504,1505,-1,1501,1505,1506,-1,1507,1508,1509,-1,1509,1508,1510,-1,1507,1511,1508,-1,1508,1511,1512,-1,1508,1512,1513,-1,1508,1514,1510,-1,1510,1514,1515,-1,1510,1515,1516,-1,1517,1518,1519,-1,1519,1518,1510,-1,1519,1510,1520,-1,1520,1510,1516,-1,1519,1521,1517,-1,1517,1521,1522,-1,1517,1522,1523,-1,1523,1524,1517,-1,1517,1524,1525,-1,1517,1525,1526,-1,1506,1527,1501,-1,1501,1527,1517,-1,1501,1517,1528,-1,1528,1517,1526,-1,1488,1452,1484,-1,1484,1452,1454,-1,1484,1454,1501,-1,1501,1454,1491,-1,1501,1491,1503,-1,1503,1491,1499,-1,1425,989,1529,-1,1529,989,1530,-1,1529,1530,1531,-1,1532,1533,1534,-1,1535,1536,1534,-1,1536,1537,1534,-1,1534,1537,1538,-1,1534,1538,1539,-1,1539,1540,1534,-1,1534,1540,1541,-1,1534,1541,1542,-1,1543,1532,1544,-1,1544,1532,1534,-1,1544,1534,1545,-1,1545,1534,1542,-1,1533,1546,1534,-1,1534,1546,1547,-1,1534,1547,1548,-1,1548,1549,1534,-1,1534,1549,1550,-1,1534,1550,1551,-1,1552,1553,1530,-1,1551,1554,1534,-1,1534,1554,1555,-1,1534,1555,1530,-1,1530,1555,1556,-1,1530,1556,1552,-1,1553,1557,1530,-1,1530,1557,1558,-1,1530,1558,1531,-1,1559,1560,1561,-1,1561,1560,1562,-1,1561,1562,1563,-1,1563,1564,1561,-1,1561,1564,1565,-1,1561,1565,1566,-1,1566,1567,1561,-1,1561,1567,1568,-1,1561,1568,1569,-1,1570,1571,1572,-1,1569,1573,1561,-1,1561,1573,1574,-1,1561,1574,1572,-1,1572,1574,1575,-1,1572,1575,1570,-1,1571,1576,1572,-1,1572,1576,1577,-1,1572,1577,1578,-1,1578,1579,1572,-1,1572,1579,1580,-1,1572,1580,1581,-1,1581,1582,1572,-1,1572,1582,1583,-1,1572,1583,1584,-1,1116,1585,1115,-1,1115,1585,1572,-1,1115,1572,1586,-1,1586,1572,1584,-1,1587,1588,1589,-1,1589,1588,1590,-1,1589,1590,1591,-1,1591,1592,1589,-1,1589,1592,1593,-1,1589,1593,1594,-1,1595,1596,1589,-1,1589,1596,1597,-1,1589,1597,1587,-1,1595,1598,1596,-1,1596,1598,1599,-1,1596,1599,1600,-1,1600,1601,1596,-1,1596,1601,1602,-1,1596,1602,1603,-1,1584,1604,1586,-1,1586,1604,1596,-1,1586,1596,1605,-1,1605,1596,1603,-1,1594,1606,1589,-1,1589,1606,1607,-1,1589,1607,1608,-1,1608,1607,1609,-1,1608,1609,1610,-1,1610,1609,1611,-1,1610,1611,1612,-1,1612,1611,1613,-1,1612,1613,1614,-1,1614,1613,1615,-1,1614,1615,1491,-1,1491,1615,1616,-1,1491,1616,1489,-1,1320,1316,1318,-1,1318,1316,1311,-1,1318,1311,1617,-1,1617,1311,1618,-1,1617,1618,1619,-1,1619,1618,1620,-1,1619,1620,1561,-1,1561,1620,1621,-1,1561,1621,1559,-1,1559,1621,1622,-1,1559,1622,1623,-1,1623,1622,1441,-1,1623,1441,1624,-1,1624,1441,1450,-1,1624,1450,1625,-1,1412,1626,1398,-1,1398,1626,1627,-1,1398,1627,1628,-1,1628,1627,1629,-1,1628,1629,1630,-1,1631,1632,1633,-1,1633,1632,1634,-1,1633,1634,1635,-1,1635,1634,1636,-1,1635,1637,1633,-1,1633,1637,1628,-1,1633,1628,1631,-1,1631,1628,1630,-1,1248,1638,1249,-1,1249,1638,1639,-1,1249,1639,1640,-1,1484,1641,1642,-1,1642,1641,1643,-1,1643,1644,1642,-1,1642,1644,1645,-1,1642,1645,1646,-1,1647,1648,1649,-1,1649,1648,1650,-1,1651,1652,1653,-1,1653,1652,1654,-1,1647,1655,1648,-1,1648,1655,1654,-1,1648,1654,1656,-1,1656,1654,1652,-1,1650,1648,1646,-1,1646,1648,1657,-1,1646,1657,1658,-1,1658,1659,1646,-1,1646,1659,1660,-1,1646,1660,1661,-1,1661,1662,1646,-1,1646,1662,1663,-1,1646,1663,1642,-1,1664,1665,988,-1,1484,1642,988,-1,988,1642,1666,-1,988,1666,1664,-1,986,988,1667,-1,1667,988,1665,-1,1667,1665,1668,-1,606,994,1669,-1,1669,994,1115,-1,1669,1115,1534,-1,1534,1115,1586,-1,1534,1586,1535,-1,992,993,994,-1,994,993,1031,-1,994,1031,1115,-1,1115,1031,1113,-1,1115,1113,1114,-1,616,615,759,-1,759,615,763,-1,759,763,757,-1,757,763,765,-1,757,765,755,-1,755,765,767,-1,761,755,796,-1,796,755,767,-1,761,796,794,-1,786,784,1670,-1,761,794,770,-1,770,794,792,-1,770,792,772,-1,772,792,790,-1,772,790,774,-1,774,790,788,-1,774,788,776,-1,776,788,786,-1,776,786,778,-1,778,786,1670,-1,778,1670,718,-1,22,24,779,-1,1671,1672,714,-1,1671,714,1673,-1,6,8,1674,-1,1674,8,10,-1,10,12,1674,-1,1674,12,14,-1,1674,14,16,-1,1675,1676,1677,-1,1677,1676,1674,-1,1677,1674,18,-1,18,1674,16,-1,1678,2,4,-1,1679,1680,1681,-1,1681,1680,1682,-1,1673,714,1683,-1,1683,714,1684,-1,1683,1684,1685,-1,1672,1686,714,-1,714,1686,1687,-1,714,1687,1688,-1,1682,1689,1681,-1,1681,1689,1690,-1,1681,1690,1691,-1,2,1678,0,-1,0,1678,1692,-1,0,1692,1693,-1,1693,1694,0,-1,0,1694,1695,-1,0,1695,1696,-1,1688,1697,714,-1,714,1697,1691,-1,714,1691,716,-1,716,1691,1690,-1,716,1690,1698,-1,1698,1690,1678,-1,1698,1678,1674,-1,1674,1678,4,-1,1674,4,6,-1,22,779,20,-1,20,779,781,-1,20,781,1699,-1,1699,1700,20,-1,20,1700,1701,-1,20,1701,1681,-1,1681,1701,1702,-1,1681,1702,1679,-1,1696,1703,0,-1,0,1703,1704,-1,0,1704,1705,-1,1670,1706,718,-1,718,1706,0,-1,718,0,720,-1,720,0,1705,-1,24,824,822,-1,798,779,24,-1,24,822,798,-1,798,822,820,-1,798,820,800,-1,800,820,818,-1,800,818,802,-1,802,818,816,-1,802,816,804,-1,804,816,814,-1,804,814,806,-1,806,814,812,-1,806,812,808,-1,809,808,831,-1,831,808,812,-1,809,831,829,-1,829,831,833,-1,829,833,827,-1,827,833,835,-1,827,835,825,-1,825,835,837,-1,825,837,872,-1,825,872,840,-1,840,872,870,-1,840,870,842,-1,842,870,868,-1,842,868,844,-1,844,868,866,-1,844,866,846,-1,846,866,864,-1,846,864,848,-1,848,864,862,-1,848,862,850,-1,850,862,860,-1,850,860,852,-1,852,860,858,-1,852,858,854,-1,854,858,856,-1,854,856,855,-1,855,856,876,-1,876,856,877,-1,876,877,600,-1,600,877,601,-1,1700,933,1701,-1,1701,933,942,-1,1701,942,1702,-1,1702,942,941,-1,1702,941,1679,-1,1679,941,940,-1,1679,940,1680,-1,1680,940,937,-1,1680,937,1682,-1,1682,937,936,-1,1682,936,1689,-1,1689,936,935,-1,1689,935,1690,-1,1690,935,926,-1,781,782,934,-1,781,934,1699,-1,1699,934,933,-1,1699,933,1700,-1,1678,918,1692,-1,1692,918,949,-1,1692,949,1693,-1,1693,949,948,-1,1693,948,1694,-1,1694,948,939,-1,1694,939,1695,-1,1695,939,938,-1,1695,938,1696,-1,1696,938,947,-1,1696,947,1703,-1,1703,947,946,-1,1703,946,1704,-1,1704,946,945,-1,1704,945,944,-1,1704,944,1705,-1,1705,944,719,-1,1705,719,720,-1,824,24,823,-1,823,24,25,-1,1670,784,914,-1,914,784,783,-1,1678,1707,1708,-1,1708,1709,1678,-1,1678,1709,1710,-1,1678,1710,918,-1,1707,1711,1712,-1,1707,1712,1708,-1,1708,1712,1713,-1,1708,1713,1709,-1,1709,1713,1714,-1,1709,1714,1710,-1,1710,1714,926,-1,1710,926,918,-1,1690,926,1714,-1,1714,1713,1690,-1,1690,1713,1712,-1,1690,1712,1711,-1,1715,1707,1716,-1,1716,1707,1678,-1,1711,1717,1690,-1,1690,1717,1718,-1,1715,1717,1707,-1,1707,1717,1711,-1,1718,1716,1690,-1,1690,1716,1678,-1,1719,1718,1717,-1,1720,1721,1717,-1,1717,1721,1722,-1,1717,1722,1719,-1,1720,1723,1724,-1,1720,1724,1721,-1,1721,1724,1725,-1,1721,1725,1722,-1,1722,1725,1726,-1,1722,1726,1719,-1,1719,1726,1716,-1,1719,1716,1718,-1,1715,1716,1726,-1,1726,1725,1715,-1,1715,1725,1724,-1,1715,1724,1723,-1,585,587,1727,-1,1728,581,583,-1,1728,583,1729,-1,1723,571,573,-1,1730,1731,591,-1,591,1731,1727,-1,591,1727,589,-1,589,1727,587,-1,1732,1733,1734,-1,573,575,1723,-1,1723,575,577,-1,1723,577,1728,-1,1728,577,579,-1,1728,579,581,-1,585,1727,583,-1,583,1727,1735,-1,583,1735,1736,-1,1737,1738,1720,-1,1720,1738,1739,-1,1730,1740,1731,-1,1731,1740,1741,-1,1731,1741,1742,-1,1742,1741,1743,-1,1732,1734,1720,-1,1720,1734,1744,-1,1720,1744,1737,-1,1739,1745,1720,-1,1720,1745,567,-1,1720,567,1723,-1,1723,567,569,-1,1723,569,571,-1,1736,1746,583,-1,583,1746,1747,-1,583,1747,1729,-1,1733,1732,1743,-1,1743,1732,1748,-1,1743,1748,1749,-1,1749,1750,1743,-1,1743,1750,1751,-1,1743,1751,1742,-1,1752,1753,1754,-1,1754,1753,1755,-1,1756,1757,586,-1,586,1757,588,-1,1758,1759,1760,-1,1760,1761,1758,-1,1758,1761,592,-1,1758,592,1757,-1,1757,592,590,-1,1757,590,588,-1,572,1715,574,-1,574,1715,576,-1,1762,1763,1717,-1,1763,1764,1717,-1,1717,1764,1765,-1,1717,1765,1753,-1,1753,1765,1766,-1,1753,1766,1755,-1,1759,1758,1754,-1,1754,1758,1767,-1,1754,1767,1768,-1,584,1769,586,-1,586,1769,1770,-1,586,1770,1771,-1,584,582,1769,-1,1769,582,580,-1,1769,580,1715,-1,1715,580,578,-1,1715,578,576,-1,1768,1772,1754,-1,1754,1772,1773,-1,1754,1773,1752,-1,1771,1774,586,-1,586,1774,1775,-1,586,1775,1756,-1,572,570,1715,-1,1715,570,568,-1,1715,568,1717,-1,1717,568,1776,-1,1717,1776,1762,-1,1732,1720,1753,-1,1753,1720,1717,-1,1727,1731,1757,-1,1757,1731,1758,-1,1769,1715,1728,-1,1728,1715,1723,-1,591,592,1730,-1,1730,592,1761,-1,1730,1761,1740,-1,1740,1761,1760,-1,1740,1760,1741,-1,1741,1760,1759,-1,1741,1759,1743,-1,1743,1759,1754,-1,1743,1754,1733,-1,1733,1754,1755,-1,1733,1755,1734,-1,1734,1755,1766,-1,1734,1766,1744,-1,1744,1766,1765,-1,1744,1765,1737,-1,1737,1765,1764,-1,1737,1764,1738,-1,1738,1764,1763,-1,1738,1763,1739,-1,1739,1763,1762,-1,1739,1762,1745,-1,1745,1762,1776,-1,1745,1776,567,-1,567,1776,568,-1,929,1675,930,-1,930,1675,1677,-1,1685,922,1683,-1,1683,922,924,-1,1698,1674,943,-1,943,1674,932,-1,714,713,1684,-1,1684,713,923,-1,932,1674,931,-1,931,1674,1676,-1,665,710,1777,-1,1777,710,1778,-1,1777,1778,1779,-1,1779,1778,1780,-1,1779,1780,1781,-1,1781,1780,1782,-1,1781,1782,1783,-1,1783,1782,1784,-1,1783,1784,1785,-1,1785,1784,1786,-1,1785,1786,1787,-1,1787,1786,1788,-1,1787,1788,923,-1,923,1788,1684,-1,922,1685,1789,-1,1789,1685,1790,-1,1789,1790,1791,-1,1791,1790,1792,-1,1791,1792,1793,-1,1793,1792,1794,-1,1793,1794,1795,-1,1795,1794,1796,-1,1795,1796,1797,-1,1797,1796,1798,-1,1797,1798,1799,-1,1799,1798,1800,-1,1799,1800,663,-1,663,1800,698,-1,663,665,1799,-1,1799,665,1777,-1,1799,1777,1797,-1,1797,1777,1779,-1,1797,1779,1795,-1,1795,1779,1781,-1,1795,1781,1793,-1,1793,1781,1783,-1,1793,1783,1791,-1,1791,1783,1785,-1,1791,1785,1789,-1,1789,1785,1787,-1,1789,1787,922,-1,922,1787,923,-1,1685,1684,1788,-1,1685,1788,1790,-1,1790,1788,1786,-1,1790,1786,1792,-1,1792,1786,1784,-1,1792,1784,1794,-1,1794,1784,1782,-1,1794,1782,1796,-1,1796,1782,1780,-1,1796,1780,1798,-1,1798,1780,1778,-1,1798,1778,1800,-1,1800,1778,710,-1,1800,710,698,-1,931,1676,1801,-1,1801,1676,1802,-1,1801,1802,1803,-1,1803,1802,1804,-1,1803,1804,1805,-1,1805,1804,1806,-1,1805,1806,1807,-1,1807,1806,1808,-1,1807,1808,1809,-1,1809,1808,1810,-1,1809,1810,1811,-1,1811,1810,1812,-1,1811,1812,648,-1,648,1812,691,-1,644,692,1813,-1,1813,692,1814,-1,1813,1814,1815,-1,1815,1814,1816,-1,1815,1816,1817,-1,1817,1816,1818,-1,1817,1818,1819,-1,1819,1818,1820,-1,1819,1820,1821,-1,1821,1820,1822,-1,1821,1822,1823,-1,1823,1822,1824,-1,1823,1824,929,-1,929,1824,1675,-1,648,644,1811,-1,1811,644,1813,-1,1811,1813,1809,-1,1809,1813,1815,-1,1809,1815,1807,-1,1807,1815,1817,-1,1807,1817,1805,-1,1805,1817,1819,-1,1805,1819,1803,-1,1803,1819,1821,-1,1803,1821,1801,-1,1801,1821,1823,-1,1801,1823,931,-1,931,1823,929,-1,1676,1675,1824,-1,1676,1824,1802,-1,1802,1824,1822,-1,1802,1822,1804,-1,1804,1822,1820,-1,1804,1820,1806,-1,1806,1820,1818,-1,1806,1818,1808,-1,1808,1818,1816,-1,1808,1816,1810,-1,1810,1816,1814,-1,1810,1814,1812,-1,1812,1814,692,-1,1812,692,691,-1,1825,1826,1827,-1,1827,1826,699,-1,1825,1827,1828,-1,1825,1828,1829,-1,1829,1828,1830,-1,1829,1830,1831,-1,1831,1830,1832,-1,1831,1832,1833,-1,1833,1832,1834,-1,1833,1834,1835,-1,1835,1834,556,-1,1835,556,555,-1,1836,566,695,-1,695,566,565,-1,566,1836,564,-1,564,1836,1826,-1,564,1826,562,-1,562,1826,560,-1,1826,1825,1829,-1,1829,1831,1826,-1,1826,1831,1833,-1,1826,1833,1835,-1,1835,555,1826,-1,1826,555,558,-1,1826,558,560,-1,554,699,553,-1,553,699,1826,-1,1836,695,551,-1,551,695,552,-1,1828,1827,699,-1,699,695,565,-1,565,563,699,-1,699,563,561,-1,699,561,559,-1,1834,1832,699,-1,699,1832,1830,-1,699,1830,1828,-1,559,557,699,-1,699,557,556,-1,699,556,1834,-1,709,664,708,-1,708,664,662,-1,708,662,677,-1,677,662,661,-1,677,661,678,-1,678,661,639,-1,678,639,679,-1,679,639,638,-1,679,638,680,-1,680,638,636,-1,680,636,690,-1,690,636,646,-1,690,646,689,-1,689,646,641,-1,640,687,641,-1,641,687,689,-1,687,640,682,-1,682,640,643,-1,682,643,673,-1,673,643,634,-1,673,634,675,-1,675,634,633,-1,675,633,676,-1,676,633,651,-1,676,651,694,-1,694,651,650,-1,694,650,693,-1,693,650,649,-1,1836,551,1826,-1,1826,551,553,-1,693,649,691,-1,691,649,648,-1,552,695,644,-1,644,695,692,-1,699,554,698,-1,698,554,663,-1,664,709,665,-1,665,709,710,-1,1837,715,716,-1,1838,1839,716,-1,716,1839,1840,-1,716,1840,1837,-1,1838,1841,1842,-1,1838,1842,1839,-1,1839,1842,1843,-1,1839,1843,1840,-1,1840,1843,1844,-1,1840,1844,1837,-1,1837,1844,943,-1,1837,943,715,-1,1698,943,1844,-1,1844,1843,1698,-1,1698,1843,1842,-1,1698,1842,1841,-1,1845,1838,1846,-1,1846,1838,716,-1,1841,1847,1698,-1,1698,1847,1848,-1,1847,1841,1845,-1,1845,1841,1838,-1,1698,1848,716,-1,716,1848,1846,-1,1849,1850,1847,-1,1847,1850,1851,-1,1847,1851,1848,-1,1849,1852,1853,-1,1849,1853,1850,-1,1850,1853,1854,-1,1850,1854,1851,-1,1851,1854,1846,-1,1851,1846,1848,-1,1846,1854,1845,-1,1845,1854,1853,-1,1845,1853,1852,-1,539,1849,537,-1,537,1849,1855,-1,537,1855,535,-1,535,1855,533,-1,539,541,1849,-1,1849,541,543,-1,1849,543,545,-1,545,547,1849,-1,1849,547,549,-1,1849,549,1852,-1,549,1856,1852,-1,1852,1856,1857,-1,1852,1857,1858,-1,1859,1860,1861,-1,1861,1860,1852,-1,1861,1852,1862,-1,1862,1852,1858,-1,525,1863,1864,-1,1864,1863,1865,-1,1864,1865,1866,-1,525,527,1863,-1,1863,527,529,-1,1863,529,1867,-1,1867,529,531,-1,533,1855,531,-1,531,1855,1868,-1,531,1868,1869,-1,1859,1870,1860,-1,1860,1870,1871,-1,1860,1871,1872,-1,1872,1871,1873,-1,1866,1865,1873,-1,1873,1865,1874,-1,1873,1874,1875,-1,1869,1876,531,-1,531,1876,1877,-1,531,1877,1867,-1,1875,1878,1873,-1,1873,1878,1879,-1,1873,1879,1872,-1,546,544,1847,-1,1880,1845,1881,-1,1881,1845,1882,-1,1881,1882,1883,-1,1883,1882,1884,-1,538,1885,540,-1,540,1885,1847,-1,540,1847,542,-1,542,1847,544,-1,530,528,1886,-1,1886,528,526,-1,1886,526,1887,-1,1880,1888,1845,-1,1845,1888,1889,-1,1845,1889,1890,-1,538,536,1885,-1,1885,536,534,-1,1885,534,1891,-1,1891,534,532,-1,530,1886,532,-1,532,1886,1892,-1,532,1892,1893,-1,1890,1894,1845,-1,1845,1894,550,-1,1845,550,1847,-1,1847,550,548,-1,1847,548,546,-1,1893,1895,532,-1,532,1895,1896,-1,532,1896,1891,-1,1897,1898,1899,-1,1884,1882,1897,-1,1897,1882,1900,-1,1897,1900,1898,-1,526,1901,1887,-1,1887,1901,1902,-1,1887,1902,1903,-1,1903,1902,1897,-1,1903,1897,1904,-1,1904,1897,1899,-1,1882,1845,1860,-1,1860,1845,1852,-1,1855,1849,1885,-1,1885,1849,1847,-1,1865,1863,1887,-1,1887,1863,1886,-1,549,550,1856,-1,1856,550,1894,-1,1856,1894,1857,-1,1857,1894,1890,-1,1857,1890,1858,-1,1858,1890,1889,-1,1858,1889,1862,-1,1862,1889,1888,-1,1862,1888,1861,-1,1861,1888,1880,-1,1861,1880,1859,-1,1859,1880,1881,-1,1859,1881,1870,-1,1870,1881,1883,-1,1870,1883,1871,-1,1871,1883,1884,-1,1871,1884,1873,-1,1873,1884,1897,-1,1873,1897,1866,-1,1866,1897,1902,-1,1866,1902,1864,-1,1864,1902,1901,-1,1864,1901,525,-1,525,1901,526,-1,731,730,1905,-1,1905,730,1906,-1,1905,1906,950,-1,950,1906,976,-1,950,976,956,-1,976,977,956,-1,956,977,981,-1,956,981,960,-1,960,981,983,-1,960,983,961,-1,961,983,982,-1,961,982,962,-1,962,982,980,-1,962,980,967,-1,967,980,979,-1,967,979,954,-1,954,979,968,-1,954,968,955,-1,728,729,1907,-1,1907,729,1908,-1,1907,1908,972,-1,972,1908,951,-1,972,951,971,-1,951,958,971,-1,971,958,957,-1,971,957,978,-1,978,957,965,-1,978,965,973,-1,973,965,966,-1,973,966,974,-1,974,966,964,-1,974,964,975,-1,975,964,963,-1,975,963,970,-1,970,963,959,-1,970,959,969,-1,597,880,1909,-1,1909,880,1910,-1,1909,1910,593,-1,593,1910,901,-1,593,901,885,-1,901,900,885,-1,885,900,899,-1,885,899,889,-1,889,899,909,-1,889,909,890,-1,890,909,905,-1,890,905,891,-1,891,905,904,-1,891,904,894,-1,894,904,903,-1,894,903,883,-1,883,903,895,-1,883,895,884,-1,898,893,910,-1,910,893,888,-1,910,888,906,-1,906,888,887,-1,906,887,907,-1,907,887,886,-1,907,886,908,-1,908,886,892,-1,908,892,897,-1,897,892,882,-1,897,882,896,-1,873,598,1911,-1,1911,598,1912,-1,1911,1912,902,-1,902,1912,594,-1,902,594,898,-1,898,594,881,-1,898,881,893,-1,1865,1887,1903,-1,1865,1903,1874,-1,1874,1903,1904,-1,1874,1904,1875,-1,1875,1904,1899,-1,1875,1899,1878,-1,1878,1899,1898,-1,1878,1898,1879,-1,1879,1898,1900,-1,1879,1900,1872,-1,1872,1900,1882,-1,1872,1882,1860,-1,1855,1885,1891,-1,1855,1891,1868,-1,1868,1891,1896,-1,1868,1896,1869,-1,1869,1896,1895,-1,1869,1895,1876,-1,1876,1895,1893,-1,1876,1893,1877,-1,1877,1893,1892,-1,1877,1892,1867,-1,1867,1892,1886,-1,1867,1886,1863,-1,1727,1757,1756,-1,1727,1756,1735,-1,1735,1756,1775,-1,1735,1775,1736,-1,1736,1775,1774,-1,1736,1774,1746,-1,1746,1774,1771,-1,1746,1771,1747,-1,1747,1771,1770,-1,1747,1770,1729,-1,1729,1770,1769,-1,1729,1769,1728,-1,1732,1753,1752,-1,1732,1752,1748,-1,1748,1752,1773,-1,1748,1773,1749,-1,1749,1773,1772,-1,1749,1772,1750,-1,1750,1772,1768,-1,1750,1768,1751,-1,1751,1768,1767,-1,1751,1767,1742,-1,1742,1767,1758,-1,1742,1758,1731,-1,524,503,1913,-1,503,483,1914,-1,483,463,1915,-1,463,78,76,-1,463,76,1915,-1,1915,76,75,-1,1915,75,1916,-1,75,73,1916,-1,1916,73,72,-1,1916,72,1917,-1,72,70,1917,-1,1917,70,69,-1,1917,69,1918,-1,69,67,1918,-1,1918,67,66,-1,1918,66,1919,-1,66,64,1919,-1,1919,64,63,-1,1919,63,1920,-1,63,61,1920,-1,1920,61,60,-1,1920,60,1921,-1,1921,60,58,-1,1921,58,1922,-1,1922,58,57,-1,1922,57,1923,-1,57,55,1923,-1,1923,55,54,-1,1923,54,1924,-1,54,50,1924,-1,1924,50,49,-1,1924,49,1925,-1,49,1926,1925,-1,1925,1926,1927,-1,1925,1927,1928,-1,1927,1929,1928,-1,1928,1929,1930,-1,1928,1930,1931,-1,1930,1932,1931,-1,1931,1932,1933,-1,1931,1933,1934,-1,1934,1933,1935,-1,1934,1935,1936,-1,1936,1935,1937,-1,1936,1937,1938,-1,1937,1939,1938,-1,1938,1939,1940,-1,1938,1940,1941,-1,1940,1942,1941,-1,1941,1942,1943,-1,1941,1943,1944,-1,1943,1945,1944,-1,1944,1945,1946,-1,1944,1946,1947,-1,1946,1948,1947,-1,1947,1948,1949,-1,1947,1949,1950,-1,1949,1951,1950,-1,1950,1951,426,-1,1950,426,424,-1,483,1915,1914,-1,1914,1915,1916,-1,1914,1916,1952,-1,1952,1916,1917,-1,1952,1917,1953,-1,1953,1917,1918,-1,1953,1918,1954,-1,1954,1918,1919,-1,1954,1919,1955,-1,1955,1919,1920,-1,1955,1920,1956,-1,1956,1920,1921,-1,1956,1921,1957,-1,1957,1921,1922,-1,1957,1922,1958,-1,1958,1922,1923,-1,1958,1923,1959,-1,1959,1923,1924,-1,1959,1924,1960,-1,1960,1924,1925,-1,1960,1925,1961,-1,1961,1925,1928,-1,1961,1928,1962,-1,1962,1928,1931,-1,1962,1931,1963,-1,1963,1931,1934,-1,1963,1934,1964,-1,1964,1934,1936,-1,1964,1936,1965,-1,1965,1936,1938,-1,1965,1938,1966,-1,1966,1938,1941,-1,1966,1941,1967,-1,1967,1941,1944,-1,1967,1944,1968,-1,1968,1944,1947,-1,1968,1947,1969,-1,1969,1947,1950,-1,1969,1950,1970,-1,1970,1950,424,-1,1970,424,422,-1,503,1914,1913,-1,1913,1914,1952,-1,1913,1952,1971,-1,1971,1952,1953,-1,1971,1953,1972,-1,1972,1953,1954,-1,1972,1954,1973,-1,1973,1954,1955,-1,1973,1955,1974,-1,1974,1955,1956,-1,1974,1956,1975,-1,1975,1956,1957,-1,1975,1957,1976,-1,1976,1957,1958,-1,1976,1958,1977,-1,1977,1958,1959,-1,1977,1959,1978,-1,1978,1959,1960,-1,1978,1960,1979,-1,1979,1960,1961,-1,1979,1961,1980,-1,1980,1961,1962,-1,1980,1962,1981,-1,1981,1962,1963,-1,1981,1963,1982,-1,1982,1963,1964,-1,1982,1964,1983,-1,1983,1964,1965,-1,1983,1965,1984,-1,1984,1965,1966,-1,1984,1966,1985,-1,1985,1966,1967,-1,1985,1967,1986,-1,1986,1967,1968,-1,1986,1968,1987,-1,1987,1968,1969,-1,1987,1969,1988,-1,1988,1969,1970,-1,1988,1970,1989,-1,1989,1970,422,-1,1989,422,420,-1,524,1913,696,-1,696,1913,1971,-1,696,1971,697,-1,697,1971,1972,-1,697,1972,700,-1,700,1972,1973,-1,700,1973,701,-1,701,1973,1974,-1,701,1974,702,-1,702,1974,1975,-1,702,1975,711,-1,711,1975,1976,-1,711,1976,712,-1,712,1976,1977,-1,712,1977,703,-1,703,1977,1978,-1,703,1978,704,-1,704,1978,1979,-1,704,1979,705,-1,705,1979,1980,-1,705,1980,706,-1,706,1980,1981,-1,706,1981,707,-1,707,1981,1982,-1,707,1982,674,-1,674,1982,1983,-1,674,1983,672,-1,672,1983,1984,-1,672,1984,684,-1,684,1984,1985,-1,684,1985,683,-1,683,1985,1986,-1,683,1986,681,-1,681,1986,1987,-1,681,1987,685,-1,685,1987,1988,-1,685,1988,686,-1,686,1988,1989,-1,686,1989,688,-1,688,1989,420,-1,688,420,419,-1,1990,1991,1992,-1,1993,1994,1995,-1,1996,1997,1998,-1,1999,2000,2001,-1,2002,2003,2004,-1,2005,2006,2007,-1,2008,2009,2010,-1,2011,2012,2013,-1,251,246,2014,-1,245,254,2015,-1,253,258,2016,-1,257,260,2017,-1,263,262,2018,-1,185,184,2019,-1,182,181,2020,-1,338,337,2021,-1,323,321,2022,-1,323,2023,2024,-1,330,328,2025,-1,2025,328,326,-1,2025,326,323,-1,2022,321,2026,-1,2021,337,2027,-1,321,320,2026,-1,2026,320,332,-1,2026,332,2028,-1,332,334,2028,-1,2028,334,336,-1,2028,336,2029,-1,2029,336,344,-1,2029,344,1992,-1,179,178,2030,-1,2030,178,176,-1,338,2021,418,-1,418,2021,2031,-1,418,2031,417,-1,417,2031,2030,-1,417,2030,416,-1,416,2030,176,-1,416,176,175,-1,181,179,2020,-1,2020,179,2030,-1,2020,2030,2032,-1,2032,2030,2031,-1,2032,2031,2033,-1,2033,2031,2021,-1,2033,2021,2034,-1,2034,2021,2027,-1,2034,2027,2035,-1,184,182,2019,-1,2019,182,2020,-1,2019,2020,2036,-1,2036,2020,2032,-1,2036,2032,2037,-1,2037,2032,2033,-1,2037,2033,2038,-1,2038,2033,2034,-1,2038,2034,2024,-1,2024,2034,2035,-1,2024,2023,2038,-1,2038,2023,2039,-1,2038,2039,2037,-1,2037,2039,2040,-1,2037,2040,2036,-1,2036,2040,2041,-1,2036,2041,2019,-1,2019,2041,2042,-1,2019,2042,185,-1,2035,323,2024,-1,337,330,2027,-1,2027,330,2025,-1,2027,2025,2035,-1,2035,2025,323,-1,261,232,2042,-1,2042,232,231,-1,2042,231,185,-1,262,261,2018,-1,2018,261,2042,-1,2018,2042,2043,-1,2043,2042,2041,-1,2043,2041,2044,-1,2044,2041,2040,-1,2044,2040,2045,-1,2045,2040,2039,-1,2045,2039,2046,-1,2046,2039,2023,-1,2046,2023,323,-1,260,263,2017,-1,2017,263,2018,-1,2017,2018,2047,-1,2047,2018,2043,-1,2047,2043,2048,-1,2048,2043,2044,-1,2048,2044,2049,-1,2049,2044,2045,-1,2049,2045,2050,-1,2050,2045,2046,-1,2050,2046,323,-1,258,257,2016,-1,2016,257,2017,-1,2016,2017,2051,-1,2051,2017,2047,-1,2051,2047,2052,-1,2052,2047,2048,-1,2052,2048,2053,-1,2053,2048,2049,-1,2053,2049,2054,-1,2054,2049,2050,-1,2054,2050,323,-1,254,253,2015,-1,2015,253,2016,-1,2015,2016,2055,-1,2055,2016,2051,-1,2055,2051,2056,-1,2056,2051,2052,-1,2056,2052,2057,-1,2057,2052,2053,-1,2057,2053,2058,-1,2058,2053,2054,-1,2058,2054,323,-1,246,245,2014,-1,2014,245,2015,-1,2014,2015,2059,-1,2059,2015,2055,-1,2059,2055,2060,-1,2060,2055,2056,-1,2060,2056,2061,-1,2061,2056,2057,-1,2061,2057,2062,-1,2062,2057,2058,-1,2062,2058,323,-1,2012,251,2013,-1,2013,251,2014,-1,2013,2014,2063,-1,2063,2014,2059,-1,2063,2059,2064,-1,2064,2059,2060,-1,2064,2060,2065,-1,2065,2060,2061,-1,2065,2061,2066,-1,2066,2061,2062,-1,2066,2062,323,-1,2009,2011,2010,-1,2010,2011,2013,-1,2010,2013,2067,-1,2067,2013,2063,-1,2067,2063,2068,-1,2068,2063,2064,-1,2068,2064,2069,-1,2069,2064,2065,-1,2069,2065,2070,-1,2070,2065,2066,-1,2070,2066,323,-1,2006,2008,2007,-1,2007,2008,2010,-1,2007,2010,2071,-1,2071,2010,2067,-1,2071,2067,2072,-1,2072,2067,2068,-1,2072,2068,2073,-1,2073,2068,2069,-1,2073,2069,2074,-1,2074,2069,2070,-1,2074,2070,323,-1,2003,2005,2004,-1,2004,2005,2007,-1,2004,2007,2075,-1,2075,2007,2071,-1,2075,2071,2076,-1,2076,2071,2072,-1,2076,2072,2077,-1,2077,2072,2073,-1,2077,2073,2078,-1,2078,2073,2074,-1,2078,2074,323,-1,2000,2002,2001,-1,2001,2002,2004,-1,2001,2004,2079,-1,2079,2004,2075,-1,2079,2075,2080,-1,2080,2075,2076,-1,2080,2076,2081,-1,2081,2076,2077,-1,2081,2077,2082,-1,2082,2077,2078,-1,2082,2078,323,-1,2083,2084,2085,-1,2085,2084,2086,-1,2086,1999,2085,-1,2085,1999,2001,-1,2085,2001,2087,-1,2087,2001,2079,-1,2087,2079,2088,-1,2088,2079,2080,-1,2088,2080,2089,-1,2089,2080,2081,-1,2089,2081,2090,-1,2090,2081,2082,-1,2090,2082,323,-1,1997,2083,1998,-1,1998,2083,2085,-1,1998,2085,2091,-1,2091,2085,2087,-1,2091,2087,2092,-1,2092,2087,2088,-1,2092,2088,2093,-1,2093,2088,2089,-1,2093,2089,2094,-1,2094,2089,2090,-1,2094,2090,323,-1,1994,1996,1995,-1,1995,1996,1998,-1,1995,1998,2095,-1,2095,1998,2091,-1,2095,2091,2096,-1,2096,2091,2092,-1,2096,2092,2097,-1,2097,2092,2093,-1,2097,2093,2098,-1,2098,2093,2094,-1,2098,2094,323,-1,1991,1993,1992,-1,1992,1993,1995,-1,1992,1995,2029,-1,2029,1995,2095,-1,2029,2095,2028,-1,2028,2095,2096,-1,2028,2096,2026,-1,2026,2096,2097,-1,2026,2097,2022,-1,2022,2097,2098,-1,2022,2098,323,-1,348,1990,347,-1,347,1990,1992,-1,347,1992,346,-1,346,1992,344,-1,2012,2011,2099,-1,2009,2008,2100,-1,2006,2005,2101,-1,2003,2002,2102,-1,341,340,2103,-1,318,317,2104,-1,315,314,2105,-1,2106,2107,2108,-1,2109,2110,2111,-1,655,216,247,-1,656,655,2112,-1,657,656,2113,-1,668,667,2114,-1,669,668,2115,-1,670,669,2116,-1,671,670,2117,-1,637,671,2118,-1,645,647,2119,-1,642,645,2120,-1,194,642,2121,-1,635,2110,652,-1,652,2110,2109,-1,652,2109,653,-1,658,2107,659,-1,659,2107,2106,-1,659,2106,660,-1,2104,2111,2122,-1,2122,2111,2110,-1,2122,2110,2123,-1,2123,2110,635,-1,2123,635,637,-1,2101,2108,2124,-1,2124,2108,2107,-1,2124,2107,2125,-1,2125,2107,658,-1,2125,658,657,-1,2126,2127,2128,-1,362,361,2129,-1,2129,361,2126,-1,2129,2126,2130,-1,2130,2126,2128,-1,2130,2128,2131,-1,2132,2133,2134,-1,2000,1999,2135,-1,2135,1999,2132,-1,2135,2132,2136,-1,2136,2132,2134,-1,2136,2134,2137,-1,2138,302,300,-1,194,2121,195,-1,195,2121,2139,-1,195,2139,289,-1,289,2139,2138,-1,289,2138,290,-1,290,2138,300,-1,290,300,291,-1,2140,305,303,-1,642,2120,2121,-1,2121,2120,2141,-1,2121,2141,2139,-1,2139,2141,2140,-1,2139,2140,2138,-1,2138,2140,303,-1,2138,303,302,-1,2142,308,306,-1,645,2119,2120,-1,2120,2119,2143,-1,2120,2143,2141,-1,2141,2143,2142,-1,2141,2142,2140,-1,2140,2142,306,-1,2140,306,305,-1,647,2131,2119,-1,2119,2131,2128,-1,2119,2128,2143,-1,2143,2128,2127,-1,2143,2127,2142,-1,2142,2127,309,-1,2142,309,308,-1,361,360,2126,-1,2126,360,312,-1,2126,312,2127,-1,2127,312,311,-1,2127,311,309,-1,314,362,2105,-1,2105,362,2129,-1,2105,2129,2144,-1,2144,2129,2130,-1,2144,2130,2145,-1,2145,2130,2131,-1,2145,2131,654,-1,654,2131,647,-1,317,315,2104,-1,2104,315,2105,-1,2104,2105,2111,-1,2111,2105,2144,-1,2111,2144,2109,-1,2109,2144,2145,-1,2109,2145,653,-1,653,2145,654,-1,637,2118,2123,-1,2123,2118,2146,-1,2123,2146,2122,-1,2122,2146,2103,-1,2122,2103,2104,-1,2104,2103,340,-1,2104,340,318,-1,671,2117,2118,-1,2118,2117,2147,-1,2118,2147,2146,-1,2146,2147,2148,-1,2146,2148,2103,-1,2103,2148,343,-1,2103,343,341,-1,2149,1990,348,-1,670,2116,2117,-1,2117,2116,2150,-1,2117,2150,2147,-1,2147,2150,2149,-1,2147,2149,2148,-1,2148,2149,348,-1,2148,348,343,-1,2151,1993,1991,-1,669,2115,2116,-1,2116,2115,2152,-1,2116,2152,2150,-1,2150,2152,2151,-1,2150,2151,2149,-1,2149,2151,1991,-1,2149,1991,1990,-1,2153,1996,1994,-1,668,2114,2115,-1,2115,2114,2154,-1,2115,2154,2152,-1,2152,2154,2153,-1,2152,2153,2151,-1,2151,2153,1994,-1,2151,1994,1993,-1,667,2137,2114,-1,2114,2137,2134,-1,2114,2134,2154,-1,2154,2134,2133,-1,2154,2133,2153,-1,2153,2133,1997,-1,2153,1997,1996,-1,1999,2086,2132,-1,2132,2086,2084,-1,2132,2084,2133,-1,2133,2084,2083,-1,2133,2083,1997,-1,2002,2000,2102,-1,2102,2000,2135,-1,2102,2135,2155,-1,2155,2135,2136,-1,2155,2136,2156,-1,2156,2136,2137,-1,2156,2137,666,-1,666,2137,667,-1,2005,2003,2101,-1,2101,2003,2102,-1,2101,2102,2108,-1,2108,2102,2155,-1,2108,2155,2106,-1,2106,2155,2156,-1,2106,2156,660,-1,660,2156,666,-1,657,2113,2125,-1,2125,2113,2157,-1,2125,2157,2124,-1,2124,2157,2100,-1,2124,2100,2101,-1,2101,2100,2008,-1,2101,2008,2006,-1,656,2112,2113,-1,2113,2112,2158,-1,2113,2158,2157,-1,2157,2158,2099,-1,2157,2099,2100,-1,2100,2099,2011,-1,2100,2011,2009,-1,655,247,2112,-1,2112,247,249,-1,2112,249,2158,-1,2158,249,250,-1,2158,250,2099,-1,2099,250,251,-1,2099,251,2012,-1,2159,2160,28,-1,2161,2162,28,-1,2161,28,2163,-1,2164,2163,28,-1,2165,2164,28,-1,2166,2165,28,-1,2167,2166,28,-1,2168,2167,28,-1,2169,2168,28,-1,2170,2169,28,-1,2171,2170,28,-1,2172,2171,28,-1,2173,2172,28,-1,2174,2173,28,-1,2175,2174,28,-1,161,160,2160,-1,2160,160,28,-1,2162,2159,28,-1,53,122,2176,-1,102,452,103,-1,103,452,2177,-1,103,2177,46,-1,452,450,2177,-1,2177,450,449,-1,2177,449,2178,-1,449,447,2178,-1,2178,447,445,-1,2178,445,2179,-1,445,443,2179,-1,2179,443,442,-1,2179,442,2180,-1,442,440,2180,-1,2180,440,439,-1,2180,439,2181,-1,439,437,2181,-1,2181,437,436,-1,2181,436,2182,-1,436,434,2182,-1,2182,434,433,-1,2182,433,2183,-1,433,431,2183,-1,2183,431,430,-1,2183,430,2184,-1,430,428,2184,-1,2184,428,427,-1,2184,427,2185,-1,427,426,2185,-1,2185,426,1951,-1,2185,1951,2186,-1,1951,1949,2186,-1,2186,1949,1948,-1,2186,1948,2187,-1,1948,1946,2187,-1,2187,1946,1945,-1,2187,1945,2188,-1,1945,1943,2188,-1,2188,1943,1942,-1,2188,1942,2189,-1,1942,1940,2189,-1,2189,1940,1939,-1,2189,1939,2190,-1,1939,1937,2190,-1,2190,1937,1935,-1,2190,1935,2191,-1,1935,1933,2191,-1,2191,1933,1932,-1,2191,1932,2192,-1,1932,1930,2192,-1,2192,1930,1929,-1,2192,1929,2193,-1,49,51,1926,-1,1926,51,2193,-1,1926,2193,1927,-1,1927,2193,1929,-1,51,53,2193,-1,2193,53,2176,-1,2193,2176,2192,-1,2192,2176,2194,-1,2192,2194,2191,-1,2191,2194,2195,-1,2191,2195,2190,-1,2190,2195,2196,-1,2190,2196,2189,-1,2189,2196,2197,-1,2189,2197,2188,-1,2188,2197,2198,-1,2188,2198,2187,-1,2187,2198,2199,-1,2187,2199,2186,-1,2186,2199,2200,-1,2186,2200,2185,-1,2185,2200,2201,-1,2185,2201,2184,-1,2184,2201,2202,-1,2184,2202,2183,-1,2183,2202,2203,-1,2183,2203,2182,-1,2182,2203,2204,-1,2182,2204,2181,-1,2181,2204,2205,-1,2181,2205,2180,-1,2180,2205,2206,-1,2180,2206,2179,-1,2179,2206,2207,-1,2179,2207,2178,-1,2178,2207,2208,-1,2178,2208,2177,-1,2177,2208,2209,-1,2177,2209,46,-1,46,2209,47,-1,122,141,2176,-1,2176,141,2210,-1,2176,2210,2194,-1,2194,2210,2211,-1,2194,2211,2195,-1,2195,2211,2212,-1,2195,2212,2196,-1,2196,2212,2213,-1,2196,2213,2197,-1,2197,2213,2214,-1,2197,2214,2198,-1,2198,2214,2215,-1,2198,2215,2199,-1,2199,2215,2216,-1,2199,2216,2200,-1,2200,2216,2217,-1,2200,2217,2201,-1,2201,2217,2218,-1,2201,2218,2202,-1,2202,2218,2219,-1,2202,2219,2203,-1,2203,2219,2220,-1,2203,2220,2204,-1,2204,2220,2221,-1,2204,2221,2205,-1,2205,2221,2222,-1,2205,2222,2206,-1,2206,2222,2223,-1,2206,2223,2207,-1,2207,2223,2224,-1,2207,2224,2208,-1,2208,2224,2225,-1,2208,2225,2209,-1,2209,2225,2226,-1,2209,2226,47,-1,47,2226,123,-1,141,162,2210,-1,2210,162,2227,-1,2210,2227,2211,-1,2211,2227,2228,-1,2211,2228,2212,-1,2212,2228,2229,-1,2212,2229,2213,-1,2213,2229,2230,-1,2213,2230,2214,-1,2214,2230,2231,-1,2214,2231,2215,-1,2215,2231,2232,-1,2215,2232,2216,-1,2216,2232,2233,-1,2216,2233,2217,-1,2217,2233,2234,-1,2217,2234,2218,-1,2218,2234,2235,-1,2218,2235,2219,-1,2219,2235,2236,-1,2219,2236,2220,-1,2220,2236,2237,-1,2220,2237,2221,-1,2221,2237,2238,-1,2221,2238,2222,-1,2222,2238,2239,-1,2222,2239,2223,-1,2223,2239,2240,-1,2223,2240,2224,-1,2224,2240,2241,-1,2224,2241,2225,-1,2225,2241,2242,-1,2225,2242,2226,-1,2226,2242,2243,-1,2226,2243,123,-1,45,44,2243,-1,2243,44,142,-1,2243,142,123,-1,162,161,2227,-1,2227,161,2160,-1,2227,2160,2228,-1,2228,2160,2159,-1,2228,2159,2229,-1,2229,2159,2162,-1,2229,2162,2230,-1,2230,2162,2161,-1,2230,2161,2231,-1,2231,2161,2163,-1,2231,2163,2232,-1,2232,2163,2164,-1,2232,2164,2233,-1,2233,2164,2165,-1,2233,2165,2234,-1,2234,2165,2166,-1,2234,2166,2235,-1,2235,2166,2167,-1,2235,2167,2236,-1,2236,2167,2168,-1,2236,2168,2237,-1,2237,2168,2169,-1,2237,2169,2238,-1,2238,2169,2170,-1,2238,2170,2239,-1,2239,2170,2171,-1,2239,2171,2240,-1,2240,2171,2172,-1,2240,2172,2241,-1,2241,2172,2173,-1,2241,2173,2242,-1,2242,2173,2174,-1,2242,2174,2243,-1,2243,2174,2175,-1,2243,2175,45,-1,45,2175,28,-1,1673,925,1671,-1,1671,925,921,-1,1671,921,1672,-1,1672,921,920,-1,1672,920,1686,-1,1686,920,919,-1,1686,919,1687,-1,1687,919,916,-1,1687,916,1688,-1,1688,916,915,-1,1688,915,1697,-1,1697,915,917,-1,1697,917,1691,-1,1691,917,928,-1,1691,928,1681,-1,1681,928,927,-1,1681,927,20,-1,20,927,21,-1,924,925,1683,-1,1683,925,1673,-1,1670,914,1706,-1,1706,914,913,-1,1706,913,0,-1,0,913,1,-1,19,930,18,-1,18,930,1677,-1,
        ]
    }
}
Shape{
    appearance Appearance {
        material  Material 	{
            diffuseColor 0.0 0.0 0.0
            specularColor 0.0 0.0 0.0
            ambientIntensity 0.0
            transparency 0.0
            shininess 0.5
        }
    }
    geometry IndexedFaceSet {
        ccw TRUE
        solid FALSE
        coord DEF co Coordinate {
            point [
                -0.333 2.4852 4.2829, -0.333 2.489 4.2842, -0.3596 2.489 4.2841, -0.3596 2.4852 4.2829, -0.3862 2.489 4.2841, -0.3862 2.4852 4.2829, -0.333 2.4844 4.2854, -0.333 2.47 4.3402, -0.333 2.4461 4.3945, -0.333 2.4497 4.3959, -0.3158 2.4497 4.3959, -0.3244 2.4497 4.3959, -0.3158 2.4461 4.3945, -0.3244 2.4461 4.3945, -0.3302 2.4461 4.3945, -0.3158 2.4725 4.333, -0.3158 2.4841 4.2852, -0.3158 2.4937 4.2697, -0.3158 2.4899 4.2685, -0.3861 2.4937 4.2696, -0.351 2.4937 4.2697, -0.3862 2.4899 4.2684, -0.351 2.4899 4.2684, -0.3302 2.4899 4.2685, -0.4915 2.492 4.2749, -0.4915 2.4882 4.2737, -0.4915 2.4869 4.2906, -0.4915 2.4844 4.2854, -0.4915 2.4831 4.2894, -0.4822 2.4881 4.2869, -0.4822 2.4843 4.2857, -0.4813 2.4844 4.2854, -0.4761 2.4889 4.2844, -0.4749 2.4853 4.2829, -0.4728 2.489 4.284, -0.4728 2.4853 4.2826, -0.4571 2.4897 4.2821, -0.4571 2.4859 4.2809, -0.4435 2.4891 4.2839, -0.4439 2.4853 4.2826, -0.443 2.489 4.2841, -0.443 2.4853 4.2829, -0.4379 2.4885 4.2857, -0.4379 2.4847 4.2844, -0.4363 2.4883 4.2862, -0.4363 2.4846 4.2849, -0.4357 2.4844 4.2854, -0.4336 2.4877 4.2881, -0.4336 2.484 4.2868, -0.4228 2.4853 4.2955, -0.4228 2.4815 4.2943, -0.4198 2.4838 4.2999, -0.4198 2.48 4.2986, -0.4173 2.4826 4.3036, -0.4163 2.4783 4.3039, -0.4138 2.4802 4.3105, -0.4137 2.4765 4.3092, -0.4122 2.4791 4.3137, -0.4121 2.4754 4.3125, -0.4119 2.4785 4.3155, -0.4119 2.4748 4.3142, -0.4097 2.473 4.3316, -0.4097 2.4693 4.3303, -0.4107 2.4697 4.3409, -0.4107 2.466 4.3396, -0.4113 2.4681 4.3456, -0.4113 2.4644 4.3442, -0.4129 2.4662 4.351, -0.4129 2.4625 4.3497, -0.4139 2.4648 4.3547, -0.4139 2.4611 4.3534, -0.415 2.4643 4.3562, -0.415 2.4606 4.3549, -0.4237 2.4595 4.3694, -0.4237 2.4558 4.3681, -0.4324 2.4573 4.3754, -0.4324 2.4536 4.3741, -0.4351 2.4566 4.3774, -0.4349 2.453 4.3759, -0.4397 2.4559 4.3795, -0.4397 2.4522 4.3781, -0.4424 2.4554 4.3808, -0.4424 2.4517 4.3794, -0.4442 2.4553 4.381, -0.4442 2.4516 4.3797, -0.4601 2.4544 4.3834, -0.4601 2.4507 4.382, -0.4684 2.4547 4.3825, -0.4684 2.4511 4.3811, -0.4746 2.455 4.3819, -0.476 2.4514 4.3803, -0.4783 2.4554 4.3806, -0.4784 2.4517 4.3794, -0.4915 2.4572 4.3759, -0.4915 2.4535 4.3746, -0.4916 2.4472 4.3914, -0.4916 2.4509 4.3928, -0.4916 2.454 4.3844, -0.4599 2.4453 4.3966, -0.4599 2.449 4.398, -0.4759 2.446 4.3946, -0.4759 2.4496 4.3963, -0.4841 2.4464 4.3936, -0.481 2.4498 4.3958, -0.4588 2.449 4.3978, -0.4588 2.4453 4.3964, -0.4421 2.45 4.3952, -0.4421 2.4463 4.3939, -0.4354 2.4504 4.3942, -0.436 2.4466 4.393, -0.4335 2.4507 4.3934, -0.4335 2.447 4.3919, -0.4261 2.4519 4.3903, -0.426 2.4482 4.3889, -0.4258 2.4519 4.3901, -0.4258 2.4482 4.3887, -0.4109 2.4558 4.3795, -0.4109 2.4521 4.3782, -0.4022 2.4604 4.3671, -0.4022 2.4567 4.3657, -0.3987 2.4621 4.3622, -0.3984 2.4586 4.3603, -0.3967 2.4639 4.3573, -0.3966 2.4602 4.356, -0.3945 2.4657 4.3523, -0.3945 2.462 4.3509, -0.3943 2.4664 4.3504, -0.3943 2.4627 4.3491, -0.3916 2.4733 4.3306, -0.3916 2.4696 4.3293, -0.3941 2.4791 4.3136, -0.3939 2.4754 4.3123, -0.3949 2.4811 4.308, -0.3944 2.4767 4.3087, -0.3954 2.4815 4.3066, -0.3956 2.4778 4.3054, -0.3982 2.4838 4.2997, -0.3983 2.4801 4.2985, -0.3987 2.484 4.2991, -0.4087 2.485 4.2836, -0.4087 2.4888 4.2848, -0.4075 2.4844 4.2854, -0.3987 2.4803 4.2979, -0.422 2.4917 4.2759, -0.422 2.4879 4.2747, -0.4255 2.4924 4.2735, -0.4258 2.4887 4.2722, -0.4298 2.493 4.2718, -0.4298 2.4892 4.2706, -0.434 2.4935 4.2702, -0.434 2.4898 4.269, -0.4361 2.4936 4.2699, -0.4361 2.4899 4.2687, -0.4546 2.4944 4.2675, -0.4546 2.4906 4.2663, -0.4579 2.4943 4.2678, -0.4579 2.4905 4.2665, -0.4735 2.4939 4.269, -0.4728 2.4902 4.2677, -0.4752 2.4937 4.2696, -0.4751 2.4899 4.2684, -0.5355 2.4853 4.2829, -0.5355 2.489 4.2841, -0.5627 2.489 4.2841, -0.5627 2.4853 4.2829, -0.59 2.489 4.2841, -0.59 2.4853 4.2829, -0.5355 2.4844 4.2854, -0.5355 2.4819 4.3054, -0.5355 2.471 4.3254, -0.5355 2.4747 4.3267, -0.5832 2.471 4.3254, -0.5832 2.4747 4.3267, -0.5593 2.4747 4.3267, -0.5593 2.471 4.3254, -0.5832 2.4659 4.3399, -0.5832 2.4696 4.3412, -0.5355 2.4659 4.3399, -0.5355 2.4696 4.3412, -0.5593 2.4696 4.3412, -0.5593 2.4659 4.3399, -0.5355 2.4625 4.3613, -0.5355 2.4514 4.3801, -0.5355 2.4551 4.3814, -0.587 2.4514 4.38, -0.587 2.4551 4.3814, -0.5612 2.4551 4.3814, -0.5612 2.4514 4.38, -0.587 2.4461 4.3944, -0.587 2.4498 4.3958, -0.5183 2.4461 4.3944, -0.5183 2.4498 4.3958, -0.5526 2.4498 4.3958, -0.5526 2.4461 4.3944, -0.5182 2.4725 4.333, -0.5182 2.4841 4.2852, -0.5182 2.4937 4.2696, -0.5182 2.4899 4.2684, -0.59 2.4899 4.2684, -0.59 2.4937 4.2696, -0.5541 2.4937 4.2696, -0.5541 2.4899 4.2684, -0.6519 2.4937 4.2696, -0.6519 2.49 4.2684, -0.6714 2.4929 4.2721, -0.6714 2.4892 4.2708, -0.6758 2.4927 4.2726, -0.675 2.489 4.2713, -0.6791 2.4923 4.2738, -0.679 2.4886 4.2726, -0.6867 2.4915 4.2765, -0.6867 2.4877 4.2753, -0.6876 2.4913 4.2771, -0.7037 2.4842 4.2862, -0.7037 2.4879 4.2874, -0.7025 2.4844 4.2854, -0.6876 2.4875 4.2759, -0.7147 2.483 4.3023, -0.7148 2.4792 4.301, -0.7182 2.4814 4.3071, -0.7179 2.4778 4.3052, -0.7189 2.4807 4.309, -0.7189 2.477 4.3078, -0.7215 2.4784 4.3159, -0.7215 2.4747 4.3147, -0.7216 2.4782 4.3166, -0.7216 2.4744 4.3153, -0.7239 2.472 4.3346, -0.7239 2.4682 4.3333, -0.7038 2.4523 4.3778, -0.7038 2.456 4.3792, -0.7149 2.4568 4.3653, -0.7154 2.4608 4.366, -0.7153 2.4571 4.3645, -0.7154 2.4608 4.3659, -0.7188 2.4594 4.3581, -0.7187 2.4632 4.3594, -0.7195 2.4599 4.3569, -0.7198 2.4639 4.3573, -0.7208 2.462 4.3508, -0.7207 2.4657 4.3521, -0.7229 2.4653 4.3416, -0.6947 2.454 4.3846, -0.6947 2.4503 4.3832, -0.6893 2.4528 4.3878, -0.6879 2.4488 4.3871, -0.6815 2.4516 4.3909, -0.6815 2.4479 4.3896, -0.6764 2.4508 4.393, -0.6761 2.4471 4.3917, -0.674 2.4507 4.3933, -0.674 2.447 4.3919, -0.6533 2.4498 4.3958, -0.6533 2.4461 4.3944, -0.6152 2.4461 4.3944, -0.6152 2.4498 4.3958, -0.6343 2.4498 4.3958, -0.6343 2.4461 4.3944, -0.6152 2.4725 4.333, -0.6152 2.4841 4.2852, -0.6152 2.4937 4.2696, -0.6152 2.49 4.2684, -0.6336 2.4937 4.2696, -0.6336 2.49 4.2684, -0.6325 2.4551 4.3814, -0.6425 2.4551 4.3814, -0.6526 2.4551 4.3814, -0.67 2.4559 4.3793, -0.6719 2.456 4.3791, -0.6759 2.4566 4.3775, -0.6807 2.4573 4.3755, -0.6911 2.4595 4.3696, -0.6982 2.4627 4.3605, -0.7012 2.4641 4.3567, -0.7013 2.4642 4.3564, -0.7033 2.4661 4.3513, -0.7036 2.4663 4.3506, -0.7053 2.4709 4.3374, -0.7058 2.4721 4.3341, -0.7035 2.4777 4.318, -0.7033 2.4783 4.3163, -0.7019 2.4793 4.3133, -0.6996 2.4809 4.3085, -0.6973 2.482 4.3053, -0.6915 2.4846 4.2973, -0.6778 2.4874 4.289, -0.6763 2.4877 4.2881, -0.6725 2.488 4.2871, -0.6669 2.4885 4.2856, -0.6629 2.4887 4.2852, -0.6518 2.489 4.2841, -0.6421 2.489 4.2841, -0.6324 2.489 4.2841, -0.6911 2.4558 4.3682, -0.6845 2.4544 4.3721, -0.6758 2.4529 4.376, -0.6719 2.4523 4.3777, -0.67 2.4522 4.378, -0.6526 2.4515 4.38, -0.6425 2.4514 4.38, -0.6325 2.4514 4.38, -0.6325 2.4688 4.3316, -0.6324 2.4853 4.2829, -0.6421 2.4853 4.2829, -0.6518 2.4853 4.2829, -0.6629 2.4849 4.284, -0.6674 2.4848 4.2844, -0.6725 2.4843 4.2858, -0.6763 2.484 4.2868, -0.6778 2.4836 4.2878, -0.6915 2.4809 4.2961, -0.6973 2.4782 4.3041, -0.6995 2.4772 4.3072, -0.7019 2.4755 4.3121, -0.7033 2.4745 4.315, -0.7035 2.4739 4.3168, -0.7058 2.4684 4.3328, -0.7055 2.4672 4.3362, -0.7055 2.467 4.3368, -0.7031 2.4623 4.35, -0.7028 2.4617 4.3517, -0.7012 2.4606 4.355, -0.6995 2.4594 4.3583, -0.6986 2.4589 4.3595
            ]
        }
        coordIndex [
            0,1,2,-1,0,2,3,-1,3,2,4,-1,3,4,5,-1,1,0,6,-1,1,6,7,-1,7,6,8,-1,7,8,9,-1,10,11,12,-1,12,11,13,-1,13,11,14,-1,14,11,9,-1,14,9,8,-1,10,12,15,-1,15,12,16,-1,15,16,17,-1,17,16,18,-1,19,20,21,-1,21,20,22,-1,22,20,23,-1,23,20,17,-1,23,17,18,-1,4,19,5,-1,5,19,21,-1,11,10,15,-1,19,4,20,-1,20,4,2,-1,20,2,17,-1,17,2,1,-1,17,1,15,-1,15,1,7,-1,15,7,11,-1,11,7,9,-1,24,25,26,-1,26,25,27,-1,26,27,28,-1,29,26,28,-1,28,30,29,-1,29,30,31,-1,29,31,32,-1,32,31,33,-1,32,33,34,-1,34,33,35,-1,34,35,36,-1,36,35,37,-1,36,37,38,-1,38,37,39,-1,38,39,40,-1,40,39,41,-1,40,41,42,-1,42,41,43,-1,42,43,44,-1,43,45,44,-1,44,45,46,-1,44,46,47,-1,47,46,48,-1,47,48,49,-1,49,48,50,-1,49,50,51,-1,51,50,52,-1,51,52,53,-1,53,52,54,-1,53,54,55,-1,55,54,56,-1,55,56,57,-1,57,56,58,-1,57,58,59,-1,59,58,60,-1,59,60,61,-1,61,60,62,-1,61,62,63,-1,63,62,64,-1,63,64,65,-1,65,64,66,-1,65,66,67,-1,67,66,68,-1,67,68,69,-1,69,68,70,-1,69,70,71,-1,71,70,72,-1,71,72,73,-1,73,72,74,-1,73,74,75,-1,75,74,76,-1,75,76,77,-1,77,76,78,-1,77,78,79,-1,79,78,80,-1,79,80,81,-1,81,80,82,-1,81,82,83,-1,83,82,84,-1,83,84,85,-1,85,84,86,-1,85,86,87,-1,87,86,88,-1,87,88,89,-1,89,88,90,-1,89,90,91,-1,91,90,92,-1,91,92,93,-1,93,92,94,-1,95,96,94,-1,94,96,97,-1,94,97,93,-1,98,99,100,-1,100,99,101,-1,100,101,102,-1,102,101,103,-1,102,103,95,-1,95,103,96,-1,99,98,104,-1,104,98,105,-1,104,105,106,-1,106,105,107,-1,106,107,108,-1,108,107,109,-1,108,109,110,-1,110,109,111,-1,110,111,112,-1,112,111,113,-1,112,113,114,-1,114,113,115,-1,114,115,116,-1,116,115,117,-1,116,117,118,-1,118,117,119,-1,118,119,120,-1,120,119,121,-1,120,121,122,-1,122,121,123,-1,122,123,124,-1,124,123,125,-1,124,125,126,-1,126,125,127,-1,126,127,128,-1,128,127,129,-1,128,129,130,-1,130,129,131,-1,130,131,132,-1,132,131,133,-1,132,133,134,-1,134,133,135,-1,134,135,136,-1,136,135,137,-1,136,137,138,-1,139,140,141,-1,141,140,138,-1,141,138,142,-1,142,138,137,-1,140,139,143,-1,143,139,144,-1,143,144,145,-1,145,144,146,-1,145,146,147,-1,147,146,148,-1,147,148,149,-1,149,148,150,-1,149,150,151,-1,151,150,152,-1,151,152,153,-1,153,152,154,-1,153,154,155,-1,155,154,156,-1,155,156,157,-1,157,156,158,-1,157,158,159,-1,159,158,160,-1,159,160,24,-1,24,160,25,-1,97,96,103,-1,24,26,29,-1,24,29,159,-1,29,32,159,-1,159,32,34,-1,159,34,157,-1,157,34,36,-1,140,143,47,-1,47,143,145,-1,47,145,44,-1,44,145,147,-1,44,147,42,-1,42,147,149,-1,42,149,40,-1,40,149,151,-1,40,151,38,-1,38,151,153,-1,38,153,36,-1,36,153,155,-1,36,155,157,-1,47,49,140,-1,140,49,51,-1,140,51,138,-1,138,51,53,-1,138,53,136,-1,136,53,55,-1,136,55,134,-1,134,55,57,-1,134,57,132,-1,132,57,130,-1,130,57,59,-1,130,59,128,-1,59,61,128,-1,128,61,63,-1,128,63,126,-1,126,63,65,-1,126,65,124,-1,124,65,67,-1,93,97,91,-1,91,97,103,-1,91,103,89,-1,89,103,101,-1,89,101,87,-1,87,101,99,-1,87,99,85,-1,85,99,104,-1,85,104,83,-1,83,104,106,-1,83,106,81,-1,81,106,108,-1,81,108,79,-1,79,108,110,-1,79,110,77,-1,77,110,112,-1,77,112,75,-1,75,112,114,-1,75,114,73,-1,73,114,116,-1,73,116,71,-1,71,116,118,-1,71,118,69,-1,69,118,120,-1,69,120,67,-1,67,120,122,-1,67,122,124,-1,161,162,163,-1,161,163,164,-1,164,163,165,-1,164,165,166,-1,162,161,167,-1,162,167,168,-1,168,167,169,-1,168,169,170,-1,171,172,173,-1,171,173,174,-1,174,173,170,-1,174,170,169,-1,175,176,171,-1,171,176,172,-1,177,178,179,-1,177,179,180,-1,180,179,176,-1,180,176,175,-1,178,177,181,-1,181,177,182,-1,181,182,183,-1,184,185,186,-1,184,186,187,-1,187,186,183,-1,187,183,182,-1,188,189,184,-1,184,189,185,-1,190,191,192,-1,190,192,193,-1,193,192,189,-1,193,189,188,-1,191,190,194,-1,194,190,195,-1,194,195,196,-1,196,195,197,-1,198,199,200,-1,198,200,201,-1,201,200,196,-1,201,196,197,-1,165,199,166,-1,166,199,198,-1,199,165,200,-1,200,165,163,-1,200,163,196,-1,196,163,162,-1,196,162,194,-1,194,162,168,-1,194,168,170,-1,185,189,186,-1,186,189,192,-1,186,192,183,-1,183,192,191,-1,183,191,181,-1,181,191,194,-1,181,194,178,-1,178,194,170,-1,178,170,179,-1,179,170,173,-1,179,173,176,-1,176,173,172,-1,202,203,204,-1,204,203,205,-1,204,205,206,-1,206,205,207,-1,206,207,208,-1,208,207,209,-1,208,209,210,-1,210,209,211,-1,210,211,212,-1,213,214,215,-1,215,214,212,-1,215,212,216,-1,216,212,211,-1,214,213,217,-1,217,213,218,-1,217,218,219,-1,219,218,220,-1,219,220,221,-1,221,220,222,-1,221,222,223,-1,223,222,224,-1,223,224,225,-1,225,224,226,-1,225,226,227,-1,227,226,228,-1,229,230,231,-1,231,230,232,-1,231,232,233,-1,233,232,234,-1,233,234,235,-1,235,234,236,-1,235,236,237,-1,237,236,238,-1,237,238,239,-1,239,238,240,-1,239,240,241,-1,241,240,227,-1,241,227,228,-1,230,229,242,-1,242,229,243,-1,242,243,244,-1,244,243,245,-1,244,245,246,-1,246,245,247,-1,246,247,248,-1,248,247,249,-1,248,249,250,-1,250,249,251,-1,250,251,252,-1,252,251,253,-1,254,255,256,-1,254,256,257,-1,257,256,252,-1,257,252,253,-1,255,254,258,-1,258,254,259,-1,258,259,260,-1,260,259,261,-1,203,202,262,-1,203,262,263,-1,263,262,260,-1,263,260,261,-1,264,265,256,-1,256,265,252,-1,252,265,266,-1,252,266,250,-1,250,266,267,-1,250,267,248,-1,248,267,268,-1,248,268,246,-1,246,268,269,-1,246,269,244,-1,244,269,270,-1,244,270,242,-1,242,270,271,-1,242,271,230,-1,230,271,232,-1,232,271,272,-1,232,272,234,-1,234,272,273,-1,234,273,236,-1,236,273,274,-1,236,274,238,-1,238,274,275,-1,238,275,240,-1,275,276,240,-1,240,276,277,-1,240,277,227,-1,227,277,278,-1,227,278,225,-1,225,278,279,-1,225,279,223,-1,223,279,221,-1,221,279,280,-1,221,280,219,-1,219,280,281,-1,219,281,217,-1,281,282,217,-1,217,282,283,-1,217,283,214,-1,214,283,284,-1,214,284,212,-1,212,284,285,-1,212,285,210,-1,210,285,286,-1,210,286,208,-1,208,286,206,-1,206,286,287,-1,206,287,204,-1,287,288,204,-1,204,288,289,-1,204,289,202,-1,202,289,290,-1,202,290,262,-1,262,290,291,-1,262,291,260,-1,260,291,292,-1,260,292,258,-1,258,292,264,-1,258,264,255,-1,255,264,256,-1,293,271,294,-1,294,271,270,-1,294,270,295,-1,295,270,269,-1,295,269,296,-1,296,269,268,-1,296,268,297,-1,297,268,267,-1,297,267,298,-1,298,267,266,-1,298,266,265,-1,298,265,299,-1,299,265,264,-1,299,264,300,-1,300,264,301,-1,301,264,292,-1,301,292,302,-1,302,292,291,-1,302,291,303,-1,303,291,290,-1,303,290,304,-1,304,290,305,-1,305,290,289,-1,305,289,306,-1,306,289,288,-1,306,288,307,-1,307,288,287,-1,307,287,308,-1,308,287,286,-1,308,286,309,-1,309,286,285,-1,309,285,310,-1,310,285,284,-1,310,284,311,-1,311,284,283,-1,311,283,312,-1,312,283,282,-1,312,282,313,-1,313,282,281,-1,313,281,314,-1,314,281,280,-1,314,280,315,-1,315,280,279,-1,315,279,316,-1,316,279,278,-1,316,278,317,-1,317,278,277,-1,317,277,318,-1,318,277,276,-1,318,276,319,-1,319,276,275,-1,319,275,320,-1,320,275,321,-1,272,322,273,-1,273,322,321,-1,273,321,274,-1,274,321,275,-1,271,293,272,-1,272,293,323,-1,272,323,322,-1,
        ]
    }
}
Shape{
    appearance Appearance {
        material  Material 	{
            diffuseColor 0.7529411764705882 0.7529411764705882 0.7529411764705882
            specularColor 0.6627450980392157 0.6627450980392157 0.6627450980392157
            ambientIntensity 0.7529
            transparency 0.0
            shininess 0.5
        }
    }
    geometry IndexedFaceSet {
        ccw TRUE
        solid FALSE
        coord DEF co Coordinate {
            point [
                -0.6778 2.4836 4.2878, -0.6915 2.4809 4.2961, -0.6973 2.4782 4.3041, -0.6325 2.4688 4.3316, -0.6324 2.4853 4.2829, -0.6421 2.4853 4.2829, -0.6518 2.4853 4.2829, -0.6629 2.4849 4.284, -0.6674 2.4848 4.2844, -0.6725 2.4843 4.2858, -0.6763 2.484 4.2868, -0.6995 2.4772 4.3072, -0.7019 2.4755 4.3121, -0.7033 2.4745 4.315, -0.7035 2.4739 4.3168, -0.7058 2.4684 4.3328, -0.7055 2.4672 4.3362, -0.7055 2.467 4.3368, -0.7031 2.4623 4.35, -0.7028 2.4617 4.3517, -0.7012 2.4606 4.355, -0.6995 2.4594 4.3583, -0.6986 2.4589 4.3595, -0.6911 2.4558 4.3682, -0.6845 2.4544 4.3721, -0.6758 2.4529 4.376, -0.6719 2.4523 4.3777, -0.67 2.4522 4.378, -0.6526 2.4515 4.38, -0.6425 2.4514 4.38, -0.6325 2.4514 4.38
            ]
        }
        coordIndex [
            0,1,2,-1,3,4,5,-1,5,6,3,-1,3,6,7,-1,3,7,8,-1,8,9,3,-1,3,9,10,-1,3,10,0,-1,0,2,3,-1,3,2,11,-1,3,11,12,-1,12,13,3,-1,3,13,14,-1,3,14,15,-1,15,16,3,-1,3,16,17,-1,3,17,18,-1,18,19,3,-1,3,19,20,-1,3,20,21,-1,21,22,3,-1,3,22,23,-1,3,23,24,-1,24,25,3,-1,3,25,26,-1,3,26,27,-1,27,28,3,-1,3,28,29,-1,3,29,30,-1,
        ]
    }
}
Shape{
    appearance Appearance {
        material  Material 	{
            diffuseColor 0.0 0.0 0.0
            specularColor 0.0 0.0 0.0
            ambientIntensity 0.0
            transparency 0.0
            shininess 0.5
        }
    }
    geometry IndexedFaceSet {
        ccw TRUE
        solid FALSE
        coord DEF co Coordinate {
            point [
                -0.7821 2.4461 4.3944, -0.7821 2.4498 4.3958, -0.7913 2.4498 4.3958, -0.7913 2.4461 4.3944, -0.8005 2.4498 4.3958, -0.8005 2.4461 4.3944, -0.7567 2.4725 4.3329, -0.7381 2.4841 4.2852, -0.7313 2.4937 4.2696, -0.7313 2.49 4.2684, -0.7503 2.49 4.2684, -0.7503 2.4937 4.2696, -0.7408 2.4937 4.2696, -0.7408 2.49 4.2684, -0.7631 2.4786 4.303, -0.7631 2.4823 4.3043, -0.7566 2.4844 4.2854, -0.7567 2.4881 4.2869, -0.8187 2.4786 4.303, -0.8187 2.4823 4.3043, -0.7909 2.4823 4.3043, -0.7909 2.4786 4.303, -0.8323 2.49 4.2683, -0.8323 2.4937 4.2695, -0.8256 2.4844 4.2854, -0.8255 2.4881 4.2869, -0.8513 2.49 4.2683, -0.8513 2.4937 4.2695, -0.8418 2.4937 4.2695, -0.8418 2.49 4.2683, -0.8445 2.4841 4.2852, -0.8259 2.4725 4.3329, -0.8134 2.4775 4.3186, -0.7932 2.459 4.371, -0.7908 2.4557 4.3798, -0.7686 2.4775 4.3186, -0.791 2.4775 4.3186, -0.7886 2.459 4.371, -0.7886 2.4553 4.3696, -0.7786 2.4646 4.3435, -0.7686 2.4737 4.3173, -0.791 2.4737 4.3173, -0.8134 2.4737 4.3173, -0.8033 2.4646 4.3435, -0.7932 2.4553 4.3696, -0.792 2.4537 4.374, -0.7908 2.4521 4.3784, -0.7898 2.4537 4.3738
            ]
        }
        coordIndex [
            0,1,2,-1,0,2,3,-1,3,2,4,-1,3,4,5,-1,1,0,6,-1,6,0,7,-1,6,7,8,-1,8,7,9,-1,10,11,12,-1,10,12,13,-1,13,12,8,-1,13,8,9,-1,14,15,16,-1,16,15,17,-1,16,17,10,-1,10,17,11,-1,18,19,20,-1,18,20,21,-1,21,20,15,-1,21,15,14,-1,22,23,24,-1,24,23,25,-1,24,25,18,-1,18,25,19,-1,26,27,28,-1,26,28,29,-1,29,28,23,-1,29,23,22,-1,27,26,30,-1,27,30,31,-1,31,30,5,-1,31,5,4,-1,32,27,31,-1,32,31,33,-1,33,31,4,-1,33,4,34,-1,11,17,12,-1,12,17,8,-1,35,15,36,-1,36,15,20,-1,36,20,32,-1,32,20,19,-1,32,19,27,-1,27,19,25,-1,27,25,28,-1,28,25,23,-1,17,15,8,-1,8,15,35,-1,8,35,6,-1,6,35,1,-1,35,37,1,-1,1,37,34,-1,1,34,2,-1,2,34,4,-1,38,37,39,-1,39,37,35,-1,39,35,40,-1,40,35,36,-1,40,36,41,-1,41,36,32,-1,41,32,42,-1,42,32,43,-1,43,32,33,-1,43,33,44,-1,44,33,45,-1,45,33,34,-1,45,34,46,-1,46,34,47,-1,47,34,37,-1,47,37,38,-1,
        ]
    }
}
Shape{
    appearance Appearance {
        material  Material 	{
            diffuseColor 0.7529411764705882 0.7529411764705882 0.7529411764705882
            specularColor 0.6627450980392157 0.6627450980392157 0.6627450980392157
            ambientIntensity 0.7529
            transparency 0.0
            shininess 0.5
        }
    }
    geometry IndexedFaceSet {
        ccw TRUE
        solid FALSE
        coord DEF co Coordinate {
            point [
                -0.7786 2.4646 4.3435, -0.7686 2.4737 4.3173, -0.791 2.4737 4.3173, -0.7932 2.4553 4.3696, -0.8033 2.4646 4.3435, -0.8134 2.4737 4.3173, -0.7886 2.4553 4.3696, -0.7898 2.4537 4.3738, -0.792 2.4537 4.374, -0.7908 2.4521 4.3784
            ]
        }
        coordIndex [
            0,1,2,-1,3,2,4,-1,4,2,5,-1,0,2,6,-1,6,2,3,-1,6,3,7,-1,7,3,8,-1,7,8,9,-1,
        ]
    }
}
Shape{
    appearance Appearance {
        material  Material 	{
            diffuseColor 0.0 0.0 0.0
            specularColor 0.0 0.0 0.0
            ambientIntensity 0.0
            transparency 0.0
            shininess 0.5
        }
    }
    geometry IndexedFaceSet {
        ccw TRUE
        solid FALSE
        coord DEF co Coordinate {
            point [
                -0.333 2.5431 4.0793, -0.333 2.547 4.0803, -0.3602 2.547 4.0803, -0.3602 2.5431 4.0793, -0.3875 2.547 4.0803, -0.3875 2.5432 4.0793, -0.333 2.5416 4.1021, -0.333 2.5322 4.1229, -0.333 2.536 4.1239, -0.3807 2.5322 4.1229, -0.3807 2.536 4.1239, -0.3568 2.536 4.1239, -0.3568 2.5322 4.1229, -0.3807 2.5283 4.1376, -0.3807 2.5321 4.1387, -0.333 2.5283 4.1377, -0.333 2.5321 4.1387, -0.3568 2.5321 4.1387, -0.3568 2.5283 4.1376, -0.333 2.5265 4.1593, -0.333 2.517 4.1788, -0.333 2.5208 4.1799, -0.3845 2.517 4.1788, -0.3845 2.5208 4.1799, -0.3587 2.5208 4.1799, -0.3587 2.517 4.1788, -0.3845 2.5128 4.1936, -0.3845 2.5165 4.1947, -0.3158 2.5128 4.1936, -0.3158 2.5165 4.1947, -0.3302 2.5128 4.1936, -0.3501 2.5165 4.1947, -0.3501 2.5128 4.1936, -0.3157 2.5343 4.1303, -0.3157 2.5467 4.0645, -0.3157 2.5505 4.0655, -0.3875 2.5505 4.0654, -0.3516 2.5505 4.0654, -0.3875 2.5467 4.0645, -0.3516 2.5467 4.0645, -0.3302 2.5467 4.0645, -0.4128 2.5291 4.1347, -0.4128 2.5329 4.1357, -0.4128 2.5249 4.1504, -0.4128 2.5287 4.1514, -0.4167 2.5322 4.1382, -0.4167 2.5284 4.1372, -0.4202 2.5316 4.1404, -0.4212 2.5277 4.1399, -0.4264 2.5309 4.1432, -0.4264 2.5271 4.1422, -0.4296 2.5305 4.1447, -0.4296 2.5267 4.1437, -0.4314 2.5304 4.145, -0.4314 2.5266 4.1439, -0.4441 2.5299 4.1469, -0.4441 2.5261 4.1459, -0.4448 2.53 4.1467, -0.4448 2.5262 4.1456, -0.452 2.5305 4.1446, -0.4533 2.5269 4.1431, -0.4537 2.5307 4.1438, -0.4537 2.5269 4.1428, -0.4567 2.5311 4.1424, -0.4569 2.5274 4.1411, -0.4569 2.5312 4.1422, -0.4573 2.5274 4.1409, -0.4586 2.5315 4.1409, -0.4585 2.5277 4.1398, -0.4589 2.5316 4.1406, -0.4594 2.5279 4.139, -0.4598 2.5319 4.1395, -0.4598 2.5281 4.1385, -0.4605 2.5321 4.1386, -0.4609 2.5285 4.1368, -0.4609 2.5324 4.1378, -0.4609 2.5285 4.1368, -0.4618 2.5329 4.1356, -0.4618 2.5292 4.1342, -0.4619 2.533 4.1353, -0.4626 2.5338 4.1324, -0.4624 2.5297 4.1323, -0.4625 2.53 4.1314, -0.4627 2.534 4.1317, -0.4634 2.5321 4.1233, -0.4634 2.5359 4.1243, -0.4351 2.5369 4.1205, -0.4351 2.5331 4.1195, -0.4234 2.5378 4.117, -0.4233 2.5339 4.1163, -0.4226 2.534 4.1161, -0.4198 2.538 4.116, -0.4168 2.5385 4.1144, -0.4168 2.5346 4.1134, -0.4136 2.5389 4.1127, -0.4148 2.5349 4.1125, -0.4129 2.5391 4.112, -0.4129 2.5352 4.111, -0.4106 2.5396 4.11, -0.4112 2.5356 4.1097, -0.4106 2.5358 4.1089, -0.4105 2.5396 4.1099, -0.4086 2.5365 4.1063, -0.4086 2.5403 4.1072, -0.4083 2.5365 4.106, -0.4079 2.5406 4.1061, -0.4069 2.5374 4.1027, -0.4035 2.5407 4.0893, -0.4035 2.5445 4.0903, -0.4057 2.5383 4.0991, -0.4056 2.5421 4.1001, -0.406 2.5379 4.1007, -0.4059 2.5418 4.1012, -0.4069 2.5412 4.1037, -0.4049 2.5467 4.0815, -0.4049 2.5428 4.0806, -0.4052 2.547 4.0802, -0.4051 2.5432 4.0793, -0.4058 2.5473 4.0788, -0.4058 2.5435 4.0779, -0.4068 2.5478 4.0767, -0.4068 2.544 4.0759, -0.4076 2.5481 4.0757, -0.4076 2.5442 4.0748, -0.4117 2.5493 4.0705, -0.4117 2.5455 4.0696, -0.4182 2.5502 4.0667, -0.4182 2.5464 4.0657, -0.4185 2.5465 4.0655, -0.4189 2.5503 4.0662, -0.422 2.5468 4.0641, -0.4337 2.5472 4.0623, -0.4337 2.5511 4.0632, -0.4257 2.547 4.0633, -0.4257 2.5508 4.0641, -0.4236 2.5469 4.0635, -0.4241 2.5508 4.0643, -0.422 2.5506 4.0651, -0.4434 2.5506 4.065, -0.4434 2.5468 4.0642, -0.4442 2.5506 4.0652, -0.4447 2.5467 4.0644, -0.4494 2.5502 4.067, -0.4494 2.5463 4.0661, -0.4508 2.55 4.0675, -0.451 2.5462 4.0667, -0.4522 2.5498 4.0685, -0.4522 2.546 4.0676, -0.4546 2.5494 4.0702, -0.4552 2.5454 4.0698, -0.4559 2.5491 4.0716, -0.456 2.5453 4.0706, -0.4634 2.5471 4.0798, -0.4634 2.5433 4.0788, -0.4634 2.5467 4.0645, -0.4634 2.5505 4.0654, -0.4801 2.5467 4.0645, -0.4801 2.5505 4.0654, -0.4801 2.5433 4.0953, -0.4801 2.5319 4.124, -0.4801 2.5357 4.125, -0.4788 2.5338 4.1323, -0.4791 2.5304 4.1298, -0.4787 2.53 4.1312, -0.4783 2.5332 4.1347, -0.4757 2.5309 4.1432, -0.4759 2.5271 4.1422, -0.4758 2.527 4.1425, -0.475 2.5302 4.1457, -0.4734 2.5296 4.1481, -0.4735 2.5258 4.1471, -0.4728 2.5254 4.1484, -0.472 2.5289 4.1506, -0.4712 2.5249 4.1502, -0.4713 2.5287 4.1512, -0.4693 2.5282 4.1532, -0.4698 2.5245 4.1517, -0.4692 2.5244 4.1521, -0.469 2.5281 4.1534, -0.4664 2.5239 4.154, -0.4456 2.5225 4.159, -0.4456 2.5263 4.16, -0.4582 2.5231 4.1569, -0.4582 2.5269 4.1579, -0.4593 2.5231 4.1567, -0.4593 2.5269 4.1578, -0.4624 2.5234 4.1556, -0.4624 2.5272 4.1567, -0.4657 2.5238 4.1545, -0.4649 2.5275 4.1558, -0.4664 2.5277 4.155, -0.4378 2.5266 4.1591, -0.4378 2.5228 4.158, -0.4289 2.5269 4.1581, -0.4286 2.5231 4.1569, -0.4274 2.527 4.1575, -0.4274 2.5232 4.1565, -0.4317 2.5403 4.1071, -0.4342 2.5402 4.1077, -0.4372 2.54 4.1084, -0.4411 2.5398 4.109, -0.4634 2.5391 4.1119, -0.4634 2.5413 4.1031, -0.4625 2.543 4.0963, -0.4622 2.5435 4.0944, -0.4617 2.5438 4.0932, -0.4609 2.5443 4.0912, -0.4602 2.5446 4.0901, -0.4562 2.546 4.0842, -0.4506 2.5471 4.0798, -0.4502 2.5472 4.0795, -0.4482 2.5474 4.0785, -0.4475 2.5475 4.0782, -0.4454 2.5476 4.0778, -0.4381 2.5479 4.0766, -0.4333 2.5477 4.0771, -0.432 2.5477 4.0772, -0.4312 2.5476 4.0776, -0.4295 2.5475 4.0783, -0.4291 2.5474 4.0785, -0.4253 2.5468 4.0808, -0.4215 2.5456 4.0859, -0.4219 2.5458 4.085, -0.4223 2.546 4.0843, -0.423 2.5462 4.0835, -0.4206 2.5445 4.0904, -0.4209 2.5448 4.089, -0.4214 2.5455 4.0864, -0.4205 2.5442 4.0916, -0.4209 2.5432 4.0958, -0.4211 2.5429 4.0969, -0.4213 2.5427 4.0976, -0.4218 2.5424 4.0988, -0.4249 2.5413 4.1033, -0.4223 2.5422 4.0995, -0.4309 2.5404 4.1067, -0.4634 2.5353 4.111, -0.4411 2.536 4.1081, -0.4342 2.5364 4.1067, -0.4316 2.5365 4.1061, -0.4309 2.5366 4.1057, -0.4249 2.5374 4.1024, -0.4222 2.5384 4.0986, -0.422 2.5385 4.0983, -0.4214 2.5389 4.0967, -0.421 2.5391 4.0958, -0.4209 2.5393 4.0948, -0.4205 2.5404 4.0907, -0.4207 2.5409 4.0883, -0.4253 2.543 4.0798, -0.423 2.5424 4.0825, -0.4224 2.5422 4.0832, -0.4219 2.542 4.0841, -0.4214 2.5417 4.0851, -0.4213 2.5416 4.0855, -0.4208 2.541 4.088, -0.429 2.5436 4.0776, -0.4293 2.5436 4.0774, -0.4312 2.5438 4.0767, -0.4321 2.5439 4.0763, -0.4333 2.5439 4.0762, -0.4381 2.544 4.0757, -0.4394 2.544 4.0758, -0.4562 2.5422 4.0832, -0.4506 2.5433 4.0788, -0.4504 2.5433 4.0786, -0.4482 2.5436 4.0776, -0.4471 2.5437 4.0771, -0.4454 2.5438 4.0768, -0.4603 2.5408 4.0891, -0.4607 2.5406 4.0898, -0.4617 2.54 4.0922, -0.4623 2.5396 4.0936, -0.4625 2.5392 4.0953, -0.4634 2.5375 4.1021
            ]
        }
        coordIndex [
            0,1,2,-1,0,2,3,-1,3,2,4,-1,3,4,5,-1,1,0,6,-1,6,0,7,-1,6,7,8,-1,9,10,11,-1,9,11,12,-1,12,11,8,-1,12,8,7,-1,13,14,9,-1,9,14,10,-1,15,16,17,-1,15,17,18,-1,18,17,14,-1,18,14,13,-1,16,15,19,-1,19,15,20,-1,19,20,21,-1,22,23,24,-1,22,24,25,-1,25,24,21,-1,25,21,20,-1,26,27,22,-1,22,27,23,-1,28,29,30,-1,30,29,31,-1,30,31,32,-1,32,31,27,-1,32,27,26,-1,29,28,33,-1,33,28,34,-1,33,34,35,-1,36,37,38,-1,38,37,39,-1,39,37,40,-1,40,37,35,-1,40,35,34,-1,4,36,5,-1,5,36,38,-1,36,4,37,-1,37,4,2,-1,37,2,35,-1,35,2,1,-1,35,1,33,-1,33,1,6,-1,33,6,8,-1,23,27,24,-1,24,27,31,-1,24,31,21,-1,21,31,29,-1,21,29,19,-1,19,29,33,-1,19,33,16,-1,16,33,8,-1,16,8,17,-1,17,8,11,-1,17,11,14,-1,14,11,10,-1,41,42,43,-1,43,42,44,-1,42,41,45,-1,45,41,46,-1,45,46,47,-1,47,46,48,-1,47,48,49,-1,49,48,50,-1,49,50,51,-1,51,50,52,-1,51,52,53,-1,53,52,54,-1,53,54,55,-1,55,54,56,-1,55,56,57,-1,57,56,58,-1,57,58,59,-1,59,58,60,-1,59,60,61,-1,61,60,62,-1,61,62,63,-1,63,62,64,-1,63,64,65,-1,65,64,66,-1,65,66,67,-1,67,66,68,-1,67,68,69,-1,69,68,70,-1,69,70,71,-1,71,70,72,-1,71,72,73,-1,73,72,74,-1,73,74,75,-1,75,74,76,-1,75,76,77,-1,77,76,78,-1,77,78,79,-1,79,78,80,-1,78,81,80,-1,80,81,82,-1,80,82,83,-1,83,82,84,-1,83,84,85,-1,85,84,86,-1,86,84,87,-1,88,86,87,-1,87,89,88,-1,88,89,90,-1,88,90,91,-1,91,90,92,-1,92,90,93,-1,92,93,94,-1,94,93,95,-1,94,95,96,-1,96,95,97,-1,96,97,98,-1,97,99,98,-1,98,99,100,-1,98,100,101,-1,101,100,102,-1,101,102,103,-1,103,102,104,-1,103,104,105,-1,105,104,106,-1,107,108,109,-1,109,108,110,-1,109,110,111,-1,111,110,112,-1,111,112,106,-1,106,112,113,-1,106,113,105,-1,108,107,114,-1,114,107,115,-1,114,115,116,-1,116,115,117,-1,116,117,118,-1,118,117,119,-1,118,119,120,-1,120,119,121,-1,120,121,122,-1,122,121,123,-1,122,123,124,-1,124,123,125,-1,126,124,125,-1,125,127,126,-1,126,127,128,-1,126,128,129,-1,129,128,130,-1,131,132,133,-1,133,132,134,-1,133,134,135,-1,135,134,136,-1,135,136,130,-1,130,136,137,-1,130,137,129,-1,132,131,138,-1,138,131,139,-1,138,139,140,-1,140,139,141,-1,140,141,142,-1,142,141,143,-1,142,143,144,-1,144,143,145,-1,144,145,146,-1,146,145,147,-1,146,147,148,-1,148,147,149,-1,148,149,150,-1,150,149,151,-1,150,151,152,-1,152,151,153,-1,154,155,153,-1,153,155,152,-1,156,157,154,-1,154,157,155,-1,157,156,158,-1,158,156,159,-1,158,159,160,-1,161,160,159,-1,159,162,161,-1,161,162,163,-1,161,163,164,-1,164,163,165,-1,163,166,165,-1,165,166,167,-1,165,167,168,-1,168,167,169,-1,167,170,169,-1,169,170,171,-1,169,171,172,-1,172,171,173,-1,172,173,174,-1,174,173,175,-1,173,176,175,-1,175,176,177,-1,175,177,178,-1,178,177,179,-1,180,181,182,-1,182,181,183,-1,182,183,184,-1,184,183,185,-1,184,185,186,-1,186,185,187,-1,186,187,188,-1,188,187,189,-1,188,189,179,-1,179,189,190,-1,179,190,178,-1,181,180,191,-1,191,180,192,-1,191,192,193,-1,193,192,194,-1,193,194,195,-1,195,194,196,-1,195,196,44,-1,44,196,43,-1,44,42,45,-1,45,47,44,-1,44,47,49,-1,44,49,195,-1,195,49,51,-1,195,51,193,-1,193,51,53,-1,193,53,191,-1,191,53,55,-1,191,55,181,-1,181,55,57,-1,181,57,183,-1,183,57,59,-1,183,59,185,-1,185,59,61,-1,185,61,187,-1,187,61,63,-1,187,63,189,-1,189,63,190,-1,190,63,65,-1,190,65,178,-1,178,65,67,-1,178,67,175,-1,175,67,69,-1,175,69,174,-1,168,169,71,-1,71,169,69,-1,69,169,172,-1,69,172,174,-1,71,73,168,-1,168,73,75,-1,168,75,165,-1,165,75,77,-1,165,77,164,-1,164,77,79,-1,79,80,164,-1,164,80,83,-1,164,83,161,-1,85,197,198,-1,198,199,85,-1,85,199,200,-1,85,200,201,-1,83,85,161,-1,161,85,201,-1,161,201,160,-1,160,201,202,-1,160,202,203,-1,204,205,152,-1,152,205,206,-1,152,206,207,-1,207,208,152,-1,152,208,209,-1,152,209,150,-1,150,209,210,-1,150,210,148,-1,148,210,211,-1,148,211,146,-1,146,211,212,-1,146,212,144,-1,144,212,142,-1,142,212,213,-1,142,213,140,-1,140,213,214,-1,140,214,138,-1,138,214,132,-1,132,214,215,-1,132,215,134,-1,215,216,134,-1,134,216,217,-1,134,217,136,-1,136,217,218,-1,136,218,137,-1,137,218,219,-1,137,219,129,-1,129,219,220,-1,114,116,221,-1,221,116,118,-1,221,118,222,-1,222,118,120,-1,222,120,223,-1,223,120,122,-1,223,122,224,-1,224,122,124,-1,224,124,220,-1,220,124,126,-1,220,126,129,-1,225,108,226,-1,226,108,114,-1,226,114,227,-1,227,114,221,-1,225,228,108,-1,108,228,229,-1,108,229,110,-1,110,229,230,-1,110,230,112,-1,112,230,231,-1,101,103,232,-1,232,103,105,-1,232,105,231,-1,231,105,113,-1,231,113,112,-1,233,94,234,-1,234,94,96,-1,234,96,232,-1,232,96,98,-1,232,98,101,-1,85,86,197,-1,197,86,88,-1,197,88,235,-1,235,88,91,-1,235,91,233,-1,233,91,92,-1,233,92,94,-1,152,155,157,-1,203,204,160,-1,160,204,152,-1,160,152,158,-1,158,152,157,-1,236,201,237,-1,237,201,200,-1,238,237,200,-1,200,199,238,-1,238,199,198,-1,238,198,239,-1,239,198,197,-1,239,197,240,-1,240,197,235,-1,240,235,241,-1,241,235,233,-1,241,233,242,-1,242,233,234,-1,242,234,243,-1,243,234,232,-1,243,232,244,-1,244,232,231,-1,244,231,245,-1,245,231,230,-1,245,230,246,-1,246,230,229,-1,246,229,247,-1,247,229,228,-1,226,248,225,-1,225,248,247,-1,225,247,228,-1,220,249,224,-1,224,249,250,-1,224,250,223,-1,223,250,251,-1,223,251,222,-1,222,251,252,-1,222,252,221,-1,221,252,253,-1,221,253,227,-1,227,253,254,-1,227,254,226,-1,226,254,255,-1,226,255,248,-1,249,220,256,-1,256,220,219,-1,256,219,257,-1,257,219,218,-1,257,218,258,-1,258,218,217,-1,258,217,259,-1,259,217,216,-1,259,216,260,-1,260,216,215,-1,260,215,261,-1,261,215,214,-1,261,214,262,-1,262,214,213,-1,208,263,209,-1,209,263,264,-1,209,264,210,-1,210,264,265,-1,210,265,211,-1,211,265,266,-1,211,266,212,-1,212,266,267,-1,212,267,213,-1,213,267,268,-1,213,268,262,-1,263,208,269,-1,269,208,207,-1,269,207,270,-1,270,207,206,-1,270,206,271,-1,271,206,205,-1,271,205,272,-1,272,205,204,-1,272,204,273,-1,273,204,203,-1,273,203,274,-1,274,203,202,-1,202,201,274,-1,274,201,236,-1,
        ]
    }
}
Shape{
    appearance Appearance {
        material  Material 	{
            diffuseColor 0.7529411764705882 0.7529411764705882 0.7529411764705882
            specularColor 0.6627450980392157 0.6627450980392157 0.6627450980392157
            ambientIntensity 0.7529
            transparency 0.0
            shininess 0.5
        }
    }
    geometry IndexedFaceSet {
        ccw TRUE
        solid FALSE
        coord DEF co Coordinate {
            point [
                -0.4342 2.5364 4.1067, -0.4316 2.5365 4.1061, -0.4309 2.5366 4.1057, -0.4249 2.5374 4.1024, -0.4222 2.5384 4.0986, -0.422 2.5385 4.0983, -0.4214 2.5389 4.0967, -0.421 2.5391 4.0958, -0.4209 2.5393 4.0948, -0.4205 2.5404 4.0907, -0.4207 2.5409 4.0883, -0.4208 2.541 4.088, -0.4213 2.5416 4.0855, -0.4214 2.5417 4.0851, -0.4219 2.542 4.0841, -0.4224 2.5422 4.0832, -0.423 2.5424 4.0825, -0.4253 2.543 4.0798, -0.429 2.5436 4.0776, -0.4293 2.5436 4.0774, -0.4312 2.5438 4.0767, -0.4321 2.5439 4.0763, -0.4333 2.5439 4.0762, -0.4381 2.544 4.0757, -0.4394 2.544 4.0758, -0.4454 2.5438 4.0768, -0.4471 2.5437 4.0771, -0.4482 2.5436 4.0776, -0.4504 2.5433 4.0786, -0.4506 2.5433 4.0788, -0.4562 2.5422 4.0832, -0.4603 2.5408 4.0891, -0.4607 2.5406 4.0898, -0.4617 2.54 4.0922, -0.4623 2.5396 4.0936, -0.4625 2.5392 4.0953, -0.4411 2.536 4.1081, -0.4634 2.5375 4.1021, -0.4634 2.5353 4.111
            ]
        }
        coordIndex [
            0,1,2,-1,2,3,4,-1,4,5,2,-1,2,5,6,-1,2,6,0,-1,6,7,0,-1,0,7,8,-1,0,8,9,-1,9,10,0,-1,0,10,11,-1,0,11,12,-1,12,13,0,-1,0,13,14,-1,0,14,15,-1,15,16,0,-1,0,16,17,-1,0,17,18,-1,18,19,0,-1,0,19,20,-1,0,20,21,-1,21,22,0,-1,0,22,23,-1,0,23,24,-1,24,25,0,-1,0,25,26,-1,0,26,27,-1,27,28,0,-1,0,28,29,-1,0,29,30,-1,30,31,0,-1,0,31,32,-1,0,32,33,-1,33,34,0,-1,0,34,35,-1,0,35,36,-1,36,35,37,-1,36,37,38,-1,
        ]
    }
}
Shape{
    appearance Appearance {
        material  Material 	{
            diffuseColor 0.0 0.0 0.0
            specularColor 0.0 0.0 0.0
            ambientIntensity 0.0
            transparency 0.0
            shininess 0.5
        }
    }
    geometry IndexedFaceSet {
        ccw TRUE
        solid FALSE
        coord DEF co Coordinate {
            point [
                -0.5027 2.5459 4.0678, -0.5027 2.5498 4.0687, -0.5027 2.5419 4.0845, -0.5027 2.5457 4.0855, -0.5046 2.5499 4.068, -0.5046 2.5461 4.0671, -0.5136 2.5507 4.0649, -0.5136 2.5468 4.064, -0.5164 2.5507 4.0646, -0.5164 2.5469 4.0637, -0.5286 2.5511 4.0632, -0.5286 2.5472 4.0623, -0.5311 2.551 4.0633, -0.5345 2.5471 4.0627, -0.5412 2.5507 4.0647, -0.5412 2.5469 4.0637, -0.5447 2.5506 4.0652, -0.5445 2.5468 4.0643, -0.5464 2.5504 4.066, -0.5464 2.5466 4.0651, -0.5564 2.5493 4.0706, -0.5564 2.5455 4.0697, -0.561 2.5482 4.0751, -0.561 2.5444 4.0741, -0.5614 2.5443 4.0745, -0.5622 2.5479 4.0763, -0.5638 2.5436 4.0776, -0.5671 2.5406 4.0897, -0.5671 2.5444 4.0906, -0.566 2.5423 4.083, -0.566 2.5461 4.0839, -0.5657 2.5426 4.0816, -0.5658 2.5463 4.0829, -0.5649 2.5431 4.0796, -0.5649 2.5469 4.0805, -0.5644 2.5434 4.0784, -0.5645 2.5472 4.0795, -0.5638 2.5474 4.0785, -0.5665 2.543 4.0962, -0.5664 2.5392 4.0953, -0.5664 2.5429 4.0968, -0.5663 2.539 4.0963, -0.5657 2.5424 4.099, -0.5657 2.5385 4.098, -0.5653 2.5421 4.1002, -0.5653 2.5383 4.0991, -0.5645 2.5418 4.1014, -0.5645 2.5379 4.1004, -0.5615 2.5406 4.106, -0.5615 2.5368 4.105, -0.5515 2.5388 4.1132, -0.54 2.5337 4.117, -0.54 2.5375 4.1179, -0.5513 2.535 4.1119, -0.5537 2.5353 4.1108, -0.5308 2.5366 4.1217, -0.5237 2.5317 4.1249, -0.5237 2.5355 4.1259, -0.5227 2.5352 4.1271, -0.5225 2.5313 4.1264, -0.5201 2.5294 4.1335, -0.5201 2.5332 4.1345, -0.5204 2.5302 4.1306, -0.5204 2.534 4.1316, -0.5205 2.5304 4.1298, -0.5205 2.5342 4.1309, -0.5207 2.5305 4.1292, -0.5207 2.5343 4.1302, -0.521 2.5307 4.1285, -0.5211 2.5346 4.1293, -0.5213 2.5308 4.1281, -0.5212 2.5346 4.1291, -0.5225 2.5351 4.1274, -0.5207 2.5323 4.1378, -0.5208 2.5285 4.1368, -0.5207 2.5323 4.138, -0.5208 2.5284 4.1371, -0.5212 2.5319 4.1393, -0.5213 2.5281 4.1383, -0.5214 2.5318 4.1397, -0.5214 2.528 4.1387, -0.5218 2.5317 4.1403, -0.5218 2.5279 4.1392, -0.5224 2.5315 4.141, -0.5224 2.5277 4.1399, -0.5228 2.5314 4.1414, -0.5228 2.5276 4.1403, -0.5252 2.5308 4.1434, -0.5252 2.527 4.1424, -0.5302 2.5302 4.1456, -0.5302 2.5264 4.1446, -0.5315 2.5301 4.1462, -0.5315 2.5263 4.1452, -0.5328 2.5301 4.1463, -0.5328 2.5263 4.1453, -0.5383 2.5299 4.1469, -0.5383 2.5261 4.1458, -0.5485 2.5303 4.1455, -0.5485 2.5265 4.1445, -0.5516 2.5304 4.1451, -0.551 2.5265 4.1442, -0.5536 2.5306 4.1442, -0.5536 2.5268 4.1431, -0.5625 2.5317 4.1402, -0.5626 2.5279 4.1392, -0.5626 2.5237 4.1549, -0.5626 2.5275 4.1559, -0.5515 2.5266 4.1591, -0.54 2.5225 4.1589, -0.54 2.5263 4.16, -0.5514 2.5229 4.1576, -0.5549 2.523 4.1572, -0.5375 2.5264 4.1598, -0.5345 2.5227 4.1585, -0.5278 2.5268 4.1584, -0.5278 2.523 4.1574, -0.5247 2.5269 4.1579, -0.5249 2.5231 4.1569, -0.5229 2.5271 4.1571, -0.5229 2.5233 4.156, -0.5136 2.5283 4.1527, -0.5136 2.5245 4.1516, -0.5091 2.5295 4.1485, -0.5091 2.5257 4.1474, -0.5084 2.5297 4.1478, -0.5087 2.5258 4.147, -0.5062 2.5304 4.1449, -0.5062 2.5266 4.1439, -0.5055 2.5307 4.144, -0.5056 2.5269 4.1431, -0.5051 2.531 4.1429, -0.5051 2.5272 4.1419, -0.5042 2.5316 4.1406, -0.5043 2.5277 4.14, -0.504 2.5319 4.1396, -0.504 2.5281 4.1386, -0.5028 2.5336 4.133, -0.5028 2.5298 4.132, -0.5031 2.5345 4.1296, -0.5032 2.5307 4.1286, -0.5032 2.5346 4.1292, -0.5033 2.531 4.1273, -0.5039 2.5355 4.1257, -0.5039 2.5317 4.1247, -0.5042 2.5358 4.1245, -0.5041 2.532 4.1236, -0.5048 2.5362 4.1233, -0.5049 2.5323 4.1223, -0.5076 2.5374 4.1184, -0.5076 2.5336 4.1174, -0.5171 2.5393 4.1111, -0.5282 2.5367 4.1052, -0.5282 2.5406 4.1062, -0.5172 2.5354 4.1103, -0.5157 2.5353 4.111, -0.5308 2.537 4.1042, -0.5457 2.5388 4.0969, -0.5457 2.5426 4.0979, -0.5373 2.5414 4.1026, -0.5473 2.5431 4.0961, -0.5473 2.5393 4.0951, -0.5475 2.5431 4.0959, -0.5475 2.5393 4.095, -0.5486 2.5435 4.0944, -0.5486 2.5397 4.0935, -0.5488 2.5436 4.0942, -0.5489 2.5398 4.0931, -0.5491 2.5438 4.0933, -0.5491 2.5399 4.0924, -0.5494 2.5439 4.0926, -0.5494 2.5401 4.0917, -0.5495 2.5441 4.0919, -0.5495 2.5403 4.0909, -0.5499 2.5448 4.089, -0.5499 2.541 4.0881, -0.5481 2.5458 4.0852, -0.5481 2.5419 4.0843, -0.5472 2.5462 4.0833, -0.5472 2.5424 4.0824, -0.5457 2.5467 4.0812, -0.5457 2.5429 4.0803, -0.5448 2.5471 4.0799, -0.5448 2.5432 4.079, -0.5443 2.5472 4.0795, -0.5443 2.5433 4.0786, -0.5433 2.5474 4.0786, -0.5435 2.5435 4.0778, -0.5433 2.5474 4.0786, -0.5433 2.5435 4.0777, -0.5422 2.5475 4.0781, -0.5422 2.5437 4.0771, -0.542 2.5437 4.077, -0.5417 2.5476 4.0778, -0.5403 2.5438 4.0766, -0.5302 2.5441 4.0756, -0.5302 2.5479 4.0765, -0.5374 2.5439 4.0761, -0.5374 2.5478 4.077, -0.539 2.5439 4.0762, -0.5384 2.5478 4.077, -0.5403 2.5476 4.0775, -0.5129 2.5431 4.0793, -0.5129 2.547 4.0801, -0.5157 2.5435 4.0779, -0.5145 2.5472 4.0793, -0.5178 2.5436 4.0776, -0.5178 2.5474 4.0786, -0.5272 2.5478 4.0768, -0.65 2.5269 4.1579, -0.65 2.5231 4.1568, -0.637 2.5362 4.1231, -0.6239 2.5412 4.0874, -0.6239 2.545 4.0883, -0.6228 2.546 4.0843, -0.6214 2.543 4.0799, -0.6214 2.5468 4.0808, -0.6194 2.545 4.0884, -0.6194 2.5412 4.0875, -0.607 2.5362 4.1232, -0.5945 2.5231 4.1568, -0.5945 2.5269 4.1579, -0.5758 2.5231 4.1568, -0.5758 2.5269 4.1579, -0.5852 2.5269 4.1579, -0.5852 2.5231 4.1568, -0.5945 2.5391 4.1118, -0.6132 2.5467 4.0647, -0.6132 2.5505 4.0656, -0.6058 2.5506 4.0478, -0.6058 2.5544 4.0487, -0.6095 2.5525 4.0571, -0.5986 2.5567 4.0388, -0.6 2.5565 4.0399, -0.5999 2.5526 4.039, -0.6019 2.552 4.0416, -0.6034 2.5554 4.0444, -0.6048 2.551 4.0459, -0.6003 2.5525 4.0394, -0.6002 2.5564 4.0401, -0.602 2.5559 4.0425, -0.5987 2.5529 4.0379, -0.5985 2.5529 4.0378, -0.5983 2.5568 4.0385, -0.597 2.5531 4.037, -0.5887 2.5536 4.0347, -0.5887 2.5574 4.0356, -0.5941 2.5533 4.036, -0.5941 2.5571 4.0368, -0.5959 2.5532 4.0365, -0.5951 2.5571 4.0371, -0.597 2.5569 4.0379, -0.5792 2.557 4.0374, -0.5838 2.5573 4.0362, -0.5792 2.5532 4.0366, -0.5839 2.5534 4.0355, -0.5871 2.5536 4.0348, -0.5792 2.5564 4.022, -0.5792 2.5602 4.0229, -0.59 2.5567 4.0207, -0.59 2.5605 4.0216, -0.5846 2.5605 4.0219, -0.5847 2.5566 4.0214, -0.5961 2.5601 4.0234, -0.5961 2.5563 4.0226, -0.5988 2.56 4.0242, -0.6004 2.556 4.024, -0.6054 2.5593 4.0272, -0.6054 2.5554 4.0264, -0.6077 2.5591 4.0282, -0.6086 2.5551 4.0279, -0.6098 2.5588 4.0297, -0.6098 2.5549 4.0289, -0.6105 2.5586 4.0301, -0.6133 2.5542 4.0318, -0.6132 2.5581 4.0327, -0.6133 2.5542 4.0318, -0.624 2.55 4.0505, -0.624 2.5538 4.0513, -0.6181 2.5528 4.0382, -0.6173 2.5569 4.038, -0.6173 2.553 4.0371, -0.6169 2.5571 4.0372, -0.6149 2.5577 4.0344, -0.6457 2.5409 4.1047, -0.6673 2.5231 4.1568, -0.6673 2.5269 4.1579, -0.6586 2.5269 4.1579, -0.6586 2.5231 4.1568, -0.7025 2.5432 4.0793, -0.7025 2.547 4.0802, -0.7298 2.547 4.0802, -0.7298 2.5432 4.0792, -0.7571 2.547 4.0802, -0.7571 2.5432 4.0792, -0.7025 2.5416 4.102, -0.7025 2.5322 4.1228, -0.7025 2.536 4.1238, -0.7503 2.5322 4.1228, -0.7503 2.536 4.1238, -0.7264 2.536 4.1238, -0.7264 2.5322 4.1228, -0.7503 2.5283 4.1376, -0.7503 2.5321 4.1386, -0.7025 2.5283 4.1376, -0.7025 2.5321 4.1386, -0.7264 2.5321 4.1386, -0.7264 2.5283 4.1376, -0.7026 2.5265 4.1592, -0.7026 2.517 4.1788, -0.7026 2.5208 4.1798, -0.7541 2.517 4.1787, -0.7541 2.5208 4.1798, -0.7283 2.5208 4.1798, -0.7283 2.517 4.1788, -0.7541 2.5128 4.1935, -0.7541 2.5166 4.1946, -0.6853 2.5128 4.1935, -0.6853 2.5166 4.1946, -0.7197 2.5166 4.1946, -0.7197 2.5128 4.1935, -0.6853 2.5343 4.1302, -0.6853 2.5467 4.0645, -0.6853 2.5505 4.0654, -0.7571 2.5467 4.0644, -0.7571 2.5505 4.0654, -0.7212 2.5505 4.0654, -0.7212 2.5467 4.0645, -0.819 2.5506 4.0653, -0.819 2.5467 4.0644, -0.8384 2.5499 4.0679, -0.8384 2.5461 4.0669, -0.8428 2.5498 4.0685, -0.8421 2.546 4.0674, -0.8461 2.5495 4.0696, -0.8461 2.5457 4.0688, -0.8538 2.5489 4.0724, -0.8537 2.545 4.0715, -0.8547 2.5487 4.073, -0.8547 2.5449 4.0721, -0.8708 2.5462 4.0835, -0.8708 2.5424 4.0826, -0.8818 2.5424 4.0988, -0.8818 2.5386 4.0978, -0.8853 2.5412 4.1037, -0.885 2.5375 4.1021, -0.886 2.5407 4.1057, -0.886 2.5368 4.1047, -0.8886 2.5389 4.1127, -0.8886 2.5351 4.1118, -0.8887 2.5387 4.1134, -0.8887 2.5349 4.1124, -0.891 2.5339 4.1318, -0.891 2.5301 4.1308, -0.8708 2.5177 4.1765, -0.8708 2.5214 4.1776, -0.8819 2.5212 4.1637, -0.8824 2.5252 4.164, -0.8824 2.5215 4.1628, -0.8825 2.5252 4.1639, -0.8859 2.5233 4.1563, -0.8858 2.5271 4.1573, -0.8865 2.5236 4.155, -0.8869 2.5277 4.1551, -0.8879 2.5253 4.1488, -0.8878 2.5291 4.1498, -0.89 2.5279 4.1393, -0.8618 2.5199 4.1831, -0.8617 2.5161 4.182, -0.8563 2.5189 4.1864, -0.855 2.5149 4.186, -0.8486 2.518 4.1896, -0.8486 2.5142 4.1885, -0.8434 2.5174 4.1917, -0.8431 2.5136 4.1907, -0.8411 2.5173 4.192, -0.8411 2.5135 4.191, -0.8204 2.5166 4.1946, -0.8204 2.5128 4.1935, -0.7823 2.5128 4.1935, -0.7823 2.5166 4.1946, -0.8014 2.5166 4.1946, -0.8014 2.5128 4.1935, -0.7823 2.5344 4.1302, -0.7823 2.5467 4.0644, -0.7823 2.5506 4.0653, -0.8006 2.5506 4.0653, -0.8006 2.5467 4.0644, -0.7995 2.5208 4.1798, -0.8096 2.5208 4.1798, -0.8197 2.5208 4.1798, -0.8371 2.5214 4.1777, -0.8389 2.5215 4.1774, -0.8429 2.5219 4.1758, -0.8478 2.5225 4.1737, -0.8582 2.5242 4.1677, -0.8653 2.5268 4.1584, -0.8682 2.5278 4.1545, -0.8684 2.5279 4.1542, -0.8703 2.5293 4.149, -0.8706 2.5295 4.1482, -0.8724 2.5331 4.1348, -0.8728 2.534 4.1314, -0.8706 2.5383 4.1149, -0.8704 2.5388 4.1131, -0.8689 2.5396 4.1101, -0.8666 2.5408 4.1051, -0.8643 2.5416 4.1019, -0.8586 2.5437 4.0937, -0.8449 2.5458 4.0852, -0.8433 2.546 4.0842, -0.8396 2.5463 4.0832, -0.834 2.5466 4.0817, -0.8299 2.5467 4.0813, -0.8189 2.547 4.0802, -0.8092 2.547 4.0802, -0.7995 2.547 4.0802, -0.8582 2.5204 4.1666, -0.8515 2.5193 4.1706, -0.8429 2.5182 4.1746, -0.839 2.5177 4.1764, -0.8371 2.5176 4.1766, -0.8197 2.517 4.1787, -0.8096 2.517 4.1787, -0.7995 2.517 4.1787, -0.7995 2.5306 4.1291, -0.7995 2.5432 4.0792, -0.8092 2.5432 4.0792, -0.8189 2.5432 4.0792, -0.8299 2.5429 4.0803, -0.8344 2.5428 4.0808, -0.8396 2.5424 4.0823, -0.8433 2.5422 4.0833, -0.8449 2.5419 4.0843, -0.8586 2.5399 4.0927, -0.8643 2.5378 4.1009, -0.8666 2.537 4.1041, -0.8689 2.5357 4.1091, -0.8704 2.535 4.1121, -0.8706 2.5345 4.1139, -0.8728 2.5302 4.1303, -0.8726 2.5293 4.1338, -0.8725 2.5292 4.1345, -0.8702 2.5255 4.1479, -0.8699 2.5251 4.1497, -0.8683 2.5242 4.1531, -0.8666 2.5232 4.1565, -0.8656 2.5229 4.1577
            ]
        }
        coordIndex [
            0,1,2,-1,2,1,3,-1,1,0,4,-1,4,0,5,-1,4,5,6,-1,6,5,7,-1,6,7,8,-1,8,7,9,-1,8,9,10,-1,10,9,11,-1,10,11,12,-1,12,11,13,-1,12,13,14,-1,14,13,15,-1,14,15,16,-1,16,15,17,-1,16,17,18,-1,18,17,19,-1,18,19,20,-1,20,19,21,-1,22,20,21,-1,21,23,22,-1,22,23,24,-1,22,24,25,-1,25,24,26,-1,27,28,29,-1,29,28,30,-1,29,30,31,-1,31,30,32,-1,31,32,33,-1,33,32,34,-1,33,34,35,-1,35,34,36,-1,35,36,26,-1,26,36,37,-1,26,37,25,-1,28,27,38,-1,38,27,39,-1,38,39,40,-1,40,39,41,-1,40,41,42,-1,42,41,43,-1,42,43,44,-1,44,43,45,-1,44,45,46,-1,46,45,47,-1,46,47,48,-1,48,47,49,-1,50,48,49,-1,51,52,53,-1,53,52,50,-1,53,50,54,-1,54,50,49,-1,52,51,55,-1,55,51,56,-1,55,56,57,-1,57,56,58,-1,58,56,59,-1,60,61,62,-1,62,61,63,-1,62,63,64,-1,64,63,65,-1,64,65,66,-1,66,65,67,-1,66,67,68,-1,68,67,69,-1,68,69,70,-1,70,69,71,-1,70,71,59,-1,59,71,72,-1,59,72,58,-1,61,60,73,-1,73,60,74,-1,73,74,75,-1,75,74,76,-1,75,76,77,-1,77,76,78,-1,77,78,79,-1,79,78,80,-1,79,80,81,-1,81,80,82,-1,81,82,83,-1,83,82,84,-1,83,84,85,-1,85,84,86,-1,85,86,87,-1,87,86,88,-1,87,88,89,-1,89,88,90,-1,89,90,91,-1,91,90,92,-1,91,92,93,-1,93,92,94,-1,93,94,95,-1,95,94,96,-1,95,96,97,-1,97,96,98,-1,97,98,99,-1,99,98,100,-1,99,100,101,-1,101,100,102,-1,101,102,103,-1,103,102,104,-1,105,106,104,-1,104,106,103,-1,107,106,105,-1,108,109,110,-1,110,109,107,-1,110,107,111,-1,111,107,105,-1,109,108,112,-1,112,108,113,-1,112,113,114,-1,114,113,115,-1,114,115,116,-1,116,115,117,-1,116,117,118,-1,118,117,119,-1,118,119,120,-1,120,119,121,-1,120,121,122,-1,122,121,123,-1,122,123,124,-1,124,123,125,-1,124,125,126,-1,126,125,127,-1,126,127,128,-1,128,127,129,-1,128,129,130,-1,130,129,131,-1,130,131,132,-1,132,131,133,-1,132,133,134,-1,134,133,135,-1,134,135,136,-1,136,135,137,-1,136,137,138,-1,138,137,139,-1,138,139,140,-1,140,139,141,-1,140,141,142,-1,142,141,143,-1,142,143,144,-1,144,143,145,-1,144,145,146,-1,146,145,147,-1,146,147,148,-1,148,147,149,-1,150,148,149,-1,151,152,153,-1,153,152,150,-1,153,150,154,-1,154,150,149,-1,152,151,155,-1,156,157,155,-1,155,157,158,-1,155,158,152,-1,157,156,159,-1,159,156,160,-1,159,160,161,-1,161,160,162,-1,161,162,163,-1,163,162,164,-1,163,164,165,-1,165,164,166,-1,165,166,167,-1,167,166,168,-1,167,168,169,-1,169,168,170,-1,169,170,171,-1,171,170,172,-1,171,172,173,-1,173,172,174,-1,173,174,175,-1,175,174,176,-1,175,176,177,-1,177,176,178,-1,177,178,179,-1,179,178,180,-1,179,180,181,-1,181,180,182,-1,181,182,183,-1,183,182,184,-1,183,184,185,-1,185,184,186,-1,185,186,187,-1,187,186,188,-1,187,188,189,-1,188,190,189,-1,189,190,191,-1,189,191,192,-1,192,191,193,-1,194,195,196,-1,196,195,197,-1,196,197,198,-1,198,197,199,-1,198,199,193,-1,193,199,200,-1,193,200,192,-1,2,3,201,-1,201,3,202,-1,201,202,203,-1,203,202,204,-1,203,204,205,-1,205,204,206,-1,205,206,194,-1,194,206,207,-1,194,207,195,-1,167,44,165,-1,165,44,46,-1,165,46,163,-1,163,46,48,-1,163,48,161,-1,173,28,171,-1,171,28,38,-1,171,38,169,-1,169,38,40,-1,169,40,167,-1,167,40,42,-1,167,42,44,-1,58,148,57,-1,57,148,150,-1,57,150,55,-1,55,150,152,-1,55,152,52,-1,52,152,158,-1,52,158,50,-1,50,158,157,-1,50,157,48,-1,48,157,159,-1,48,159,161,-1,58,72,148,-1,148,72,71,-1,148,71,146,-1,146,71,69,-1,146,69,144,-1,144,69,67,-1,144,67,142,-1,142,67,65,-1,142,65,140,-1,140,65,138,-1,138,65,63,-1,138,63,136,-1,136,63,61,-1,136,61,134,-1,134,61,73,-1,134,73,132,-1,132,73,75,-1,132,75,130,-1,124,126,77,-1,77,126,75,-1,75,126,128,-1,75,128,130,-1,77,79,124,-1,124,79,81,-1,124,81,122,-1,81,83,122,-1,122,83,85,-1,122,85,120,-1,120,85,87,-1,120,87,118,-1,118,87,89,-1,118,89,116,-1,116,89,114,-1,89,91,114,-1,114,91,93,-1,114,93,112,-1,112,93,95,-1,112,95,109,-1,109,95,97,-1,109,97,107,-1,103,106,101,-1,101,106,107,-1,101,107,99,-1,99,107,97,-1,36,34,173,-1,34,32,173,-1,173,32,30,-1,173,30,28,-1,36,173,37,-1,37,173,175,-1,37,175,25,-1,25,175,177,-1,25,177,22,-1,22,177,179,-1,22,179,20,-1,179,181,20,-1,20,181,183,-1,20,183,18,-1,18,183,185,-1,18,185,187,-1,187,189,18,-1,18,189,192,-1,18,192,16,-1,16,192,200,-1,16,200,14,-1,3,1,202,-1,202,1,4,-1,202,4,204,-1,204,4,6,-1,204,6,206,-1,206,6,8,-1,206,8,207,-1,207,8,10,-1,207,10,195,-1,195,10,12,-1,195,12,197,-1,197,12,14,-1,197,14,199,-1,199,14,200,-1,208,209,210,-1,210,209,211,-1,210,211,212,-1,212,211,213,-1,213,211,214,-1,213,214,215,-1,215,214,216,-1,216,214,217,-1,216,217,218,-1,218,217,219,-1,218,219,220,-1,221,222,223,-1,221,223,224,-1,224,223,220,-1,224,220,219,-1,222,221,225,-1,225,221,226,-1,225,226,227,-1,228,229,226,-1,226,229,230,-1,226,230,227,-1,231,232,233,-1,234,235,236,-1,236,235,229,-1,236,229,228,-1,233,232,237,-1,237,232,238,-1,237,238,234,-1,234,238,239,-1,234,239,235,-1,233,240,231,-1,231,240,241,-1,231,241,242,-1,242,241,243,-1,244,245,246,-1,246,245,247,-1,246,247,248,-1,248,247,249,-1,248,249,243,-1,243,249,250,-1,243,250,242,-1,251,252,253,-1,253,252,254,-1,254,252,255,-1,255,252,245,-1,255,245,244,-1,256,257,253,-1,253,257,251,-1,258,259,260,-1,258,260,261,-1,261,260,257,-1,261,257,256,-1,259,258,262,-1,262,258,263,-1,262,263,264,-1,264,263,265,-1,264,265,266,-1,266,265,267,-1,266,267,268,-1,268,267,269,-1,268,269,270,-1,270,269,271,-1,270,271,272,-1,272,271,273,-1,272,273,274,-1,274,273,275,-1,276,277,278,-1,278,277,279,-1,278,279,280,-1,280,279,281,-1,280,281,275,-1,275,281,282,-1,275,282,274,-1,277,276,283,-1,283,276,284,-1,283,284,285,-1,209,208,286,-1,209,286,287,-1,287,286,285,-1,287,285,284,-1,208,210,286,-1,286,210,283,-1,286,283,285,-1,210,212,283,-1,283,212,213,-1,283,213,277,-1,277,213,215,-1,223,222,225,-1,220,223,218,-1,218,223,225,-1,218,225,216,-1,216,225,227,-1,216,227,215,-1,215,227,279,-1,215,279,277,-1,227,230,279,-1,279,230,229,-1,279,229,281,-1,281,229,235,-1,281,235,282,-1,282,235,239,-1,282,239,274,-1,274,239,238,-1,274,238,272,-1,272,238,270,-1,270,238,232,-1,270,232,268,-1,268,232,231,-1,268,231,266,-1,231,242,266,-1,266,242,250,-1,266,250,264,-1,264,250,249,-1,264,249,262,-1,262,249,247,-1,262,247,259,-1,259,247,245,-1,259,245,260,-1,260,245,252,-1,260,252,257,-1,257,252,251,-1,288,289,290,-1,288,290,291,-1,291,290,292,-1,291,292,293,-1,289,288,294,-1,294,288,295,-1,294,295,296,-1,297,298,299,-1,297,299,300,-1,300,299,296,-1,300,296,295,-1,301,302,297,-1,297,302,298,-1,303,304,305,-1,303,305,306,-1,306,305,302,-1,306,302,301,-1,304,303,307,-1,307,303,308,-1,307,308,309,-1,310,311,312,-1,310,312,313,-1,313,312,309,-1,313,309,308,-1,314,315,310,-1,310,315,311,-1,316,317,318,-1,316,318,319,-1,319,318,315,-1,319,315,314,-1,317,316,320,-1,320,316,321,-1,320,321,322,-1,323,324,325,-1,323,325,326,-1,326,325,322,-1,326,322,321,-1,292,324,293,-1,293,324,323,-1,324,292,325,-1,325,292,290,-1,325,290,322,-1,322,290,289,-1,322,289,320,-1,320,289,294,-1,320,294,296,-1,311,315,312,-1,312,315,318,-1,312,318,309,-1,309,318,317,-1,309,317,307,-1,307,317,320,-1,307,320,304,-1,304,320,296,-1,304,296,305,-1,305,296,299,-1,305,299,302,-1,302,299,298,-1,327,328,329,-1,329,328,330,-1,329,330,331,-1,331,330,332,-1,331,332,333,-1,333,332,334,-1,333,334,335,-1,335,334,336,-1,335,336,337,-1,337,336,338,-1,337,338,339,-1,339,338,340,-1,339,340,341,-1,341,340,342,-1,341,342,343,-1,343,342,344,-1,343,344,345,-1,345,344,346,-1,345,346,347,-1,347,346,348,-1,347,348,349,-1,349,348,350,-1,349,350,351,-1,351,350,352,-1,353,354,355,-1,355,354,356,-1,355,356,357,-1,357,356,358,-1,357,358,359,-1,359,358,360,-1,359,360,361,-1,361,360,362,-1,361,362,363,-1,363,362,364,-1,363,364,365,-1,365,364,351,-1,365,351,352,-1,354,353,366,-1,366,353,367,-1,366,367,368,-1,368,367,369,-1,368,369,370,-1,370,369,371,-1,370,371,372,-1,372,371,373,-1,372,373,374,-1,374,373,375,-1,374,375,376,-1,376,375,377,-1,378,379,380,-1,378,380,381,-1,381,380,376,-1,381,376,377,-1,379,378,382,-1,382,378,383,-1,382,383,384,-1,328,327,385,-1,328,385,386,-1,386,385,384,-1,386,384,383,-1,387,388,380,-1,380,388,376,-1,388,389,376,-1,376,389,390,-1,376,390,374,-1,374,390,391,-1,374,391,372,-1,372,391,370,-1,370,391,392,-1,370,392,368,-1,368,392,393,-1,368,393,366,-1,366,393,394,-1,366,394,354,-1,354,394,356,-1,356,394,395,-1,356,395,358,-1,358,395,396,-1,358,396,360,-1,360,396,397,-1,360,397,362,-1,362,397,398,-1,362,398,364,-1,398,399,364,-1,364,399,400,-1,364,400,351,-1,351,400,401,-1,351,401,349,-1,349,401,402,-1,349,402,347,-1,347,402,403,-1,347,403,345,-1,345,403,343,-1,343,403,404,-1,343,404,341,-1,404,405,341,-1,341,405,406,-1,341,406,339,-1,339,406,407,-1,339,407,337,-1,337,407,408,-1,337,408,335,-1,335,408,409,-1,335,409,333,-1,333,409,331,-1,331,409,410,-1,331,410,329,-1,410,411,329,-1,329,411,412,-1,329,412,327,-1,327,412,413,-1,327,413,385,-1,385,413,414,-1,385,414,384,-1,384,414,415,-1,384,415,382,-1,382,415,387,-1,382,387,379,-1,379,387,380,-1,416,394,417,-1,417,394,393,-1,417,393,418,-1,418,393,392,-1,418,392,419,-1,419,392,391,-1,419,391,420,-1,420,391,390,-1,420,390,421,-1,421,390,389,-1,421,389,388,-1,421,388,422,-1,422,388,387,-1,422,387,423,-1,423,387,424,-1,424,387,415,-1,424,415,425,-1,425,415,414,-1,425,414,426,-1,426,414,413,-1,426,413,427,-1,427,413,428,-1,428,413,412,-1,428,412,429,-1,429,412,411,-1,429,411,430,-1,430,411,410,-1,430,410,431,-1,431,410,409,-1,431,409,432,-1,432,409,408,-1,432,408,433,-1,433,408,407,-1,433,407,434,-1,434,407,406,-1,434,406,435,-1,435,406,405,-1,435,405,436,-1,436,405,404,-1,436,404,437,-1,437,404,403,-1,437,403,438,-1,438,403,402,-1,438,402,439,-1,439,402,401,-1,439,401,440,-1,440,401,400,-1,440,400,441,-1,441,400,399,-1,441,399,442,-1,442,399,398,-1,442,398,443,-1,443,398,444,-1,395,445,396,-1,396,445,444,-1,396,444,397,-1,397,444,398,-1,394,416,395,-1,395,416,446,-1,395,446,445,-1,
        ]
    }
}
Shape{
    appearance Appearance {
        material  Material 	{
            diffuseColor 0.7529411764705882 0.7529411764705882 0.7529411764705882
            specularColor 0.6627450980392157 0.6627450980392157 0.6627450980392157
            ambientIntensity 0.7529
            transparency 0.0
            shininess 0.5
        }
    }
    geometry IndexedFaceSet {
        ccw TRUE
        solid FALSE
        coord DEF co Coordinate {
            point [
                -0.8096 2.517 4.1787, -0.7995 2.517 4.1787, -0.7995 2.5306 4.1291, -0.7995 2.5432 4.0792, -0.8092 2.5432 4.0792, -0.8189 2.5432 4.0792, -0.8299 2.5429 4.0803, -0.8344 2.5428 4.0808, -0.8396 2.5424 4.0823, -0.8433 2.5422 4.0833, -0.8449 2.5419 4.0843, -0.8586 2.5399 4.0927, -0.8643 2.5378 4.1009, -0.8666 2.537 4.1041, -0.8689 2.5357 4.1091, -0.8704 2.535 4.1121, -0.8706 2.5345 4.1139, -0.8728 2.5302 4.1303, -0.8726 2.5293 4.1338, -0.8429 2.5182 4.1746, -0.839 2.5177 4.1764, -0.8371 2.5176 4.1766, -0.8725 2.5292 4.1345, -0.8702 2.5255 4.1479, -0.8699 2.5251 4.1497, -0.8683 2.5242 4.1531, -0.8666 2.5232 4.1565, -0.8656 2.5229 4.1577, -0.8582 2.5204 4.1666, -0.8515 2.5193 4.1706, -0.8197 2.517 4.1787
            ]
        }
        coordIndex [
            0,1,2,-1,3,4,2,-1,2,4,5,-1,2,5,6,-1,6,7,2,-1,2,7,8,-1,2,8,9,-1,9,10,2,-1,2,10,11,-1,2,11,12,-1,12,13,2,-1,2,13,14,-1,2,14,15,-1,15,16,2,-1,2,16,17,-1,2,17,18,-1,19,20,21,-1,18,22,2,-1,2,22,23,-1,2,23,24,-1,24,25,2,-1,2,25,26,-1,2,26,27,-1,27,28,2,-1,2,28,29,-1,2,29,19,-1,19,21,2,-1,2,21,30,-1,2,30,0,-1,
        ]
    }
}
Shape{
    appearance Appearance {
        material  Material 	{
            diffuseColor 0.0 0.0 0.0
            specularColor 0.0 0.0 0.0
            ambientIntensity 0.0
            transparency 0.0
            shininess 0.5
        }
    }
    geometry IndexedFaceSet {
        ccw TRUE
        solid FALSE
        coord DEF co Coordinate {
            point [
                -0.9492 2.5128 4.1935, -0.9492 2.5166 4.1946, -0.9584 2.5166 4.1946, -0.9584 2.5128 4.1935, -0.9676 2.5166 4.1946, -0.9676 2.5128 4.1935, -0.9238 2.5344 4.1301, -0.8983 2.5467 4.0644, -0.8983 2.5506 4.0653, -0.9174 2.5467 4.0644, -0.9174 2.5506 4.0653, -0.9079 2.5506 4.0653, -0.9079 2.5467 4.0644, -0.9238 2.5463 4.0831, -0.9302 2.5381 4.0999, -0.9302 2.5419 4.1008, -0.9858 2.5381 4.0999, -0.9858 2.5419 4.1008, -0.958 2.5419 4.1008, -0.958 2.5381 4.0999, -0.9926 2.5463 4.0831, -0.9994 2.5467 4.0644, -0.9994 2.5506 4.0653, -1.0184 2.5467 4.0644, -1.0184 2.5506 4.0653, -0.993 2.5344 4.1301, -0.9805 2.5382 4.1155, -0.9603 2.5238 4.1691, -0.9578 2.5213 4.1781, -0.9357 2.5382 4.1155, -0.9581 2.5382 4.1155, -0.9556 2.5238 4.1691, -0.9556 2.52 4.1681, -0.9457 2.5273 4.1413, -0.9357 2.5344 4.1145, -0.9581 2.5344 4.1145, -0.9805 2.5344 4.1145, -0.9704 2.5273 4.1413, -0.9603 2.52 4.1681, -0.9591 2.5188 4.1726, -0.9578 2.5175 4.1771, -0.9569 2.5188 4.1723
            ]
        }
        coordIndex [
            0,1,2,-1,0,2,3,-1,3,2,4,-1,3,4,5,-1,1,0,6,-1,6,0,7,-1,6,7,8,-1,9,10,11,-1,9,11,12,-1,12,11,8,-1,12,8,7,-1,10,9,13,-1,13,9,14,-1,13,14,15,-1,16,17,18,-1,16,18,19,-1,19,18,15,-1,19,15,14,-1,17,16,20,-1,20,16,21,-1,20,21,22,-1,23,24,21,-1,21,24,22,-1,24,23,25,-1,25,23,5,-1,25,5,4,-1,26,24,25,-1,26,25,27,-1,27,25,4,-1,27,4,28,-1,10,13,11,-1,11,13,8,-1,29,15,30,-1,30,15,18,-1,30,18,26,-1,26,18,17,-1,26,17,24,-1,24,17,20,-1,24,20,22,-1,13,15,8,-1,8,15,29,-1,8,29,6,-1,6,29,1,-1,29,31,1,-1,1,31,28,-1,1,28,2,-1,2,28,4,-1,32,31,33,-1,33,31,29,-1,33,29,34,-1,34,29,30,-1,34,30,35,-1,35,30,26,-1,35,26,36,-1,36,26,37,-1,37,26,27,-1,37,27,38,-1,38,27,39,-1,39,27,28,-1,39,28,40,-1,40,28,41,-1,41,28,31,-1,41,31,32,-1,
        ]
    }
}
Shape{
    appearance Appearance {
        material  Material 	{
            diffuseColor 0.7529411764705882 0.7529411764705882 0.7529411764705882
            specularColor 0.6627450980392157 0.6627450980392157 0.6627450980392157
            ambientIntensity 0.7529
            transparency 0.0
            shininess 0.5
        }
    }
    geometry IndexedFaceSet {
        ccw TRUE
        solid FALSE
        coord DEF co Coordinate {
            point [
                -0.9457 2.5273 4.1413, -0.9357 2.5344 4.1145, -0.9581 2.5344 4.1145, -0.9603 2.52 4.1681, -0.9704 2.5273 4.1413, -0.9805 2.5344 4.1145, -0.9556 2.52 4.1681, -0.9569 2.5188 4.1723, -0.9591 2.5188 4.1726, -0.9578 2.5175 4.1771
            ]
        }
        coordIndex [
            0,1,2,-1,3,2,4,-1,4,2,5,-1,0,2,6,-1,6,2,3,-1,6,3,7,-1,7,3,8,-1,7,8,9,-1,
        ]
    }
}
Shape{
    appearance Appearance {
        material  Material 	{
            diffuseColor 0.0 0.0 0.0
            specularColor 0.0 0.0 0.0
            ambientIntensity 0.0
            transparency 0.0
            shininess 0.5
        }
    }
    geometry IndexedFaceSet {
        ccw TRUE
        solid FALSE
        coord DEF co Coordinate {
            point [
                -0.1713 2.5404 4.1066, -0.1713 2.5366 4.1056, -0.182 2.5365 4.1218, -0.1821 2.5327 4.1208, -0.1917 2.5329 4.1359, -0.1896 2.53 4.1314, -0.1947 2.531 4.1427, -0.1944 2.5272 4.1418, -0.2008 2.5272 4.1569, -0.2006 2.5236 4.155, -0.2011 2.5267 4.1585, -0.201 2.5229 4.1575, -0.2016 2.5257 4.162, -0.2015 2.5219 4.161, -0.2065 2.5168 4.1937, -0.2065 2.5131 4.1926, -0.1834 2.4964 4.2612, -0.1856 2.4979 4.2562, -0.1851 2.4936 4.257, -0.1999 2.5093 4.2193, -0.1986 2.5041 4.223, -0.1987 2.5078 4.2241, -0.1983 2.5074 4.2257, -0.1979 2.5032 4.2258, -0.1964 2.5056 4.2317, -0.1959 2.5017 4.2308, -0.1963 2.5054 4.2321, -0.1859 2.4942 4.2551, -0.1766 2.4935 4.2701, -0.1765 2.4898 4.2689, -0.1722 2.4917 4.2758, -0.1727 2.4881 4.2741, -0.1656 2.49 4.281, -0.1657 2.4862 4.2799, -0.1591 2.4844 4.2854, -0.1497 2.4859 4.2935, -0.1545 2.4832 4.2892, -0.1463 2.4853 4.2952, -0.1461 2.4817 4.2936, -0.1126 2.4796 4.3125, -0.1126 2.4758 4.3112, -0.1076 2.4761 4.3225, -0.1072 2.4724 4.321, -0.1004 2.4714 4.3361, -0.0997 2.4678 4.3344, -0.0913 2.4662 4.3508, -0.0917 2.4627 4.349, -0.0913 2.4625 4.3495, -0.0613 2.4545 4.3832, -0.0613 2.4508 4.3819, -0.0206 2.445 4.4084, -0.0214 2.4415 4.4066, -0.0199 2.4449 4.4087, -0.0199 2.4412 4.4072, 0.0045 2.4411 4.4185, 0.0046 2.4376 4.4168, 0.0115 2.44 4.4214, 0.0149 2.436 4.4208, 0.0251 2.4393 4.4233, 0.025 2.4355 4.4222, 0.0677 2.4369 4.4294, 0.0677 2.4332 4.428, 0.071 2.437 4.4291, 0.071 2.4333 4.4277, 0.1816 2.4464 4.3935, 0.1816 2.4501 4.3949, 0.1443 2.4393 4.4123, 0.1438 2.4433 4.4128, 0.1365 2.4378 4.4162, 0.1277 2.4404 4.4204, 0.121 2.4364 4.4197, 0.1211 2.4399 4.4218, 0.0982 2.4344 4.4249, 0.0995 2.4382 4.4261, 0.0824 2.4374 4.4281, 0.1883 2.4484 4.3883, 0.204 2.4569 4.3767, 0.2233 2.4608 4.3543, 0.2233 2.4645 4.3556, 0.2451 2.4602 4.3561, 0.2451 2.4639 4.3574, 0.2344 2.4641 4.3568, 0.2344 2.4605 4.3552, 0.2888 2.4664 4.3504, 0.2879 2.4625 4.3497, 0.2888 2.4626 4.3493, 0.3543 2.4752 4.3131, 0.3543 2.4789 4.3144, 0.3246 2.468 4.3337, 0.3247 2.4717 4.3352, 0.3163 2.4661 4.3395, 0.318 2.4701 4.3399, 0.308 2.465 4.3425, 0.308 2.4687 4.3438, 0.2929 2.4666 4.3497, 0.3818 2.4912 4.2775, 0.3794 2.4901 4.2808, 0.3796 2.4863 4.2797, 0.3793 2.4861 4.2804, 0.3755 2.4844 4.2854, 0.3877 2.4955 4.264, 0.3876 2.4917 4.2627, 0.3922 2.4988 4.2536, 0.3917 2.4945 4.2541, 0.3935 2.5013 4.2453, 0.3934 2.4976 4.2441, 0.3976 2.5092 4.2193, 0.3989 2.508 4.21, 0.3989 2.5117 4.2111, 0.3984 2.5126 4.208, 0.3984 2.5089 4.2068, 0.393 2.5228 4.1728, 0.394 2.5176 4.1765, 0.3909 2.5244 4.1669, 0.3905 2.5206 4.166, 0.3842 2.5295 4.1483, 0.3845 2.5256 4.1477, 0.3842 2.5257 4.1473, 0.384 2.5297 4.1477, 0.3793 2.5276 4.14, 0.359 2.5354 4.1103, 0.359 2.5392 4.1113, 0.3794 2.5314 4.141, 0.3298 2.5411 4.0874, 0.3386 2.5436 4.0938, 0.3506 2.5412 4.1038, 0.2832 2.5463 4.0661, 0.2832 2.5502 4.067, 0.314 2.5434 4.0783, 0.3139 2.5472 4.0795, 0.3222 2.5426 4.0815, 0.3243 2.5461 4.0837, 0.3302 2.5451 4.0879, 0.2762 2.5528 4.0555, 0.2761 2.549 4.0547, 0.2713 2.5547 4.0474, 0.2678 2.5521 4.0414, 0.2658 2.5563 4.0405, 0.2661 2.5525 4.0395, 0.2559 2.5592 4.0278, 0.2543 2.5556 4.0258, 0.2544 2.5594 4.0266, 0.2526 2.556 4.0239, 0.2453 2.561 4.0193, 0.2452 2.5571 4.0187, 0.244 2.5613 4.0182, 0.2405 2.5579 4.0154, 0.2353 2.5621 4.0144, 0.2354 2.5583 4.0134, 0.2262 2.563 4.0104, 0.2239 2.5593 4.0089, 0.2208 2.5632 4.0094, 0.2209 2.5594 4.0084, 0.193 2.5643 4.0039, 0.193 2.5605 4.0031, 0.1748 2.5632 4.0093, 0.1749 2.5593 4.0088, 0.1565 2.562 4.0147, 0.1491 2.5576 4.0168, 0.1451 2.5608 4.0202, 0.145 2.557 4.0191, 0.1337 2.5596 4.0257, 0.1311 2.5553 4.0269, 0.1312 2.5592 4.0278, 0.1299 2.5552 4.0275, 0.123 2.5577 4.0345, 0.1232 2.5538 4.0338, 0.1227 2.5576 4.0347, 0.1199 2.5531 4.0369, 0.1168 2.5559 4.0425, 0.1169 2.552 4.0417, 0.1142 2.5551 4.046, 0.1108 2.5533 4.0535, 0.111 2.5498 4.0511, 0.1106 2.5495 4.0525, 0.1068 2.5513 4.0623, 0.1069 2.5465 4.0652, 0.0981 2.5392 4.0955, 0.0981 2.543 4.0965, 0.1059 2.5504 4.0658, 0.0981 2.5368 4.1047, 0.0981 2.5407 4.1057, 0.0317 2.5318 4.1397, -0.0347 2.5188 4.1726, -0.0347 2.5226 4.1736, -0.0053 2.5085 4.222, -0.007 2.5093 4.2193, -0.0053 2.5047 4.2209, -0.02 2.5156 4.1978, 0.0001 2.5093 4.2193, 0.0583 2.5179 4.1901, 0.1218 2.5231 4.157, 0.1218 2.5269 4.1581, 0.1259 2.5259 4.1616, 0.1423 2.5226 4.1735, 0.1419 2.5186 4.173, 0.143 2.5184 4.1739, 0.1502 2.521 4.1793, 0.1543 2.5167 4.1797, 0.1542 2.5205 4.1808, 0.1594 2.516 4.1823, 0.1653 2.5193 4.1852, 0.1656 2.5157 4.1833, 0.193 2.5143 4.1881, 0.193 2.5181 4.1892, 0.1654 2.5193 4.1852, 0.2013 2.5186 4.1876, 0.2179 2.5199 4.1829, 0.2182 2.5159 4.1827, 0.2184 2.5159 4.1826, 0.2373 2.5215 4.1775, 0.2371 2.5178 4.176, 0.2373 2.5215 4.1775, 0.2416 2.5183 4.1743, 0.2485 2.5232 4.1712, 0.2484 2.5195 4.17, 0.2513 2.5237 4.1696, 0.2545 2.5206 4.166, 0.2569 2.5252 4.164, 0.2571 2.5214 4.1632, 0.2648 2.5273 4.1563, 0.2664 2.5241 4.1532, 0.2677 2.5286 4.1517, 0.2679 2.5248 4.1508, 0.2822 2.5347 4.1288, 0.2822 2.5309 4.1278, 0.2858 2.5341 4.1311, 0.2927 2.5327 4.1364, 0.2929 2.529 4.1349, 0.293 2.529 4.135, 0.314 2.5283 4.1528, 0.3139 2.5245 4.1519, 0.3161 2.5279 4.1544, 0.3177 2.5236 4.155, 0.3232 2.5254 4.1632, 0.3231 2.5216 4.1622, 0.3259 2.5245 4.1667, 0.327 2.5202 4.1676, 0.3287 2.5228 4.1727, 0.3287 2.519 4.1716, 0.3325 2.5204 4.1811, 0.3336 2.5156 4.1836, 0.3336 2.5188 4.1866, 0.334 2.5151 4.1854, 0.3391 2.5112 4.213, 0.3391 2.5074 4.2118, 0.3371 2.5093 4.2193, 0.3334 2.5057 4.2309, 0.3331 2.502 4.2297, 0.328 2.5004 4.2483, 0.3251 2.4946 4.2538, 0.3223 2.497 4.259, 0.3226 2.4933 4.2579, 0.3166 2.4936 4.2699, 0.3147 2.4891 4.2711, 0.3146 2.4929 4.2722, 0.3141 2.4888 4.2721, 0.3078 2.4903 4.28, 0.3075 2.4867 4.2786, 0.3074 2.4902 4.2804, 0.3044 2.4857 4.2816, 0.2995 2.4884 4.2859, 0.2995 2.4847 4.2845, 0.298 2.4844 4.2854, 0.2957 2.4876 4.2885, 0.2882 2.4865 4.2916, 0.2899 2.4829 4.2901, 0.2883 2.4827 4.2905, 0.279 2.4853 4.2954, 0.2752 2.4816 4.294, 0.2442 2.4788 4.3023, 0.2442 2.4826 4.3035, 0.2755 2.485 4.2962, 0.2297 2.4832 4.3015, 0.2297 2.4795 4.3003, 0.2181 2.4838 4.2999, 0.2183 2.48 4.2987, 0.2145 2.4843 4.2984, 0.2145 2.4805 4.2972, 0.1939 2.4871 4.29, 0.1939 2.4833 4.2888, 0.1796 2.4794 4.313, 0.1795 2.4756 4.3116, 0.1777 2.4783 4.3161, 0.1723 2.4757 4.3239, 0.1745 2.473 4.3194, 0.1718 2.4755 4.3244, 0.1715 2.4718 4.323, 0.1543 2.4686 4.344, 0.1545 2.4649 4.3428, 0.1531 2.4643 4.3445, 0.0668 2.4534 4.3748, 0.0668 2.4571 4.3761, 0.1046 2.456 4.3676, 0.1047 2.4596 4.3694, 0.114 2.4567 4.3658, 0.1085 2.4598 4.3687, 0.128 2.4587 4.3601, 0.1279 2.4625 4.3613, 0.1362 2.4599 4.3568, 0.1358 2.4636 4.3583, 0.1416 2.4613 4.3529, 0.1416 2.465 4.3542, 0.151 2.4673 4.3477, 0.0381 2.4588 4.3714, 0.0437 2.4547 4.3711, 0.0202 2.4607 4.3663, 0.0202 2.457 4.365, 0.0067 2.4621 4.3624, 0.0093 2.458 4.3621, 0.0005 2.4634 4.3588, 0.0006 2.4597 4.3574, -0.0177 2.4672 4.3482, -0.0151 2.4628 4.3488, -0.0178 2.4672 4.3481, -0.0176 2.4636 4.3465, -0.033 2.4723 4.3334, -0.0332 2.4686 4.3323, -0.0377 2.474 4.3288, -0.0356 2.4694 4.33, -0.0446 2.4777 4.3177, -0.0445 2.474 4.3164, -0.0517 2.4817 4.3061, -0.051 2.4774 4.3064, -0.0535 2.4834 4.3008, -0.0661 2.4918 4.2625, -0.0661 2.4956 4.2637, -0.0582 2.4843 4.2853, -0.0533 2.4797 4.2995, -0.0736 2.4918 4.2625, -0.0736 2.4956 4.2637, -0.0864 2.4968 4.2599, -0.0866 2.4929 4.2591, -0.0885 2.4931 4.2586, -0.1066 2.4987 4.2539, -0.1108 2.4957 4.2503, -0.1108 2.4994 4.2517, -0.1152 2.4962 4.2487, -0.1218 2.5012 4.2459, -0.1216 2.4975 4.2444, -0.1221 2.5012 4.2457, -0.1265 2.4986 4.241, -0.1279 2.5027 4.2409, -0.1281 2.5028 4.2407, -0.128 2.4991 4.2394, -0.1329 2.5046 4.2347, -0.1329 2.5008 4.2339, -0.1331 2.5008 4.2336, -0.1413 2.5062 4.2158, -0.1408 2.5093 4.2193, -0.1402 2.505 4.2199, -0.1405 2.509 4.2202, -0.1375 2.5034 4.2252, -0.1376 2.5072 4.2264, -0.1345 2.5053 4.2327, -0.1476 2.5133 4.1917, -0.1476 2.5171 4.1928, -0.1414 2.51 4.2169, -0.1453 2.5196 4.184, -0.1387 2.5248 4.1653, -0.1389 2.5211 4.1642, -0.1351 2.5277 4.1549, -0.1368 2.5229 4.1575, -0.1329 2.5286 4.1516, -0.1327 2.5248 4.1507, -0.1274 2.5308 4.1435, -0.1289 2.5265 4.1444, -0.1272 2.527 4.1427, -0.1212 2.5323 4.1381, -0.1214 2.5285 4.137, -0.1213 2.5285 4.1369, -0.1196 2.5326 4.1367, -0.1131 2.5297 4.1322, -0.0793 2.5329 4.1203, -0.0793 2.5367 4.1213, -0.1037 2.5309 4.1279, -0.1037 2.5347 4.1289, -0.1077 2.5306 4.1291, -0.1076 2.5344 4.1301, -0.1132 2.5336 4.1332, -0.0366 2.5329 4.1203, -0.0366 2.5367 4.1213, -0.058 2.5367 4.1213, -0.058 2.5329 4.1203, -0.0309 2.5326 4.1213, -0.0309 2.5364 4.1223, -0.0338 2.5365 4.1218, -0.0338 2.5327 4.1208, -0.0241 2.5369 4.1202, -0.0253 2.533 4.1197, -0.0241 2.5331 4.1193, -0.0193 2.5373 4.1188, -0.0157 2.5339 4.1161, -0.0158 2.5378 4.1171, -0.0145 2.5341 4.1157, -0.0124 2.5382 4.1154, -0.0116 2.5346 4.1137, -0.0116 2.5384 4.1148, -0.009 2.5389 4.1127, -0.0099 2.5349 4.1126, -0.0091 2.5351 4.1117, -0.009 2.5389 4.1126, -0.0074 2.5356 4.1097, -0.0071 2.5395 4.1101, -0.0071 2.5357 4.1092, -0.0063 2.5398 4.109, -0.0053 2.5366 4.1057, -0.0015 2.5399 4.0928, -0.0015 2.5437 4.0937, -0.0039 2.5376 4.1019, -0.0038 2.5414 4.1029, -0.0045 2.537 4.1041, -0.0041 2.5411 4.104, -0.0053 2.5404 4.1067, -0.0033 2.5451 4.0878, -0.0034 2.5413 4.0869, -0.0051 2.5465 4.0821, -0.0057 2.5431 4.0796, -0.0064 2.5472 4.0795, -0.0064 2.5433 4.0786, -0.0084 2.5481 4.0757, -0.0088 2.5443 4.0745, -0.0087 2.5482 4.0754, -0.009 2.5444 4.074, -0.0102 2.5486 4.0736, -0.0103 2.5447 4.0727, -0.0103 2.5486 4.0735, -0.0121 2.5452 4.071, -0.0127 2.5491 4.0716, -0.0127 2.5452 4.0706, -0.0138 2.5493 4.0707, -0.016 2.5457 4.0687, -0.029 2.5468 4.0642, -0.029 2.5506 4.0651, -0.0199 2.5461 4.067, -0.0199 2.55 4.0678, -0.0176 2.5459 4.0678, -0.0189 2.5499 4.0681, -0.016 2.5495 4.0696, -0.085 2.5468 4.0641, -0.085 2.5506 4.0651, -0.057 2.5506 4.0651, -0.057 2.5468 4.0642, -0.1034 2.5496 4.0694, -0.1034 2.5458 4.0683, -0.1201 2.5486 4.0733, -0.1159 2.5451 4.0711, -0.1272 2.5479 4.0765, -0.1271 2.544 4.0758, -0.1413 2.5463 4.0828, -0.1404 2.5427 4.0814, -0.1434 2.5459 4.0845, -0.1433 2.5421 4.0836, -0.1454 2.5455 4.0861, -0.1454 2.5417 4.0852, 0.1792 2.5351 4.1274, 0.1744 2.5357 4.125, 0.1706 2.5362 4.1232, 0.1697 2.5364 4.1225, 0.1669 2.537 4.1202, 0.166 2.5372 4.1191, 0.1626 2.5383 4.1149, 0.1625 2.5384 4.1147, 0.16 2.5397 4.1095, 0.1586 2.5405 4.1064, 0.158 2.5414 4.1029, 0.157 2.5428 4.0973, 0.157 2.5431 4.096, 0.157 2.5432 4.0955, 0.157 2.5434 4.095, 0.1579 2.5449 4.0885, 0.1583 2.5456 4.086, 0.1597 2.5465 4.0823, 0.1612 2.5474 4.0785, 0.1623 2.5478 4.077, 0.1653 2.5488 4.0726, 0.1653 2.5488 4.0726, 0.1692 2.5496 4.0692, 0.1704 2.5499 4.0681, 0.1738 2.5503 4.0664, 0.1779 2.5508 4.0642, 0.1803 2.551 4.0635, 0.194 2.5519 4.0596, 0.2069 2.5511 4.063, 0.2072 2.5511 4.0631, 0.214 2.5503 4.0663, 0.2163 2.5501 4.0673, 0.2183 2.5497 4.0689, 0.2215 2.5491 4.0715, 0.2217 2.549 4.0717, 0.225 2.548 4.076, 0.2259 2.5477 4.0771, 0.2277 2.5467 4.0813, 0.2295 2.5457 4.0855, 0.2299 2.5451 4.0877, 0.2309 2.5435 4.0944, 0.2309 2.5435 4.0945, 0.231 2.5431 4.096, 0.231 2.5431 4.096, 0.23 2.5414 4.1027, 0.2297 2.5409 4.105, 0.2281 2.5398 4.109, 0.2268 2.539 4.1124, 0.2256 2.5385 4.1142, 0.2225 2.5374 4.1187, 0.2224 2.5373 4.1188, 0.2186 2.5365 4.122, 0.2172 2.5362 4.1232, 0.2139 2.5357 4.1249, 0.1817 2.5349 4.1281, 0.194 2.534 4.1315, 0.2076 2.535 4.1276, 0.2097 2.5352 4.127, 0.194 2.5302 4.1305, 0.1817 2.5311 4.127, 0.1781 2.5314 4.126, 0.1744 2.5319 4.1241, 0.1701 2.5325 4.1218, 0.1697 2.5326 4.1215, 0.166 2.5334 4.1181, 0.1651 2.5337 4.1172, 0.1628 2.5345 4.1138, 0.1607 2.5354 4.1105, 0.16 2.5359 4.1085, 0.1577 2.5375 4.102, 0.1577 2.5376 4.1018, 0.1571 2.5393 4.095, 0.194 2.5481 4.0587, 0.1802 2.5472 4.0625, 0.1799 2.5472 4.0625, 0.1738 2.5465 4.0655, 0.1712 2.5462 4.0667, 0.1692 2.5458 4.0683, 0.1661 2.5452 4.0709, 0.1654 2.545 4.0718, 0.1622 2.5439 4.076, 0.1618 2.5438 4.0766, 0.1597 2.5427 4.0814, 0.1584 2.5419 4.0846, 0.1579 2.5411 4.0876, 0.157 2.5397 4.0934, 0.1571 2.5394 4.0945, 0.2068 2.5472 4.0623, 0.2098 2.547 4.0632, 0.214 2.5465 4.0654, 0.2178 2.546 4.0674, 0.2183 2.5459 4.0679, 0.2217 2.5452 4.0709, 0.2229 2.5449 4.072, 0.2249 2.5442 4.0751, 0.2273 2.5433 4.0787, 0.2278 2.5429 4.0803, 0.23 2.5413 4.0868, 0.2302 2.5412 4.0874, 0.2307 2.5396 4.0936, 0.2077 2.5312 4.1268, 0.2078 2.5312 4.1267, 0.2139 2.5319 4.1239, 0.2165 2.5322 4.1227, 0.2185 2.5327 4.121, 0.2216 2.5333 4.1186, 0.2223 2.5335 4.1177, 0.2257 2.5347 4.1133, 0.2261 2.5348 4.1128, 0.2281 2.536 4.108, 0.2295 2.5368 4.1048, 0.23 2.5376 4.1017, 0.2309 2.5391 4.0959, 0.2309 2.5393 4.095
            ]
        }
        coordIndex [
            0,1,2,-1,2,1,3,-1,2,3,4,-1,4,3,5,-1,4,5,6,-1,6,5,7,-1,6,7,8,-1,8,7,9,-1,8,9,10,-1,10,9,11,-1,10,11,12,-1,12,11,13,-1,12,13,14,-1,14,13,15,-1,16,17,18,-1,14,15,19,-1,19,15,20,-1,19,20,21,-1,21,20,22,-1,22,20,23,-1,22,23,24,-1,24,23,25,-1,24,25,26,-1,26,25,17,-1,17,25,27,-1,17,27,18,-1,16,18,28,-1,28,18,29,-1,28,29,30,-1,30,29,31,-1,30,31,32,-1,31,33,32,-1,32,33,34,-1,32,34,35,-1,35,34,36,-1,35,36,37,-1,37,36,38,-1,37,38,39,-1,39,38,40,-1,39,40,41,-1,41,40,42,-1,41,42,43,-1,43,42,44,-1,43,44,45,-1,44,46,45,-1,45,46,47,-1,45,47,48,-1,48,47,49,-1,48,49,50,-1,50,49,51,-1,50,51,52,-1,52,51,53,-1,52,53,54,-1,54,53,55,-1,54,55,56,-1,56,55,57,-1,56,57,58,-1,58,57,59,-1,58,59,60,-1,60,59,61,-1,60,61,62,-1,62,61,63,-1,64,65,66,-1,66,65,67,-1,66,67,68,-1,68,67,69,-1,68,69,70,-1,70,69,71,-1,70,71,72,-1,72,71,73,-1,72,73,63,-1,63,73,74,-1,63,74,62,-1,65,64,75,-1,65,75,76,-1,76,75,77,-1,76,77,78,-1,79,80,81,-1,79,81,82,-1,82,81,78,-1,82,78,77,-1,80,79,83,-1,83,79,84,-1,83,84,85,-1,86,87,88,-1,88,87,89,-1,88,89,90,-1,90,89,91,-1,90,91,92,-1,92,91,93,-1,92,93,85,-1,85,93,94,-1,85,94,83,-1,95,96,97,-1,97,96,98,-1,87,86,96,-1,96,86,99,-1,96,99,98,-1,95,97,100,-1,100,97,101,-1,100,101,102,-1,102,101,103,-1,102,103,104,-1,104,103,105,-1,104,105,106,-1,106,105,107,-1,106,107,108,-1,108,107,109,-1,109,107,110,-1,109,110,111,-1,111,110,112,-1,111,112,113,-1,113,112,114,-1,113,114,115,-1,114,116,115,-1,115,116,117,-1,115,117,118,-1,118,117,119,-1,120,121,119,-1,119,121,122,-1,119,122,118,-1,123,124,120,-1,120,124,125,-1,120,125,121,-1,126,127,128,-1,128,127,129,-1,128,129,130,-1,130,129,131,-1,130,131,123,-1,123,131,132,-1,123,132,124,-1,127,126,133,-1,133,126,134,-1,133,134,135,-1,135,134,136,-1,135,136,137,-1,137,136,138,-1,137,138,139,-1,139,138,140,-1,139,140,141,-1,141,140,142,-1,141,142,143,-1,143,142,144,-1,143,144,145,-1,145,144,146,-1,145,146,147,-1,147,146,148,-1,147,148,149,-1,149,148,150,-1,149,150,151,-1,151,150,152,-1,151,152,153,-1,153,152,154,-1,153,154,155,-1,155,154,156,-1,155,156,157,-1,157,156,158,-1,157,158,159,-1,159,158,160,-1,159,160,161,-1,161,160,162,-1,161,162,163,-1,163,162,164,-1,163,164,165,-1,165,164,166,-1,165,166,167,-1,167,166,168,-1,167,168,169,-1,169,168,170,-1,169,170,171,-1,171,170,172,-1,170,173,172,-1,172,173,174,-1,172,174,175,-1,175,174,176,-1,177,178,176,-1,176,178,179,-1,176,179,175,-1,180,181,177,-1,177,181,178,-1,181,180,182,-1,182,180,183,-1,182,183,184,-1,185,186,187,-1,187,186,188,-1,187,188,183,-1,183,188,184,-1,189,185,187,-1,189,187,190,-1,190,187,191,-1,190,191,192,-1,193,192,191,-1,193,191,194,-1,191,195,194,-1,194,195,196,-1,194,196,197,-1,197,196,198,-1,197,198,199,-1,199,198,200,-1,199,200,201,-1,201,200,202,-1,203,204,202,-1,202,204,205,-1,202,205,201,-1,206,204,203,-1,206,203,207,-1,203,208,207,-1,207,208,209,-1,207,209,210,-1,210,209,211,-1,210,211,212,-1,212,211,213,-1,212,213,214,-1,214,213,215,-1,214,215,216,-1,216,215,217,-1,216,217,218,-1,218,217,219,-1,218,219,220,-1,220,219,221,-1,220,221,222,-1,222,221,223,-1,222,223,224,-1,224,223,225,-1,226,224,225,-1,226,225,227,-1,225,228,227,-1,227,228,229,-1,227,229,230,-1,230,229,231,-1,230,231,232,-1,232,231,233,-1,232,233,234,-1,234,233,235,-1,234,235,236,-1,236,235,237,-1,236,237,238,-1,238,237,239,-1,238,239,240,-1,240,239,241,-1,240,241,242,-1,242,241,243,-1,242,243,244,-1,244,243,245,-1,246,244,245,-1,246,245,247,-1,247,245,248,-1,247,248,249,-1,249,248,250,-1,249,250,251,-1,251,250,252,-1,251,252,253,-1,253,252,254,-1,253,254,255,-1,255,254,256,-1,255,256,257,-1,257,256,258,-1,257,258,259,-1,259,258,260,-1,259,260,261,-1,260,262,261,-1,261,262,263,-1,261,263,264,-1,264,263,265,-1,263,266,265,-1,265,266,267,-1,265,267,268,-1,268,267,269,-1,270,271,269,-1,269,271,272,-1,269,272,268,-1,271,270,273,-1,273,270,274,-1,273,274,275,-1,275,274,276,-1,275,276,277,-1,277,276,278,-1,277,278,279,-1,279,278,280,-1,279,280,281,-1,281,280,282,-1,281,282,283,-1,283,282,284,-1,284,282,285,-1,284,285,286,-1,286,285,287,-1,286,287,288,-1,288,287,289,-1,288,289,290,-1,291,292,293,-1,293,292,294,-1,293,294,295,-1,295,294,296,-1,295,296,297,-1,297,296,298,-1,297,298,299,-1,299,298,300,-1,299,300,301,-1,301,300,302,-1,301,302,290,-1,290,302,303,-1,290,303,288,-1,292,291,304,-1,304,291,305,-1,304,305,306,-1,306,305,307,-1,306,307,308,-1,308,307,309,-1,308,309,310,-1,310,309,311,-1,310,311,312,-1,312,311,313,-1,312,313,314,-1,314,313,315,-1,314,315,316,-1,316,315,317,-1,316,317,318,-1,318,317,319,-1,318,319,320,-1,320,319,321,-1,320,321,322,-1,322,321,323,-1,322,323,324,-1,325,326,327,-1,327,326,324,-1,327,324,328,-1,328,324,323,-1,329,330,325,-1,325,330,326,-1,331,330,329,-1,329,332,331,-1,331,332,333,-1,331,333,334,-1,334,333,335,-1,334,335,336,-1,336,335,337,-1,336,337,338,-1,338,337,339,-1,338,339,340,-1,340,339,341,-1,340,341,342,-1,342,341,343,-1,343,341,344,-1,343,344,345,-1,345,344,346,-1,345,346,347,-1,348,349,350,-1,350,349,351,-1,350,351,352,-1,352,351,353,-1,352,353,347,-1,347,353,354,-1,347,354,345,-1,355,356,348,-1,348,356,357,-1,348,357,349,-1,358,356,355,-1,358,355,359,-1,359,355,360,-1,359,360,361,-1,361,360,362,-1,361,362,363,-1,363,362,364,-1,363,364,365,-1,364,366,365,-1,365,366,367,-1,365,367,368,-1,367,369,368,-1,368,369,370,-1,368,370,371,-1,371,370,372,-1,373,374,375,-1,375,374,376,-1,375,376,377,-1,377,376,378,-1,377,378,372,-1,372,378,379,-1,372,379,371,-1,380,381,382,-1,380,382,383,-1,383,382,374,-1,383,374,373,-1,384,385,386,-1,384,386,387,-1,387,386,381,-1,387,381,380,-1,388,385,384,-1,384,389,388,-1,388,389,390,-1,388,390,391,-1,391,390,392,-1,391,392,393,-1,393,392,394,-1,393,394,395,-1,395,394,396,-1,395,396,397,-1,397,396,398,-1,396,399,398,-1,398,399,400,-1,398,400,401,-1,401,400,402,-1,401,402,403,-1,403,402,404,-1,403,404,405,-1,405,404,406,-1,407,408,409,-1,409,408,410,-1,409,410,411,-1,411,410,412,-1,411,412,406,-1,406,412,413,-1,406,413,405,-1,408,407,414,-1,414,407,415,-1,414,415,416,-1,416,415,417,-1,416,417,418,-1,418,417,419,-1,418,419,420,-1,420,419,421,-1,420,421,422,-1,422,421,423,-1,422,423,424,-1,424,423,425,-1,424,425,426,-1,426,425,427,-1,426,427,428,-1,428,427,429,-1,428,429,430,-1,430,429,431,-1,432,433,434,-1,434,433,435,-1,434,435,436,-1,436,435,437,-1,436,437,431,-1,431,437,438,-1,431,438,430,-1,439,440,441,-1,439,441,442,-1,442,441,433,-1,442,433,432,-1,440,439,443,-1,443,439,444,-1,443,444,445,-1,445,444,446,-1,445,446,447,-1,447,446,448,-1,447,448,449,-1,449,448,450,-1,449,450,451,-1,451,450,452,-1,451,452,453,-1,453,452,454,-1,453,454,0,-1,0,454,1,-1,189,186,185,-1,435,433,398,-1,6,359,4,-1,4,359,361,-1,4,361,2,-1,2,361,363,-1,2,363,0,-1,363,365,0,-1,0,365,368,-1,0,368,453,-1,453,368,371,-1,453,371,451,-1,451,371,379,-1,451,379,449,-1,449,379,447,-1,447,379,378,-1,447,378,445,-1,445,378,376,-1,445,376,443,-1,443,376,374,-1,443,374,440,-1,386,385,388,-1,440,374,441,-1,441,374,382,-1,441,382,433,-1,433,382,381,-1,433,381,386,-1,386,388,433,-1,433,388,391,-1,433,391,393,-1,393,395,433,-1,433,395,397,-1,433,397,398,-1,410,408,414,-1,410,414,412,-1,412,414,413,-1,413,414,416,-1,413,416,418,-1,418,420,413,-1,413,420,422,-1,413,422,424,-1,424,426,413,-1,413,426,428,-1,413,428,405,-1,405,428,403,-1,403,428,430,-1,403,430,438,-1,398,401,435,-1,435,401,403,-1,435,403,437,-1,437,403,438,-1,39,330,331,-1,6,8,359,-1,359,8,10,-1,359,10,358,-1,358,10,12,-1,358,12,356,-1,356,12,14,-1,356,14,357,-1,357,14,19,-1,357,19,349,-1,349,19,21,-1,331,334,39,-1,39,334,336,-1,39,336,37,-1,37,336,338,-1,37,338,35,-1,35,338,340,-1,35,340,32,-1,32,340,342,-1,32,342,30,-1,30,342,343,-1,30,343,28,-1,28,343,345,-1,28,345,16,-1,16,345,354,-1,16,354,17,-1,17,354,353,-1,17,353,26,-1,26,353,351,-1,26,351,24,-1,24,351,349,-1,24,349,22,-1,22,349,21,-1,277,279,78,-1,78,279,281,-1,78,281,283,-1,303,65,288,-1,288,65,76,-1,288,76,286,-1,286,76,78,-1,286,78,284,-1,284,78,283,-1,303,302,65,-1,65,302,300,-1,65,300,67,-1,67,300,298,-1,67,298,69,-1,69,298,296,-1,69,296,71,-1,71,296,294,-1,71,294,73,-1,73,294,292,-1,73,292,74,-1,74,292,62,-1,306,56,304,-1,304,56,58,-1,304,58,292,-1,292,58,60,-1,292,60,62,-1,312,48,310,-1,310,48,50,-1,310,50,308,-1,308,50,52,-1,308,52,306,-1,306,52,54,-1,306,54,56,-1,312,314,48,-1,48,314,316,-1,48,316,45,-1,316,318,45,-1,45,318,320,-1,45,320,43,-1,43,320,322,-1,43,322,41,-1,41,322,324,-1,41,324,39,-1,39,324,326,-1,39,326,330,-1,95,249,96,-1,96,249,251,-1,96,251,87,-1,251,253,87,-1,87,253,255,-1,87,255,257,-1,257,259,87,-1,87,259,261,-1,87,261,89,-1,89,261,264,-1,89,264,91,-1,91,264,265,-1,91,265,93,-1,93,265,94,-1,94,265,268,-1,94,268,83,-1,83,268,272,-1,83,272,80,-1,80,272,271,-1,80,271,81,-1,81,271,273,-1,81,273,78,-1,78,273,275,-1,78,275,277,-1,165,192,163,-1,163,192,161,-1,165,167,192,-1,192,167,169,-1,192,169,171,-1,171,172,192,-1,192,172,175,-1,192,175,179,-1,182,184,188,-1,179,178,192,-1,192,178,181,-1,192,181,190,-1,190,181,182,-1,190,182,189,-1,189,182,188,-1,189,188,186,-1,199,455,197,-1,197,455,456,-1,197,456,194,-1,456,457,194,-1,194,457,458,-1,194,458,193,-1,193,458,459,-1,193,459,192,-1,192,459,460,-1,192,460,461,-1,461,462,192,-1,192,462,463,-1,192,463,464,-1,464,465,192,-1,192,465,466,-1,192,466,467,-1,467,468,192,-1,192,468,469,-1,192,469,161,-1,161,469,470,-1,470,471,161,-1,161,471,472,-1,161,472,473,-1,473,474,161,-1,161,474,475,-1,161,475,476,-1,476,477,161,-1,161,477,478,-1,161,478,159,-1,159,478,479,-1,159,479,157,-1,479,480,157,-1,157,480,481,-1,157,481,155,-1,155,481,482,-1,155,482,153,-1,153,482,483,-1,153,483,151,-1,151,483,484,-1,151,484,149,-1,149,484,147,-1,147,484,485,-1,147,485,145,-1,145,485,486,-1,145,486,143,-1,143,486,141,-1,141,486,487,-1,141,487,139,-1,139,487,488,-1,139,488,137,-1,137,488,489,-1,137,489,490,-1,490,491,137,-1,137,491,492,-1,137,492,493,-1,494,495,224,-1,224,495,496,-1,224,496,497,-1,497,498,224,-1,224,498,499,-1,224,499,500,-1,500,501,224,-1,224,501,502,-1,224,502,222,-1,222,502,503,-1,222,503,220,-1,220,503,504,-1,220,504,218,-1,504,505,218,-1,218,505,506,-1,218,506,216,-1,216,506,507,-1,216,507,214,-1,214,507,508,-1,199,201,455,-1,455,201,205,-1,455,205,509,-1,509,205,204,-1,509,204,510,-1,510,204,206,-1,510,206,511,-1,511,206,207,-1,511,207,512,-1,512,207,210,-1,512,210,508,-1,508,210,212,-1,508,212,214,-1,95,100,249,-1,249,100,102,-1,249,102,247,-1,247,102,104,-1,247,104,246,-1,246,104,106,-1,246,106,244,-1,121,125,230,-1,230,125,124,-1,230,124,227,-1,227,124,132,-1,227,132,226,-1,236,122,234,-1,234,122,121,-1,234,121,232,-1,232,121,230,-1,106,108,244,-1,244,108,109,-1,244,109,242,-1,242,109,111,-1,242,111,240,-1,240,111,113,-1,240,113,238,-1,238,113,115,-1,238,115,236,-1,236,115,118,-1,236,118,122,-1,132,131,226,-1,226,131,129,-1,226,129,224,-1,224,129,127,-1,224,127,133,-1,493,494,137,-1,137,494,224,-1,137,224,135,-1,135,224,133,-1,510,513,509,-1,509,513,514,-1,509,514,455,-1,455,514,515,-1,455,515,456,-1,456,515,516,-1,456,516,457,-1,457,516,517,-1,457,517,458,-1,458,517,518,-1,458,518,459,-1,459,518,519,-1,459,519,460,-1,460,519,520,-1,460,520,461,-1,461,520,521,-1,461,521,462,-1,462,521,522,-1,462,522,463,-1,463,522,523,-1,463,523,464,-1,464,523,465,-1,523,524,465,-1,465,524,525,-1,465,525,466,-1,466,525,526,-1,527,482,528,-1,528,482,481,-1,528,481,529,-1,529,481,480,-1,529,480,530,-1,530,480,479,-1,530,479,531,-1,531,479,478,-1,531,478,532,-1,532,478,477,-1,532,477,533,-1,533,477,476,-1,533,476,534,-1,534,476,475,-1,534,475,535,-1,535,475,474,-1,535,474,536,-1,536,474,473,-1,536,473,537,-1,537,473,472,-1,537,472,538,-1,538,472,471,-1,538,471,539,-1,539,471,470,-1,539,470,540,-1,540,470,469,-1,540,469,541,-1,541,469,468,-1,541,468,526,-1,526,468,467,-1,526,467,466,-1,482,527,483,-1,483,527,542,-1,483,542,484,-1,484,542,543,-1,484,543,485,-1,485,543,544,-1,485,544,486,-1,486,544,545,-1,486,545,487,-1,487,545,546,-1,487,546,488,-1,488,546,547,-1,488,547,489,-1,489,547,548,-1,489,548,490,-1,490,548,549,-1,490,549,491,-1,491,549,550,-1,491,550,492,-1,492,550,551,-1,492,551,493,-1,493,551,552,-1,493,552,494,-1,494,552,553,-1,494,553,495,-1,495,553,554,-1,513,510,555,-1,555,510,511,-1,555,511,556,-1,556,511,512,-1,556,512,557,-1,557,512,508,-1,557,508,558,-1,558,508,507,-1,558,507,559,-1,559,507,506,-1,559,506,560,-1,560,506,505,-1,560,505,561,-1,561,505,504,-1,561,504,562,-1,562,504,503,-1,562,503,563,-1,563,503,502,-1,563,502,564,-1,564,502,501,-1,564,501,565,-1,565,501,500,-1,565,500,566,-1,566,500,499,-1,566,499,567,-1,567,499,498,-1,567,498,568,-1,568,498,497,-1,568,497,554,-1,554,497,496,-1,554,496,495,-1,
        ]
    }
}
Shape{
    appearance Appearance {
        material  Material 	{
            diffuseColor 0.7529411764705882 0.7529411764705882 0.7529411764705882
            specularColor 0.6627450980392157 0.6627450980392157 0.6627450980392157
            ambientIntensity 0.7529
            transparency 0.0
            shininess 0.5
        }
    }
    geometry IndexedFaceSet {
        ccw TRUE
        solid FALSE
        coord DEF co Coordinate {
            point [
                0.2307 2.5396 4.0936, 0.2302 2.5412 4.0874, 0.2008 2.5398 4.0928, 0.1817 2.5311 4.127, 0.194 2.5302 4.1305, 0.2077 2.5312 4.1268, 0.194 2.5481 4.0587, 0.1802 2.5472 4.0625, 0.1799 2.5472 4.0625, 0.1738 2.5465 4.0655, 0.1712 2.5462 4.0667, 0.1692 2.5458 4.0683, 0.1661 2.5452 4.0709, 0.1654 2.545 4.0718, 0.1622 2.5439 4.076, 0.1618 2.5438 4.0766, 0.1597 2.5427 4.0814, 0.1584 2.5419 4.0846, 0.1579 2.5411 4.0876, 0.157 2.5397 4.0934, 0.1571 2.5394 4.0945, 0.1571 2.5393 4.095, 0.1577 2.5376 4.1018, 0.1577 2.5375 4.102, 0.16 2.5359 4.1085, 0.1607 2.5354 4.1105, 0.1628 2.5345 4.1138, 0.1651 2.5337 4.1172, 0.166 2.5334 4.1181, 0.1697 2.5326 4.1215, 0.1701 2.5325 4.1218, 0.1744 2.5319 4.1241, 0.1781 2.5314 4.126, 0.23 2.5413 4.0868, 0.2278 2.5429 4.0803, 0.2273 2.5433 4.0787, 0.2249 2.5442 4.0751, 0.2229 2.5449 4.072, 0.2217 2.5452 4.0709, 0.2183 2.5459 4.0679, 0.2178 2.546 4.0674, 0.214 2.5465 4.0654, 0.2098 2.547 4.0632, 0.2068 2.5472 4.0623, 0.2078 2.5312 4.1267, 0.2139 2.5319 4.1239, 0.2165 2.5322 4.1227, 0.2185 2.5327 4.121, 0.2216 2.5333 4.1186, 0.2223 2.5335 4.1177, 0.2257 2.5347 4.1133, 0.2261 2.5348 4.1128, 0.2281 2.536 4.108, 0.2295 2.5368 4.1048, 0.23 2.5376 4.1017, 0.2309 2.5391 4.0959, 0.2309 2.5393 4.095
            ]
        }
        coordIndex [
            0,1,2,-1,3,4,5,-1,6,7,2,-1,2,7,8,-1,2,8,9,-1,9,10,2,-1,2,10,11,-1,2,11,12,-1,12,13,2,-1,2,13,14,-1,2,14,15,-1,15,16,2,-1,2,16,17,-1,2,17,18,-1,18,19,2,-1,2,19,20,-1,2,20,21,-1,21,22,2,-1,2,22,23,-1,2,23,24,-1,24,25,2,-1,2,25,26,-1,2,26,27,-1,27,28,2,-1,2,28,29,-1,2,29,30,-1,30,31,2,-1,2,31,32,-1,2,32,3,-1,1,33,2,-1,2,33,34,-1,2,34,35,-1,35,36,2,-1,2,36,37,-1,2,37,38,-1,38,39,2,-1,2,39,40,-1,2,40,41,-1,41,42,2,-1,2,42,43,-1,2,43,6,-1,3,5,2,-1,2,5,44,-1,2,44,45,-1,45,46,2,-1,2,46,47,-1,2,47,48,-1,48,49,2,-1,2,49,50,-1,2,50,51,-1,51,52,2,-1,2,52,53,-1,2,53,54,-1,54,55,2,-1,2,55,56,-1,2,56,0,-1,
        ]
    }
}