ISO-10303-21;
HEADER;
FILE_DESCRIPTION (( 'STEP AP214' ),
    '1' );
FILE_NAME ('SEMI-SMD_TBU-CA085-200-WH.step',
    '2022-08-03T12:33:41',
    ( '' ),
    ( '' ),
    'SwSTEP 2.0',
    'SolidWorks 2020',
    '' );
FILE_SCHEMA (( 'AUTOMOTIVE_DESIGN' ));
ENDSEC;

DATA;
#1 = EDGE_CURVE ( 'NONE', #5547, #9347, #6943, .T. ) ;
#2 = MECHANICAL_DESIGN_GEOMETRIC_PRESENTATION_REPRESENTATION (  '', ( #6356 ), #10574 ) ;
#3 = UNCERTAINTY_MEASURE_WITH_UNIT (LENGTH_MEASURE( 1.000000000000000082E-05 ), #5113, 'distance_accuracy_value', 'NONE');
#4 = VERTEX_POINT ( 'NONE', #5916 ) ;
#5 = B_SPLINE_CURVE_WITH_KNOTS ( 'NONE', 3,
 ( #2721, #4771, #11389, #3725 ),
 .UNSPECIFIED., .F., .F.,
 ( 4, 4 ),
 ( 11.00000000000000000, 12.00000000000000000 ),
 .UNSPECIFIED. ) ;
#6 = FILL_AREA_STYLE_COLOUR ( '', #5780 ) ;
#7 = ORIENTED_EDGE ( 'NONE', *, *, #3871, .T. ) ;
#8 = EDGE_CURVE ( 'NONE', #11527, #5496, #253, .T. ) ;
#9 = ORIENTED_EDGE ( 'NONE', *, *, #6262, .F. ) ;
#10 = SURFACE_STYLE_FILL_AREA ( #2099 ) ;
#11 = CARTESIAN_POINT ( 'NONE',  ( 2.388136149386426599, 1.450059887362492139, 0.7010000000000000675 ) ) ;
#12 =( NAMED_UNIT ( * ) PLANE_ANGLE_UNIT ( ) SI_UNIT ( $, .RADIAN. ) );
#13 = VERTEX_POINT ( 'NONE', #3149 ) ;
#14 = MECHANICAL_DESIGN_GEOMETRIC_PRESENTATION_REPRESENTATION (  '', ( #4410 ), #10583 ) ;
#15 = CARTESIAN_POINT ( 'NONE',  ( 1.991738841369566693, 1.079406985353685400, 0.7010000000000000675 ) ) ;
#16 = CARTESIAN_POINT ( 'NONE',  ( 2.401569821665459070, 1.079989249787272731, 0.7010000000000000675 ) ) ;
#17 = CARTESIAN_POINT ( 'NONE',  ( 1.918747835644118327, 1.092549525416478540, 0.7010000000000000675 ) ) ;
#18 = CARTESIAN_POINT ( 'NONE',  ( 2.176815750474334177, 1.482250792451576649, 0.7010000000000000675 ) ) ;
#19 = VERTEX_POINT ( 'NONE', #1630 ) ;
#20 = LINE ( 'NONE', #10331, #9766 ) ;
#21 = AXIS2_PLACEMENT_3D ( 'NONE', #9473, #1042, #913 ) ;
#22 = ADVANCED_FACE ( 'NONE', ( #5469 ), #9759, .F. ) ;
#23 = VECTOR ( 'NONE', #6841, 999.9999999999998863 ) ;
#24 = VECTOR ( 'NONE', #7571, 1000.000000000000000 ) ;
#25 = SURFACE_STYLE_USAGE ( .BOTH. , #849 ) ;
#26 = ORIENTED_EDGE ( 'NONE', *, *, #4136, .F. ) ;
#27 = DIRECTION ( 'NONE',  ( 0.9409537876760577513, -0.3385350343141467766, 0.0000000000000000000 ) ) ;
#28 = MECHANICAL_DESIGN_GEOMETRIC_PRESENTATION_REPRESENTATION (  '', ( #823 ), #7800 ) ;
#29 = MECHANICAL_DESIGN_GEOMETRIC_PRESENTATION_REPRESENTATION (  '', ( #9215 ), #7370 ) ;
#30 = CARTESIAN_POINT ( 'NONE',  ( 2.098085281050710016, 1.122494553405553042, 0.7010000000000000675 ) ) ;
#31 = EDGE_CURVE ( 'NONE', #7402, #12307, #2628, .T. ) ;
#32 = VERTEX_POINT ( 'NONE', #12087 ) ;
#33 = DIRECTION ( 'NONE',  ( 0.0000000000000000000, -0.0000000000000000000, -1.000000000000000000 ) ) ;
#34 = VERTEX_POINT ( 'NONE', #11174 ) ;
#35 = EDGE_CURVE ( 'NONE', #5292, #8126, #9200, .T. ) ;
#36 = STYLED_ITEM ( 'NONE', ( #592 ), #1978 ) ;
#37 = STYLED_ITEM ( 'NONE', ( #11083 ), #6158 ) ;
#38 = FILL_AREA_STYLE_COLOUR ( '', #6299 ) ;
#39 = ORIENTED_EDGE ( 'NONE', *, *, #8122, .T. ) ;
#40 = CARTESIAN_POINT ( 'NONE',  ( 1.100000000000000977, -1.700000000000000178, -0.1000000000000000056 ) ) ;
#41 = FILL_AREA_STYLE_COLOUR ( '', #2803 ) ;
#42 = LINE ( 'NONE', #223, #4684 ) ;
#43 = ORIENTED_EDGE ( 'NONE', *, *, #10566, .F. ) ;
#44 =( NAMED_UNIT ( * ) PLANE_ANGLE_UNIT ( ) SI_UNIT ( $, .RADIAN. ) );
#45 = PRESENTATION_STYLE_ASSIGNMENT (( #2862 ) ) ;
#46 = MECHANICAL_DESIGN_GEOMETRIC_PRESENTATION_REPRESENTATION (  '', ( #11221 ), #4623 ) ;
#47 = ADVANCED_FACE ( 'NONE', ( #8369 ), #6257, .F. ) ;
#48 =( NAMED_UNIT ( * ) PLANE_ANGLE_UNIT ( ) SI_UNIT ( $, .RADIAN. ) );
#49 =( NAMED_UNIT ( * ) SI_UNIT ( $, .STERADIAN. ) SOLID_ANGLE_UNIT ( ) );
#50 = CARTESIAN_POINT ( 'NONE',  ( 2.346129929567404737, 1.224141287305309023, 0.7010000000000000675 ) ) ;
#51 = CARTESIAN_POINT ( 'NONE',  ( 2.591887110667488336, 1.191950382216223403, 0.6999999999999999556 ) ) ;
#52 = PRESENTATION_STYLE_ASSIGNMENT (( #12347 ) ) ;
#53 = CARTESIAN_POINT ( 'NONE',  ( 1.944824964185577043, 1.108936110176710343, 0.6999999999999999556 ) ) ;
#54 = VECTOR ( 'NONE', #6672, 1000.000000000000000 ) ;
#55 = CARTESIAN_POINT ( 'NONE',  ( 1.927689753724234345, 1.461039730958485716, 0.7010000000000000675 ) ) ;
#56 = DIRECTION ( 'NONE',  ( 1.000000000000000000, 0.0000000000000000000, 0.0000000000000000000 ) ) ;
#57 = UNCERTAINTY_MEASURE_WITH_UNIT (LENGTH_MEASURE( 1.000000000000000082E-05 ), #12214, 'distance_accuracy_value', 'NONE');
#58 = SURFACE_SIDE_STYLE ('',( #947 ) ) ;
#59 = ORIENTED_EDGE ( 'NONE', *, *, #9869, .F. ) ;
#60 = PRESENTATION_STYLE_ASSIGNMENT (( #7803 ) ) ;
#61 = SURFACE_STYLE_USAGE ( .BOTH. , #886 ) ;
#62 = FILL_AREA_STYLE_COLOUR ( '', #313 ) ;
#63 = SURFACE_STYLE_FILL_AREA ( #6599 ) ;
#64 = CARTESIAN_POINT ( 'NONE',  ( 2.197818860384403994, 1.463535149958128612, 0.7010000000000000675 ) ) ;
#65 = PLANE ( 'NONE',  #1578 ) ;
#66 = VERTEX_POINT ( 'NONE', #1829 ) ;
#67 = UNCERTAINTY_MEASURE_WITH_UNIT (LENGTH_MEASURE( 1.000000000000000082E-05 ), #6724, 'distance_accuracy_value', 'NONE');
#68 = VERTEX_POINT ( 'NONE', #10107 ) ;
#69 = VERTEX_POINT ( 'NONE', #6447 ) ;
#70 =( NAMED_UNIT ( * ) SI_UNIT ( $, .STERADIAN. ) SOLID_ANGLE_UNIT ( ) );
#71 = CARTESIAN_POINT ( 'NONE',  ( 2.391297013451754161, 1.461455634125646164, 0.6999999999999999556 ) ) ;
#72 = CARTESIAN_POINT ( 'NONE',  ( 1.013332672324957384, 1.247118867853497681, 0.6999999999999999556 ) ) ;
#73 = ORIENTED_EDGE ( 'NONE', *, *, #639, .F. ) ;
#74 = B_SPLINE_CURVE_WITH_KNOTS ( 'NONE', 3,
 ( #3764, #813, #1964, #7483 ),
 .UNSPECIFIED., .F., .F.,
 ( 4, 4 ),
 ( 0.0000000000000000000, 1.000000000000000000 ),
 .UNSPECIFIED. ) ;
#75 = CARTESIAN_POINT ( 'NONE',  ( 1.307157238909066876, 1.111774459862482134, 0.7010000000000000675 ) ) ;
#76 = CARTESIAN_POINT ( 'NONE',  ( 2.079577590140282872, 1.463535149958128612, 0.6999999999999999556 ) ) ;
#77 = CARTESIAN_POINT ( 'NONE',  ( 1.154461006934623724, 1.429891582228573377, 0.7010000000000000675 ) ) ;
#78 = ORIENTED_EDGE ( 'NONE', *, *, #1962, .T. ) ;
#79 = EDGE_CURVE ( 'NONE', #6606, #10152, #617, .T. ) ;
#80 = CARTESIAN_POINT ( 'NONE',  ( 2.522056969007373528, 1.061439968560242475, 0.7010000000000000675 ) ) ;
#81 = ORIENTED_EDGE ( 'NONE', *, *, #10718, .T. ) ;
#82 = FACE_OUTER_BOUND ( 'NONE', #7011, .T. ) ;
#83 = COLOUR_RGB ( '',1.000000000000000000, 1.000000000000000000, 1.000000000000000000 ) ;
#84 = CARTESIAN_POINT ( 'NONE',  ( 2.262325441512390789, 1.224141287305309023, 0.6999999999999999556 ) ) ;
#85 = UNCERTAINTY_MEASURE_WITH_UNIT (LENGTH_MEASURE( 1.000000000000000082E-05 ), #2713, 'distance_accuracy_value', 'NONE');
#86 = ORIENTED_EDGE ( 'NONE', *, *, #2767, .F. ) ;
#87 = SURFACE_STYLE_FILL_AREA ( #11454 ) ;
#88 = EDGE_LOOP ( 'NONE', ( #8591, #3407, #856, #6433 ) ) ;
#89 =( NAMED_UNIT ( * ) PLANE_ANGLE_UNIT ( ) SI_UNIT ( $, .RADIAN. ) );
#90 = EDGE_CURVE ( 'NONE', #5021, #5757, #9110, .T. ) ;
#91 = CARTESIAN_POINT ( 'NONE',  ( 1.998102159817380485, 1.180305093553438711, 0.6999999999999999556 ) ) ;
#92 = FILL_AREA_STYLE ('',( #2854 ) ) ;
#93 = B_SPLINE_SURFACE_WITH_KNOTS ( 'NONE', 3, 1, ( 
 ( #10136, #5190 ),
 ( #2402, #9141 ),
 ( #6216, #1657 ),
 ( #4503, #9023 ) ),
 .UNSPECIFIED., .F., .F., .F.,
 ( 4, 4 ),
 ( 2, 2 ),
 ( 0.0000000000000000000, 1.000000000000000000 ),
 ( 0.0000000000000000000, 1.000000000000000000 ),
 .UNSPECIFIED. ) ;
#94 = PRESENTATION_STYLE_ASSIGNMENT (( #3052 ) ) ;
#95 = EDGE_LOOP ( 'NONE', ( #8459, #11034, #7775, #4946 ) ) ;
#96 = FACE_OUTER_BOUND ( 'NONE', #8838, .T. ) ;
#97 = CARTESIAN_POINT ( 'NONE',  ( 1.127854851821517679, 1.432205159494573943, 0.7010000000000000675 ) ) ;
#98 = EDGE_CURVE ( 'NONE', #5941, #11757, #9616, .T. ) ;
#99 = DIRECTION ( 'NONE',  ( 1.000000000000000000, 0.0000000000000000000, 0.0000000000000000000 ) ) ;
#100 = ORIENTED_EDGE ( 'NONE', *, *, #5660, .T. ) ;
#101 = DIRECTION ( 'NONE',  ( 0.0000000000000000000, 1.000000000000000000, -0.0000000000000000000 ) ) ;
#102 = SURFACE_STYLE_FILL_AREA ( #8679 ) ;
#103 = STYLED_ITEM ( 'NONE', ( #6123 ), #8518 ) ;
#104 =( GEOMETRIC_REPRESENTATION_CONTEXT ( 3 ) GLOBAL_UNCERTAINTY_ASSIGNED_CONTEXT ( ( #9769 ) ) GLOBAL_UNIT_ASSIGNED_CONTEXT ( ( #4113, #2138, #4979 ) ) REPRESENTATION_CONTEXT ( 'NONE', 'WORKASPACE' ) );
#105 =( NAMED_UNIT ( * ) SI_UNIT ( $, .STERADIAN. ) SOLID_ANGLE_UNIT ( ) );
#106 = FACE_OUTER_BOUND ( 'NONE', #3895, .T. ) ;
#107 = FILL_AREA_STYLE_COLOUR ( '', #11095 ) ;
#108 = FACE_OUTER_BOUND ( 'NONE', #4570, .T. ) ;
#109 = CARTESIAN_POINT ( 'NONE',  ( 1.939418223020783927, 1.094213138081801873, 0.6999999999999999556 ) ) ;
#110 = VECTOR ( 'NONE', #484, 1000.000000000000000 ) ;
#111 = EDGE_CURVE ( 'NONE', #5207, #5557, #11357, .T. ) ;
#112 = ORIENTED_EDGE ( 'NONE', *, *, #9641, .T. ) ;
#113 = STYLED_ITEM ( 'NONE', ( #7063 ), #4745 ) ;
#114 = CARTESIAN_POINT ( 'NONE',  ( 2.103949515698704698, 1.160924005993198227, 0.7010000000000000675 ) ) ;
#115 = FILL_AREA_STYLE_COLOUR ( '', #5695 ) ;
#116 = FILL_AREA_STYLE ('',( #7854 ) ) ;
#117 = VECTOR ( 'NONE', #4449, 1000.000000000000000 ) ;
#118 = CARTESIAN_POINT ( 'NONE',  ( 2.133021147039069199, 1.008370724510909255, 0.7010000000000000675 ) ) ;
#119 = ORIENTED_EDGE ( 'NONE', *, *, #10388, .F. ) ;
#120 =( NAMED_UNIT ( * ) PLANE_ANGLE_UNIT ( ) SI_UNIT ( $, .RADIAN. ) );
#121 = STYLED_ITEM ( 'NONE', ( #2025 ), #4015 ) ;
#122 = STYLED_ITEM ( 'NONE', ( #2511 ), #2717 ) ;
#123 = CARTESIAN_POINT ( 'NONE',  ( 1.943327712786121042, 1.447980371530009025, 0.6999999999999999556 ) ) ;
#124 = CARTESIAN_POINT ( 'NONE',  ( 2.071259526809804186, 1.058695007660964693, 0.7010000000000000675 ) ) ;
#125 = EDGE_CURVE ( 'NONE', #7830, #6662, #1119, .T. ) ;
#126 = SURFACE_STYLE_USAGE ( .BOTH. , #4874 ) ;
#127 = COLOUR_RGB ( '',1.000000000000000000, 1.000000000000000000, 1.000000000000000000 ) ;
#128 = DIRECTION ( 'NONE',  ( 1.000000000000000000, 0.0000000000000000000, 0.0000000000000000000 ) ) ;
#129 = COLOUR_RGB ( '',1.000000000000000000, 1.000000000000000000, 1.000000000000000000 ) ;
#130 = VECTOR ( 'NONE', #10580, 1000.000000000000000 ) ;
#131 = STYLED_ITEM ( 'NONE', ( #3864 ), #333 ) ;
#132 =( NAMED_UNIT ( * ) PLANE_ANGLE_UNIT ( ) SI_UNIT ( $, .RADIAN. ) );
#133 = ORIENTED_EDGE ( 'NONE', *, *, #3907, .T. ) ;
#134 = CARTESIAN_POINT ( 'NONE',  ( 2.424901989307639560, 1.364051112525174858, 0.7010000000000000675 ) ) ;
#135 = CARTESIAN_POINT ( 'NONE',  ( 2.050131645949924142, 1.079074262820843177, 0.7010000000000000675 ) ) ;
#136 = CARTESIAN_POINT ( 'NONE',  ( 1.516536163556732930, 1.311899031315902242, 0.6999999999999999556 ) ) ;
#137 = ORIENTED_EDGE ( 'NONE', *, *, #6388, .F. ) ;
#138 = DIRECTION ( 'NONE',  ( 0.0000000000000000000, 0.0000000000000000000, 1.000000000000000000 ) ) ;
#139 = LINE ( 'NONE', #202, #2880 ) ;
#140 = COLOUR_RGB ( '',1.000000000000000000, 1.000000000000000000, 1.000000000000000000 ) ;
#141 = FILL_AREA_STYLE_COLOUR ( '', #4921 ) ;
#142 = ORIENTED_EDGE ( 'NONE', *, *, #12129, .F. ) ;
#143 = CARTESIAN_POINT ( 'NONE',  ( 1.166028882235386144, 1.144164519529113244, 0.6999999999999999556 ) ) ;
#144 = CARTESIAN_POINT ( 'NONE',  ( 1.255101700767842887, 0.9845275888515911955, 0.7010000000000000675 ) ) ;
#145 = EDGE_LOOP ( 'NONE', ( #3095, #385, #10069, #8963 ) ) ;
#146 = CARTESIAN_POINT ( 'NONE',  ( 2.118214994310397614, 1.093048609215742761, 0.6999999999999999556 ) ) ;
#147 = DIRECTION ( 'NONE',  ( 0.0000000000000000000, -1.000000000000000000, 0.0000000000000000000 ) ) ;
#148 = ORIENTED_EDGE ( 'NONE', *, *, #4250, .F. ) ;
#149 = COLOUR_RGB ( '',1.000000000000000000, 1.000000000000000000, 1.000000000000000000 ) ;
#150 =( NAMED_UNIT ( * ) PLANE_ANGLE_UNIT ( ) SI_UNIT ( $, .RADIAN. ) );
#151 = ORIENTED_EDGE ( 'NONE', *, *, #8331, .T. ) ;
#152 = EDGE_CURVE ( 'NONE', #6752, #4713, #6711, .T. ) ;
#153 = DIRECTION ( 'NONE',  ( 0.0000000000000000000, 0.0000000000000000000, 1.000000000000000000 ) ) ;
#154 = PLANE ( 'NONE',  #6371 ) ;
#155 = CARTESIAN_POINT ( 'NONE',  ( 1.942204774236117260, 1.352655365762020612, 0.6999999999999999556 ) ) ;
#156 =( NAMED_UNIT ( * ) SI_UNIT ( $, .STERADIAN. ) SOLID_ANGLE_UNIT ( ) );
#157 = VERTEX_POINT ( 'NONE', #11415 ) ;
#158 = AXIS2_PLACEMENT_3D ( 'NONE', #3623, #12257, #1750 ) ;
#159 = CARTESIAN_POINT ( 'NONE',  ( 1.918747835644118327, 1.082151946252963404, 0.6999999999999999556 ) ) ;
#160 = STYLED_ITEM ( 'NONE', ( #7786 ), #11171 ) ;
#161 = CARTESIAN_POINT ( 'NONE',  ( 1.663448468912525513, 1.143007747444127364, 0.6999999999999999556 ) ) ;
#162 = APPLICATION_CONTEXT ( 'automotive_design' ) ;
#163 = CARTESIAN_POINT ( 'NONE',  ( 2.197818860384403994, 1.338098754933535917, 0.6999999999999999556 ) ) ;
#164 = ORIENTED_EDGE ( 'NONE', *, *, #7352, .F. ) ;
#165 = CARTESIAN_POINT ( 'NONE',  ( 1.957634781714417294, 1.316804512807233207, 0.6999999999999999556 ) ) ;
#166 = ADVANCED_FACE ( 'NONE', ( #4052 ), #934, .F. ) ;
#167 = FILL_AREA_STYLE_COLOUR ( '', #4544 ) ;
#168 = EDGE_CURVE ( 'NONE', #6864, #8035, #7731, .T. ) ;
#169 = DIRECTION ( 'NONE',  ( -0.3559357243643065383, -0.9345104387438677440, -0.0000000000000000000 ) ) ;
#170 = EDGE_CURVE ( 'NONE', #9028, #4246, #5828, .T. ) ;
#171 = MECHANICAL_DESIGN_GEOMETRIC_PRESENTATION_REPRESENTATION (  '', ( #764 ), #3584 ) ;
#172 = B_SPLINE_SURFACE_WITH_KNOTS ( 'NONE', 3, 1, ( 
 ( #1037, #11746 ),
 ( #10750, #8077 ),
 ( #1465, #5252 ),
 ( #8848, #3279 ) ),
 .UNSPECIFIED., .F., .F., .F.,
 ( 4, 4 ),
 ( 2, 2 ),
 ( 16.00000000000000000, 17.00000000000000000 ),
 ( 0.0000000000000000000, 1.000000000000000000 ),
 .UNSPECIFIED. ) ;
#173 = CARTESIAN_POINT ( 'NONE',  ( -2.741205712499112934, -1.613201107017512959, 0.5999999999999999778 ) ) ;
#174 = CARTESIAN_POINT ( 'NONE',  ( 2.085109102254885993, 1.127319030137312827, 0.7010000000000000675 ) ) ;
#175 = CARTESIAN_POINT ( 'NONE',  ( 2.309280909012984662, 1.427102032569759205, 0.6999999999999999556 ) ) ;
#176 = PRESENTATION_STYLE_ASSIGNMENT (( #4803 ) ) ;
#177 = DIRECTION ( 'NONE',  ( -0.0000000000000000000, -0.0000000000000000000, -1.000000000000000000 ) ) ;
#178 = CARTESIAN_POINT ( 'NONE',  ( 1.811735950896735892, 1.061439968560242475, 0.7010000000000000675 ) ) ;
#179 = CARTESIAN_POINT ( 'NONE',  ( 1.832739060806250597, 1.338098754933535917, 0.6999999999999999556 ) ) ;
#180 = CARTESIAN_POINT ( 'NONE',  ( 0.0000000000000000000, 0.0000000000000000000, 0.6999999999999997335 ) ) ;
#181 = VECTOR ( 'NONE', #10851, 1000.000000000000000 ) ;
#182 = DIRECTION ( 'NONE',  ( -1.000000000000000000, 0.0000000000000000000, 0.0000000000000000000 ) ) ;
#183 = ORIENTED_EDGE ( 'NONE', *, *, #5935, .F. ) ;
#184 = ADVANCED_FACE ( 'NONE', ( #106 ), #11621, .T. ) ;
#185 = EDGE_CURVE ( 'NONE', #7588, #7017, #10654, .T. ) ;
#186 = DIRECTION ( 'NONE',  ( -0.0000000000000000000, 1.000000000000000000, -0.0000000000000000000 ) ) ;
#187 = CARTESIAN_POINT ( 'NONE',  ( 1.530417649220071841, 1.060875693806251796, 0.7010000000000000675 ) ) ;
#188 = CARTESIAN_POINT ( 'NONE',  ( 2.060861947646282388, 1.152772303928579545, 0.7010000000000000675 ) ) ;
#189 =( GEOMETRIC_REPRESENTATION_CONTEXT ( 3 ) GLOBAL_UNCERTAINTY_ASSIGNED_CONTEXT ( ( #7755 ) ) GLOBAL_UNIT_ASSIGNED_CONTEXT ( ( #8444, #3642, #11115 ) ) REPRESENTATION_CONTEXT ( 'NONE', 'WORKASPACE' ) );
#190 =( LENGTH_UNIT ( ) NAMED_UNIT ( * ) SI_UNIT ( .MILLI., .METRE. ) );
#191 = CARTESIAN_POINT ( 'NONE',  ( 1.832739060806250597, 1.205425644811862096, 0.7010000000000000675 ) ) ;
#192 = UNCERTAINTY_MEASURE_WITH_UNIT (LENGTH_MEASURE( 1.000000000000000082E-05 ), #11589, 'distance_accuracy_value', 'NONE');
#193 = ORIENTED_EDGE ( 'NONE', *, *, #5855, .F. ) ;
#194 = DIRECTION ( 'NONE',  ( -0.0000000000000000000, -0.0000000000000000000, -1.000000000000000000 ) ) ;
#195 =( GEOMETRIC_REPRESENTATION_CONTEXT ( 3 ) GLOBAL_UNCERTAINTY_ASSIGNED_CONTEXT ( ( #8397 ) ) GLOBAL_UNIT_ASSIGNED_CONTEXT ( ( #9363, #3868, #7661 ) ) REPRESENTATION_CONTEXT ( 'NONE', 'WORKASPACE' ) );
#196 = EDGE_CURVE ( 'NONE', #1035, #2244, #5161, .T. ) ;
#197 = CARTESIAN_POINT ( 'NONE',  ( 1.987662990337809354, 1.466030568956663283, 0.7010000000000000675 ) ) ;
#198 = ORIENTED_EDGE ( 'NONE', *, *, #4608, .T. ) ;
#199 = MECHANICAL_DESIGN_GEOMETRIC_PRESENTATION_REPRESENTATION (  '', ( #4049 ), #7492 ) ;
#200 = CARTESIAN_POINT ( 'NONE',  ( 1.191478265262949865, 0.9845275888515911955, 0.7010000000000000675 ) ) ;
#201 =( LENGTH_UNIT ( ) NAMED_UNIT ( * ) SI_UNIT ( .MILLI., .METRE. ) );
#202 = CARTESIAN_POINT ( 'NONE',  ( 2.085109102254885993, 1.127319030137312827, 0.7010000000000000675 ) ) ;
#203 = MECHANICAL_DESIGN_GEOMETRIC_PRESENTATION_REPRESENTATION (  '', ( #10563 ), #1831 ) ;
#204 = DIRECTION ( 'NONE',  ( 1.000000000000000000, -0.0000000000000000000, -0.0000000000000000000 ) ) ;
#205 = ORIENTED_EDGE ( 'NONE', *, *, #7350, .T. ) ;
#206 = FILL_AREA_STYLE_COLOUR ( '', #6247 ) ;
#207 = ORIENTED_EDGE ( 'NONE', *, *, #12079, .F. ) ;
#208 =( LENGTH_UNIT ( ) NAMED_UNIT ( * ) SI_UNIT ( .MILLI., .METRE. ) );
#209 = UNCERTAINTY_MEASURE_WITH_UNIT (LENGTH_MEASURE( 1.000000000000000082E-05 ), #2061, 'distance_accuracy_value', 'NONE');
#210 = VERTEX_POINT ( 'NONE', #3245 ) ;
#211 = VECTOR ( 'NONE', #7126, 1000.000000000000000 ) ;
#212 = FILL_AREA_STYLE_COLOUR ( '', #423 ) ;
#213 =( NAMED_UNIT ( * ) PLANE_ANGLE_UNIT ( ) SI_UNIT ( $, .RADIAN. ) );
#214 = EDGE_LOOP ( 'NONE', ( #7968, #977, #1207, #4825 ) ) ;
#215 = CARTESIAN_POINT ( 'NONE',  ( 1.955596856198538624, 1.058695007660964693, 0.6999999999999999556 ) ) ;
#216 = CARTESIAN_POINT ( 'NONE',  ( 2.039858837736773456, 1.146284214531503753, 0.6999999999999999556 ) ) ;
#217 = AXIS2_PLACEMENT_3D ( 'NONE', #2984, #9415, #11275 ) ;
#218 = CARTESIAN_POINT ( 'NONE',  ( 2.060861947646282388, 1.148114188464350871, 0.6999999999999999556 ) ) ;
#219 = VECTOR ( 'NONE', #11535, 1000.000000000000114 ) ;
#220 = SURFACE_STYLE_FILL_AREA ( #10633 ) ;
#221 = ORIENTED_EDGE ( 'NONE', *, *, #5716, .F. ) ;
#222 = FILL_AREA_STYLE ('',( #7018 ) ) ;
#223 = CARTESIAN_POINT ( 'NONE',  ( 2.393834022768007053, 1.450059887362492139, 0.7010000000000000675 ) ) ;
#224 = ORIENTED_EDGE ( 'NONE', *, *, #6089, .F. ) ;
#225 = DIRECTION ( 'NONE',  ( 0.0000000000000000000, -0.0000000000000000000, -1.000000000000000000 ) ) ;
#226 =( GEOMETRIC_REPRESENTATION_CONTEXT ( 3 ) GLOBAL_UNCERTAINTY_ASSIGNED_CONTEXT ( ( #10685 ) ) GLOBAL_UNIT_ASSIGNED_CONTEXT ( ( #7890, #213, #7962 ) ) REPRESENTATION_CONTEXT ( 'NONE', 'WORKASPACE' ) );
#227 = CARTESIAN_POINT ( 'NONE',  ( 2.284742622188141059, 1.342340967231710813, 0.6999999999999999556 ) ) ;
#228 = B_SPLINE_CURVE_WITH_KNOTS ( 'NONE', 3,
 ( #4198, #1332, #11736, #5125 ),
 .UNSPECIFIED., .F., .F.,
 ( 4, 4 ),
 ( 9.000000000000000000, 10.00000000000000000 ),
 .UNSPECIFIED. ) ;
#229 = COLOUR_RGB ( '',1.000000000000000000, 1.000000000000000000, 1.000000000000000000 ) ;
#230 =( NAMED_UNIT ( * ) PLANE_ANGLE_UNIT ( ) SI_UNIT ( $, .RADIAN. ) );
#231 = B_SPLINE_CURVE_WITH_KNOTS ( 'NONE', 3,
 ( #8431, #6571, #2745, #9368 ),
 .UNSPECIFIED., .F., .F.,
 ( 4, 4 ),
 ( 3.000000000000000000, 4.000000000000000000 ),
 .UNSPECIFIED. ) ;
#232 = SURFACE_STYLE_FILL_AREA ( #10715 ) ;
#233 = LINE ( 'NONE', #285, #11058 ) ;
#234 = CARTESIAN_POINT ( 'NONE',  ( 2.073255862009072636, 1.075331134321934945, 0.7010000000000000675 ) ) ;
#235 = CARTESIAN_POINT ( 'NONE',  ( 2.026009262291685431, 1.478341302686243974, 0.7010000000000000675 ) ) ;
#236 = DIRECTION ( 'NONE',  ( 0.0000000000000000000, -1.000000000000000000, 0.0000000000000000000 ) ) ;
#237 = EDGE_CURVE ( 'NONE', #3005, #8107, #5094, .T. ) ;
#238 = VECTOR ( 'NONE', #11507, 1000.000000000000114 ) ;
#239 =( NAMED_UNIT ( * ) PLANE_ANGLE_UNIT ( ) SI_UNIT ( $, .RADIAN. ) );
#240 = VERTEX_POINT ( 'NONE', #9046 ) ;
#241 = PRESENTATION_STYLE_ASSIGNMENT (( #2030 ) ) ;
#242 = SURFACE_STYLE_USAGE ( .BOTH. , #3137 ) ;
#243 = CARTESIAN_POINT ( 'NONE',  ( 1.943327712786121042, 1.447980371530009025, 0.7010000000000000675 ) ) ;
#244 = LINE ( 'NONE', #7859, #388 ) ;
#245 = CARTESIAN_POINT ( 'NONE',  ( 1.930101992090114349, 1.149694620496459763, 0.7010000000000000675 ) ) ;
#246 = LINE ( 'NONE', #4065, #181 ) ;
#247 = PRESENTATION_STYLE_ASSIGNMENT (( #2319 ) ) ;
#248 = ADVANCED_FACE ( 'NONE', ( #1368 ), #367, .F. ) ;
#249 = EDGE_CURVE ( 'NONE', #8973, #10763, #11823, .T. ) ;
#250 = FILL_AREA_STYLE ('',( #8832 ) ) ;
#251 = EDGE_LOOP ( 'NONE', ( #1941, #11141, #5736, #11031 ) ) ;
#252 = CARTESIAN_POINT ( 'NONE',  ( 1.926234092641942786, 1.419532594939834746, 0.7010000000000000675 ) ) ;
#253 = LINE ( 'NONE', #1267, #11664 ) ;
#254 = CARTESIAN_POINT ( 'NONE',  ( -3.249999999999998668, 2.000000000000000000, 0.6999999999999999556 ) ) ;
#255 = CARTESIAN_POINT ( 'NONE',  ( 1.832739060806250597, 1.482250792451576649, 0.7010000000000000675 ) ) ;
#256 =( NAMED_UNIT ( * ) PLANE_ANGLE_UNIT ( ) SI_UNIT ( $, .RADIAN. ) );
#257 = LINE ( 'NONE', #11669, #4076 ) ;
#258 = UNCERTAINTY_MEASURE_WITH_UNIT (LENGTH_MEASURE( 1.000000000000000082E-05 ), #7736, 'distance_accuracy_value', 'NONE');
#259 = CARTESIAN_POINT ( 'NONE',  ( 1.991738841369566693, 1.079406985353685400, 0.7010000000000000675 ) ) ;
#260 = ORIENTED_EDGE ( 'NONE', *, *, #4608, .F. ) ;
#261 = EDGE_CURVE ( 'NONE', #2310, #11211, #12300, .T. ) ;
#262 = CARTESIAN_POINT ( 'NONE',  ( 1.145206675804391949, 1.124499085183668479, 0.6999999999999999556 ) ) ;
#263 = FILL_AREA_STYLE ('',( #8664 ) ) ;
#264 = ORIENTED_EDGE ( 'NONE', *, *, #11998, .T. ) ;
#265 = SURFACE_SIDE_STYLE ('',( #4085 ) ) ;
#266 = PLANE ( 'NONE',  #1629 ) ;
#267 = B_SPLINE_SURFACE_WITH_KNOTS ( 'NONE', 3, 1, ( 
 ( #750, #7429 ),
 ( #11247, #10310 ),
 ( #5542, #7495 ),
 ( #11312, #10368 ) ),
 .UNSPECIFIED., .F., .F., .F.,
 ( 4, 4 ),
 ( 2, 2 ),
 ( 10.00000000000000000, 11.00000000000000000 ),
 ( 0.0000000000000000000, 1.000000000000000000 ),
 .UNSPECIFIED. ) ;
#268 = ORIENTED_EDGE ( 'NONE', *, *, #11251, .T. ) ;
#269 = CARTESIAN_POINT ( 'NONE',  ( 1.191478287326965146, 1.217042330292825936, 0.6999999999999999556 ) ) ;
#270 = VERTEX_POINT ( 'NONE', #3371 ) ;
#271 = LINE ( 'NONE', #11576, #2926 ) ;
#272 = SURFACE_STYLE_USAGE ( .BOTH. , #3102 ) ;
#273 = SURFACE_SIDE_STYLE ('',( #9783 ) ) ;
#274 = VERTEX_POINT ( 'NONE', #7150 ) ;
#275 = ADVANCED_FACE ( 'NONE', ( #2428 ), #6696, .F. ) ;
#276 = CARTESIAN_POINT ( 'NONE',  ( 1.678486726660851192, 1.222826256910922282, 0.6999999999999999556 ) ) ;
#277 = COLOUR_RGB ( '',1.000000000000000000, 1.000000000000000000, 1.000000000000000000 ) ;
#278 = ORIENTED_EDGE ( 'NONE', *, *, #8748, .T. ) ;
#279 = CARTESIAN_POINT ( 'NONE',  ( 2.269354205026444582, 1.448229913429640581, 0.6999999999999999556 ) ) ;
#280 = LINE ( 'NONE', #9791, #5923 ) ;
#281 = FILL_AREA_STYLE_COLOUR ( '', #404 ) ;
#282 = VECTOR ( 'NONE', #9124, 1000.000000000000000 ) ;
#283 = CARTESIAN_POINT ( 'NONE',  ( 1.954432327331931507, 1.075414314955142503, 0.7010000000000000675 ) ) ;
#284 = CARTESIAN_POINT ( 'NONE',  ( 1.013332672324957384, 1.310742303358945149, 0.6999999999999999556 ) ) ;
#285 = CARTESIAN_POINT ( 'NONE',  ( 1.471421346183718004, 1.131439850079904774, 0.7010000000000000675 ) ) ;
#286 = CARTESIAN_POINT ( 'NONE',  ( 2.240365754319293856, 1.177643313287374705, 0.7010000000000000675 ) ) ;
#287 = LINE ( 'NONE', #4981, #6260 ) ;
#288 = CARTESIAN_POINT ( 'NONE',  ( 2.151612018582703456, 1.177643313287374705, 0.7010000000000000675 ) ) ;
#289 = PRESENTATION_LAYER_ASSIGNMENT (  '', '', ( #10650 ) ) ;
#290 = CARTESIAN_POINT ( 'NONE',  ( 2.241779825084981859, 1.463535149958128612, 0.6999999999999999556 ) ) ;
#291 = VECTOR ( 'NONE', #791, 1000.000000000000000 ) ;
#292 = UNCERTAINTY_MEASURE_WITH_UNIT (LENGTH_MEASURE( 1.000000000000000082E-05 ), #10019, 'distance_accuracy_value', 'NONE');
#293 = ORIENTED_EDGE ( 'NONE', *, *, #2667, .T. ) ;
#294 = DIRECTION ( 'NONE',  ( -1.275531967630004752E-16, -1.000000000000000000, -0.0000000000000000000 ) ) ;
#295 = CARTESIAN_POINT ( 'NONE',  ( 2.262325441512390789, 1.061439968560242475, 0.7010000000000000675 ) ) ;
#296 = COLOUR_RGB ( '',1.000000000000000000, 1.000000000000000000, 1.000000000000000000 ) ;
#297 = VECTOR ( 'NONE', #8198, 1000.000000000000000 ) ;
#298 = CARTESIAN_POINT ( 'NONE',  ( 1.969529612277389541, 1.466030568956663283, 0.7010000000000000675 ) ) ;
#299 = STYLED_ITEM ( 'NONE', ( #6403 ), #2650 ) ;
#300 = PRESENTATION_STYLE_ASSIGNMENT (( #7750 ) ) ;
#301 = PLANE ( 'NONE',  #5545 ) ;
#302 = SURFACE_SIDE_STYLE ('',( #8703 ) ) ;
#303 = CARTESIAN_POINT ( 'NONE',  ( 2.079577590140282872, 1.463535149958128612, 0.7010000000000000675 ) ) ;
#304 = UNCERTAINTY_MEASURE_WITH_UNIT (LENGTH_MEASURE( 1.000000000000000082E-05 ), #5607, 'distance_accuracy_value', 'NONE');
#305 = PRESENTATION_LAYER_ASSIGNMENT (  '', '', ( #5097 ) ) ;
#306 = EDGE_CURVE ( 'NONE', #9893, #9897, #9542, .T. ) ;
#307 = STYLED_ITEM ( 'NONE', ( #8059 ), #7946 ) ;
#308 = PRESENTATION_LAYER_ASSIGNMENT (  '', '', ( #122 ) ) ;
#309 = ORIENTED_EDGE ( 'NONE', *, *, #2427, .T. ) ;
#310 = B_SPLINE_CURVE_WITH_KNOTS ( 'NONE', 3,
 ( #5051, #2269, #1034, #8116 ),
 .UNSPECIFIED., .F., .F.,
 ( 4, 4 ),
 ( 8.000000000000000000, 9.000000000000000000 ),
 .UNSPECIFIED. ) ;
#311 = CARTESIAN_POINT ( 'NONE',  ( 1.991738841369566693, 1.108603387643867011, 0.6999999999999999556 ) ) ;
#312 = STYLED_ITEM ( 'NONE', ( #9431 ), #22 ) ;
#313 = COLOUR_RGB ( '',1.000000000000000000, 1.000000000000000000, 1.000000000000000000 ) ;
#314 = EDGE_CURVE ( 'NONE', #2225, #9332, #12332, .T. ) ;
#315 = VERTEX_POINT ( 'NONE', #5634 ) ;
#316 = SURFACE_SIDE_STYLE ('',( #10003 ) ) ;
#317 = FILL_AREA_STYLE_COLOUR ( '', #3292 ) ;
#318 =( GEOMETRIC_REPRESENTATION_CONTEXT ( 3 ) GLOBAL_UNCERTAINTY_ASSIGNED_CONTEXT ( ( #11657 ) ) GLOBAL_UNIT_ASSIGNED_CONTEXT ( ( #3064, #2135, #5037 ) ) REPRESENTATION_CONTEXT ( 'NONE', 'WORKASPACE' ) );
#319 = CARTESIAN_POINT ( 'NONE',  ( 2.425317892474804893, 1.061439968560242475, 0.6999999999999999556 ) ) ;
#320 = VERTEX_POINT ( 'NONE', #7594 ) ;
#321 = MECHANICAL_DESIGN_GEOMETRIC_PRESENTATION_REPRESENTATION (  '', ( #5315 ), #4126 ) ;
#322 =( GEOMETRIC_REPRESENTATION_CONTEXT ( 3 ) GLOBAL_UNCERTAINTY_ASSIGNED_CONTEXT ( ( #4179 ) ) GLOBAL_UNIT_ASSIGNED_CONTEXT ( ( #6623, #9474, #7656 ) ) REPRESENTATION_CONTEXT ( 'NONE', 'WORKASPACE' ) );
#323 = SURFACE_SIDE_STYLE ('',( #5317 ) ) ;
#324 = VECTOR ( 'NONE', #4849, 1000.000000000000000 ) ;
#325 = ORIENTED_EDGE ( 'NONE', *, *, #4990, .F. ) ;
#326 = FILL_AREA_STYLE ('',( #7125 ) ) ;
#327 = UNCERTAINTY_MEASURE_WITH_UNIT (LENGTH_MEASURE( 1.000000000000000082E-05 ), #6516, 'distance_accuracy_value', 'NONE');
#328 = VERTEX_POINT ( 'NONE', #9601 ) ;
#329 = VECTOR ( 'NONE', #1481, 1000.000000000000000 ) ;
#330 = CARTESIAN_POINT ( 'NONE',  ( 2.140840126569734103, 1.024175044838656401, 0.7010000000000000675 ) ) ;
#331 = PRESENTATION_STYLE_ASSIGNMENT (( #8141 ) ) ;
#332 = PRESENTATION_LAYER_ASSIGNMENT (  '', '', ( #11688 ) ) ;
#333 = ADVANCED_FACE ( 'NONE', ( #3050 ), #12026, .F. ) ;
#334 = ORIENTED_EDGE ( 'NONE', *, *, #11662, .T. ) ;
#335 =( GEOMETRIC_REPRESENTATION_CONTEXT ( 3 ) GLOBAL_UNCERTAINTY_ASSIGNED_CONTEXT ( ( #9262 ) ) GLOBAL_UNIT_ASSIGNED_CONTEXT ( ( #5508, #4578, #12245 ) ) REPRESENTATION_CONTEXT ( 'NONE', 'WORKASPACE' ) );
#336 = EDGE_CURVE ( 'NONE', #4070, #10585, #3979, .T. ) ;
#337 = FILL_AREA_STYLE ('',( #5996 ) ) ;
#338 = PRESENTATION_LAYER_ASSIGNMENT (  '', '', ( #2548 ) ) ;
#339 = EDGE_CURVE ( 'NONE', #12357, #6835, #6763, .T. ) ;
#340 = CARTESIAN_POINT ( 'NONE',  ( 2.461210335745081856, 1.200351626179362530, 0.7010000000000000675 ) ) ;
#341 = PRESENTATION_STYLE_ASSIGNMENT (( #6892 ) ) ;
#342 = ORIENTED_EDGE ( 'NONE', *, *, #5853, .T. ) ;
#343 =( NAMED_UNIT ( * ) SI_UNIT ( $, .STERADIAN. ) SOLID_ANGLE_UNIT ( ) );
#344 = LINE ( 'NONE', #7971, #8937 ) ;
#345 = COLOUR_RGB ( '',1.000000000000000000, 1.000000000000000000, 1.000000000000000000 ) ;
#346 = VERTEX_POINT ( 'NONE', #4850 ) ;
#347 = CARTESIAN_POINT ( 'NONE',  ( 1.991738841369566249, 1.099037614813560992, 0.7010000000000000675 ) ) ;
#348 = VECTOR ( 'NONE', #5014, 1000.000000000000114 ) ;
#349 = SURFACE_STYLE_FILL_AREA ( #8804 ) ;
#350 = LINE ( 'NONE', #4166, #2223 ) ;
#351 = EDGE_CURVE ( 'NONE', #9398, #2472, #8672, .T. ) ;
#352 = CARTESIAN_POINT ( 'NONE',  ( 1.127854851821517679, 1.432205159494573943, 0.7010000000000000675 ) ) ;
#353 = VECTOR ( 'NONE', #6988, 1000.000000000000000 ) ;
#354 = DIRECTION ( 'NONE',  ( -0.8840949502478813171, -0.4673073067545553960, 0.0000000000000000000 ) ) ;
#355 = CARTESIAN_POINT ( 'NONE',  ( 2.187629232803906643, 1.043888854932849108, 0.7010000000000000675 ) ) ;
#356 = LINE ( 'NONE', #1246, #6764 ) ;
#357 = CARTESIAN_POINT ( 'NONE',  ( 2.390797929652491494, 1.461455634125646164, 0.6999999999999999556 ) ) ;
#358 = CARTESIAN_POINT ( 'NONE',  ( 2.184468368738579080, 1.080737875486165844, 0.6999999999999999556 ) ) ;
#359 = FILL_AREA_STYLE ('',( #2308 ) ) ;
#360 =( LENGTH_UNIT ( ) NAMED_UNIT ( * ) SI_UNIT ( .MILLI., .METRE. ) );
#361 = ORIENTED_EDGE ( 'NONE', *, *, #249, .T. ) ;
#362 = CARTESIAN_POINT ( 'NONE',  ( 2.058574480230774828, 1.482250792451576649, 0.7010000000000000675 ) ) ;
#363 = DIRECTION ( 'NONE',  ( 0.3897582650654596859, 0.9209172030172760870, 0.0000000000000000000 ) ) ;
#364 = CARTESIAN_POINT ( 'NONE',  ( 1.941372967903455704, 1.084148281452231632, 0.7010000000000000675 ) ) ;
#365 = SURFACE_STYLE_FILL_AREA ( #7166 ) ;
#366 = PLANE ( 'NONE',  #6673 ) ;
#367 = B_SPLINE_SURFACE_WITH_KNOTS ( 'NONE', 3, 1, ( 
 ( #8042, #9796 ),
 ( #4108, #1241 ),
 ( #5036, #7846 ),
 ( #2363, #6007 ) ),
 .UNSPECIFIED., .F., .F., .F.,
 ( 4, 4 ),
 ( 2, 2 ),
 ( 8.000000000000000000, 9.000000000000000000 ),
 ( 0.0000000000000000000, 1.000000000000000000 ),
 .UNSPECIFIED. ) ;
#368 = STYLED_ITEM ( 'NONE', ( #10697 ), #9824 ) ;
#369 = CARTESIAN_POINT ( 'NONE',  ( 2.071259526809804186, 1.058695007660964693, 0.7010000000000000675 ) ) ;
#370 = ORIENTED_EDGE ( 'NONE', *, *, #1210, .F. ) ;
#371 = ORIENTED_EDGE ( 'NONE', *, *, #10092, .F. ) ;
#372 = CARTESIAN_POINT ( 'NONE',  ( 2.105114044564763809, 1.067928057957318488, 0.7010000000000000675 ) ) ;
#373 = PRESENTATION_LAYER_ASSIGNMENT (  '', '', ( #2783 ) ) ;
#374 = PRESENTATION_STYLE_ASSIGNMENT (( #5243 ) ) ;
#375 = CARTESIAN_POINT ( 'NONE',  ( 2.113848011061852716, 1.074000244189454722, 0.7010000000000000675 ) ) ;
#376 = PRESENTATION_LAYER_ASSIGNMENT (  '', '', ( #1196 ) ) ;
#377 = SURFACE_SIDE_STYLE ('',( #9016 ) ) ;
#378 = EDGE_CURVE ( 'NONE', #5512, #9053, #5721, .T. ) ;
#379 = ADVANCED_FACE ( 'NONE', ( #2063 ), #8914, .F. ) ;
#380 = UNCERTAINTY_MEASURE_WITH_UNIT (LENGTH_MEASURE( 1.000000000000000082E-05 ), #5227, 'distance_accuracy_value', 'NONE');
#381 =( NAMED_UNIT ( * ) PLANE_ANGLE_UNIT ( ) SI_UNIT ( $, .RADIAN. ) );
#382 =( NAMED_UNIT ( * ) SI_UNIT ( $, .STERADIAN. ) SOLID_ANGLE_UNIT ( ) );
#383 = ORIENTED_EDGE ( 'NONE', *, *, #9976, .F. ) ;
#384 =( NAMED_UNIT ( * ) SI_UNIT ( $, .STERADIAN. ) SOLID_ANGLE_UNIT ( ) );
#385 = ORIENTED_EDGE ( 'NONE', *, *, #7215, .F. ) ;
#386 = ADVANCED_FACE ( 'NONE', ( #10630 ), #11693, .F. ) ;
#387 = STYLED_ITEM ( 'NONE', ( #5834 ), #10316 ) ;
#388 = VECTOR ( 'NONE', #9992, 1000.000000000000000 ) ;
#389 = CARTESIAN_POINT ( 'NONE',  ( 1.991738841369566693, 1.061439968560242475, 0.7010000000000000675 ) ) ;
#390 = ORIENTED_EDGE ( 'NONE', *, *, #2427, .F. ) ;
#391 = SURFACE_SIDE_STYLE ('',( #7009 ) ) ;
#392 = ORIENTED_EDGE ( 'NONE', *, *, #7102, .F. ) ;
#393 =( GEOMETRIC_REPRESENTATION_CONTEXT ( 3 ) GLOBAL_UNCERTAINTY_ASSIGNED_CONTEXT ( ( #7295 ) ) GLOBAL_UNIT_ASSIGNED_CONTEXT ( ( #11716, #8637, #4807 ) ) REPRESENTATION_CONTEXT ( 'NONE', 'WORKASPACE' ) );
#394 = SURFACE_STYLE_USAGE ( .BOTH. , #6050 ) ;
#395 = CARTESIAN_POINT ( 'NONE',  ( 2.039858837736773456, 1.156598613060702885, 0.6999999999999999556 ) ) ;
#396 = DIRECTION ( 'NONE',  ( 1.000000000000000000, -0.0000000000000000000, -0.0000000000000000000 ) ) ;
#397 = FILL_AREA_STYLE_COLOUR ( '', #9911 ) ;
#398 = ORIENTED_EDGE ( 'NONE', *, *, #11541, .F. ) ;
#399 = CARTESIAN_POINT ( 'NONE',  ( 2.222398737524740930, 1.463535149958128612, 0.7010000000000000675 ) ) ;
#400 = FACE_BOUND ( 'NONE', #10422, .T. ) ;
#401 = ORIENTED_EDGE ( 'NONE', *, *, #6336, .T. ) ;
#402 = DIRECTION ( 'NONE',  ( 1.000000000000000000, -0.0000000000000000000, -0.0000000000000000000 ) ) ;
#403 = EDGE_CURVE ( 'NONE', #8126, #9266, #3169, .T. ) ;
#404 = COLOUR_RGB ( '',0.6470588235294117974, 0.6196078431372549211, 0.5882352941176470784 ) ;
#405 = ADVANCED_FACE ( 'NONE', ( #2351 ), #2236, .F. ) ;
#406 = DIRECTION ( 'NONE',  ( 0.0000000000000000000, -1.000000000000000000, 0.0000000000000000000 ) ) ;
#407 = FILL_AREA_STYLE ('',( #8984 ) ) ;
#408 = CARTESIAN_POINT ( 'NONE',  ( 2.112641891879190492, 1.155350903561436215, 0.6999999999999999556 ) ) ;
#409 = B_SPLINE_CURVE_WITH_KNOTS ( 'NONE', 3,
 ( #11230, #7725, #2861, #11635 ),
 .UNSPECIFIED., .F., .F.,
 ( 4, 4 ),
 ( 10.00000000000000000, 11.00000000000000000 ),
 .UNSPECIFIED. ) ;
#410 = PRESENTATION_LAYER_ASSIGNMENT (  '', '', ( #5778 ) ) ;
#411 = B_SPLINE_CURVE_WITH_KNOTS ( 'NONE', 3,
 ( #243, #3138, #298, #7996 ),
 .UNSPECIFIED., .F., .F.,
 ( 4, 4 ),
 ( 8.000000000000000000, 9.000000000000000000 ),
 .UNSPECIFIED. ) ;
#412 = DIRECTION ( 'NONE',  ( -0.0000000000000000000, -0.0000000000000000000, -1.000000000000000000 ) ) ;
#413 = FACE_OUTER_BOUND ( 'NONE', #8264, .T. ) ;
#414 = LINE ( 'NONE', #10904, #8281 ) ;
#415 = CARTESIAN_POINT ( 'NONE',  ( 2.026009262291685431, 1.346416818264573267, 0.6999999999999999556 ) ) ;
#416 = STYLED_ITEM ( 'NONE', ( #2249 ), #1674 ) ;
#417 = COLOUR_RGB ( '',1.000000000000000000, 1.000000000000000000, 1.000000000000000000 ) ;
#418 = EDGE_CURVE ( 'NONE', #11542, #1738, #4514, .T. ) ;
#419 = CARTESIAN_POINT ( 'NONE',  ( 2.269354205026444582, 1.448229913429640581, 0.7010000000000000675 ) ) ;
#420 = UNCERTAINTY_MEASURE_WITH_UNIT (LENGTH_MEASURE( 1.000000000000000082E-05 ), #997, 'distance_accuracy_value', 'NONE');
#421 = ORIENTED_EDGE ( 'NONE', *, *, #9100, .F. ) ;
#422 = CARTESIAN_POINT ( 'NONE',  ( 2.242112547618933416, 1.338098754933535917, 0.6999999999999999556 ) ) ;
#423 = COLOUR_RGB ( '',1.000000000000000000, 1.000000000000000000, 1.000000000000000000 ) ;
#424 = FILL_AREA_STYLE_COLOUR ( '', #8299 ) ;
#425 = STYLED_ITEM ( 'NONE', ( #4622 ), #2619 ) ;
#426 = CARTESIAN_POINT ( 'NONE',  ( 2.062359199045738389, 1.139879305766525297, 0.6999999999999999556 ) ) ;
#427 = CARTESIAN_POINT ( 'NONE',  ( 1.939418223020783927, 1.088640035651149196, 0.7010000000000000675 ) ) ;
#428 = DIRECTION ( 'NONE',  ( -1.000000000000000000, 0.0000000000000000000, 0.0000000000000000000 ) ) ;
#429 =( GEOMETRIC_REPRESENTATION_CONTEXT ( 3 ) GLOBAL_UNCERTAINTY_ASSIGNED_CONTEXT ( ( #1070 ) ) GLOBAL_UNIT_ASSIGNED_CONTEXT ( ( #9287, #713, #8352 ) ) REPRESENTATION_CONTEXT ( 'NONE', 'WORKASPACE' ) );
#430 = CARTESIAN_POINT ( 'NONE',  ( 1.939418223020783927, 1.100534866213565888, 0.7010000000000000675 ) ) ;
#431 = SURFACE_SIDE_STYLE ('',( #6325 ) ) ;
#432 = EDGE_CURVE ( 'NONE', #7887, #6056, #2598, .T. ) ;
#433 = SURFACE_SIDE_STYLE ('',( #9007 ) ) ;
#434 = UNCERTAINTY_MEASURE_WITH_UNIT (LENGTH_MEASURE( 1.000000000000000082E-05 ), #9594, 'distance_accuracy_value', 'NONE');
#435 = CARTESIAN_POINT ( 'NONE',  ( 1.433247337833865043, 1.258686765217720938, 0.7010000000000000675 ) ) ;
#436 = EDGE_LOOP ( 'NONE', ( #12031, #4526, #1926, #3057 ) ) ;
#437 = ORIENTED_EDGE ( 'NONE', *, *, #2036, .F. ) ;
#438 = SURFACE_STYLE_FILL_AREA ( #3335 ) ;
#439 = MECHANICAL_DESIGN_GEOMETRIC_PRESENTATION_REPRESENTATION (  '', ( #6392 ), #7015 ) ;
#440 =( NAMED_UNIT ( * ) PLANE_ANGLE_UNIT ( ) SI_UNIT ( $, .RADIAN. ) );
#441 = FILL_AREA_STYLE ('',( #2582 ) ) ;
#442 = CARTESIAN_POINT ( 'NONE',  ( 2.257105856772326558, 1.476875244024383083, 0.7010000000000000675 ) ) ;
#443 = PRESENTATION_STYLE_ASSIGNMENT (( #4451 ) ) ;
#444 = ORIENTED_EDGE ( 'NONE', *, *, #6572, .T. ) ;
#445 = DIRECTION ( 'NONE',  ( -0.0000000000000000000, -0.0000000000000000000, -1.000000000000000000 ) ) ;
#446 = LINE ( 'NONE', #5134, #3593 ) ;
#447 = ORIENTED_EDGE ( 'NONE', *, *, #1356, .T. ) ;
#448 =( NAMED_UNIT ( * ) PLANE_ANGLE_UNIT ( ) SI_UNIT ( $, .RADIAN. ) );
#449 = CARTESIAN_POINT ( 'NONE',  ( 2.128820525056945190, 1.177643313287374705, 0.7010000000000000675 ) ) ;
#450 = UNCERTAINTY_MEASURE_WITH_UNIT (LENGTH_MEASURE( 1.000000000000000082E-05 ), #5869, 'distance_accuracy_value', 'NONE');
#451 = VERTEX_POINT ( 'NONE', #11999 ) ;
#452 = CARTESIAN_POINT ( 'NONE',  ( 2.390797929652491494, 1.461455634125646164, 0.7010000000000000675 ) ) ;
#453 = CARTESIAN_POINT ( 'NONE',  ( 2.393043806751394165, 1.452305764461394144, 0.7010000000000000675 ) ) ;
#454 = VERTEX_POINT ( 'NONE', #7253 ) ;
#455 =( LENGTH_UNIT ( ) NAMED_UNIT ( * ) SI_UNIT ( .MILLI., .METRE. ) );
#456 =( NAMED_UNIT ( * ) PLANE_ANGLE_UNIT ( ) SI_UNIT ( $, .RADIAN. ) );
#457 = CARTESIAN_POINT ( 'NONE',  ( -2.949999999999998845, -1.700000000000000178, -0.1000000000000000056 ) ) ;
#458 = VERTEX_POINT ( 'NONE', #11936 ) ;
#459 = CARTESIAN_POINT ( 'NONE',  ( 1.968198722144361756, 1.163752147525683123, 0.7010000000000000675 ) ) ;
#460 = PRESENTATION_STYLE_ASSIGNMENT (( #9041 ) ) ;
#461 = FILL_AREA_STYLE_COLOUR ( '', #7477 ) ;
#462 = ORIENTED_EDGE ( 'NONE', *, *, #4326, .F. ) ;
#463 = CARTESIAN_POINT ( 'NONE',  ( 2.287196450871179287, 1.422693459005163197, 0.6999999999999999556 ) ) ;
#464 = PLANE ( 'NONE',  #2769 ) ;
#465 = CARTESIAN_POINT ( 'NONE',  ( 1.344174519300853854, 1.525905132560692490, 0.7010000000000000675 ) ) ;
#466 = EDGE_CURVE ( 'NONE', #11810, #1466, #7813, .T. ) ;
#467 = ADVANCED_FACE ( 'NONE', ( #7134 ), #11928, .T. ) ;
#468 = SURFACE_STYLE_FILL_AREA ( #407 ) ;
#469 = PRESENTATION_STYLE_ASSIGNMENT (( #6905 ) ) ;
#470 = B_SPLINE_SURFACE_WITH_KNOTS ( 'NONE', 3, 1, ( 
 ( #1022, #2960 ),
 ( #252, #2043 ),
 ( #8585, #1081 ),
 ( #5798, #9643 ) ),
 .UNSPECIFIED., .F., .F., .F.,
 ( 4, 4 ),
 ( 2, 2 ),
 ( 9.000000000000000000, 10.00000000000000000 ),
 ( 0.0000000000000000000, 1.000000000000000000 ),
 .UNSPECIFIED. ) ;
#471 = FILL_AREA_STYLE_COLOUR ( '', #10109 ) ;
#472 = EDGE_CURVE ( 'NONE', #8019, #6124, #8743, .T. ) ;
#473 = EDGE_CURVE ( 'NONE', #908, #2344, #771, .T. ) ;
#474 = PRESENTATION_LAYER_ASSIGNMENT (  '', '', ( #5837 ) ) ;
#475 = FILL_AREA_STYLE ('',( #11951 ) ) ;
#476 =( NAMED_UNIT ( * ) SI_UNIT ( $, .STERADIAN. ) SOLID_ANGLE_UNIT ( ) );
#477 = CARTESIAN_POINT ( 'NONE',  ( 2.097295065034097572, 1.091052274016473422, 0.6999999999999999556 ) ) ;
#478 = FILL_AREA_STYLE ('',( #12014 ) ) ;
#479 = DIRECTION ( 'NONE',  ( -1.000000000000000000, 0.0000000000000000000, 0.0000000000000000000 ) ) ;
#480 = CARTESIAN_POINT ( 'NONE',  ( 1.137109160887733950, 1.432205159494573943, 0.6999999999999999556 ) ) ;
#481 =( GEOMETRIC_REPRESENTATION_CONTEXT ( 3 ) GLOBAL_UNCERTAINTY_ASSIGNED_CONTEXT ( ( #6469 ) ) GLOBAL_UNIT_ASSIGNED_CONTEXT ( ( #2318, #9993, #6144 ) ) REPRESENTATION_CONTEXT ( 'NONE', 'WORKASPACE' ) );
#482 = EDGE_LOOP ( 'NONE', ( #9562, #2826, #2724, #1380, #8845, #11435, #3112, #9276 ) ) ;
#483 = PRESENTATION_STYLE_ASSIGNMENT (( #8174 ) ) ;
#484 = DIRECTION ( 'NONE',  ( 0.0000000000000000000, 1.000000000000000000, 0.0000000000000000000 ) ) ;
#485 = CARTESIAN_POINT ( 'NONE',  ( 1.428620161237295516, 1.116401548203548089, 0.7010000000000000675 ) ) ;
#486 = EDGE_CURVE ( 'NONE', #9093, #8535, #8583, .T. ) ;
#487 =( NAMED_UNIT ( * ) PLANE_ANGLE_UNIT ( ) SI_UNIT ( $, .RADIAN. ) );
#488 = SURFACE_SIDE_STYLE ('',( #4434 ) ) ;
#489 = VECTOR ( 'NONE', #11812, 1000.000000000000000 ) ;
#490 = STYLED_ITEM ( 'NONE', ( #3375 ), #7294 ) ;
#491 = SURFACE_STYLE_USAGE ( .BOTH. , #11910 ) ;
#492 = CARTESIAN_POINT ( 'NONE',  ( 1.551239899778543929, 1.409069364765016985, 0.7010000000000000675 ) ) ;
#493 = VERTEX_POINT ( 'NONE', #7321 ) ;
#494 = VERTEX_POINT ( 'NONE', #5328 ) ;
#495 = CARTESIAN_POINT ( 'NONE',  ( 2.222398737524740930, 1.463535149958128612, 0.6999999999999999556 ) ) ;
#496 = FILL_AREA_STYLE_COLOUR ( '', #10989 ) ;
#497 = AXIS2_PLACEMENT_3D ( 'NONE', #11016, #2609, #660 ) ;
#498 = CARTESIAN_POINT ( 'NONE',  ( 1.678486726660851192, 1.222826256910922282, 0.6999999999999999556 ) ) ;
#499 = ADVANCED_FACE ( 'NONE', ( #9152, #903 ), #4701, .F. ) ;
#500 = LINE ( 'NONE', #9015, #9301 ) ;
#501 = FACE_OUTER_BOUND ( 'NONE', #12109, .T. ) ;
#502 = DIRECTION ( 'NONE',  ( 0.0000000000000000000, 0.0000000000000000000, -1.000000000000000000 ) ) ;
#503 = UNCERTAINTY_MEASURE_WITH_UNIT (LENGTH_MEASURE( 1.000000000000000082E-05 ), #1383, 'distance_accuracy_value', 'NONE');
#504 =( LENGTH_UNIT ( ) NAMED_UNIT ( * ) SI_UNIT ( .MILLI., .METRE. ) );
#505 = CARTESIAN_POINT ( 'NONE',  ( 2.595047974733924789, 1.203346128978270091, 0.7010000000000000675 ) ) ;
#506 = VERTEX_POINT ( 'NONE', #12314 ) ;
#507 = VECTOR ( 'NONE', #5468, 1000.000000000000000 ) ;
#508 = SURFACE_STYLE_USAGE ( .BOTH. , #7310 ) ;
#509 = PRESENTATION_LAYER_ASSIGNMENT (  '', '', ( #8707 ) ) ;
#510 = VECTOR ( 'NONE', #186, 1000.000000000000000 ) ;
#511 = ORIENTED_EDGE ( 'NONE', *, *, #2145, .T. ) ;
#512 = CARTESIAN_POINT ( 'NONE',  ( 2.451644562914782721, 1.224141287305309023, 0.7010000000000000675 ) ) ;
#513 = PRESENTATION_LAYER_ASSIGNMENT (  '', '', ( #5483 ) ) ;
#514 =( GEOMETRIC_REPRESENTATION_CONTEXT ( 3 ) GLOBAL_UNCERTAINTY_ASSIGNED_CONTEXT ( ( #2727 ) ) GLOBAL_UNIT_ASSIGNED_CONTEXT ( ( #3270, #7053, #6404 ) ) REPRESENTATION_CONTEXT ( 'NONE', 'WORKASPACE' ) );
#515 = CARTESIAN_POINT ( 'NONE',  ( 2.137762443137059876, 1.411464073508428951, 0.6999999999999999556 ) ) ;
#516 = VECTOR ( 'NONE', #6100, 1000.000000000000000 ) ;
#517 = ORIENTED_EDGE ( 'NONE', *, *, #8290, .T. ) ;
#518 = CARTESIAN_POINT ( 'NONE',  ( 2.221566931192634264, 1.319549473706508769, 0.6999999999999999556 ) ) ;
#519 = CARTESIAN_POINT ( 'NONE',  ( 2.464703922344361864, 1.319549473706508769, 0.7010000000000000675 ) ) ;
#520 = FILL_AREA_STYLE_COLOUR ( '', #7003 ) ;
#521 = ORIENTED_EDGE ( 'NONE', *, *, #10531, .T. ) ;
#522 = DIRECTION ( 'NONE',  ( -0.0000000000000000000, -0.0000000000000000000, -1.000000000000000000 ) ) ;
#523 = SURFACE_SIDE_STYLE ('',( #8267 ) ) ;
#524 =( GEOMETRIC_REPRESENTATION_CONTEXT ( 3 ) GLOBAL_UNCERTAINTY_ASSIGNED_CONTEXT ( ( #1097 ) ) GLOBAL_UNIT_ASSIGNED_CONTEXT ( ( #5529, #9305, #873 ) ) REPRESENTATION_CONTEXT ( 'NONE', 'WORKASPACE' ) );
#525 = EDGE_LOOP ( 'NONE', ( #10821, #2105, #12340, #11122 ) ) ;
#526 = COLOUR_RGB ( '',1.000000000000000000, 1.000000000000000000, 1.000000000000000000 ) ;
#527 = FILL_AREA_STYLE ('',( #5208 ) ) ;
#528 = SURFACE_STYLE_FILL_AREA ( #5450 ) ;
#529 = CARTESIAN_POINT ( 'NONE',  ( 2.287196450871179287, 1.402397384478496489, 0.7010000000000000675 ) ) ;
#530 = ORIENTED_EDGE ( 'NONE', *, *, #6755, .F. ) ;
#531 = CARTESIAN_POINT ( 'NONE',  ( 1.930101992090114349, 1.169491611223866245, 0.7010000000000000675 ) ) ;
#532 = PRESENTATION_STYLE_ASSIGNMENT (( #3430 ) ) ;
#533 =( GEOMETRIC_REPRESENTATION_CONTEXT ( 3 ) GLOBAL_UNCERTAINTY_ASSIGNED_CONTEXT ( ( #1580 ) ) GLOBAL_UNIT_ASSIGNED_CONTEXT ( ( #4047, #44, #8740 ) ) REPRESENTATION_CONTEXT ( 'NONE', 'WORKASPACE' ) );
#534 = VECTOR ( 'NONE', #10499, 1000.000000000000227 ) ;
#535 = CARTESIAN_POINT ( 'NONE',  ( 2.085109102254885993, 1.180305093553438711, 0.7010000000000000675 ) ) ;
#536 = PRESENTATION_LAYER_ASSIGNMENT (  '', '', ( #5894 ) ) ;
#537 = DIRECTION ( 'NONE',  ( 0.0000000000000000000, 0.0000000000000000000, 1.000000000000000000 ) ) ;
#538 = DIRECTION ( 'NONE',  ( -1.000000000000000000, -0.0000000000000000000, -0.0000000000000000000 ) ) ;
#539 = FILL_AREA_STYLE ('',( #471 ) ) ;
#540 = VECTOR ( 'NONE', #7983, 1000.000000000000000 ) ;
#541 = PLANE ( 'NONE',  #8087 ) ;
#542 = ADVANCED_FACE ( 'NONE', ( #7698 ), #6671, .F. ) ;
#543 =( GEOMETRIC_REPRESENTATION_CONTEXT ( 3 ) GLOBAL_UNCERTAINTY_ASSIGNED_CONTEXT ( ( #11502 ) ) GLOBAL_UNIT_ASSIGNED_CONTEXT ( ( #2357, #5152, #6000 ) ) REPRESENTATION_CONTEXT ( 'NONE', 'WORKASPACE' ) );
#544 = EDGE_CURVE ( 'NONE', #9140, #568, #2046, .T. ) ;
#545 =( NAMED_UNIT ( * ) SI_UNIT ( $, .STERADIAN. ) SOLID_ANGLE_UNIT ( ) );
#546 = SURFACE_STYLE_FILL_AREA ( #7219 ) ;
#547 = B_SPLINE_CURVE_WITH_KNOTS ( 'NONE', 3,
 ( #5713, #11410, #5032, #2924 ),
 .UNSPECIFIED., .F., .F.,
 ( 4, 4 ),
 ( 5.000000000000000000, 6.000000000000000000 ),
 .UNSPECIFIED. ) ;
#548 = CARTESIAN_POINT ( 'NONE',  ( 2.060861947646282388, 1.148114188464350871, 0.6999999999999999556 ) ) ;
#549 = CARTESIAN_POINT ( 'NONE',  ( 2.071259526809804186, 1.058695007660964693, 0.7010000000000000675 ) ) ;
#550 = CARTESIAN_POINT ( 'NONE',  ( 2.645247486934169778, 1.061439968560242475, 0.7010000000000000675 ) ) ;
#551 = EDGE_CURVE ( 'NONE', #2959, #7137, #4982, .T. ) ;
#552 = ORIENTED_EDGE ( 'NONE', *, *, #3160, .F. ) ;
#553 = MECHANICAL_DESIGN_GEOMETRIC_PRESENTATION_REPRESENTATION (  '', ( #11118 ), #4732 ) ;
#554 = CARTESIAN_POINT ( 'NONE',  ( 1.960878826413513298, 1.075414314955142503, 0.7010000000000000675 ) ) ;
#555 = CARTESIAN_POINT ( 'NONE',  ( 2.269811698510213915, 1.355067604127344172, 0.7010000000000000675 ) ) ;
#556 = ORIENTED_EDGE ( 'NONE', *, *, #9269, .T. ) ;
#557 = CARTESIAN_POINT ( 'NONE',  ( 1.970111876710422649, 1.180305093553438711, 0.7010000000000000675 ) ) ;
#558 = CARTESIAN_POINT ( 'NONE',  ( 2.137013817437611873, 1.024923670538664844, 0.6999999999999999556 ) ) ;
#559 =( LENGTH_UNIT ( ) NAMED_UNIT ( * ) SI_UNIT ( .MILLI., .METRE. ) );
#560 = LINE ( 'NONE', #1576, #1297 ) ;
#561 = CARTESIAN_POINT ( 'NONE',  ( 2.240365754319293856, 1.177643313287374705, 0.7010000000000000675 ) ) ;
#562 = DIRECTION ( 'NONE',  ( -0.0000000000000000000, -0.0000000000000000000, -1.000000000000000000 ) ) ;
#563 = PRESENTATION_LAYER_ASSIGNMENT (  '', '', ( #7742 ) ) ;
#564 =( LENGTH_UNIT ( ) NAMED_UNIT ( * ) SI_UNIT ( .MILLI., .METRE. ) );
#565 = EDGE_CURVE ( 'NONE', #13, #8872, #11332, .T. ) ;
#566 = UNCERTAINTY_MEASURE_WITH_UNIT (LENGTH_MEASURE( 1.000000000000000082E-05 ), #9075, 'distance_accuracy_value', 'NONE');
#567 = EDGE_CURVE ( 'NONE', #2588, #11527, #5803, .T. ) ;
#568 = VERTEX_POINT ( 'NONE', #1985 ) ;
#569 = EDGE_CURVE ( 'NONE', #5857, #5547, #9648, .T. ) ;
#570 = ORIENTED_EDGE ( 'NONE', *, *, #1114, .F. ) ;
#571 = LINE ( 'NONE', #6335, #3859 ) ;
#572 = COLOUR_RGB ( '',1.000000000000000000, 1.000000000000000000, 1.000000000000000000 ) ;
#573 =( NAMED_UNIT ( * ) SI_UNIT ( $, .STERADIAN. ) SOLID_ANGLE_UNIT ( ) );
#574 = SURFACE_STYLE_USAGE ( .BOTH. , #4256 ) ;
#575 = PLANE ( 'NONE',  #10953 ) ;
#576 = DIRECTION ( 'NONE',  ( -0.3385350343141467211, -0.9409537876760576403, 0.0000000000000000000 ) ) ;
#577 = VECTOR ( 'NONE', #1896, 1000.000000000000000 ) ;
#578 = PRESENTATION_STYLE_ASSIGNMENT (( #4381 ) ) ;
#579 = CARTESIAN_POINT ( 'NONE',  ( 2.390797929652491494, 1.461455634125646164, 0.6999999999999999556 ) ) ;
#580 = ORIENTED_EDGE ( 'NONE', *, *, #8451, .T. ) ;
#581 = CARTESIAN_POINT ( 'NONE',  ( 2.049466200883683697, 1.122827275939505265, 0.6999999999999999556 ) ) ;
#582 = CARTESIAN_POINT ( 'NONE',  ( 1.984003042472108458, 1.335520155300681466, 0.6999999999999999556 ) ) ;
#583 = EDGE_LOOP ( 'NONE', ( #10514, #3491, #8981, #7596, #2216, #6225, #992, #5932, #7393, #6944, #8382, #2830, #9788, #6152 ) ) ;
#584 =( NAMED_UNIT ( * ) PLANE_ANGLE_UNIT ( ) SI_UNIT ( $, .RADIAN. ) );
#585 = ADVANCED_FACE ( 'NONE', ( #9707 ), #6326, .F. ) ;
#586 = DIRECTION ( 'NONE',  ( -1.000000000000000000, 0.0000000000000000000, 0.0000000000000000000 ) ) ;
#587 = B_SPLINE_SURFACE_WITH_KNOTS ( 'NONE', 3, 1, ( 
 ( #8678, #6631 ),
 ( #10524, #4909 ),
 ( #3870, #165 ),
 ( #3988, #12341 ) ),
 .UNSPECIFIED., .F., .F., .F.,
 ( 4, 4 ),
 ( 2, 2 ),
 ( 1.000000000000000000, 2.000000000000000000 ),
 ( 0.0000000000000000000, 1.000000000000000000 ),
 .UNSPECIFIED. ) ;
#588 = ORIENTED_EDGE ( 'NONE', *, *, #8536, .F. ) ;
#589 = CARTESIAN_POINT ( 'NONE',  ( 2.391297013451754605, 1.461455634125646164, 0.7010000000000000675 ) ) ;
#590 = VECTOR ( 'NONE', #10791, 1000.000000000000000 ) ;
#591 = MECHANICAL_DESIGN_GEOMETRIC_PRESENTATION_REPRESENTATION (  '', ( #6329 ), #996 ) ;
#592 = PRESENTATION_STYLE_ASSIGNMENT (( #8330 ) ) ;
#593 = VERTEX_POINT ( 'NONE', #7818 ) ;
#594 = DIRECTION ( 'NONE',  ( -0.0000000000000000000, 1.000000000000000000, -0.0000000000000000000 ) ) ;
#595 = DIRECTION ( 'NONE',  ( -0.0000000000000000000, -0.0000000000000000000, -1.000000000000000000 ) ) ;
#596 = ORIENTED_EDGE ( 'NONE', *, *, #4904, .T. ) ;
#597 = LINE ( 'NONE', #5210, #6289 ) ;
#598 = AXIS2_PLACEMENT_3D ( 'NONE', #620, #9246, #11965 ) ;
#599 = CARTESIAN_POINT ( 'NONE',  ( 0.4000000000000014655, 1.700000000000000622, 0.0000000000000000000 ) ) ;
#600 = VERTEX_POINT ( 'NONE', #3271 ) ;
#601 = SURFACE_SIDE_STYLE ('',( #3558 ) ) ;
#602 = CARTESIAN_POINT ( 'NONE',  ( 2.287196450871179287, 1.422693459005163197, 0.7010000000000000675 ) ) ;
#603 = AXIS2_PLACEMENT_3D ( 'NONE', #1959, #1192, #9805 ) ;
#604 = CARTESIAN_POINT ( 'NONE',  ( 0.0000000000000000000, 0.0000000000000000000, 0.6999999999999999556 ) ) ;
#605 =( NAMED_UNIT ( * ) PLANE_ANGLE_UNIT ( ) SI_UNIT ( $, .RADIAN. ) );
#606 = CARTESIAN_POINT ( 'NONE',  ( 2.418413899909453768, 1.382434032485780895, 0.7010000000000000675 ) ) ;
#607 = CARTESIAN_POINT ( 'NONE',  ( 0.9404548836258183053, 1.244805235427459023, 0.7010000000000000675 ) ) ;
#608 = LINE ( 'NONE', #11953, #3703 ) ;
#609 = VECTOR ( 'NONE', #4911, 1000.000000000000000 ) ;
#610 = CARTESIAN_POINT ( 'NONE',  ( 1.960878826413513298, 1.075414314955142503, 0.7010000000000000675 ) ) ;
#611 = LINE ( 'NONE', #7277, #8768 ) ;
#612 = FACE_OUTER_BOUND ( 'NONE', #5377, .T. ) ;
#613 = PRESENTATION_LAYER_ASSIGNMENT (  '', '', ( #11568 ) ) ;
#614 = EDGE_LOOP ( 'NONE', ( #4279, #1993, #6885, #9072 ) ) ;
#615 = FILL_AREA_STYLE_COLOUR ( '', #1432 ) ;
#616 = CARTESIAN_POINT ( 'NONE',  ( 2.133021147039069199, 1.026504102571883514, 0.6999999999999999556 ) ) ;
#617 = LINE ( 'NONE', #3817, #8719 ) ;
#618 = SURFACE_STYLE_FILL_AREA ( #2378 ) ;
#619 = CARTESIAN_POINT ( 'NONE',  ( 2.083112767055617542, 1.163752147525683123, 0.7010000000000000675 ) ) ;
#620 = CARTESIAN_POINT ( 'NONE',  ( 1.832739060806250597, 1.338098754933535917, 0.7010000000000000675 ) ) ;
#621 = PRESENTATION_STYLE_ASSIGNMENT (( #10114 ) ) ;
#622 = EDGE_CURVE ( 'NONE', #6950, #3091, #7944, .T. ) ;
#623 = VECTOR ( 'NONE', #538, 1000.000000000000000 ) ;
#624 = CARTESIAN_POINT ( 'NONE',  ( 2.284742622188141059, 1.342340967231710813, 0.6999999999999999556 ) ) ;
#625 = DIRECTION ( 'NONE',  ( 0.2524218971878333662, -0.9676172723861924396, 0.0000000000000000000 ) ) ;
#626 = VECTOR ( 'NONE', #5658, 1000.000000000000000 ) ;
#627 = VECTOR ( 'NONE', #7159, 1000.000000000000000 ) ;
#628 = CARTESIAN_POINT ( 'NONE',  ( 2.567556775426779847, 1.124324527338406599, 0.7010000000000000675 ) ) ;
#629 = ORIENTED_EDGE ( 'NONE', *, *, #3855, .T. ) ;
#630 = ORIENTED_EDGE ( 'NONE', *, *, #1503, .T. ) ;
#631 = PRESENTATION_STYLE_ASSIGNMENT (( #6333 ) ) ;
#632 = COLOUR_RGB ( '',1.000000000000000000, 1.000000000000000000, 1.000000000000000000 ) ;
#633 = AXIS2_PLACEMENT_3D ( 'NONE', #604, #8040, #182 ) ;
#634 = SURFACE_STYLE_FILL_AREA ( #748 ) ;
#635 = DIRECTION ( 'NONE',  ( 1.000000000000000000, -0.0000000000000000000, -0.0000000000000000000 ) ) ;
#636 = CARTESIAN_POINT ( 'NONE',  ( 2.592885278268235449, 1.194612162481179629, 0.6999999999999999556 ) ) ;
#637 = DIRECTION ( 'NONE',  ( -1.000000000000000000, 1.275531967630004999E-16, 0.0000000000000000000 ) ) ;
#638 = CARTESIAN_POINT ( 'NONE',  ( 2.165461594027785264, 1.040561629599990656, 0.6999999999999999556 ) ) ;
#639 = EDGE_CURVE ( 'NONE', #5046, #7162, #228, .T. ) ;
#640 = EDGE_CURVE ( 'NONE', #7652, #7373, #1436, .T. ) ;
#641 = PRESENTATION_STYLE_ASSIGNMENT (( #8320 ) ) ;
#642 = EDGE_LOOP ( 'NONE', ( #10279, #148, #9395, #3886 ) ) ;
#643 = MECHANICAL_DESIGN_GEOMETRIC_PRESENTATION_REPRESENTATION (  '', ( #1243 ), #6179 ) ;
#644 = FACE_OUTER_BOUND ( 'NONE', #5999, .T. ) ;
#645 = ORIENTED_EDGE ( 'NONE', *, *, #11021, .T. ) ;
#646 = PLANE ( 'NONE',  #6366 ) ;
#647 = ORIENTED_EDGE ( 'NONE', *, *, #11386, .T. ) ;
#648 = PRESENTATION_STYLE_ASSIGNMENT (( #2771 ) ) ;
#649 = FILL_AREA_STYLE ('',( #2529 ) ) ;
#650 = ORIENTED_EDGE ( 'NONE', *, *, #10338, .F. ) ;
#651 = FILL_AREA_STYLE ('',( #5260 ) ) ;
#652 = CARTESIAN_POINT ( 'NONE',  ( 1.141736315420841974, 1.217042330292825936, 0.7010000000000000675 ) ) ;
#653 = CARTESIAN_POINT ( 'NONE',  ( 2.357151363480007866, 1.364051112525174858, 0.7010000000000000675 ) ) ;
#654 =( GEOMETRIC_REPRESENTATION_CONTEXT ( 3 ) GLOBAL_UNCERTAINTY_ASSIGNED_CONTEXT ( ( #11426 ) ) GLOBAL_UNIT_ASSIGNED_CONTEXT ( ( #3489, #10205, #6292 ) ) REPRESENTATION_CONTEXT ( 'NONE', 'WORKASPACE' ) );
#655 = EDGE_CURVE ( 'NONE', #6030, #11834, #5977, .T. ) ;
#656 = CARTESIAN_POINT ( 'NONE',  ( 2.003009817182348495, 1.484995753350852210, 0.7010000000000000675 ) ) ;
#657 = ORIENTED_EDGE ( 'NONE', *, *, #3882, .T. ) ;
#658 = CARTESIAN_POINT ( 'NONE',  ( 2.065312111528040617, 1.137300706134778405, 0.6999999999999999556 ) ) ;
#659 = VERTEX_POINT ( 'NONE', #8840 ) ;
#660 = DIRECTION ( 'NONE',  ( 0.0000000000000000000, -0.0000000000000000000, -1.000000000000000000 ) ) ;
#661 = CARTESIAN_POINT ( 'NONE',  ( 2.097295065034097572, 1.091052274016473422, 0.7010000000000000675 ) ) ;
#662 = CARTESIAN_POINT ( 'NONE',  ( 2.485166358137453901, 1.108187484477810791, 0.6999999999999999556 ) ) ;
#663 = DIRECTION ( 'NONE',  ( -1.000000000000000000, 0.0000000000000000000, 0.0000000000000000000 ) ) ;
#664 = LINE ( 'NONE', #11156, #6993 ) ;
#665 = EDGE_CURVE ( 'NONE', #6479, #11194, #2163, .T. ) ;
#666 = LINE ( 'NONE', #4537, #291 ) ;
#667 =( NAMED_UNIT ( * ) SI_UNIT ( $, .STERADIAN. ) SOLID_ANGLE_UNIT ( ) );
#668 = ORIENTED_EDGE ( 'NONE', *, *, #7893, .T. ) ;
#669 = CARTESIAN_POINT ( 'NONE',  ( 2.219237873460517374, 1.177643313287374705, 0.7010000000000000675 ) ) ;
#670 = LINE ( 'NONE', #2564, #507 ) ;
#671 =( LENGTH_UNIT ( ) NAMED_UNIT ( * ) SI_UNIT ( .MILLI., .METRE. ) );
#672 = SURFACE_SIDE_STYLE ('',( #5413 ) ) ;
#673 = CARTESIAN_POINT ( 'NONE',  ( 2.187629232803906199, 1.043888854932849108, 0.7010000000000000675 ) ) ;
#674 = PLANE ( 'NONE',  #10644 ) ;
#675 = DIRECTION ( 'NONE',  ( -0.0000000000000000000, 1.000000000000000000, -0.0000000000000000000 ) ) ;
#676 = B_SPLINE_SURFACE_WITH_KNOTS ( 'NONE', 3, 1, ( 
 ( #7557, #9004 ),
 ( #427, #9864 ),
 ( #364, #3140 ),
 ( #10916, #11603 ) ),
 .UNSPECIFIED., .F., .F., .F.,
 ( 4, 4 ),
 ( 2, 2 ),
 ( 2.000000000000000000, 3.000000000000000000 ),
 ( 0.0000000000000000000, 1.000000000000000000 ),
 .UNSPECIFIED. ) ;
#677 = CARTESIAN_POINT ( 'NONE',  ( 1.927689753724234345, 1.461039730958485716, 0.7010000000000000675 ) ) ;
#678 = PRESENTATION_LAYER_ASSIGNMENT (  '', '', ( #9468 ) ) ;
#679 = ADVANCED_FACE ( 'NONE', ( #8779 ), #6220, .F. ) ;
#680 = CARTESIAN_POINT ( 'NONE',  ( 1.150990646551073748, 1.362797841499060025, 0.7010000000000000675 ) ) ;
#681 = EDGE_LOOP ( 'NONE', ( #8383, #10376, #3233, #11342 ) ) ;
#682 = ORIENTED_EDGE ( 'NONE', *, *, #8611, .T. ) ;
#683 = CARTESIAN_POINT ( 'NONE',  ( 2.389134316986063489, 1.452721667628555924, 0.6999999999999999556 ) ) ;
#684 = FACE_OUTER_BOUND ( 'NONE', #6112, .T. ) ;
#685 = CARTESIAN_POINT ( 'NONE',  ( 2.014031251095505848, 1.319965376872561880, 0.6999999999999999556 ) ) ;
#686 = CARTESIAN_POINT ( 'NONE',  ( 0.9948240321290651167, 1.376679249938345562, 0.7010000000000000675 ) ) ;
#687 = PRESENTATION_LAYER_ASSIGNMENT (  '', '', ( #9280 ) ) ;
#688 = CARTESIAN_POINT ( 'NONE',  ( 2.153899485998765240, 1.024175044838656401, 0.6999999999999999556 ) ) ;
#689 = SURFACE_STYLE_FILL_AREA ( #6342 ) ;
#690 = EDGE_LOOP ( 'NONE', ( #1195, #4253, #8449, #3908 ) ) ;
#691 = EDGE_CURVE ( 'NONE', #4726, #2625, #9068, .T. ) ;
#692 = ADVANCED_FACE ( 'NONE', ( #11854 ), #2381, .T. ) ;
#693 = EDGE_LOOP ( 'NONE', ( #8522, #6609, #6160, #4203 ) ) ;
#694 = PRESENTATION_LAYER_ASSIGNMENT (  '', '', ( #3701 ) ) ;
#695 = EDGE_CURVE ( 'NONE', #2656, #5493, #3677, .T. ) ;
#696 = ORIENTED_EDGE ( 'NONE', *, *, #4167, .T. ) ;
#697 = CARTESIAN_POINT ( 'NONE',  ( 2.133021147039069199, 1.008370724510909255, 0.7010000000000000675 ) ) ;
#698 = ORIENTED_EDGE ( 'NONE', *, *, #8918, .T. ) ;
#699 = CARTESIAN_POINT ( 'NONE',  ( 2.136639504587610983, 1.007289376278064141, 0.7010000000000000675 ) ) ;
#700 = CARTESIAN_POINT ( 'NONE',  ( 2.283328551422453057, 1.134722106501922845, 0.7010000000000000675 ) ) ;
#701 = LINE ( 'NONE', #11066, #2452 ) ;
#702 = MECHANICAL_DESIGN_GEOMETRIC_PRESENTATION_REPRESENTATION (  '', ( #11069 ), #10080 ) ;
#703 = EDGE_LOOP ( 'NONE', ( #11747, #3449, #5902, #6789 ) ) ;
#704 = SURFACE_STYLE_USAGE ( .BOTH. , #12180 ) ;
#705 = UNCERTAINTY_MEASURE_WITH_UNIT (LENGTH_MEASURE( 1.000000000000000082E-05 ), #9037, 'distance_accuracy_value', 'NONE');
#706 = LINE ( 'NONE', #4524, #5326 ) ;
#707 = PLANE ( 'NONE',  #9085 ) ;
#708 = PRESENTATION_LAYER_ASSIGNMENT (  '', '', ( #11489 ) ) ;
#709 = EDGE_LOOP ( 'NONE', ( #100, #12100, #7485, #10120, #2158, #11797, #10379, #9717, #11993, #5616, #2518, #905 ) ) ;
#710 = CARTESIAN_POINT ( 'NONE',  ( 2.176815750474334177, 1.319549473706508769, 0.6999999999999999556 ) ) ;
#711 = EDGE_CURVE ( 'NONE', #10573, #11428, #2395, .T. ) ;
#712 = EDGE_LOOP ( 'NONE', ( #4501, #11749, #4774, #4164 ) ) ;
#713 =( NAMED_UNIT ( * ) PLANE_ANGLE_UNIT ( ) SI_UNIT ( $, .RADIAN. ) );
#714 = EDGE_CURVE ( 'NONE', #7856, #10795, #500, .T. ) ;
#715 = ADVANCED_FACE ( 'NONE', ( #1649 ), #11822, .F. ) ;
#716 =( LENGTH_UNIT ( ) NAMED_UNIT ( * ) SI_UNIT ( .MILLI., .METRE. ) );
#717 = CARTESIAN_POINT ( 'NONE',  ( 2.097295065034097572, 1.095544028215391208, 0.6999999999999999556 ) ) ;
#718 = VECTOR ( 'NONE', #4545, 999.9999999999998863 ) ;
#719 = PRESENTATION_LAYER_ASSIGNMENT (  '', '', ( #2332 ) ) ;
#720 = SURFACE_STYLE_USAGE ( .BOTH. , #7595 ) ;
#721 = ORIENTED_EDGE ( 'NONE', *, *, #5061, .F. ) ;
#722 =( NAMED_UNIT ( * ) PLANE_ANGLE_UNIT ( ) SI_UNIT ( $, .RADIAN. ) );
#723 = SURFACE_STYLE_USAGE ( .BOTH. , #2797 ) ;
#724 = PRESENTATION_LAYER_ASSIGNMENT (  '', '', ( #121 ) ) ;
#725 = COLOUR_RGB ( '',1.000000000000000000, 1.000000000000000000, 1.000000000000000000 ) ;
#726 = CARTESIAN_POINT ( 'NONE',  ( 2.137762443137059876, 1.411464073508428951, 0.7010000000000000675 ) ) ;
#727 = CARTESIAN_POINT ( 'NONE',  ( 2.052918197165804592, 1.171072043255974915, 0.7010000000000000675 ) ) ;
#728 = ORIENTED_EDGE ( 'NONE', *, *, #4014, .T. ) ;
#729 = FACE_OUTER_BOUND ( 'NONE', #525, .T. ) ;
#730 = COLOUR_RGB ( '',0.6470588235294117974, 0.6196078431372549211, 0.5882352941176470784 ) ;
#731 = MECHANICAL_DESIGN_GEOMETRIC_PRESENTATION_REPRESENTATION (  '', ( #7520 ), #6280 ) ;
#732 = LINE ( 'NONE', #871, #2038 ) ;
#733 = ADVANCED_FACE ( 'NONE', ( #12361 ), #6598, .F. ) ;
#734 = SURFACE_STYLE_FILL_AREA ( #4429 ) ;
#735 = PRESENTATION_LAYER_ASSIGNMENT (  '', '', ( #11068 ) ) ;
#736 = CARTESIAN_POINT ( 'NONE',  ( 1.344174519300853854, 1.525905132560692490, 0.6999999999999999556 ) ) ;
#737 = VECTOR ( 'NONE', #9279, 1000.000000000000000 ) ;
#738 = SURFACE_STYLE_USAGE ( .BOTH. , #672 ) ;
#739 = MECHANICAL_DESIGN_GEOMETRIC_PRESENTATION_REPRESENTATION (  '', ( #2548 ), #7727 ) ;
#740 = PRESENTATION_STYLE_ASSIGNMENT (( #5470 ) ) ;
#741 = FILL_AREA_STYLE_COLOUR ( '', #4686 ) ;
#742 = CARTESIAN_POINT ( 'NONE',  ( 1.154461006934623724, 1.429891582228573377, 0.7010000000000000675 ) ) ;
#743 = CARTESIAN_POINT ( 'NONE',  ( 2.504838577913932607, 1.099453517980721440, 0.6999999999999999556 ) ) ;
#744 = MECHANICAL_DESIGN_GEOMETRIC_PRESENTATION_REPRESENTATION (  '', ( #9536 ), #3566 ) ;
#745 = LINE ( 'NONE', #7298, #7192 ) ;
#746 = ORIENTED_EDGE ( 'NONE', *, *, #4082, .T. ) ;
#747 = ORIENTED_EDGE ( 'NONE', *, *, #7025, .F. ) ;
#748 = FILL_AREA_STYLE ('',( #2454 ) ) ;
#749 = FILL_AREA_STYLE ('',( #5484 ) ) ;
#750 = CARTESIAN_POINT ( 'NONE',  ( 1.942204774236117260, 1.352655365762020612, 0.7010000000000000675 ) ) ;
#751 = STYLED_ITEM ( 'NONE', ( #6561 ), #11922 ) ;
#752 =( NAMED_UNIT ( * ) PLANE_ANGLE_UNIT ( ) SI_UNIT ( $, .RADIAN. ) );
#753 =( NAMED_UNIT ( * ) SI_UNIT ( $, .STERADIAN. ) SOLID_ANGLE_UNIT ( ) );
#754 = UNCERTAINTY_MEASURE_WITH_UNIT (LENGTH_MEASURE( 1.000000000000000082E-05 ), #559, 'distance_accuracy_value', 'NONE');
#755 = DIRECTION ( 'NONE',  ( 1.000000000000000000, 0.0000000000000000000, 0.0000000000000000000 ) ) ;
#756 = DIRECTION ( 'NONE',  ( -0.0000000000000000000, -1.000000000000000000, -0.0000000000000000000 ) ) ;
#757 = VERTEX_POINT ( 'NONE', #9446 ) ;
#758 = DIRECTION ( 'NONE',  ( -0.0000000000000000000, 0.0000000000000000000, 1.000000000000000000 ) ) ;
#759 = UNCERTAINTY_MEASURE_WITH_UNIT (LENGTH_MEASURE( 1.000000000000000082E-05 ), #989, 'distance_accuracy_value', 'NONE');
#760 = EDGE_LOOP ( 'NONE', ( #8488, #4492, #3044, #2401 ) ) ;
#761 = SURFACE_STYLE_FILL_AREA ( #11136 ) ;
#762 = ORIENTED_EDGE ( 'NONE', *, *, #2050, .T. ) ;
#763 = ORIENTED_EDGE ( 'NONE', *, *, #9661, .T. ) ;
#764 = STYLED_ITEM ( 'NONE', ( #11789 ), #11344 ) ;
#765 = CARTESIAN_POINT ( 'NONE',  ( 2.401569821665459070, 1.205425644811862096, 0.6999999999999999556 ) ) ;
#766 = LINE ( 'NONE', #12113, #10997 ) ;
#767 = DIRECTION ( 'NONE',  ( -0.0000000000000000000, -0.0000000000000000000, -1.000000000000000000 ) ) ;
#768 = EDGE_LOOP ( 'NONE', ( #2040, #7705, #3029, #4635 ) ) ;
#769 = ADVANCED_FACE ( 'NONE', ( #9501 ), #267, .F. ) ;
#770 = FILL_AREA_STYLE_COLOUR ( '', #3338 ) ;
#771 = LINE ( 'NONE', #1534, #11109 ) ;
#772 = PRESENTATION_STYLE_ASSIGNMENT (( #5503 ) ) ;
#773 = CARTESIAN_POINT ( 'NONE',  ( 1.922075060976422556, 1.073917063555137386, 0.7010000000000000675 ) ) ;
#774 = ORIENTED_EDGE ( 'NONE', *, *, #885, .F. ) ;
#775 =( NAMED_UNIT ( * ) SI_UNIT ( $, .STERADIAN. ) SOLID_ANGLE_UNIT ( ) );
#776 = EDGE_CURVE ( 'NONE', #6028, #10439, #1074, .T. ) ;
#777 = SURFACE_SIDE_STYLE ('',( #7389 ) ) ;
#778 = VERTEX_POINT ( 'NONE', #9633 ) ;
#779 =( NAMED_UNIT ( * ) SI_UNIT ( $, .STERADIAN. ) SOLID_ANGLE_UNIT ( ) );
#780 = PRESENTATION_LAYER_ASSIGNMENT (  '', '', ( #6131 ) ) ;
#781 = CARTESIAN_POINT ( 'NONE',  ( 2.092054685135732228, 1.102115298245675667, 0.6999999999999999556 ) ) ;
#782 = EDGE_LOOP ( 'NONE', ( #7635, #6049, #1273, #11436 ) ) ;
#783 = FACE_OUTER_BOUND ( 'NONE', #6676, .T. ) ;
#784 = EDGE_CURVE ( 'NONE', #4206, #9010, #2034, .T. ) ;
#785 = B_SPLINE_SURFACE_WITH_KNOTS ( 'NONE', 3, 1, ( 
 ( #11477, #2301 ),
 ( #10714, #1121 ),
 ( #6779, #9798 ),
 ( #3065, #3249 ) ),
 .UNSPECIFIED., .F., .F., .F.,
 ( 4, 4 ),
 ( 2, 2 ),
 ( 26.00000000000000000, 27.00000000000000000 ),
 ( 0.0000000000000000000, 1.000000000000000000 ),
 .UNSPECIFIED. ) ;
#786 = STYLED_ITEM ( 'NONE', ( #10236 ), #10246 ) ;
#787 = STYLED_ITEM ( 'NONE', ( #1782 ), #9184 ) ;
#788 = CARTESIAN_POINT ( 'NONE',  ( 1.235436266422391238, 1.099049702156098318, 0.6999999999999999556 ) ) ;
#789 = VERTEX_POINT ( 'NONE', #10692 ) ;
#790 = LINE ( 'NONE', #8424, #4795 ) ;
#791 = DIRECTION ( 'NONE',  ( 1.913297951445007129E-16, 1.000000000000000000, 0.0000000000000000000 ) ) ;
#792 = EDGE_CURVE ( 'NONE', #7580, #2577, #2235, .T. ) ;
#793 = EDGE_CURVE ( 'NONE', #5802, #4855, #3101, .T. ) ;
#794 = PRESENTATION_STYLE_ASSIGNMENT (( #11162 ) ) ;
#795 = CARTESIAN_POINT ( 'NONE',  ( 2.346129929567404737, 1.205425644811862096, 0.7010000000000000675 ) ) ;
#796 = EDGE_CURVE ( 'NONE', #6683, #3648, #4107, .T. ) ;
#797 = ORIENTED_EDGE ( 'NONE', *, *, #8216, .T. ) ;
#798 = CARTESIAN_POINT ( 'NONE',  ( 2.595047974733924789, 1.203346128978270091, 0.7010000000000000675 ) ) ;
#799 = VECTOR ( 'NONE', #8166, 1000.000000000000000 ) ;
#800 = COLOUR_RGB ( '',1.000000000000000000, 1.000000000000000000, 1.000000000000000000 ) ;
#801 = DIRECTION ( 'NONE',  ( 1.000000000000000000, -1.913297951445007375E-16, 0.0000000000000000000 ) ) ;
#802 = SURFACE_SIDE_STYLE ('',( #10231 ) ) ;
#803 = SURFACE_STYLE_FILL_AREA ( #2866 ) ;
#804 = LINE ( 'NONE', #5718, #8542 ) ;
#805 = FACE_OUTER_BOUND ( 'NONE', #2980, .T. ) ;
#806 = EDGE_CURVE ( 'NONE', #1916, #8569, #1170, .T. ) ;
#807 = CARTESIAN_POINT ( 'NONE',  ( 1.942204774236117260, 1.352655365762020612, 0.6999999999999999556 ) ) ;
#808 = LINE ( 'NONE', #4550, #6190 ) ;
#809 = SURFACE_SIDE_STYLE ('',( #5251 ) ) ;
#811 = UNCERTAINTY_MEASURE_WITH_UNIT (LENGTH_MEASURE( 1.000000000000000082E-05 ), #1099, 'distance_accuracy_value', 'NONE');
#810 = B_SPLINE_CURVE_WITH_KNOTS ( 'NONE', 3,
 ( #3693, #940, #4738, #5652 ),
 .UNSPECIFIED., .F., .F.,
 ( 4, 4 ),
 ( 22.00000000000000000, 23.00000000000000000 ),
 .UNSPECIFIED. ) ;
#812 = PRESENTATION_LAYER_ASSIGNMENT (  '', '', ( #9989 ) ) ;
#813 = CARTESIAN_POINT ( 'NONE',  ( 1.954973001448909287, 1.180305093553438711, 0.6999999999999999556 ) ) ;
#814 = ORIENTED_EDGE ( 'NONE', *, *, #11254, .F. ) ;
#815 = VERTEX_POINT ( 'NONE', #155 ) ;
#816 = FILL_AREA_STYLE ('',( #3767 ) ) ;
#817 =( LENGTH_UNIT ( ) NAMED_UNIT ( * ) SI_UNIT ( .MILLI., .METRE. ) );
#818 = AXIS2_PLACEMENT_3D ( 'NONE', #7729, #8493, #11471 ) ;
#819 = DIRECTION ( 'NONE',  ( -1.000000000000000000, 0.0000000000000000000, 0.0000000000000000000 ) ) ;
#820 = SURFACE_SIDE_STYLE ('',( #2761 ) ) ;
#821 =( NAMED_UNIT ( * ) PLANE_ANGLE_UNIT ( ) SI_UNIT ( $, .RADIAN. ) );
#822 = CARTESIAN_POINT ( 'NONE',  ( 1.939418223020783927, 1.088640035651149196, 0.6999999999999999556 ) ) ;
#823 = STYLED_ITEM ( 'NONE', ( #8187 ), #5975 ) ;
#824 = EDGE_CURVE ( 'NONE', #8860, #10987, #833, .T. ) ;
#825 = LINE ( 'NONE', #64, #1510 ) ;
#826 = ORIENTED_EDGE ( 'NONE', *, *, #9587, .T. ) ;
#827 = CARTESIAN_POINT ( 'NONE',  ( 1.013332672324957384, 1.199690484245381716, 0.7010000000000000675 ) ) ;
#828 = ORIENTED_EDGE ( 'NONE', *, *, #11706, .T. ) ;
#829 = PRESENTATION_LAYER_ASSIGNMENT (  '', '', ( #7201 ) ) ;
#830 = MECHANICAL_DESIGN_GEOMETRIC_PRESENTATION_REPRESENTATION (  '', ( #2051 ), #1239 ) ;
#831 = DIRECTION ( 'NONE',  ( -1.000000000000000000, -0.0000000000000000000, -0.0000000000000000000 ) ) ;
#832 = VERTEX_POINT ( 'NONE', #3049 ) ;
#833 = B_SPLINE_CURVE_WITH_KNOTS ( 'NONE', 3,
 ( #5023, #8855, #6832, #10757 ),
 .UNSPECIFIED., .F., .F.,
 ( 4, 4 ),
 ( 20.00000000000000000, 21.00000000000000000 ),
 .UNSPECIFIED. ) ;
#834 = ORIENTED_EDGE ( 'NONE', *, *, #1503, .F. ) ;
#835 =( LENGTH_UNIT ( ) NAMED_UNIT ( * ) SI_UNIT ( .MILLI., .METRE. ) );
#836 =( GEOMETRIC_REPRESENTATION_CONTEXT ( 3 ) GLOBAL_UNCERTAINTY_ASSIGNED_CONTEXT ( ( #811 ) ) GLOBAL_UNIT_ASSIGNED_CONTEXT ( ( #1099, #150, #4779 ) ) REPRESENTATION_CONTEXT ( 'NONE', 'WORKASPACE' ) );
#837 = FILL_AREA_STYLE ('',( #9335 ) ) ;
#838 = SURFACE_STYLE_USAGE ( .BOTH. , #7440 ) ;
#839 = EDGE_LOOP ( 'NONE', ( #8255, #11447, #12051, #11696, #8920, #2758, #1090 ) ) ;
#840 =( NAMED_UNIT ( * ) PLANE_ANGLE_UNIT ( ) SI_UNIT ( $, .RADIAN. ) );
#841 = FILL_AREA_STYLE_COLOUR ( '', #5712 ) ;
#842 = VECTOR ( 'NONE', #6047, 1000.000000000000000 ) ;
#843 = PLANE ( 'NONE',  #6659 ) ;
#844 = CARTESIAN_POINT ( 'NONE',  ( 1.922075060976422556, 1.073917063555137386, 0.6999999999999999556 ) ) ;
#845 = CARTESIAN_POINT ( 'NONE',  ( 1.890923913803576051, 1.134722106501922845, 0.7010000000000000675 ) ) ;
#846 = ORIENTED_EDGE ( 'NONE', *, *, #4895, .T. ) ;
#847 = FILL_AREA_STYLE ('',( #9405 ) ) ;
#848 = UNCERTAINTY_MEASURE_WITH_UNIT (LENGTH_MEASURE( 1.000000000000000082E-05 ), #7521, 'distance_accuracy_value', 'NONE');
#849 = SURFACE_SIDE_STYLE ('',( #5567 ) ) ;
#850 = DIRECTION ( 'NONE',  ( -0.0000000000000000000, -0.0000000000000000000, 1.000000000000000000 ) ) ;
#851 = ORIENTED_EDGE ( 'NONE', *, *, #3100, .T. ) ;
#852 =( NAMED_UNIT ( * ) PLANE_ANGLE_UNIT ( ) SI_UNIT ( $, .RADIAN. ) );
#853 = DIRECTION ( 'NONE',  ( -0.0000000000000000000, -0.0000000000000000000, -1.000000000000000000 ) ) ;
#854 = UNCERTAINTY_MEASURE_WITH_UNIT (LENGTH_MEASURE( 1.000000000000000082E-05 ), #716, 'distance_accuracy_value', 'NONE');
#855 = COLOUR_RGB ( '',1.000000000000000000, 1.000000000000000000, 1.000000000000000000 ) ;
#856 = ORIENTED_EDGE ( 'NONE', *, *, #5457, .F. ) ;
#857 =( NAMED_UNIT ( * ) SI_UNIT ( $, .STERADIAN. ) SOLID_ANGLE_UNIT ( ) );
#858 = CARTESIAN_POINT ( 'NONE',  ( 2.187504461854089755, 1.090137287050050530, 0.7010000000000000675 ) ) ;
#859 =( NAMED_UNIT ( * ) PLANE_ANGLE_UNIT ( ) SI_UNIT ( $, .RADIAN. ) );
#860 = PRESENTATION_LAYER_ASSIGNMENT (  '', '', ( #7822 ) ) ;
#861 = CARTESIAN_POINT ( 'NONE',  ( 2.095548271735012236, 1.099203976079982992, 0.7010000000000000675 ) ) ;
#862 = PRESENTATION_STYLE_ASSIGNMENT (( #720 ) ) ;
#863 = VERTEX_POINT ( 'NONE', #11524 ) ;
#864 = LINE ( 'NONE', #2918, #5741 ) ;
#865 = CARTESIAN_POINT ( 'NONE',  ( 1.214614059991950157, 1.144164519529113244, 0.6999999999999999556 ) ) ;
#866 = SURFACE_STYLE_USAGE ( .BOTH. , #1880 ) ;
#867 = CARTESIAN_POINT ( 'NONE',  ( 1.566278113398840599, 1.311899031315902242, 0.6999999999999999556 ) ) ;
#868 = ORIENTED_EDGE ( 'NONE', *, *, #884, .F. ) ;
#869 = CARTESIAN_POINT ( 'NONE',  ( 2.079577590140282872, 1.392831611648191581, 0.6999999999999999556 ) ) ;
#870 = EDGE_CURVE ( 'NONE', #12198, #6471, #10629, .T. ) ;
#871 = CARTESIAN_POINT ( 'NONE',  ( 1.190321471113391594, 1.144164519529113244, 0.7010000000000000675 ) ) ;
#872 = EDGE_CURVE ( 'NONE', #4790, #9053, #271, .T. ) ;
#873 =( NAMED_UNIT ( * ) SI_UNIT ( $, .STERADIAN. ) SOLID_ANGLE_UNIT ( ) );
#874 = CARTESIAN_POINT ( 'NONE',  ( 1.523476884324387548, 1.131439850079904774, 0.7010000000000000675 ) ) ;
#875 = PLANE ( 'NONE',  #9176 ) ;
#876 = CARTESIAN_POINT ( 'NONE',  ( 0.0000000000000000000, 0.0000000000000000000, -0.1000000000000000056 ) ) ;
#877 = DIRECTION ( 'NONE',  ( 0.9369753459439769117, 0.3493954794973236910, -0.0000000000000000000 ) ) ;
#878 = SURFACE_SIDE_STYLE ('',( #9144 ) ) ;
#879 = B_SPLINE_CURVE_WITH_KNOTS ( 'NONE', 3,
 ( #9880, #5187, #1339, #10933 ),
 .UNSPECIFIED., .F., .F.,
 ( 4, 4 ),
 ( 17.00000000000000000, 18.00000000000000000 ),
 .UNSPECIFIED. ) ;
#880 = FILL_AREA_STYLE_COLOUR ( '', #8010 ) ;
#881 = ORIENTED_EDGE ( 'NONE', *, *, #8278, .F. ) ;
#882 = VERTEX_POINT ( 'NONE', #6762 ) ;
#883 = SURFACE_STYLE_FILL_AREA ( #816 ) ;
#884 = EDGE_CURVE ( 'NONE', #2045, #451, #4091, .T. ) ;
#885 = EDGE_CURVE ( 'NONE', #2577, #4215, #2317, .T. ) ;
#886 = SURFACE_SIDE_STYLE ('',( #2760 ) ) ;
#887 = CARTESIAN_POINT ( 'NONE',  ( 2.012118096529444955, 1.061439968560242475, 0.7010000000000000675 ) ) ;
#888 = SURFACE_SIDE_STYLE ('',( #5727 ) ) ;
#889 = CARTESIAN_POINT ( 'NONE',  ( 2.085109102254885993, 1.127319030137312827, 0.6999999999999999556 ) ) ;
#890 = CARTESIAN_POINT ( 'NONE',  ( 0.9948240321290651167, 1.376679249938345562, 0.7010000000000000675 ) ) ;
#891 = MECHANICAL_DESIGN_GEOMETRIC_PRESENTATION_REPRESENTATION (  '', ( #3888 ), #5646 ) ;
#892 = SURFACE_STYLE_USAGE ( .BOTH. , #9569 ) ;
#893 = FILL_AREA_STYLE ('',( #9570 ) ) ;
#894 = ORIENTED_EDGE ( 'NONE', *, *, #9059, .F. ) ;
#895 = VERTEX_POINT ( 'NONE', #9600 ) ;
#896 = B_SPLINE_SURFACE_WITH_KNOTS ( 'NONE', 3, 1, ( 
 ( #3410, #5375 ),
 ( #4454, #9206 ),
 ( #6723, #7242 ),
 ( #11055, #10539 ) ),
 .UNSPECIFIED., .F., .F., .F.,
 ( 4, 4 ),
 ( 2, 2 ),
 ( 19.00000000000000000, 20.00000000000000000 ),
 ( 0.0000000000000000000, 1.000000000000000000 ),
 .UNSPECIFIED. ) ;
#897 = ORIENTED_EDGE ( 'NONE', *, *, #4147, .T. ) ;
#898 = CARTESIAN_POINT ( 'NONE',  ( 0.9404548836258183053, 1.294547185268458023, 0.7010000000000000675 ) ) ;
#899 = ADVANCED_FACE ( 'NONE', ( #5759 ), #9849, .F. ) ;
#900 = CARTESIAN_POINT ( 'NONE',  ( 1.443658418985069414, 1.062032465891237676, 0.7010000000000000675 ) ) ;
#901 = ORIENTED_EDGE ( 'NONE', *, *, #2947, .T. ) ;
#902 = CARTESIAN_POINT ( 'NONE',  ( 2.284742622188141059, 1.460707008425642162, 0.7010000000000000675 ) ) ;
#903 = FACE_BOUND ( 'NONE', #2348, .T. ) ;
#904 = FILL_AREA_STYLE_COLOUR ( '', #3257 ) ;
#905 = ORIENTED_EDGE ( 'NONE', *, *, #4472, .T. ) ;
#906 = COLOUR_RGB ( '',1.000000000000000000, 1.000000000000000000, 1.000000000000000000 ) ;
#907 = CARTESIAN_POINT ( 'NONE',  ( 2.039734066786956568, 1.065515819591999369, 0.6999999999999999556 ) ) ;
#908 = VERTEX_POINT ( 'NONE', #3978 ) ;
#909 = CARTESIAN_POINT ( 'NONE',  ( 2.058574480230774828, 1.319549473706508769, 0.7010000000000000675 ) ) ;
#910 = EDGE_LOOP ( 'NONE', ( #7378, #10617, #6383, #8696 ) ) ;
#911 = ORIENTED_EDGE ( 'NONE', *, *, #8226, .F. ) ;
#912 = FACE_OUTER_BOUND ( 'NONE', #6647, .T. ) ;
#913 = DIRECTION ( 'NONE',  ( 0.0000000000000000000, -0.0000000000000000000, -1.000000000000000000 ) ) ;
#914 =( GEOMETRIC_REPRESENTATION_CONTEXT ( 3 ) GLOBAL_UNCERTAINTY_ASSIGNED_CONTEXT ( ( #10994 ) ) GLOBAL_UNIT_ASSIGNED_CONTEXT ( ( #3293, #11077, #8923 ) ) REPRESENTATION_CONTEXT ( 'NONE', 'WORKASPACE' ) );
#915 = CARTESIAN_POINT ( 'NONE',  ( 2.284742622188141059, 1.460707008425642162, 0.7010000000000000675 ) ) ;
#916 = AXIS2_PLACEMENT_3D ( 'NONE', #9389, #6600, #8458 ) ;
#917 = MECHANICAL_DESIGN_GEOMETRIC_PRESENTATION_REPRESENTATION (  '', ( #1143 ), #11480 ) ;
#918 = COLOUR_RGB ( '',1.000000000000000000, 1.000000000000000000, 1.000000000000000000 ) ;
#919 = ORIENTED_EDGE ( 'NONE', *, *, #12097, .F. ) ;
#920 =( NAMED_UNIT ( * ) PLANE_ANGLE_UNIT ( ) SI_UNIT ( $, .RADIAN. ) );
#921 = CARTESIAN_POINT ( 'NONE',  ( 2.283328551422453057, 1.079989249787272731, 0.7010000000000000675 ) ) ;
#922 = CARTESIAN_POINT ( 'NONE',  ( 1.140579499207267089, 0.9845275888515911955, 0.7010000000000000675 ) ) ;
#923 = DIRECTION ( 'NONE',  ( 0.0000000000000000000, 0.0000000000000000000, 1.000000000000000000 ) ) ;
#924 = ORIENTED_EDGE ( 'NONE', *, *, #6985, .T. ) ;
#925 = CARTESIAN_POINT ( 'NONE',  ( 1.507281854490515549, 1.311899031315902242, 0.6999999999999999556 ) ) ;
#926 = SURFACE_SIDE_STYLE ('',( #102 ) ) ;
#927 = COLOUR_RGB ( '',1.000000000000000000, 1.000000000000000000, 1.000000000000000000 ) ;
#928 = COLOUR_RGB ( '',1.000000000000000000, 1.000000000000000000, 1.000000000000000000 ) ;
#929 = DIRECTION ( 'NONE',  ( -0.0000000000000000000, -0.0000000000000000000, -1.000000000000000000 ) ) ;
#930 =( GEOMETRIC_REPRESENTATION_CONTEXT ( 3 ) GLOBAL_UNCERTAINTY_ASSIGNED_CONTEXT ( ( #8171 ) ) GLOBAL_UNIT_ASSIGNED_CONTEXT ( ( #8685, #3991, #2806 ) ) REPRESENTATION_CONTEXT ( 'NONE', 'WORKASPACE' ) );
#931 = STYLED_ITEM ( 'NONE', ( #1847 ), #733 ) ;
#932 = CARTESIAN_POINT ( 'NONE',  ( 1.245847391702179952, 1.509710076526220135, 0.6999999999999999556 ) ) ;
#933 = SURFACE_STYLE_FILL_AREA ( #6316 ) ;
#934 = PLANE ( 'NONE',  #6475 ) ;
#935 = EDGE_CURVE ( 'NONE', #19, #4215, #8026, .T. ) ;
#936 = COLOUR_RGB ( '',1.000000000000000000, 1.000000000000000000, 1.000000000000000000 ) ;
#937 = CARTESIAN_POINT ( 'NONE',  ( 2.426981505140121786, 1.224141287305309023, 0.6999999999999999556 ) ) ;
#938 = LINE ( 'NONE', #4737, #12236 ) ;
#939 = PRESENTATION_LAYER_ASSIGNMENT (  '', '', ( #9727 ) ) ;
#940 = CARTESIAN_POINT ( 'NONE',  ( 1.510752214874065524, 1.311899031315902242, 0.7010000000000000675 ) ) ;
#941 = VECTOR ( 'NONE', #967, 1000.000000000000000 ) ;
#942 = CARTESIAN_POINT ( 'NONE',  ( 2.174403512108454173, 1.061689510459877583, 0.7010000000000000675 ) ) ;
#943 = EDGE_CURVE ( 'NONE', #600, #4629, #3526, .T. ) ;
#944 = FACE_OUTER_BOUND ( 'NONE', #6343, .T. ) ;
#945 = UNCERTAINTY_MEASURE_WITH_UNIT (LENGTH_MEASURE( 1.000000000000000082E-05 ), #11155, 'distance_accuracy_value', 'NONE');
#946 = PRESENTATION_LAYER_ASSIGNMENT (  '', '', ( #7721 ) ) ;
#947 = SURFACE_STYLE_FILL_AREA ( #11427 ) ;
#948 = VERTEX_POINT ( 'NONE', #6290 ) ;
#949 =( GEOMETRIC_REPRESENTATION_CONTEXT ( 3 ) GLOBAL_UNCERTAINTY_ASSIGNED_CONTEXT ( ( #3193 ) ) GLOBAL_UNIT_ASSIGNED_CONTEXT ( ( #8613, #1813, #6560 ) ) REPRESENTATION_CONTEXT ( 'NONE', 'WORKASPACE' ) );
#950 = VECTOR ( 'NONE', #5976, 1000.000000000000000 ) ;
#951 =( NAMED_UNIT ( * ) PLANE_ANGLE_UNIT ( ) SI_UNIT ( $, .RADIAN. ) );
#952 = LINE ( 'NONE', #10425, #6466 ) ;
#953 = CARTESIAN_POINT ( 'NONE',  ( 2.584026540820218099, 1.224141287305309023, 0.7010000000000000675 ) ) ;
#954 = CARTESIAN_POINT ( 'NONE',  ( 1.257415311130420044, 1.202004072544497815, 0.7010000000000000675 ) ) ;
#955 =( GEOMETRIC_REPRESENTATION_CONTEXT ( 3 ) GLOBAL_UNCERTAINTY_ASSIGNED_CONTEXT ( ( #12182 ) ) GLOBAL_UNIT_ASSIGNED_CONTEXT ( ( #1951, #5648, #4800 ) ) REPRESENTATION_CONTEXT ( 'NONE', 'WORKASPACE' ) );
#956 = AXIS2_PLACEMENT_3D ( 'NONE', #4818, #11656, #2955 ) ;
#957 = ADVANCED_FACE ( 'NONE', ( #3285 ), #6168, .F. ) ;
#958 = CARTESIAN_POINT ( 'NONE',  ( 2.070718852693380629, 1.112512877409197243, 0.7010000000000000675 ) ) ;
#959 = EDGE_LOOP ( 'NONE', ( #9129, #10615, #8505, #8955 ) ) ;
#960 = DIRECTION ( 'NONE',  ( -0.0000000000000000000, -0.0000000000000000000, -1.000000000000000000 ) ) ;
#961 = ORIENTED_EDGE ( 'NONE', *, *, #10703, .T. ) ;
#962 = VERTEX_POINT ( 'NONE', #10021 ) ;
#963 = CARTESIAN_POINT ( 'NONE',  ( 2.144583255068088334, 1.024175044838656401, 0.7010000000000000675 ) ) ;
#964 = PLANE ( 'NONE',  #6162 ) ;
#965 = PRESENTATION_LAYER_ASSIGNMENT (  '', '', ( #3763 ) ) ;
#966 = ORIENTED_EDGE ( 'NONE', *, *, #11452, .T. ) ;
#967 = DIRECTION ( 'NONE',  ( -0.0000000000000000000, -0.0000000000000000000, -1.000000000000000000 ) ) ;
#968 = LINE ( 'NONE', #75, #534 ) ;
#969 = LINE ( 'NONE', #11441, #5425 ) ;
#970 =( NAMED_UNIT ( * ) SI_UNIT ( $, .STERADIAN. ) SOLID_ANGLE_UNIT ( ) );
#971 = EDGE_LOOP ( 'NONE', ( #2936, #4574, #1868, #11912 ) ) ;
#972 = CARTESIAN_POINT ( 'NONE',  ( 2.567556775426779847, 1.124324527338406599, 0.7010000000000000675 ) ) ;
#973 = B_SPLINE_CURVE_WITH_KNOTS ( 'NONE', 3,
 ( #4859, #5826, #11355, #1180 ),
 .UNSPECIFIED., .F., .F.,
 ( 4, 4 ),
 ( 2.000000000000000000, 3.000000000000000000 ),
 .UNSPECIFIED. ) ;
#974 = EDGE_CURVE ( 'NONE', #4463, #270, #9083, .T. ) ;
#975 = CARTESIAN_POINT ( 'NONE',  ( 2.012118096529444955, 1.061439968560242475, 0.6999999999999999556 ) ) ;
#976 = CARTESIAN_POINT ( 'NONE',  ( 2.341513404418675393, 1.134722106501922845, 0.6999999999999999556 ) ) ;
#977 = ORIENTED_EDGE ( 'NONE', *, *, #6026, .F. ) ;
#978 = SURFACE_STYLE_FILL_AREA ( #7586 ) ;
#979 = LINE ( 'NONE', #7771, #9981 ) ;
#980 = ORIENTED_EDGE ( 'NONE', *, *, #8502, .F. ) ;
#981 = ORIENTED_EDGE ( 'NONE', *, *, #11098, .T. ) ;
#982 = SURFACE_SIDE_STYLE ('',( #10576 ) ) ;
#983 = CARTESIAN_POINT ( 'NONE',  ( 2.092054685135732228, 1.102115298245675667, 0.7010000000000000675 ) ) ;
#984 = SURFACE_STYLE_USAGE ( .BOTH. , #7714 ) ;
#985 = SURFACE_STYLE_USAGE ( .BOTH. , #11278 ) ;
#986 = ORIENTED_EDGE ( 'NONE', *, *, #6957, .F. ) ;
#987 = CARTESIAN_POINT ( 'NONE',  ( 2.401569821665459070, 1.079989249787272731, 0.7010000000000000675 ) ) ;
#988 =( GEOMETRIC_REPRESENTATION_CONTEXT ( 3 ) GLOBAL_UNCERTAINTY_ASSIGNED_CONTEXT ( ( #1523 ) ) GLOBAL_UNIT_ASSIGNED_CONTEXT ( ( #1107, #6836, #343 ) ) REPRESENTATION_CONTEXT ( 'NONE', 'WORKASPACE' ) );
#989 =( LENGTH_UNIT ( ) NAMED_UNIT ( * ) SI_UNIT ( .MILLI., .METRE. ) );
#990 = PRESENTATION_LAYER_ASSIGNMENT (  '', '', ( #1591 ) ) ;
#991 = SURFACE_SIDE_STYLE ('',( #7840 ) ) ;
#992 = ORIENTED_EDGE ( 'NONE', *, *, #11474, .T. ) ;
#993 = CARTESIAN_POINT ( 'NONE',  ( 2.026009262291685431, 1.478341302686243974, 0.6999999999999999556 ) ) ;
#994 = FILL_AREA_STYLE ('',( #11414 ) ) ;
#995 = COLOUR_RGB ( '',1.000000000000000000, 1.000000000000000000, 1.000000000000000000 ) ;
#996 =( GEOMETRIC_REPRESENTATION_CONTEXT ( 3 ) GLOBAL_UNCERTAINTY_ASSIGNED_CONTEXT ( ( #7366 ) ) GLOBAL_UNIT_ASSIGNED_CONTEXT ( ( #6530, #2821, #3952 ) ) REPRESENTATION_CONTEXT ( 'NONE', 'WORKASPACE' ) );
#997 =( LENGTH_UNIT ( ) NAMED_UNIT ( * ) SI_UNIT ( .MILLI., .METRE. ) );
#998 = CARTESIAN_POINT ( 'NONE',  ( 2.039858837736773456, 1.139130680066523293, 0.7010000000000000675 ) ) ;
#999 = SURFACE_STYLE_USAGE ( .BOTH. , #6580 ) ;
#1000 =( NAMED_UNIT ( * ) SI_UNIT ( $, .STERADIAN. ) SOLID_ANGLE_UNIT ( ) );
#1001 =( LENGTH_UNIT ( ) NAMED_UNIT ( * ) SI_UNIT ( .MILLI., .METRE. ) );
#1002 = FACE_OUTER_BOUND ( 'NONE', #9711, .T. ) ;
#1003 = DIRECTION ( 'NONE',  ( -0.0000000000000000000, -0.0000000000000000000, -1.000000000000000000 ) ) ;
#1004 = CARTESIAN_POINT ( 'NONE',  ( 1.100000000000000977, -1.700000000000000178, -0.1000000000000000056 ) ) ;
#1005 = FILL_AREA_STYLE_COLOUR ( '', #2010 ) ;
#1006 =( GEOMETRIC_REPRESENTATION_CONTEXT ( 3 ) GLOBAL_UNCERTAINTY_ASSIGNED_CONTEXT ( ( #5487 ) ) GLOBAL_UNIT_ASSIGNED_CONTEXT ( ( #6322, #5355, #1633 ) ) REPRESENTATION_CONTEXT ( 'NONE', 'WORKASPACE' ) );
#1007 = PLANE ( 'NONE',  #633 ) ;
#1008 = ORIENTED_EDGE ( 'NONE', *, *, #544, .F. ) ;
#1009 = FILL_AREA_STYLE_COLOUR ( '', #9097 ) ;
#1010 = COLOUR_RGB ( '',1.000000000000000000, 1.000000000000000000, 1.000000000000000000 ) ;
#1011 = EDGE_CURVE ( 'NONE', #10216, #10871, #2350, .T. ) ;
#1012 = CARTESIAN_POINT ( 'NONE',  ( 1.998102159817380485, 1.180305093553438711, 0.6999999999999999556 ) ) ;
#1013 = CARTESIAN_POINT ( 'NONE',  ( 1.927689753724234345, 1.461039730958485716, 0.6999999999999999556 ) ) ;
#1014 = FILL_AREA_STYLE ('',( #9566 ) ) ;
#1015 = DIRECTION ( 'NONE',  ( -0.0000000000000000000, -0.0000000000000000000, -1.000000000000000000 ) ) ;
#1016 = PRESENTATION_LAYER_ASSIGNMENT (  '', '', ( #10563 ) ) ;
#1017 = UNCERTAINTY_MEASURE_WITH_UNIT (LENGTH_MEASURE( 1.000000000000000082E-05 ), #10887, 'distance_accuracy_value', 'NONE');
#1018 = EDGE_LOOP ( 'NONE', ( #9217, #4846, #12032, #1265 ) ) ;
#1019 = PLANE ( 'NONE',  #3645 ) ;
#1020 = ORIENTED_EDGE ( 'NONE', *, *, #1836, .F. ) ;
#1021 = EDGE_LOOP ( 'NONE', ( #3294, #11255, #11347, #5868 ) ) ;
#1022 = CARTESIAN_POINT ( 'NONE',  ( 1.926234092641942786, 1.399070159146746706, 0.7010000000000000675 ) ) ;
#1023 = B_SPLINE_CURVE_WITH_KNOTS ( 'NONE', 3,
 ( #5394, #10088, #6365, #2480 ),
 .UNSPECIFIED., .F., .F.,
 ( 4, 4 ),
 ( 4.000000000000000000, 5.000000000000000000 ),
 .UNSPECIFIED. ) ;
#1024 = DIRECTION ( 'NONE',  ( 0.0000000000000000000, -1.000000000000000000, 0.0000000000000000000 ) ) ;
#1025 = CARTESIAN_POINT ( 'NONE',  ( 2.026009262291684987, 1.456381615494256820, 0.7010000000000000675 ) ) ;
#1026 = EDGE_CURVE ( 'NONE', #10600, #7780, #11064, .T. ) ;
#1027 = ORIENTED_EDGE ( 'NONE', *, *, #10266, .F. ) ;
#1028 = EDGE_CURVE ( 'NONE', #1989, #8803, #4217, .T. ) ;
#1029 =( LENGTH_UNIT ( ) NAMED_UNIT ( * ) SI_UNIT ( .MILLI., .METRE. ) );
#1030 =( LENGTH_UNIT ( ) NAMED_UNIT ( * ) SI_UNIT ( .MILLI., .METRE. ) );
#1031 = CARTESIAN_POINT ( 'NONE',  ( 2.262325441512390789, 1.061439968560242475, 0.7010000000000000675 ) ) ;
#1032 = CARTESIAN_POINT ( 'NONE',  ( 2.349831467749714964, 1.061439968560242475, 0.7010000000000000675 ) ) ;
#1033 = EDGE_LOOP ( 'NONE', ( #4254, #3167, #7209, #9356 ) ) ;
#1034 = CARTESIAN_POINT ( 'NONE',  ( 1.045722754056161108, 1.072443591171578836, 0.7010000000000000675 ) ) ;
#1035 = VERTEX_POINT ( 'NONE', #5386 ) ;
#1036 = AXIS2_PLACEMENT_3D ( 'NONE', #628, #8239, #12030 ) ;
#1037 = CARTESIAN_POINT ( 'NONE',  ( 2.118214994310397614, 1.093048609215742761, 0.7010000000000000675 ) ) ;
#1038 = ORIENTED_EDGE ( 'NONE', *, *, #1057, .T. ) ;
#1039 = FILL_AREA_STYLE_COLOUR ( '', #2832 ) ;
#1040 = ORIENTED_EDGE ( 'NONE', *, *, #9034, .F. ) ;
#1041 = CARTESIAN_POINT ( 'NONE',  ( 1.344174519300853854, 1.525905132560692490, 0.7010000000000000675 ) ) ;
#1042 = DIRECTION ( 'NONE',  ( 0.0000000000000000000, -1.000000000000000000, 0.0000000000000000000 ) ) ;
#1043 = EDGE_CURVE ( 'NONE', #5878, #2360, #2289, .T. ) ;
#1044 = CARTESIAN_POINT ( 'NONE',  ( 2.012118096529444955, 1.136219357900824400, 0.7010000000000000675 ) ) ;
#1045 = DIRECTION ( 'NONE',  ( -0.0000000000000000000, -0.0000000000000000000, -1.000000000000000000 ) ) ;
#1046 =( LENGTH_UNIT ( ) NAMED_UNIT ( * ) SI_UNIT ( .MILLI., .METRE. ) );
#1047 = ORIENTED_EDGE ( 'NONE', *, *, #1199, .T. ) ;
#1048 = LINE ( 'NONE', #11280, #3213 ) ;
#1049 = FACE_OUTER_BOUND ( 'NONE', #8737, .T. ) ;
#1050 = PRESENTATION_STYLE_ASSIGNMENT (( #2992 ) ) ;
#1051 = CARTESIAN_POINT ( 'NONE',  ( 2.441496525651999150, 1.319549473706508769, 0.7010000000000000675 ) ) ;
#1052 = ORIENTED_EDGE ( 'NONE', *, *, #9959, .T. ) ;
#1053 = CARTESIAN_POINT ( 'NONE',  ( 2.181972949738937739, 1.090303648316471641, 0.7010000000000000675 ) ) ;
#1054 = CARTESIAN_POINT ( 'NONE',  ( 2.041771992302835237, 1.132975313202283063, 0.6999999999999999556 ) ) ;
#1055 = MECHANICAL_DESIGN_GEOMETRIC_PRESENTATION_REPRESENTATION (  '', ( #12191 ), #11786 ) ;
#1056 = CARTESIAN_POINT ( 'NONE',  ( 1.895540438951756279, 1.205425644811862096, 0.6999999999999999556 ) ) ;
#1057 = EDGE_CURVE ( 'NONE', #11304, #494, #9218, .T. ) ;
#1058 = CARTESIAN_POINT ( 'NONE',  ( 2.085109102254885993, 1.180305093553438711, 0.7010000000000000675 ) ) ;
#1059 = CARTESIAN_POINT ( 'NONE',  ( 1.501497905808405031, 1.465752062954798651, 0.6999999999999999556 ) ) ;
#1060 = DIRECTION ( 'NONE',  ( -0.0000000000000000000, -0.0000000000000000000, -1.000000000000000000 ) ) ;
#1061 = SURFACE_STYLE_USAGE ( .BOTH. , #10463 ) ;
#1062 =( NAMED_UNIT ( * ) SI_UNIT ( $, .STERADIAN. ) SOLID_ANGLE_UNIT ( ) );
#1063 = MECHANICAL_DESIGN_GEOMETRIC_PRESENTATION_REPRESENTATION (  '', ( #7822 ), #654 ) ;
#1064 = ORIENTED_EDGE ( 'NONE', *, *, #2177, .T. ) ;
#1065 = FILL_AREA_STYLE ('',( #9623 ) ) ;
#1066 = CARTESIAN_POINT ( 'NONE',  ( 1.925069563775328785, 1.339013741899961030, 0.7010000000000000675 ) ) ;
#1067 = DIRECTION ( 'NONE',  ( 0.0000000000000000000, 1.000000000000000000, -0.0000000000000000000 ) ) ;
#1068 = PRESENTATION_STYLE_ASSIGNMENT (( #11424 ) ) ;
#1069 = FACE_OUTER_BOUND ( 'NONE', #5615, .T. ) ;
#1070 = UNCERTAINTY_MEASURE_WITH_UNIT (LENGTH_MEASURE( 1.000000000000000082E-05 ), #9287, 'distance_accuracy_value', 'NONE');
#1071 = SURFACE_SIDE_STYLE ('',( #2944 ) ) ;
#1072 = ORIENTED_EDGE ( 'NONE', *, *, #935, .F. ) ;
#1073 = PLANE ( 'NONE',  #4505 ) ;
#1074 = LINE ( 'NONE', #5786, #10104 ) ;
#1075 = CARTESIAN_POINT ( 'NONE',  ( 2.137762443137059876, 1.392831611648191581, 0.7010000000000000675 ) ) ;
#1076 = FILL_AREA_STYLE ('',( #10789 ) ) ;
#1077 = CARTESIAN_POINT ( 'NONE',  ( 1.606765754174732441, 1.271411390540010844, 0.6999999999999999556 ) ) ;
#1078 = PRESENTATION_STYLE_ASSIGNMENT (( #3142 ) ) ;
#1079 = ORIENTED_EDGE ( 'NONE', *, *, #2858, .F. ) ;
#1080 = ORIENTED_EDGE ( 'NONE', *, *, #4458, .F. ) ;
#1081 = CARTESIAN_POINT ( 'NONE',  ( 1.931931966022967906, 1.435835999066849444, 0.6999999999999999556 ) ) ;
#1082 = FACE_OUTER_BOUND ( 'NONE', #5447, .T. ) ;
#1083 = CARTESIAN_POINT ( 'NONE',  ( 1.897536774151580063, 1.338098754933535917, 0.7010000000000000675 ) ) ;
#1084 = VERTEX_POINT ( 'NONE', #8213 ) ;
#1085 = FILL_AREA_STYLE ('',( #2162 ) ) ;
#1086 = SURFACE_SIDE_STYLE ('',( #7443 ) ) ;
#1087 = FILL_AREA_STYLE ('',( #317 ) ) ;
#1088 = ADVANCED_FACE ( 'NONE', ( #8266 ), #3230, .F. ) ;
#1089 =( LENGTH_UNIT ( ) NAMED_UNIT ( * ) SI_UNIT ( .MILLI., .METRE. ) );
#1090 = ORIENTED_EDGE ( 'NONE', *, *, #4842, .T. ) ;
#1091 = CARTESIAN_POINT ( 'NONE',  ( -3.249999999999998668, -2.000000000000000000, 0.0000000000000000000 ) ) ;
#1092 = ORIENTED_EDGE ( 'NONE', *, *, #3498, .T. ) ;
#1093 = CARTESIAN_POINT ( 'NONE',  ( 2.388136149386426599, 1.450059887362492139, 0.7010000000000000675 ) ) ;
#1094 = EDGE_CURVE ( 'NONE', #10675, #1497, #6421, .T. ) ;
#1095 = VECTOR ( 'NONE', #8468, 1000.000000000000000 ) ;
#1096 = CARTESIAN_POINT ( 'NONE',  ( 1.678486726660851192, 1.222826256910922282, 0.6999999999999999556 ) ) ;
#1097 = UNCERTAINTY_MEASURE_WITH_UNIT (LENGTH_MEASURE( 1.000000000000000082E-05 ), #5529, 'distance_accuracy_value', 'NONE');
#1098 = EDGE_LOOP ( 'NONE', ( #6373, #762, #5439, #1463 ) ) ;
#1099 =( LENGTH_UNIT ( ) NAMED_UNIT ( * ) SI_UNIT ( .MILLI., .METRE. ) );
#1100 = ORIENTED_EDGE ( 'NONE', *, *, #5722, .F. ) ;
#1101 = CARTESIAN_POINT ( 'NONE',  ( 1.190321471113391594, 1.053934884783088721, 0.7010000000000000675 ) ) ;
#1102 = CARTESIAN_POINT ( 'NONE',  ( 1.983171236139447569, 1.065599000225207815, 0.7010000000000000675 ) ) ;
#1103 = CARTESIAN_POINT ( 'NONE',  ( 1.832739060806250597, 1.482250792451576649, 0.7010000000000000675 ) ) ;
#1104 = PRODUCT_DEFINITION_SHAPE ( 'NONE', 'NONE',  #8361 ) ;
#1105 = PRESENTATION_LAYER_ASSIGNMENT (  '', '', ( #2108 ) ) ;
#1106 = EDGE_LOOP ( 'NONE', ( #137, #9831, #10719, #10552 ) ) ;
#1107 =( LENGTH_UNIT ( ) NAMED_UNIT ( * ) SI_UNIT ( .MILLI., .METRE. ) );
#1108 = CARTESIAN_POINT ( 'NONE',  ( 2.504838577913932607, 1.099453517980721440, 0.6999999999999999556 ) ) ;
#1109 = FILL_AREA_STYLE ('',( #3056 ) ) ;
#1110 = EDGE_LOOP ( 'NONE', ( #897, #2089, #2341, #6206 ) ) ;
#1111 = SURFACE_SIDE_STYLE ('',( #6632 ) ) ;
#1112 = EDGE_CURVE ( 'NONE', #12040, #34, #2834, .T. ) ;
#1113 = SURFACE_STYLE_FILL_AREA ( #1179 ) ;
#1114 = EDGE_CURVE ( 'NONE', #5551, #4790, #9625, .T. ) ;
#1115 =( GEOMETRIC_REPRESENTATION_CONTEXT ( 3 ) GLOBAL_UNCERTAINTY_ASSIGNED_CONTEXT ( ( #6213 ) ) GLOBAL_UNIT_ASSIGNED_CONTEXT ( ( #2358, #7208, #1360 ) ) REPRESENTATION_CONTEXT ( 'NONE', 'WORKASPACE' ) );
#1116 = COLOUR_RGB ( '',1.000000000000000000, 1.000000000000000000, 1.000000000000000000 ) ;
#1117 = STYLED_ITEM ( 'NONE', ( #4889 ), #4677 ) ;
#1118 = PRESENTATION_STYLE_ASSIGNMENT (( #3989 ) ) ;
#1119 = LINE ( 'NONE', #3875, #7901 ) ;
#1120 = DIRECTION ( 'NONE',  ( -1.000000000000000000, -0.0000000000000000000, -0.0000000000000000000 ) ) ;
#1121 = CARTESIAN_POINT ( 'NONE',  ( 1.469107757885155907, 1.131439850079904774, 0.6999999999999999556 ) ) ;
#1122 = DIRECTION ( 'NONE',  ( -0.0000000000000000000, -0.0000000000000000000, -1.000000000000000000 ) ) ;
#1123 = CARTESIAN_POINT ( 'NONE',  ( 1.941248196953083260, 1.105442523578539671, 0.6999999999999999556 ) ) ;
#1124 = ORIENTED_EDGE ( 'NONE', *, *, #4147, .F. ) ;
#1125 =( GEOMETRIC_REPRESENTATION_CONTEXT ( 3 ) GLOBAL_UNCERTAINTY_ASSIGNED_CONTEXT ( ( #6999 ) ) GLOBAL_UNIT_ASSIGNED_CONTEXT ( ( #2824, #3889, #2953 ) ) REPRESENTATION_CONTEXT ( 'NONE', 'WORKASPACE' ) );
#1126 = COLOUR_RGB ( '',1.000000000000000000, 1.000000000000000000, 1.000000000000000000 ) ;
#1127 =( LENGTH_UNIT ( ) NAMED_UNIT ( * ) SI_UNIT ( .MILLI., .METRE. ) );
#1128 = B_SPLINE_CURVE_WITH_KNOTS ( 'NONE', 3,
 ( #9272, #699, #7574, #3668 ),
 .UNSPECIFIED., .F., .F.,
 ( 4, 4 ),
 ( 2.000000000000000000, 3.000000000000000000 ),
 .UNSPECIFIED. ) ;
#1129 = LINE ( 'NONE', #5836, #3329 ) ;
#1130 = CYLINDRICAL_SURFACE ( 'NONE', #3384, 0.1687042954162695507 ) ;
#1131 = EDGE_CURVE ( 'NONE', #8535, #6524, #11820, .T. ) ;
#1132 = PRESENTATION_LAYER_ASSIGNMENT (  '', '', ( #12271 ) ) ;
#1133 = VERTEX_POINT ( 'NONE', #902 ) ;
#1134 = FILL_AREA_STYLE ('',( #11492 ) ) ;
#1135 = VECTOR ( 'NONE', #3998, 1000.000000000000000 ) ;
#1136 = MECHANICAL_DESIGN_GEOMETRIC_PRESENTATION_REPRESENTATION (  '', ( #11883 ), #11302 ) ;
#1137 = STYLED_ITEM ( 'NONE', ( #2865 ), #166 ) ;
#1138 = FACE_OUTER_BOUND ( 'NONE', #7390, .T. ) ;
#1139 = PRESENTATION_LAYER_ASSIGNMENT (  '', '', ( #8523 ) ) ;
#1140 = CARTESIAN_POINT ( 'NONE',  ( 1.129011645970521283, 1.362797841499060025, 0.7010000000000000675 ) ) ;
#1141 =( LENGTH_UNIT ( ) NAMED_UNIT ( * ) SI_UNIT ( .MILLI., .METRE. ) );
#1142 = CARTESIAN_POINT ( 'NONE',  ( 2.012118096529444955, 1.061439968560242475, 0.7010000000000000675 ) ) ;
#1143 = STYLED_ITEM ( 'NONE', ( #7262 ), #4541 ) ;
#1144 = SURFACE_STYLE_FILL_AREA ( #5790 ) ;
#1145 = COLOUR_RGB ( '',0.1019607843137254888, 0.1019607843137254888, 0.1019607843137254888 ) ;
#1146 = MECHANICAL_DESIGN_GEOMETRIC_PRESENTATION_REPRESENTATION (  '', ( #6697 ), #4728 ) ;
#1147 = DIRECTION ( 'NONE',  ( 1.000000000000000000, -0.0000000000000000000, -0.0000000000000000000 ) ) ;
#1148 = ORIENTED_EDGE ( 'NONE', *, *, #9961, .F. ) ;
#1149 = VERTEX_POINT ( 'NONE', #5502 ) ;
#1150 = LINE ( 'NONE', #4827, #5025 ) ;
#1151 =( LENGTH_UNIT ( ) NAMED_UNIT ( * ) SI_UNIT ( .MILLI., .METRE. ) );
#1152 = ORIENTED_EDGE ( 'NONE', *, *, #11062, .T. ) ;
#1153 = CARTESIAN_POINT ( 'NONE',  ( 2.118214994310397614, 1.082401488152591629, 0.7010000000000000675 ) ) ;
#1154 = PRESENTATION_LAYER_ASSIGNMENT (  '', '', ( #7339 ) ) ;
#1155 = FILL_AREA_STYLE ('',( #4021 ) ) ;
#1156 = COLOUR_RGB ( '',1.000000000000000000, 1.000000000000000000, 1.000000000000000000 ) ;
#1157 = ORIENTED_EDGE ( 'NONE', *, *, #10718, .F. ) ;
#1158 = CARTESIAN_POINT ( 'NONE',  ( 1.166028882235386144, 1.144164519529113244, 0.7010000000000000675 ) ) ;
#1159 = CARTESIAN_POINT ( 'NONE',  ( 2.490947412151131246, 1.144287879332228863, 0.7010000000000000675 ) ) ;
#1160 = EDGE_LOOP ( 'NONE', ( #7826, #10364, #3088, #9228 ) ) ;
#1161 = CARTESIAN_POINT ( 'NONE',  ( 1.345331291386396622, 1.456497748373132950, 0.7010000000000000675 ) ) ;
#1162 = SURFACE_STYLE_FILL_AREA ( #8667 ) ;
#1163 = MECHANICAL_DESIGN_GEOMETRIC_PRESENTATION_REPRESENTATION (  '', ( #7316 ), #9126 ) ;
#1164 = ORIENTED_EDGE ( 'NONE', *, *, #3688, .F. ) ;
#1165 = STYLED_ITEM ( 'NONE', ( #9652 ), #10834 ) ;
#1166 = SURFACE_STYLE_USAGE ( .BOTH. , #2981 ) ;
#1167 = ORIENTED_EDGE ( 'NONE', *, *, #4014, .F. ) ;
#1168 =( NAMED_UNIT ( * ) SI_UNIT ( $, .STERADIAN. ) SOLID_ANGLE_UNIT ( ) );
#1169 = VERTEX_POINT ( 'NONE', #10381 ) ;
#1170 = LINE ( 'NONE', #8733, #324 ) ;
#1171 = ADVANCED_FACE ( 'NONE', ( #12052 ), #3787, .F. ) ;
#1172 = FILL_AREA_STYLE ('',( #8917 ) ) ;
#1173 = ORIENTED_EDGE ( 'NONE', *, *, #4151, .T. ) ;
#1174 = MECHANICAL_DESIGN_GEOMETRIC_PRESENTATION_REPRESENTATION (  '', ( #10513 ), #10141 ) ;
#1175 = CARTESIAN_POINT ( 'NONE',  ( 3.250000000000000000, -2.000000000000000000, 0.0000000000000000000 ) ) ;
#1176 = CARTESIAN_POINT ( 'NONE',  ( 2.484999996869922345, 1.179889190386278930, 0.6999999999999999556 ) ) ;
#1177 = ORIENTED_EDGE ( 'NONE', *, *, #12009, .F. ) ;
#1178 = PRESENTATION_STYLE_ASSIGNMENT (( #2012 ) ) ;
#1179 = FILL_AREA_STYLE ('',( #6774 ) ) ;
#1180 = CARTESIAN_POINT ( 'NONE',  ( 2.426981505140121786, 1.224141287305309023, 0.6999999999999999556 ) ) ;
#1181 = B_SPLINE_SURFACE_WITH_KNOTS ( 'NONE', 3, 1, ( 
 ( #2878, #3076 ),
 ( #9813, #2268 ),
 ( #8876, #11604 ),
 ( #11550, #6925 ) ),
 .UNSPECIFIED., .F., .F., .F.,
 ( 4, 4 ),
 ( 2, 2 ),
 ( 5.000000000000000000, 6.000000000000000000 ),
 ( 0.0000000000000000000, 1.000000000000000000 ),
 .UNSPECIFIED. ) ;
#1182 = EDGE_CURVE ( 'NONE', #6657, #9243, #1128, .T. ) ;
#1183 = ADVANCED_FACE ( 'NONE', ( #2597 ), #11262, .F. ) ;
#1184 = MECHANICAL_DESIGN_GEOMETRIC_PRESENTATION_REPRESENTATION (  '', ( #4359 ), #12337 ) ;
#1185 = PRESENTATION_LAYER_ASSIGNMENT (  '', '', ( #8156 ) ) ;
#1186 = FILL_AREA_STYLE_COLOUR ( '', #1361 ) ;
#1187 = FACE_OUTER_BOUND ( 'NONE', #6457, .T. ) ;
#1188 = PLANE ( 'NONE',  #1395 ) ;
#1189 = CARTESIAN_POINT ( 'NONE',  ( 2.165461594027785264, 1.040561629599990656, 0.7010000000000000675 ) ) ;
#1190 = DIRECTION ( 'NONE',  ( -0.0000000000000000000, -0.0000000000000000000, -1.000000000000000000 ) ) ;
#1191 = CARTESIAN_POINT ( 'NONE',  ( 1.925069563775328785, 1.339013741899961030, 0.7010000000000000675 ) ) ;
#1192 = DIRECTION ( 'NONE',  ( 0.0000000000000000000, 1.000000000000000000, 0.0000000000000000000 ) ) ;
#1193 = UNCERTAINTY_MEASURE_WITH_UNIT (LENGTH_MEASURE( 1.000000000000000082E-05 ), #4678, 'distance_accuracy_value', 'NONE');
#1194 = STYLED_ITEM ( 'NONE', ( #4523 ), #10096 ) ;
#1195 = ORIENTED_EDGE ( 'NONE', *, *, #11706, .F. ) ;
#1196 = STYLED_ITEM ( 'NONE', ( #2433 ), #8968 ) ;
#1197 = LINE ( 'NONE', #1967, #9297 ) ;
#1198 = FACE_OUTER_BOUND ( 'NONE', #1021, .T. ) ;
#1199 = EDGE_CURVE ( 'NONE', #4891, #11102, #10498, .T. ) ;
#1200 =( LENGTH_UNIT ( ) NAMED_UNIT ( * ) SI_UNIT ( .MILLI., .METRE. ) );
#1201 = CARTESIAN_POINT ( 'NONE',  ( 2.380275579539156361, 1.482250792451576649, 0.7010000000000000675 ) ) ;
#1202 = FILL_AREA_STYLE ('',( #2151 ) ) ;
#1203 = VECTOR ( 'NONE', #11025, 1000.000000000000000 ) ;
#1204 = B_SPLINE_CURVE_WITH_KNOTS ( 'NONE', 3,
 ( #9397, #12235, #3486, #11061 ),
 .UNSPECIFIED., .F., .F.,
 ( 4, 4 ),
 ( 14.00000000000000000, 15.00000000000000000 ),
 .UNSPECIFIED. ) ;
#1205 = UNCERTAINTY_MEASURE_WITH_UNIT (LENGTH_MEASURE( 1.000000000000000082E-05 ), #208, 'distance_accuracy_value', 'NONE');
#1206 = CARTESIAN_POINT ( 'NONE',  ( 2.044225820985318354, 1.164833495758527349, 0.7010000000000000675 ) ) ;
#1207 = ORIENTED_EDGE ( 'NONE', *, *, #11094, .F. ) ;
#1208 = VECTOR ( 'NONE', #12140, 1000.000000000000000 ) ;
#1209 = ORIENTED_EDGE ( 'NONE', *, *, #5600, .F. ) ;
#1210 = EDGE_CURVE ( 'NONE', #157, #9194, #3370, .T. ) ;
#1211 = CARTESIAN_POINT ( 'NONE',  ( 1.570905289995409904, 1.064346054190355106, 0.6999999999999999556 ) ) ;
#1212 = SURFACE_STYLE_USAGE ( .BOTH. , #8011 ) ;
#1213 = PLANE ( 'NONE',  #10724 ) ;
#1214 = DIRECTION ( 'NONE',  ( 0.0000000000000000000, -0.0000000000000000000, 1.000000000000000000 ) ) ;
#1215 = VECTOR ( 'NONE', #147, 1000.000000000000000 ) ;
#1216 = ORIENTED_EDGE ( 'NONE', *, *, #125, .T. ) ;
#1217 = LINE ( 'NONE', #2053, #12253 ) ;
#1218 = ORIENTED_EDGE ( 'NONE', *, *, #5195, .T. ) ;
#1219 = CARTESIAN_POINT ( 'NONE',  ( 1.832739060806250597, 1.134722106501922845, 0.7010000000000000675 ) ) ;
#1220 = UNCERTAINTY_MEASURE_WITH_UNIT (LENGTH_MEASURE( 1.000000000000000082E-05 ), #10202, 'distance_accuracy_value', 'NONE');
#1221 = ORIENTED_EDGE ( 'NONE', *, *, #5514, .F. ) ;
#1222 = PRESENTATION_LAYER_ASSIGNMENT (  '', '', ( #9201 ) ) ;
#1223 =( NAMED_UNIT ( * ) SI_UNIT ( $, .STERADIAN. ) SOLID_ANGLE_UNIT ( ) );
#1224 = FACE_OUTER_BOUND ( 'NONE', #4884, .T. ) ;
#1225 = ORIENTED_EDGE ( 'NONE', *, *, #90, .F. ) ;
#1226 = CARTESIAN_POINT ( 'NONE',  ( 1.444815191070611959, 1.132596622164890876, 0.6999999999999999556 ) ) ;
#1227 = DIRECTION ( 'NONE',  ( 0.0000000000000000000, 1.000000000000000000, -0.0000000000000000000 ) ) ;
#1228 = COLOUR_RGB ( '',1.000000000000000000, 1.000000000000000000, 1.000000000000000000 ) ;
#1229 =( GEOMETRIC_REPRESENTATION_CONTEXT ( 3 ) GLOBAL_UNCERTAINTY_ASSIGNED_CONTEXT ( ( #854 ) ) GLOBAL_UNIT_ASSIGNED_CONTEXT ( ( #716, #10961, #12131 ) ) REPRESENTATION_CONTEXT ( 'NONE', 'WORKASPACE' ) );
#1230 =( NAMED_UNIT ( * ) PLANE_ANGLE_UNIT ( ) SI_UNIT ( $, .RADIAN. ) );
#1231 = ORIENTED_EDGE ( 'NONE', *, *, #4168, .F. ) ;
#1232 = CARTESIAN_POINT ( 'NONE',  ( 2.073255862009072636, 1.075331134321934945, 0.7010000000000000675 ) ) ;
#1233 = DIRECTION ( 'NONE',  ( -1.000000000000000000, 0.0000000000000000000, -0.0000000000000000000 ) ) ;
#1234 = CARTESIAN_POINT ( 'NONE',  ( 2.269811698510213915, 1.355067604127344172, 0.6999999999999999556 ) ) ;
#1235 = ORIENTED_EDGE ( 'NONE', *, *, #9253, .F. ) ;
#1236 = DIRECTION ( 'NONE',  ( -0.9434452330824943944, 0.3315284183504002002, 0.0000000000000000000 ) ) ;
#1237 = DIRECTION ( 'NONE',  ( 1.000000000000000000, 0.0000000000000000000, 0.0000000000000000000 ) ) ;
#1238 = PRESENTATION_STYLE_ASSIGNMENT (( #9793 ) ) ;
#1239 =( GEOMETRIC_REPRESENTATION_CONTEXT ( 3 ) GLOBAL_UNCERTAINTY_ASSIGNED_CONTEXT ( ( #8849 ) ) GLOBAL_UNIT_ASSIGNED_CONTEXT ( ( #6742, #12, #2891 ) ) REPRESENTATION_CONTEXT ( 'NONE', 'WORKASPACE' ) );
#1240 = FILL_AREA_STYLE ('',( #7844 ) ) ;
#1241 = CARTESIAN_POINT ( 'NONE',  ( 1.954765049865329507, 1.460041563358848826, 0.6999999999999999556 ) ) ;
#1242 = LINE ( 'NONE', #1298, #2756 ) ;
#1243 = STYLED_ITEM ( 'NONE', ( #4213 ), #2322 ) ;
#1244 = FACE_OUTER_BOUND ( 'NONE', #8944, .T. ) ;
#1245 = EDGE_CURVE ( 'NONE', #5211, #1460, #8778, .T. ) ;
#1246 = CARTESIAN_POINT ( 'NONE',  ( -0.3999999999999988565, -1.700000000000000178, -0.1000000000000000056 ) ) ;
#1247 = LINE ( 'NONE', #8868, #3124 ) ;
#1248 = PRESENTATION_LAYER_ASSIGNMENT (  '', '', ( #6596 ) ) ;
#1249 = SURFACE_STYLE_FILL_AREA ( #359 ) ;
#1250 = SURFACE_STYLE_FILL_AREA ( #8871 ) ;
#1251 = EDGE_CURVE ( 'NONE', #6097, #10240, #4074, .T. ) ;
#1252 = ORIENTED_EDGE ( 'NONE', *, *, #10090, .T. ) ;
#1253 = CARTESIAN_POINT ( 'NONE',  ( 2.118214994310397614, 1.093048609215742761, 0.7010000000000000675 ) ) ;
#1254 =( NAMED_UNIT ( * ) PLANE_ANGLE_UNIT ( ) SI_UNIT ( $, .RADIAN. ) );
#1255 = DIRECTION ( 'NONE',  ( -0.0000000000000000000, 1.000000000000000000, -0.0000000000000000000 ) ) ;
#1256 = FILL_AREA_STYLE_COLOUR ( '', #800 ) ;
#1257 = DIRECTION ( 'NONE',  ( -0.0000000000000000000, -0.0000000000000000000, -1.000000000000000000 ) ) ;
#1258 = LINE ( 'NONE', #6986, #590 ) ;
#1259 =( NAMED_UNIT ( * ) PLANE_ANGLE_UNIT ( ) SI_UNIT ( $, .RADIAN. ) );
#1260 = FILL_AREA_STYLE_COLOUR ( '', #7930 ) ;
#1261 = EDGE_CURVE ( 'NONE', #6157, #10675, #2616, .T. ) ;
#1262 = EDGE_CURVE ( 'NONE', #4562, #8462, #11661, .T. ) ;
#1263 = EDGE_CURVE ( 'NONE', #1690, #8961, #5742, .T. ) ;
#1264 = ADVANCED_FACE ( 'NONE', ( #9706 ), #7817, .F. ) ;
#1265 = ORIENTED_EDGE ( 'NONE', *, *, #2568, .T. ) ;
#1266 = DIRECTION ( 'NONE',  ( 0.0000000000000000000, 1.000000000000000000, 0.0000000000000000000 ) ) ;
#1267 = CARTESIAN_POINT ( 'NONE',  ( 1.991738841369566693, 1.061439968560242475, 0.6999999999999999556 ) ) ;
#1268 = CARTESIAN_POINT ( 'NONE',  ( 1.255101700767842887, 0.9845275888515911955, 0.7010000000000000675 ) ) ;
#1269 = SURFACE_STYLE_FILL_AREA ( #1087 ) ;
#1270 = UNCERTAINTY_MEASURE_WITH_UNIT (LENGTH_MEASURE( 1.000000000000000082E-05 ), #11361, 'distance_accuracy_value', 'NONE');
#1271 = CARTESIAN_POINT ( 'NONE',  ( 1.960878826413513298, 1.075414314955142503, 0.7010000000000000675 ) ) ;
#1272 = LINE ( 'NONE', #319, #2501 ) ;
#1273 = ORIENTED_EDGE ( 'NONE', *, *, #3695, .F. ) ;
#1274 = CARTESIAN_POINT ( 'NONE',  ( 0.9948240321290651167, 1.376679249938345562, 0.6999999999999999556 ) ) ;
#1275 = SURFACE_STYLE_USAGE ( .BOTH. , #9833 ) ;
#1276 = ORIENTED_EDGE ( 'NONE', *, *, #8572, .F. ) ;
#1277 = ADVANCED_FACE ( 'NONE', ( #2221 ), #11440, .F. ) ;
#1278 = FACE_OUTER_BOUND ( 'NONE', #5135, .T. ) ;
#1279 = B_SPLINE_SURFACE_WITH_KNOTS ( 'NONE', 3, 1, ( 
 ( #11829, #1492 ),
 ( #2488, #11893 ),
 ( #1431, #2431 ),
 ( #8167, #3252 ) ),
 .UNSPECIFIED., .F., .F., .F.,
 ( 4, 4 ),
 ( 2, 2 ),
 ( 3.000000000000000000, 4.000000000000000000 ),
 ( 0.0000000000000000000, 1.000000000000000000 ),
 .UNSPECIFIED. ) ;
#1280 = ORIENTED_EDGE ( 'NONE', *, *, #7123, .F. ) ;
#1281 = DIRECTION ( 'NONE',  ( -1.000000000000000000, -0.0000000000000000000, -0.0000000000000000000 ) ) ;
#1282 = CARTESIAN_POINT ( 'NONE',  ( 2.392212000418183937, 1.456048892960305707, 0.6999999999999999556 ) ) ;
#1283 = PRESENTATION_STYLE_ASSIGNMENT (( #9958 ) ) ;
#1284 = VERTEX_POINT ( 'NONE', #6274 ) ;
#1285 = B_SPLINE_CURVE_WITH_KNOTS ( 'NONE', 3,
 ( #245, #4012, #9865, #5050 ),
 .UNSPECIFIED., .F., .F.,
 ( 4, 4 ),
 ( 12.00000000000000000, 13.00000000000000000 ),
 .UNSPECIFIED. ) ;
#1286 = DIRECTION ( 'NONE',  ( -0.0000000000000000000, -0.0000000000000000000, -1.000000000000000000 ) ) ;
#1287 = CARTESIAN_POINT ( 'NONE',  ( 1.278237517561414460, 1.177711483665941472, 0.7010000000000000675 ) ) ;
#1288 = ORIENTED_EDGE ( 'NONE', *, *, #1043, .T. ) ;
#1289 = CARTESIAN_POINT ( 'NONE',  ( 1.832739060806250597, 1.079989249787272731, 0.7010000000000000675 ) ) ;
#1290 = VECTOR ( 'NONE', #1398, 1000.000000000000000 ) ;
#1291 = CARTESIAN_POINT ( 'NONE',  ( 1.811735950896735892, 1.061439968560242475, 0.6999999999999999556 ) ) ;
#1292 = VERTEX_POINT ( 'NONE', #9132 ) ;
#1293 = CARTESIAN_POINT ( 'NONE',  ( 0.4000000000000014655, 1.700000000000000622, -0.1000000000000000056 ) ) ;
#1294 = FILL_AREA_STYLE_COLOUR ( '', #5349 ) ;
#1295 = CARTESIAN_POINT ( 'NONE',  ( 2.072382465359252635, 1.180305093553438711, 0.7010000000000000675 ) ) ;
#1296 = COLOUR_RGB ( '',1.000000000000000000, 1.000000000000000000, 1.000000000000000000 ) ;
#1297 = VECTOR ( 'NONE', #8115, 1000.000000000000000 ) ;
#1298 = CARTESIAN_POINT ( 'NONE',  ( -1.099999999999998535, 1.700000000000000400, -0.1000000000000000056 ) ) ;
#1299 =( NAMED_UNIT ( * ) SI_UNIT ( $, .STERADIAN. ) SOLID_ANGLE_UNIT ( ) );
#1300 = CARTESIAN_POINT ( 'NONE',  ( 2.097295065034097572, 1.091052274016473422, 0.7010000000000000675 ) ) ;
#1301 = DIRECTION ( 'NONE',  ( -0.0000000000000000000, -0.0000000000000000000, -1.000000000000000000 ) ) ;
#1302 = PRESENTATION_LAYER_ASSIGNMENT (  '', '', ( #11646 ) ) ;
#1303 = CARTESIAN_POINT ( 'NONE',  ( 1.904191224815638073, 1.373450524087949987, 0.6999999999999999556 ) ) ;
#1304 = VECTOR ( 'NONE', #12012, 1000.000000000000000 ) ;
#1305 = UNCERTAINTY_MEASURE_WITH_UNIT (LENGTH_MEASURE( 1.000000000000000082E-05 ), #2483, 'distance_accuracy_value', 'NONE');
#1306 = ORIENTED_EDGE ( 'NONE', *, *, #3261, .F. ) ;
#1307 = ADVANCED_FACE ( 'NONE', ( #8192 ), #4473, .F. ) ;
#1308 = CARTESIAN_POINT ( 'NONE',  ( 2.258249590480633007, 1.343755037998508373, 0.7010000000000000675 ) ) ;
#1309 = ADVANCED_FACE ( 'NONE', ( #7117 ), #5182, .F. ) ;
#1310 = AXIS2_PLACEMENT_3D ( 'NONE', #1612, #9227, #5626 ) ;
#1311 = COLOUR_RGB ( '',1.000000000000000000, 1.000000000000000000, 1.000000000000000000 ) ;
#1312 = COLOUR_RGB ( '',1.000000000000000000, 1.000000000000000000, 1.000000000000000000 ) ;
#1313 = CARTESIAN_POINT ( 'NONE',  ( 2.026009262291685431, 1.346416818264573267, 0.6999999999999999556 ) ) ;
#1314 = CARTESIAN_POINT ( 'NONE',  ( 1.433247337833865043, 1.258686765217720938, 0.7010000000000000675 ) ) ;
#1315 = SURFACE_STYLE_FILL_AREA ( #1202 ) ;
#1316 = EDGE_CURVE ( 'NONE', #1979, #10434, #7303, .T. ) ;
#1317 = PRESENTATION_LAYER_ASSIGNMENT (  '', '', ( #6665 ) ) ;
#1318 = SURFACE_STYLE_FILL_AREA ( #6146 ) ;
#1319 = FILL_AREA_STYLE ('',( #11606 ) ) ;
#1320 =( GEOMETRIC_REPRESENTATION_CONTEXT ( 3 ) GLOBAL_UNCERTAINTY_ASSIGNED_CONTEXT ( ( #85 ) ) GLOBAL_UNIT_ASSIGNED_CONTEXT ( ( #2713, #7642, #10561 ) ) REPRESENTATION_CONTEXT ( 'NONE', 'WORKASPACE' ) );
#1321 = UNCERTAINTY_MEASURE_WITH_UNIT (LENGTH_MEASURE( 1.000000000000000082E-05 ), #6490, 'distance_accuracy_value', 'NONE');
#1322 = VECTOR ( 'NONE', #294, 1000.000000000000000 ) ;
#1323 = VECTOR ( 'NONE', #10991, 1000.000000000000000 ) ;
#1324 = PLANE ( 'NONE',  #8626 ) ;
#1325 = ORIENTED_EDGE ( 'NONE', *, *, #9274, .F. ) ;
#1326 = CARTESIAN_POINT ( 'NONE',  ( 2.065312111528040617, 1.137300706134778405, 0.7010000000000000675 ) ) ;
#1327 = VECTOR ( 'NONE', #3063, 1000.000000000000000 ) ;
#1328 =( NAMED_UNIT ( * ) SI_UNIT ( $, .STERADIAN. ) SOLID_ANGLE_UNIT ( ) );
#1329 = VECTOR ( 'NONE', #4400, 1000.000000000000000 ) ;
#1330 = B_SPLINE_CURVE_WITH_KNOTS ( 'NONE', 3,
 ( #661, #1615, #1545, #11017 ),
 .UNSPECIFIED., .F., .F.,
 ( 4, 4 ),
 ( 1.000000000000000000, 2.000000000000000000 ),
 .UNSPECIFIED. ) ;
#1331 =( NAMED_UNIT ( * ) SI_UNIT ( $, .STERADIAN. ) SOLID_ANGLE_UNIT ( ) );
#1332 = CARTESIAN_POINT ( 'NONE',  ( 1.931599243490124351, 1.126903126971263269, 0.6999999999999999556 ) ) ;
#1333 = CARTESIAN_POINT ( 'NONE',  ( 2.174403512108454173, 1.061689510459877583, 0.7010000000000000675 ) ) ;
#1334 = SURFACE_STYLE_FILL_AREA ( #9829 ) ;
#1335 = EDGE_CURVE ( 'NONE', #8324, #6471, #10483, .T. ) ;
#1336 = PRESENTATION_LAYER_ASSIGNMENT (  '', '', ( #11499 ) ) ;
#1337 = ADVANCED_FACE ( 'NONE', ( #12297, #11311 ), #7428, .T. ) ;
#1338 = AXIS2_PLACEMENT_3D ( 'NONE', #8933, #4171, #354 ) ;
#1339 = CARTESIAN_POINT ( 'NONE',  ( 1.013332672324957384, 1.199690484245381716, 0.6999999999999999556 ) ) ;
#1340 = FILL_AREA_STYLE ('',( #2280 ) ) ;
#1341 = VERTEX_POINT ( 'NONE', #1587 ) ;
#1342 = EDGE_CURVE ( 'NONE', #7696, #9638, #2449, .T. ) ;
#1343 =( NAMED_UNIT ( * ) PLANE_ANGLE_UNIT ( ) SI_UNIT ( $, .RADIAN. ) );
#1344 = ORIENTED_EDGE ( 'NONE', *, *, #4285, .F. ) ;
#1345 = FILL_AREA_STYLE_COLOUR ( '', #9087 ) ;
#1346 = CARTESIAN_POINT ( 'NONE',  ( 1.904191224815638073, 1.397822449646370480, 0.7010000000000000675 ) ) ;
#1347 = UNCERTAINTY_MEASURE_WITH_UNIT (LENGTH_MEASURE( 1.000000000000000082E-05 ), #9499, 'distance_accuracy_value', 'NONE');
#1348 = ORIENTED_EDGE ( 'NONE', *, *, #6026, .T. ) ;
#1349 = FILL_AREA_STYLE ('',( #3282 ) ) ;
#1350 = CARTESIAN_POINT ( 'NONE',  ( 1.191478265262949865, 0.9845275888515911955, 0.6999999999999999556 ) ) ;
#1351 = SURFACE_SIDE_STYLE ('',( #6949 ) ) ;
#1352 = ORIENTED_EDGE ( 'NONE', *, *, #4285, .T. ) ;
#1353 = CARTESIAN_POINT ( 'NONE',  ( 2.380275579539156361, 1.482250792451576649, 0.6999999999999999556 ) ) ;
#1354 =( NAMED_UNIT ( * ) PLANE_ANGLE_UNIT ( ) SI_UNIT ( $, .RADIAN. ) );
#1355 = CARTESIAN_POINT ( 'NONE',  ( 2.269811698510213915, 1.355067604127344172, 0.7010000000000000675 ) ) ;
#1356 = EDGE_CURVE ( 'NONE', #778, #10600, #8454, .T. ) ;
#1357 = SURFACE_STYLE_FILL_AREA ( #4403 ) ;
#1358 = ORIENTED_EDGE ( 'NONE', *, *, #6624, .F. ) ;
#1359 = LINE ( 'NONE', #1417, #737 ) ;
#1360 =( NAMED_UNIT ( * ) SI_UNIT ( $, .STERADIAN. ) SOLID_ANGLE_UNIT ( ) );
#1361 = COLOUR_RGB ( '',1.000000000000000000, 1.000000000000000000, 1.000000000000000000 ) ;
#1362 = ORIENTED_EDGE ( 'NONE', *, *, #3306, .F. ) ;
#1363 = CARTESIAN_POINT ( 'NONE',  ( 2.488493583469202353, 1.084231462085445408, 0.7010000000000000675 ) ) ;
#1364 = MECHANICAL_DESIGN_GEOMETRIC_PRESENTATION_REPRESENTATION (  '', ( #5129 ), #7319 ) ;
#1365 =( NAMED_UNIT ( * ) SI_UNIT ( $, .STERADIAN. ) SOLID_ANGLE_UNIT ( ) );
#1366 = DIRECTION ( 'NONE',  ( -0.9910683662997868959, -0.1333547648937652985, 0.0000000000000000000 ) ) ;
#1367 = LINE ( 'NONE', #4284, #3634 ) ;
#1368 = FACE_OUTER_BOUND ( 'NONE', #6743, .T. ) ;
#1369 = MECHANICAL_DESIGN_GEOMETRIC_PRESENTATION_REPRESENTATION (  '', ( #3763 ), #2561 ) ;
#1370 = STYLED_ITEM ( 'NONE', ( #10587 ), #11184 ) ;
#1371 = CARTESIAN_POINT ( 'NONE',  ( 2.560902324761062943, 1.105941607377797675, 0.7010000000000000675 ) ) ;
#1372 = DIRECTION ( 'NONE',  ( -0.9398440417769825528, -0.3416038306815446512, 0.0000000000000000000 ) ) ;
#1373 = DIRECTION ( 'NONE',  ( -0.0000000000000000000, 1.000000000000000000, -0.0000000000000000000 ) ) ;
#1374 = DIRECTION ( 'NONE',  ( -0.0000000000000000000, -0.0000000000000000000, -1.000000000000000000 ) ) ;
#1375 = FILL_AREA_STYLE_COLOUR ( '', #6962 ) ;
#1376 = CARTESIAN_POINT ( 'NONE',  ( 2.341513404418675393, 1.319549473706508769, 0.7010000000000000675 ) ) ;
#1377 = PLANE ( 'NONE',  #2147 ) ;
#1378 = CARTESIAN_POINT ( 'NONE',  ( 1.507281854490515549, 1.311899031315902242, 0.6999999999999999556 ) ) ;
#1379 = PRESENTATION_STYLE_ASSIGNMENT (( #6077 ) ) ;
#1380 = ORIENTED_EDGE ( 'NONE', *, *, #2696, .F. ) ;
#1381 = CARTESIAN_POINT ( 'NONE',  ( 1.127854851821517679, 1.432205159494573943, 0.6999999999999999556 ) ) ;
#1382 = CARTESIAN_POINT ( 'NONE',  ( 2.346129929567404737, 1.224141287305309023, 0.6999999999999999556 ) ) ;
#1383 =( LENGTH_UNIT ( ) NAMED_UNIT ( * ) SI_UNIT ( .MILLI., .METRE. ) );
#1384 = CARTESIAN_POINT ( 'NONE',  ( 2.269354205026444582, 1.448229913429640581, 0.7010000000000000675 ) ) ;
#1385 = LINE ( 'NONE', #10176, #3929 ) ;
#1386 = B_SPLINE_SURFACE_WITH_KNOTS ( 'NONE', 3, 1, ( 
 ( #4461, #9221 ),
 ( #9402, #3720 ),
 ( #11143, #6129 ),
 ( #10261, #7516 ) ),
 .UNSPECIFIED., .F., .F., .F.,
 ( 4, 4 ),
 ( 2, 2 ),
 ( 5.000000000000000000, 6.000000000000000000 ),
 ( 0.0000000000000000000, 1.000000000000000000 ),
 .UNSPECIFIED. ) ;
#1387 = VECTOR ( 'NONE', #6768, 1000.000000000000000 ) ;
#1388 =( GEOMETRIC_REPRESENTATION_CONTEXT ( 3 ) GLOBAL_UNCERTAINTY_ASSIGNED_CONTEXT ( ( #4143 ) ) GLOBAL_UNIT_ASSIGNED_CONTEXT ( ( #4740, #12353, #3881 ) ) REPRESENTATION_CONTEXT ( 'NONE', 'WORKASPACE' ) );
#1389 =( NAMED_UNIT ( * ) SI_UNIT ( $, .STERADIAN. ) SOLID_ANGLE_UNIT ( ) );
#1390 = ORIENTED_EDGE ( 'NONE', *, *, #90, .T. ) ;
#1391 = EDGE_CURVE ( 'NONE', #2648, #8270, #2819, .T. ) ;
#1392 = ORIENTED_EDGE ( 'NONE', *, *, #4528, .F. ) ;
#1393 = FACE_OUTER_BOUND ( 'NONE', #5248, .T. ) ;
#1394 = PLANE ( 'NONE',  #6796 ) ;
#1395 = AXIS2_PLACEMENT_3D ( 'NONE', #10100, #2557, #3376 ) ;
#1396 = CARTESIAN_POINT ( 'NONE',  ( 2.071176346176035743, 1.162338076758885785, 0.7010000000000000675 ) ) ;
#1397 = PRESENTATION_STYLE_ASSIGNMENT (( #5852 ) ) ;
#1398 = DIRECTION ( 'NONE',  ( -0.0000000000000000000, -0.0000000000000000000, -1.000000000000000000 ) ) ;
#1399 = UNCERTAINTY_MEASURE_WITH_UNIT (LENGTH_MEASURE( 1.000000000000000082E-05 ), #6012, 'distance_accuracy_value', 'NONE');
#1400 = CARTESIAN_POINT ( 'NONE',  ( 2.181972949738937739, 1.090303648316471641, 0.7010000000000000675 ) ) ;
#1401 = FACE_OUTER_BOUND ( 'NONE', #6893, .T. ) ;
#1402 = ORIENTED_EDGE ( 'NONE', *, *, #5495, .F. ) ;
#1403 = EDGE_CURVE ( 'NONE', #3411, #2648, #9153, .T. ) ;
#1404 = PRESENTATION_STYLE_ASSIGNMENT (( #508 ) ) ;
#1405 = ORIENTED_EDGE ( 'NONE', *, *, #2949, .T. ) ;
#1406 = AXIS2_PLACEMENT_3D ( 'NONE', #1201, #10660, #9058 ) ;
#1407 = EDGE_CURVE ( 'NONE', #5914, #10871, #7494, .T. ) ;
#1408 = ORIENTED_EDGE ( 'NONE', *, *, #2667, .F. ) ;
#1409 = SURFACE_SIDE_STYLE ('',( #5141 ) ) ;
#1410 = EDGE_CURVE ( 'NONE', #4456, #3747, #9754, .T. ) ;
#1411 = PRESENTATION_LAYER_ASSIGNMENT (  '', '', ( #4049 ) ) ;
#1412 = EDGE_LOOP ( 'NONE', ( #4268, #2127, #2874, #10313, #3679, #421, #5133, #9467, #3394, #8835, #392, #6477 ) ) ;
#1413 = VECTOR ( 'NONE', #5825, 1000.000000000000000 ) ;
#1414 = CARTESIAN_POINT ( 'NONE',  ( 1.911136807696477646, 1.353819894628077725, 0.6999999999999999556 ) ) ;
#1415 = ORIENTED_EDGE ( 'NONE', *, *, #2196, .F. ) ;
#1416 = CARTESIAN_POINT ( 'NONE',  ( 2.513031870295155290, 1.144870143764706194, 0.7010000000000000675 ) ) ;
#1417 = CARTESIAN_POINT ( 'NONE',  ( 2.341513404418675393, 1.319549473706508769, 0.7010000000000000675 ) ) ;
#1418 = ORIENTED_EDGE ( 'NONE', *, *, #4181, .F. ) ;
#1419 = CARTESIAN_POINT ( 'NONE',  ( 1.983004874872476897, 1.084896907152239853, 0.7010000000000000675 ) ) ;
#1420 = PRESENTATION_LAYER_ASSIGNMENT (  '', '', ( #4596 ) ) ;
#1421 = DIRECTION ( 'NONE',  ( 1.000000000000000000, -9.566489757225038109E-17, 0.0000000000000000000 ) ) ;
#1422 = SURFACE_STYLE_USAGE ( .BOTH. , #1071 ) ;
#1423 = EDGE_CURVE ( 'NONE', #5630, #7856, #9445, .T. ) ;
#1424 = CARTESIAN_POINT ( 'NONE',  ( 2.301087616632872201, 1.357563023126987956, 0.6999999999999999556 ) ) ;
#1425 = VECTOR ( 'NONE', #11222, 1000.000000000000000 ) ;
#1426 = CARTESIAN_POINT ( 'NONE',  ( 0.9948240321290651167, 1.376679249938345562, 0.7010000000000000675 ) ) ;
#1427 = LINE ( 'NONE', #12054, #6082 ) ;
#1428 =( GEOMETRIC_REPRESENTATION_CONTEXT ( 3 ) GLOBAL_UNCERTAINTY_ASSIGNED_CONTEXT ( ( #11180 ) ) GLOBAL_UNIT_ASSIGNED_CONTEXT ( ( #9452, #132, #6804 ) ) REPRESENTATION_CONTEXT ( 'NONE', 'WORKASPACE' ) );
#1429 =( LENGTH_UNIT ( ) NAMED_UNIT ( * ) SI_UNIT ( .MILLI., .METRE. ) );
#1430 =( NAMED_UNIT ( * ) SI_UNIT ( $, .STERADIAN. ) SOLID_ANGLE_UNIT ( ) );
#1431 = CARTESIAN_POINT ( 'NONE',  ( 1.169499264682951623, 1.449557005542017274, 0.7010000000000000675 ) ) ;
#1432 = COLOUR_RGB ( '',1.000000000000000000, 1.000000000000000000, 1.000000000000000000 ) ;
#1434 = COLOUR_RGB ( '',0.1019607843137254888, 0.1019607843137254888, 0.1019607843137254888 ) ;
#1433 = CARTESIAN_POINT ( 'NONE',  ( 1.428620161237295516, 1.456497748373132950, 0.6999999999999999556 ) ) ;
#1435 = CARTESIAN_POINT ( 'NONE',  ( 2.176815750474334177, 1.319549473706508769, 0.7010000000000000675 ) ) ;
#1436 = B_SPLINE_CURVE_WITH_KNOTS ( 'NONE', 3,
 ( #3215, #9877, #10736, #11788 ),
 .UNSPECIFIED., .F., .F.,
 ( 4, 4 ),
 ( 23.00000000000000000, 24.00000000000000000 ),
 .UNSPECIFIED. ) ;
#1437 =( GEOMETRIC_REPRESENTATION_CONTEXT ( 3 ) GLOBAL_UNCERTAINTY_ASSIGNED_CONTEXT ( ( #1193 ) ) GLOBAL_UNIT_ASSIGNED_CONTEXT ( ( #4678, #2873, #10475 ) ) REPRESENTATION_CONTEXT ( 'NONE', 'WORKASPACE' ) );
#1438 = EDGE_CURVE ( 'NONE', #882, #10228, #12110, .T. ) ;
#1439 = EDGE_LOOP ( 'NONE', ( #9872, #3779, #6896, #2720 ) ) ;
#1440 = DIRECTION ( 'NONE',  ( -1.000000000000000000, 0.0000000000000000000, 0.0000000000000000000 ) ) ;
#1441 = LINE ( 'NONE', #9055, #110 ) ;
#1442 =( GEOMETRIC_REPRESENTATION_CONTEXT ( 3 ) GLOBAL_UNCERTAINTY_ASSIGNED_CONTEXT ( ( #7956 ) ) GLOBAL_UNIT_ASSIGNED_CONTEXT ( ( #3097, #5930, #3911 ) ) REPRESENTATION_CONTEXT ( 'NONE', 'WORKASPACE' ) );
#1443 = CARTESIAN_POINT ( 'NONE',  ( 2.425317892474804449, 1.061439968560242697, 0.6999999999999999556 ) ) ;
#1444 = CARTESIAN_POINT ( 'NONE',  ( 1.129011645970521283, 1.362797841499060025, 0.7010000000000000675 ) ) ;
#1445 = SURFACE_STYLE_USAGE ( .BOTH. , #5172 ) ;
#1446 =( NAMED_UNIT ( * ) SI_UNIT ( $, .STERADIAN. ) SOLID_ANGLE_UNIT ( ) );
#1447 = FILL_AREA_STYLE ('',( #7109 ) ) ;
#1448 =( NAMED_UNIT ( * ) PLANE_ANGLE_UNIT ( ) SI_UNIT ( $, .RADIAN. ) );
#1449 =( GEOMETRIC_REPRESENTATION_CONTEXT ( 3 ) GLOBAL_UNCERTAINTY_ASSIGNED_CONTEXT ( ( #4209 ) ) GLOBAL_UNIT_ASSIGNED_CONTEXT ( ( #1665, #1601, #5382 ) ) REPRESENTATION_CONTEXT ( 'NONE', 'WORKASPACE' ) );
#1450 = UNCERTAINTY_MEASURE_WITH_UNIT (LENGTH_MEASURE( 1.000000000000000082E-05 ), #8075, 'distance_accuracy_value', 'NONE');
#1451 = DIRECTION ( 'NONE',  ( -0.8863488427958623461, -0.4630180653866927676, 0.0000000000000000000 ) ) ;
#1452 = ORIENTED_EDGE ( 'NONE', *, *, #12212, .T. ) ;
#1453 = ORIENTED_EDGE ( 'NONE', *, *, #11766, .T. ) ;
#1454 =( LENGTH_UNIT ( ) NAMED_UNIT ( * ) SI_UNIT ( .MILLI., .METRE. ) );
#1455 = CARTESIAN_POINT ( 'NONE',  ( 1.563964569228308843, 1.374365672672346106, 0.6999999999999999556 ) ) ;
#1456 = SURFACE_SIDE_STYLE ('',( #10244 ) ) ;
#1457 = CARTESIAN_POINT ( 'NONE',  ( 0.9404548836258183053, 1.244805235427459023, 0.7010000000000000675 ) ) ;
#1458 = CARTESIAN_POINT ( 'NONE',  ( 1.212300471693389614, 1.410226158915129480, 0.7010000000000000675 ) ) ;
#1459 =( NAMED_UNIT ( * ) SI_UNIT ( $, .STERADIAN. ) SOLID_ANGLE_UNIT ( ) );
#1460 = VERTEX_POINT ( 'NONE', #9500 ) ;
#1461 = CARTESIAN_POINT ( 'NONE',  ( 1.918747835644118327, 1.082151946252963404, 0.7010000000000000675 ) ) ;
#1462 = CARTESIAN_POINT ( 'NONE',  ( 2.594548890933551455, 1.203346128978270091, 0.6999999999999999556 ) ) ;
#1463 = ORIENTED_EDGE ( 'NONE', *, *, #237, .T. ) ;
#1464 = CARTESIAN_POINT ( 'NONE',  ( 2.488493583469202353, 1.202597503279374980, 0.6999999999999999556 ) ) ;
#1465 = CARTESIAN_POINT ( 'NONE',  ( 2.115927526894335831, 1.107106136244965455, 0.7010000000000000675 ) ) ;
#1466 = VERTEX_POINT ( 'NONE', #5664 ) ;
#1467 = LINE ( 'NONE', #5198, #9823 ) ;
#1468 = CARTESIAN_POINT ( 'NONE',  ( 2.392212000418183937, 1.456048892960305707, 0.7010000000000000675 ) ) ;
#1469 = CARTESIAN_POINT ( 'NONE',  ( 2.184468368738579080, 1.080737875486165844, 0.7010000000000000675 ) ) ;
#1470 = EDGE_CURVE ( 'NONE', #9496, #1702, #952, .T. ) ;
#1471 = ORIENTED_EDGE ( 'NONE', *, *, #4095, .F. ) ;
#1472 = CARTESIAN_POINT ( 'NONE',  ( 1.970111876710422649, 1.180305093553438711, 0.7010000000000000675 ) ) ;
#1473 = CARTESIAN_POINT ( 'NONE',  ( 1.082740056512518256, 1.140694203274155383, 0.7010000000000000675 ) ) ;
#1474 = SURFACE_STYLE_FILL_AREA ( #11208 ) ;
#1475 = VERTEX_POINT ( 'NONE', #11345 ) ;
#1476 = LINE ( 'NONE', #11212, #10734 ) ;
#1477 = ADVANCED_FACE ( 'NONE', ( #6435 ), #7845, .F. ) ;
#1478 = CARTESIAN_POINT ( 'NONE',  ( 2.363805814144614992, 1.382434032485780895, 0.7010000000000000675 ) ) ;
#1479 = ORIENTED_EDGE ( 'NONE', *, *, #98, .T. ) ;
#1480 = B_SPLINE_CURVE_WITH_KNOTS ( 'NONE', 3,
 ( #4483, #9310, #558, #10047 ),
 .UNSPECIFIED., .F., .F.,
 ( 4, 4 ),
 ( 4.000000000000000000, 5.000000000000000000 ),
 .UNSPECIFIED. ) ;
#1481 = DIRECTION ( 'NONE',  ( -0.0000000000000000000, -0.0000000000000000000, -1.000000000000000000 ) ) ;
#1482 =( NAMED_UNIT ( * ) PLANE_ANGLE_UNIT ( ) SI_UNIT ( $, .RADIAN. ) );
#1483 = SURFACE_SIDE_STYLE ('',( #6417 ) ) ;
#1484 = PLANE ( 'NONE',  #8204 ) ;
#1485 = B_SPLINE_SURFACE_WITH_KNOTS ( 'NONE', 3, 1, ( 
 ( #8046, #6439 ),
 ( #7400, #7341 ),
 ( #4721, #9478 ),
 ( #11226, #1621 ) ),
 .UNSPECIFIED., .F., .F., .F.,
 ( 4, 4 ),
 ( 2, 2 ),
 ( 19.00000000000000000, 20.00000000000000000 ),
 ( 0.0000000000000000000, 1.000000000000000000 ),
 .UNSPECIFIED. ) ;
#1486 = CARTESIAN_POINT ( 'NONE',  ( 1.214614059991950157, 1.144164519529113244, 0.7010000000000000675 ) ) ;
#1487 = AXIS2_PLACEMENT_3D ( 'NONE', #12164, #9448, #11314 ) ;
#1488 = CARTESIAN_POINT ( 'NONE',  ( 1.191478265262949865, 0.9845275888515911955, 0.7010000000000000675 ) ) ;
#1489 = CARTESIAN_POINT ( 'NONE',  ( 1.943369303102723933, 1.477010412553765750, 0.6999999999999999556 ) ) ;
#1490 = EDGE_CURVE ( 'NONE', #2071, #4726, #12132, .T. ) ;
#1491 = FILL_AREA_STYLE ('',( #6377 ) ) ;
#1492 = CARTESIAN_POINT ( 'NONE',  ( 1.205359750925734996, 1.480790331735134302, 0.6999999999999999556 ) ) ;
#1493 = ADVANCED_FACE ( 'NONE', ( #10275 ), #4590, .F. ) ;
#1494 = CARTESIAN_POINT ( 'NONE',  ( 2.346129929567404737, 1.205425644811862096, 0.6999999999999999556 ) ) ;
#1495 = CARTESIAN_POINT ( 'NONE',  ( 2.462000551761694300, 1.085645532851132966, 0.6999999999999999556 ) ) ;
#1496 = STYLED_ITEM ( 'NONE', ( #300 ), #7041 ) ;
#1497 = VERTEX_POINT ( 'NONE', #8548 ) ;
#1498 = FILL_AREA_STYLE_COLOUR ( '', #9416 ) ;
#1499 = VERTEX_POINT ( 'NONE', #8420 ) ;
#1500 = CARTESIAN_POINT ( 'NONE',  ( 1.444815191070611959, 1.132596622164890876, 0.6999999999999999556 ) ) ;
#1501 = SURFACE_SIDE_STYLE ('',( #9245 ) ) ;
#1502 =( GEOMETRIC_REPRESENTATION_CONTEXT ( 3 ) GLOBAL_UNCERTAINTY_ASSIGNED_CONTEXT ( ( #11857 ) ) GLOBAL_UNIT_ASSIGNED_CONTEXT ( ( #4598, #7539, #11351 ) ) REPRESENTATION_CONTEXT ( 'NONE', 'WORKASPACE' ) );
#1503 = EDGE_CURVE ( 'NONE', #2673, #4312, #7460, .T. ) ;
#1504 =( GEOMETRIC_REPRESENTATION_CONTEXT ( 3 ) GLOBAL_UNCERTAINTY_ASSIGNED_CONTEXT ( ( #6868 ) ) GLOBAL_UNIT_ASSIGNED_CONTEXT ( ( #11348, #8553, #6309 ) ) REPRESENTATION_CONTEXT ( 'NONE', 'WORKASPACE' ) );
#1505 = SURFACE_STYLE_FILL_AREA ( #5473 ) ;
#1506 = SURFACE_STYLE_FILL_AREA ( #10055 ) ;
#1507 = ORIENTED_EDGE ( 'NONE', *, *, #9494, .F. ) ;
#1508 = ORIENTED_EDGE ( 'NONE', *, *, #3855, .F. ) ;
#1509 = PRESENTATION_LAYER_ASSIGNMENT (  '', '', ( #7275 ) ) ;
#1510 = VECTOR ( 'NONE', #4560, 1000.000000000000000 ) ;
#1511 =( GEOMETRIC_REPRESENTATION_CONTEXT ( 3 ) GLOBAL_UNCERTAINTY_ASSIGNED_CONTEXT ( ( #11041 ) ) GLOBAL_UNIT_ASSIGNED_CONTEXT ( ( #12322, #3041, #10620 ) ) REPRESENTATION_CONTEXT ( 'NONE', 'WORKASPACE' ) );
#1512 = CARTESIAN_POINT ( 'NONE',  ( 2.425317892474804449, 1.061439968560242697, 0.7010000000000000675 ) ) ;
#1513 =( LENGTH_UNIT ( ) NAMED_UNIT ( * ) SI_UNIT ( .MILLI., .METRE. ) );
#1514 = CARTESIAN_POINT ( 'NONE',  ( 2.591887110667488336, 1.191950382216223403, 0.7010000000000000675 ) ) ;
#1515 = DIRECTION ( 'NONE',  ( -1.275531967630004999E-16, -1.000000000000000000, 0.0000000000000000000 ) ) ;
#1516 = CARTESIAN_POINT ( 'NONE',  ( 2.262325441512390789, 1.061439968560242475, 0.7010000000000000675 ) ) ;
#1517 = FILL_AREA_STYLE ('',( #4201 ) ) ;
#1518 = DIRECTION ( 'NONE',  ( -0.0000000000000000000, -0.0000000000000000000, -1.000000000000000000 ) ) ;
#1519 = VERTEX_POINT ( 'NONE', #11400 ) ;
#1520 = VECTOR ( 'NONE', #7993, 1000.000000000000000 ) ;
#1521 = PRESENTATION_LAYER_ASSIGNMENT (  '', '', ( #10481 ) ) ;
#1522 = FILL_AREA_STYLE ('',( #11796 ) ) ;
#1523 = UNCERTAINTY_MEASURE_WITH_UNIT (LENGTH_MEASURE( 1.000000000000000082E-05 ), #1107, 'distance_accuracy_value', 'NONE');
#1524 = VERTEX_POINT ( 'NONE', #1681 ) ;
#1525 = B_SPLINE_CURVE_WITH_KNOTS ( 'NONE', 3,
 ( #5963, #9812, #7997, #2267 ),
 .UNSPECIFIED., .F., .F.,
 ( 4, 4 ),
 ( 20.00000000000000000, 21.00000000000000000 ),
 .UNSPECIFIED. ) ;
#1526 = COLOUR_RGB ( '',0.1019607843137254888, 0.1019607843137254888, 0.1019607843137254888 ) ;
#1527 = LINE ( 'NONE', #12046, #8000 ) ;
#1528 = VERTEX_POINT ( 'NONE', #5456 ) ;
#1529 = CARTESIAN_POINT ( 'NONE',  ( 2.950000000000001510, 1.700000000000001066, -0.1000000000000000056 ) ) ;
#1530 =( LENGTH_UNIT ( ) NAMED_UNIT ( * ) SI_UNIT ( .MILLI., .METRE. ) );
#1531 = ORIENTED_EDGE ( 'NONE', *, *, #5886, .F. ) ;
#1532 = STYLED_ITEM ( 'NONE', ( #6710 ), #3934 ) ;
#1533 = CARTESIAN_POINT ( 'NONE',  ( 2.346129929567404737, 1.224141287305309023, 0.7010000000000000675 ) ) ;
#1534 = CARTESIAN_POINT ( 'NONE',  ( 1.832739060806250597, 1.079989249787272731, 0.6999999999999999556 ) ) ;
#1535 = VECTOR ( 'NONE', #1120, 1000.000000000000000 ) ;
#1536 = CARTESIAN_POINT ( 'NONE',  ( 0.9404548836258183053, 1.198533645968347106, 0.6999999999999999556 ) ) ;
#1537 = PRESENTATION_LAYER_ASSIGNMENT (  '', '', ( #312 ) ) ;
#1538 = PRESENTATION_STYLE_ASSIGNMENT (( #5329 ) ) ;
#1539 = ORIENTED_EDGE ( 'NONE', *, *, #8197, .T. ) ;
#1540 = VECTOR ( 'NONE', #4638, 999.9999999999998863 ) ;
#1541 = FILL_AREA_STYLE ('',( #4223 ) ) ;
#1542 = CARTESIAN_POINT ( 'NONE',  ( 2.142378968285794105, 1.463535149958128612, 0.7010000000000000675 ) ) ;
#1543 = CARTESIAN_POINT ( 'NONE',  ( 1.926234092641942786, 1.399070159146746706, 0.7010000000000000675 ) ) ;
#1544 = EDGE_LOOP ( 'NONE', ( #8292, #2560, #10751, #9477 ) ) ;
#1545 = CARTESIAN_POINT ( 'NONE',  ( 2.089268133920406001, 1.075331134321934945, 0.7010000000000000675 ) ) ;
#1546 = AXIS2_PLACEMENT_3D ( 'NONE', #7664, #101, #3926 ) ;
#1547 =( GEOMETRIC_REPRESENTATION_CONTEXT ( 3 ) GLOBAL_UNCERTAINTY_ASSIGNED_CONTEXT ( ( #4192 ) ) GLOBAL_UNIT_ASSIGNED_CONTEXT ( ( #3081, #9873, #11785 ) ) REPRESENTATION_CONTEXT ( 'NONE', 'WORKASPACE' ) );
#1548 = VECTOR ( 'NONE', #9965, 1000.000000000000000 ) ;
#1549 = FACE_OUTER_BOUND ( 'NONE', #12018, .T. ) ;
#1550 = MECHANICAL_DESIGN_GEOMETRIC_PRESENTATION_REPRESENTATION (  '', ( #11101 ), #949 ) ;
#1551 = LINE ( 'NONE', #6306, #11390 ) ;
#1552 = EDGE_CURVE ( 'NONE', #494, #8025, #3622, .T. ) ;
#1553 = CARTESIAN_POINT ( 'NONE',  ( 1.832739060806250597, 1.482250792451576649, 0.7010000000000000675 ) ) ;
#1554 = STYLED_ITEM ( 'NONE', ( #5220 ), #11780 ) ;
#1555 = CARTESIAN_POINT ( 'NONE',  ( 1.960878826413513298, 1.075414314955142503, 0.7010000000000000675 ) ) ;
#1556 = FILL_AREA_STYLE_COLOUR ( '', #4487 ) ;
#1557 = COLOUR_RGB ( '',1.000000000000000000, 1.000000000000000000, 1.000000000000000000 ) ;
#1558 = CARTESIAN_POINT ( 'NONE',  ( 1.955596856198538624, 1.058695007660964693, 0.7010000000000000675 ) ) ;
#1559 = LINE ( 'NONE', #5345, #4317 ) ;
#1560 = LINE ( 'NONE', #5406, #5753 ) ;
#1561 = CARTESIAN_POINT ( 'NONE',  ( 1.530417649220071841, 1.060875693806251796, 0.7010000000000000675 ) ) ;
#1562 = UNCERTAINTY_MEASURE_WITH_UNIT (LENGTH_MEASURE( 1.000000000000000082E-05 ), #4155, 'distance_accuracy_value', 'NONE');
#1563 = ORIENTED_EDGE ( 'NONE', *, *, #8693, .F. ) ;
#1564 = AXIS2_PLACEMENT_3D ( 'NONE', #9784, #8799, #5763 ) ;
#1565 = DIRECTION ( 'NONE',  ( 0.0000000000000000000, 0.0000000000000000000, 1.000000000000000000 ) ) ;
#1566 = LINE ( 'NONE', #7472, #1643 ) ;
#1567 = ADVANCED_FACE ( 'NONE', ( #8683 ), #10459, .F. ) ;
#1569 = CARTESIAN_POINT ( 'NONE',  ( 2.137013817437611873, 1.024923670538664844, 0.6999999999999999556 ) ) ;
#1568 = COLOUR_RGB ( '',1.000000000000000000, 1.000000000000000000, 1.000000000000000000 ) ;
#1570 = EDGE_CURVE ( 'NONE', #7231, #9266, #3814, .T. ) ;
#1571 = EDGE_CURVE ( 'NONE', #9776, #10730, #4796, .T. ) ;
#1572 = CARTESIAN_POINT ( 'NONE',  ( 1.245847391702179952, 1.509710076526220135, 0.7010000000000000675 ) ) ;
#1573 = CARTESIAN_POINT ( 'NONE',  ( 2.118214994310397614, 1.100701227479988109, 0.6999999999999999556 ) ) ;
#1574 = UNCERTAINTY_MEASURE_WITH_UNIT (LENGTH_MEASURE( 1.000000000000000082E-05 ), #4306, 'distance_accuracy_value', 'NONE');
#1575 = FILL_AREA_STYLE ('',( #12092 ) ) ;
#1576 = CARTESIAN_POINT ( 'NONE',  ( 1.832739060806250597, 1.134722106501922845, 0.6999999999999999556 ) ) ;
#1577 =( NAMED_UNIT ( * ) PLANE_ANGLE_UNIT ( ) SI_UNIT ( $, .RADIAN. ) );
#1578 = AXIS2_PLACEMENT_3D ( 'NONE', #9761, #3890, #9818 ) ;
#1579 = SURFACE_STYLE_FILL_AREA ( #2744 ) ;
#1580 = UNCERTAINTY_MEASURE_WITH_UNIT (LENGTH_MEASURE( 1.000000000000000082E-05 ), #4047, 'distance_accuracy_value', 'NONE');
#1581 = ORIENTED_EDGE ( 'NONE', *, *, #3962, .F. ) ;
#1582 = ORIENTED_EDGE ( 'NONE', *, *, #3650, .T. ) ;
#1583 = ADVANCED_FACE ( 'NONE', ( #2999 ), #5595, .F. ) ;
#1584 = SURFACE_SIDE_STYLE ('',( #10123 ) ) ;
#1585 = STYLED_ITEM ( 'NONE', ( #10892 ), #11185 ) ;
#1586 = SURFACE_SIDE_STYLE ('',( #634 ) ) ;
#1587 = CARTESIAN_POINT ( 'NONE',  ( 2.079577590140282872, 1.463535149958128612, 0.7010000000000000675 ) ) ;
#1588 = FACE_OUTER_BOUND ( 'NONE', #5139, .T. ) ;
#1589 =( NAMED_UNIT ( * ) SI_UNIT ( $, .STERADIAN. ) SOLID_ANGLE_UNIT ( ) );
#1590 = COLOUR_RGB ( '',1.000000000000000000, 1.000000000000000000, 1.000000000000000000 ) ;
#1591 = STYLED_ITEM ( 'NONE', ( #11134 ), #8831 ) ;
#1592 = CARTESIAN_POINT ( 'NONE',  ( 2.221566931192634264, 1.319549473706508769, 0.7010000000000000675 ) ) ;
#1593 = ORIENTED_EDGE ( 'NONE', *, *, #639, .T. ) ;
#1594 = CARTESIAN_POINT ( 'NONE',  ( 2.045639891751560580, 1.127901294570894830, 0.7010000000000000675 ) ) ;
#1595 = FILL_AREA_STYLE ('',( #1005 ) ) ;
#1596 = ORIENTED_EDGE ( 'NONE', *, *, #9040, .T. ) ;
#1597 = B_SPLINE_SURFACE_WITH_KNOTS ( 'NONE', 3, 1, ( 
 ( #11949, #3801 ),
 ( #6502, #2002 ),
 ( #4652, #5758 ),
 ( #8547, #9599 ) ),
 .UNSPECIFIED., .F., .F., .F.,
 ( 4, 4 ),
 ( 2, 2 ),
 ( 5.000000000000000000, 6.000000000000000000 ),
 ( 0.0000000000000000000, 1.000000000000000000 ),
 .UNSPECIFIED. ) ;
#1598 = ORIENTED_EDGE ( 'NONE', *, *, #7561, .F. ) ;
#1599 = PRESENTATION_STYLE_ASSIGNMENT (( #8080 ) ) ;
#1600 = EDGE_CURVE ( 'NONE', #6018, #8025, #2927, .T. ) ;
#1601 =( NAMED_UNIT ( * ) PLANE_ANGLE_UNIT ( ) SI_UNIT ( $, .RADIAN. ) );
#1602 = ORIENTED_EDGE ( 'NONE', *, *, #11868, .T. ) ;
#1603 = DIRECTION ( 'NONE',  ( -0.0000000000000000000, 0.0000000000000000000, -1.000000000000000000 ) ) ;
#1604 =( LENGTH_UNIT ( ) NAMED_UNIT ( * ) SI_UNIT ( .MILLI., .METRE. ) );
#1605 = B_SPLINE_CURVE_WITH_KNOTS ( 'NONE', 3,
 ( #419, #6250, #4245, #5347 ),
 .UNSPECIFIED., .F., .F.,
 ( 4, 4 ),
 ( 5.000000000000000000, 6.000000000000000000 ),
 .UNSPECIFIED. ) ;
#1606 = CARTESIAN_POINT ( 'NONE',  ( 0.9890400503509301222, 1.118715180629586525, 0.6999999999999999556 ) ) ;
#1607 = B_SPLINE_CURVE_WITH_KNOTS ( 'NONE', 3,
 ( #518, #2410, #10877, #8970 ),
 .UNSPECIFIED., .F., .F.,
 ( 4, 4 ),
 ( 5.000000000000000000, 6.000000000000000000 ),
 .UNSPECIFIED. ) ;
#1608 = ORIENTED_EDGE ( 'NONE', *, *, #8334, .T. ) ;
#1609 = SURFACE_SIDE_STYLE ('',( #6233 ) ) ;
#1610 = FILL_AREA_STYLE ('',( #9226 ) ) ;
#1611 = VECTOR ( 'NONE', #4801, 1000.000000000000000 ) ;
#1612 = CARTESIAN_POINT ( 'NONE',  ( 0.0000000000000000000, 0.0000000000000000000, 0.0000000000000000000 ) ) ;
#1613 = ORIENTED_EDGE ( 'NONE', *, *, #551, .T. ) ;
#1614 = FACE_OUTER_BOUND ( 'NONE', #10057, .T. ) ;
#1615 = CARTESIAN_POINT ( 'NONE',  ( 2.097295065034097572, 1.080571514219744733, 0.7010000000000000675 ) ) ;
#1616 =( NAMED_UNIT ( * ) PLANE_ANGLE_UNIT ( ) SI_UNIT ( $, .RADIAN. ) );
#1617 = LINE ( 'NONE', #3619, #2238 ) ;
#1618 =( GEOMETRIC_REPRESENTATION_CONTEXT ( 3 ) GLOBAL_UNCERTAINTY_ASSIGNED_CONTEXT ( ( #2165 ) ) GLOBAL_UNIT_ASSIGNED_CONTEXT ( ( #4536, #12011, #3503 ) ) REPRESENTATION_CONTEXT ( 'NONE', 'WORKASPACE' ) );
#1619 = SURFACE_SIDE_STYLE ('',( #12072 ) ) ;
#1620 = CARTESIAN_POINT ( 'NONE',  ( 0.9404548836258183053, 1.198533645968347106, 0.7010000000000000675 ) ) ;
#1621 = CARTESIAN_POINT ( 'NONE',  ( 1.190321493177406875, 1.345445995451615806, 0.6999999999999999556 ) ) ;
#1622 = STYLED_ITEM ( 'NONE', ( #6840 ), #5085 ) ;
#1623 = PLANE ( 'NONE',  #8182 ) ;
#1624 =( LENGTH_UNIT ( ) NAMED_UNIT ( * ) SI_UNIT ( .MILLI., .METRE. ) );
#1625 = PRESENTATION_STYLE_ASSIGNMENT (( #7280 ) ) ;
#1626 = ORIENTED_EDGE ( 'NONE', *, *, #9940, .F. ) ;
#1627 = LINE ( 'NONE', #6255, #7804 ) ;
#1628 = FILL_AREA_STYLE ('',( #8295 ) ) ;
#1629 = AXIS2_PLACEMENT_3D ( 'NONE', #449, #10810, #6043 ) ;
#1630 = CARTESIAN_POINT ( 'NONE',  ( 1.970111876710422649, 1.180305093553438711, 0.7010000000000000675 ) ) ;
#1631 = LINE ( 'NONE', #11108, #6461 ) ;
#1632 = EDGE_CURVE ( 'NONE', #1519, #493, #7544, .T. ) ;
#1633 =( NAMED_UNIT ( * ) SI_UNIT ( $, .STERADIAN. ) SOLID_ANGLE_UNIT ( ) );
#1634 = VECTOR ( 'NONE', #9540, 1000.000000000000000 ) ;
#1635 = COLOUR_RGB ( '',1.000000000000000000, 1.000000000000000000, 1.000000000000000000 ) ;
#1636 = SURFACE_SIDE_STYLE ('',( #1505 ) ) ;
#1637 = CARTESIAN_POINT ( 'NONE',  ( 1.904191224815638073, 1.397822449646370480, 0.7010000000000000675 ) ) ;
#1638 = EDGE_CURVE ( 'NONE', #4743, #9516, #973, .T. ) ;
#1639 = VECTOR ( 'NONE', #5288, 1000.000000000000000 ) ;
#1640 = B_SPLINE_CURVE_WITH_KNOTS ( 'NONE', 3,
 ( #8227, #7271, #10097, #3502 ),
 .UNSPECIFIED., .F., .F.,
 ( 4, 4 ),
 ( 34.00000000000000000, 35.00000000000000000 ),
 .UNSPECIFIED. ) ;
#1641 = FILL_AREA_STYLE_COLOUR ( '', #6576 ) ;
#1642 = ORIENTED_EDGE ( 'NONE', *, *, #7659, .F. ) ;
#1643 = VECTOR ( 'NONE', #4357, 1000.000000000000000 ) ;
#1644 = VERTEX_POINT ( 'NONE', #1056 ) ;
#1645 = DIRECTION ( 'NONE',  ( 0.0000000000000000000, 0.0000000000000000000, 1.000000000000000000 ) ) ;
#1646 = FACE_OUTER_BOUND ( 'NONE', #7467, .T. ) ;
#1647 = MECHANICAL_DESIGN_GEOMETRIC_PRESENTATION_REPRESENTATION (  '', ( #4029 ), #8636 ) ;
#1648 = SURFACE_STYLE_USAGE ( .BOTH. , #1586 ) ;
#1649 = FACE_OUTER_BOUND ( 'NONE', #2295, .T. ) ;
#1650 = SURFACE_STYLE_USAGE ( .BOTH. , #8456 ) ;
#1651 = UNCERTAINTY_MEASURE_WITH_UNIT (LENGTH_MEASURE( 1.000000000000000082E-05 ), #12299, 'distance_accuracy_value', 'NONE');
#1652 = CARTESIAN_POINT ( 'NONE',  ( 2.070718852693380629, 1.112512877409197243, 0.7010000000000000675 ) ) ;
#1653 = ORIENTED_EDGE ( 'NONE', *, *, #6649, .T. ) ;
#1654 = MECHANICAL_DESIGN_GEOMETRIC_PRESENTATION_REPRESENTATION (  '', ( #3036 ), #1860 ) ;
#1655 = ADVANCED_FACE ( 'NONE', ( #4106 ), #6127, .F. ) ;
#1656 = EDGE_CURVE ( 'NONE', #5207, #2903, #10828, .T. ) ;
#1657 = CARTESIAN_POINT ( 'NONE',  ( 1.941622509803084151, 1.176728326320945150, 0.6999999999999999556 ) ) ;
#1658 = EDGE_CURVE ( 'NONE', #7300, #12174, #7666, .T. ) ;
#1659 = UNCERTAINTY_MEASURE_WITH_UNIT (LENGTH_MEASURE( 1.000000000000000082E-05 ), #7583, 'distance_accuracy_value', 'NONE');
#1660 = ORIENTED_EDGE ( 'NONE', *, *, #6570, .F. ) ;
#1661 = MECHANICAL_DESIGN_GEOMETRIC_PRESENTATION_REPRESENTATION (  '', ( #5806 ), #5226 ) ;
#1662 = DIRECTION ( 'NONE',  ( -0.8863488427958623461, -0.4630180653866927676, 0.0000000000000000000 ) ) ;
#1663 = ORIENTED_EDGE ( 'NONE', *, *, #5055, .F. ) ;
#1664 = CARTESIAN_POINT ( 'NONE',  ( 1.570905289995409904, 1.064346054190355106, 0.7010000000000000675 ) ) ;
#1665 =( LENGTH_UNIT ( ) NAMED_UNIT ( * ) SI_UNIT ( .MILLI., .METRE. ) );
#1666 =( NAMED_UNIT ( * ) SI_UNIT ( $, .STERADIAN. ) SOLID_ANGLE_UNIT ( ) );
#1667 = ORIENTED_EDGE ( 'NONE', *, *, #6819, .F. ) ;
#1668 = CARTESIAN_POINT ( 'NONE',  ( 1.942204774236117260, 1.352655365762020612, 0.7010000000000000675 ) ) ;
#1669 = CARTESIAN_POINT ( 'NONE',  ( 2.284742622188141059, 1.460707008425642162, 0.7010000000000000675 ) ) ;
#1670 = CARTESIAN_POINT ( 'NONE',  ( 0.9578067296721536339, 1.153418828595335066, 0.6999999999999999556 ) ) ;
#1671 = COLOUR_RGB ( '',1.000000000000000000, 1.000000000000000000, 1.000000000000000000 ) ;
#1672 = FILL_AREA_STYLE_COLOUR ( '', #1145 ) ;
#1673 = ORIENTED_EDGE ( 'NONE', *, *, #10631, .F. ) ;
#1674 = ADVANCED_FACE ( 'NONE', ( #9794 ), #5158, .F. ) ;
#1675 = DIRECTION ( 'NONE',  ( 0.0000000000000000000, 0.0000000000000000000, 1.000000000000000000 ) ) ;
#1676 = EDGE_LOOP ( 'NONE', ( #12142, #6979, #2665, #5189 ) ) ;
#1677 = PLANE ( 'NONE',  #497 ) ;
#1678 = CARTESIAN_POINT ( 'NONE',  ( 1.832739060806250597, 1.205425644811862096, 0.7010000000000000675 ) ) ;
#1679 = EDGE_LOOP ( 'NONE', ( #10344, #10203, #7651, #10512 ) ) ;
#1680 = PRESENTATION_STYLE_ASSIGNMENT (( #10218 ) ) ;
#1681 = CARTESIAN_POINT ( 'NONE',  ( 1.987455038754229797, 1.484995753350852210, 0.7010000000000000675 ) ) ;
#1682 = DIRECTION ( 'NONE',  ( 1.000000000000000000, 0.0000000000000000000, -0.0000000000000000000 ) ) ;
#1683 = ORIENTED_EDGE ( 'NONE', *, *, #10028, .F. ) ;
#1684 = SURFACE_SIDE_STYLE ('',( #11089 ) ) ;
#1685 = CARTESIAN_POINT ( 'NONE',  ( 1.563964569228308843, 1.374365672672346106, 0.7010000000000000675 ) ) ;
#1686 = CARTESIAN_POINT ( 'NONE',  ( 2.061652163662894388, 1.177227410121318707, 0.7010000000000000675 ) ) ;
#1687 = ORIENTED_EDGE ( 'NONE', *, *, #551, .F. ) ;
#1688 = CARTESIAN_POINT ( 'NONE',  ( 2.052918197165804592, 1.171072043255974915, 0.6999999999999999556 ) ) ;
#1689 = CARTESIAN_POINT ( 'NONE',  ( 2.097295065034097572, 1.095544028215391208, 0.6999999999999999556 ) ) ;
#1690 = VERTEX_POINT ( 'NONE', #7027 ) ;
#1691 =( NAMED_UNIT ( * ) SI_UNIT ( $, .STERADIAN. ) SOLID_ANGLE_UNIT ( ) );
#1692 = CARTESIAN_POINT ( 'NONE',  ( 1.957302059181020404, 1.130479894203750169, 0.6999999999999999556 ) ) ;
#1693 = FILL_AREA_STYLE_COLOUR ( '', #7700 ) ;
#1694 = CARTESIAN_POINT ( 'NONE',  ( 1.977223820857683556, 1.078575179020469621, 0.6999999999999999556 ) ) ;
#1695 = CARTESIAN_POINT ( 'NONE',  ( 2.668454883625423602, 1.061439968560242475, 0.6999999999999999556 ) ) ;
#1696 = CARTESIAN_POINT ( 'NONE',  ( 1.926234092641942786, 1.399070159146746706, 0.6999999999999999556 ) ) ;
#1697 = LINE ( 'NONE', #5475, #4443 ) ;
#1698 = VECTOR ( 'NONE', #576, 1000.000000000000114 ) ;
#1699 = EDGE_CURVE ( 'NONE', #11428, #9270, #1367, .T. ) ;
#1700 = UNCERTAINTY_MEASURE_WITH_UNIT (LENGTH_MEASURE( 1.000000000000000082E-05 ), #8123, 'distance_accuracy_value', 'NONE');
#1701 = CARTESIAN_POINT ( 'NONE',  ( 2.165461594027785264, 1.040561629599990656, 0.7010000000000000675 ) ) ;
#1702 = VERTEX_POINT ( 'NONE', #408 ) ;
#1703 = VERTEX_POINT ( 'NONE', #4232 ) ;
#1704 = SURFACE_STYLE_FILL_AREA ( #10243 ) ;
#1705 = EDGE_CURVE ( 'NONE', #4927, #778, #3299, .T. ) ;
#1706 = CARTESIAN_POINT ( 'NONE',  ( 1.551239899778543929, 1.409069364765016985, 0.6999999999999999556 ) ) ;
#1707 = VECTOR ( 'NONE', #3986, 1000.000000000000000 ) ;
#1708 = CARTESIAN_POINT ( 'NONE',  ( 1.941248196953083260, 1.105442523578539671, 0.7010000000000000675 ) ) ;
#1709 = FILL_AREA_STYLE ('',( #8511 ) ) ;
#1710 = STYLED_ITEM ( 'NONE', ( #1833 ), #7105 ) ;
#1711 = SURFACE_STYLE_FILL_AREA ( #12222 ) ;
#1712 = SURFACE_SIDE_STYLE ('',( #689 ) ) ;
#1713 = EDGE_LOOP ( 'NONE', ( #383, #5538, #5959, #2011, #3837, #3080 ) ) ;
#1714 = PLANE ( 'NONE',  #956 ) ;
#1715 = ORIENTED_EDGE ( 'NONE', *, *, #466, .F. ) ;
#1716 =( GEOMETRIC_REPRESENTATION_CONTEXT ( 3 ) GLOBAL_UNCERTAINTY_ASSIGNED_CONTEXT ( ( #11984 ) ) GLOBAL_UNIT_ASSIGNED_CONTEXT ( ( #2723, #2975, #3853 ) ) REPRESENTATION_CONTEXT ( 'NONE', 'WORKASPACE' ) );
#1717 = VECTOR ( 'NONE', #8357, 1000.000000000000000 ) ;
#1718 =( LENGTH_UNIT ( ) NAMED_UNIT ( * ) SI_UNIT ( .MILLI., .METRE. ) );
#1719 = ORIENTED_EDGE ( 'NONE', *, *, #5515, .T. ) ;
#1720 = ORIENTED_EDGE ( 'NONE', *, *, #2340, .F. ) ;
#1721 = CARTESIAN_POINT ( 'NONE',  ( 1.629901548903732955, 1.353543466240797466, 0.6999999999999999556 ) ) ;
#1722 = CARTESIAN_POINT ( 'NONE',  ( 1.570905289995409904, 1.064346054190355106, 0.6999999999999999556 ) ) ;
#1723 = CARTESIAN_POINT ( 'NONE',  ( 1.428620161237295516, 1.096736157986126337, 0.6999999999999999556 ) ) ;
#1724 = CARTESIAN_POINT ( 'NONE',  ( 1.100000000000001643, 1.700000000000000844, -0.1000000000000000056 ) ) ;
#1725 = ADVANCED_FACE ( 'NONE', ( #10642 ), #1484, .T. ) ;
#1726 = ORIENTED_EDGE ( 'NONE', *, *, #4082, .F. ) ;
#1727 = EDGE_CURVE ( 'NONE', #10585, #315, #1617, .T. ) ;
#1728 = CARTESIAN_POINT ( 'NONE',  ( 1.943327712786121042, 1.447980371530009025, 0.7010000000000000675 ) ) ;
#1729 = CARTESIAN_POINT ( 'NONE',  ( 1.897536774151580063, 1.338098754933535917, 0.7010000000000000675 ) ) ;
#1730 = MECHANICAL_DESIGN_GEOMETRIC_PRESENTATION_REPRESENTATION (  '', ( #9489 ), #4104 ) ;
#1731 = PRESENTATION_LAYER_ASSIGNMENT (  '', '', ( #113 ) ) ;
#1732 = CARTESIAN_POINT ( 'NONE',  ( 2.058574480230774828, 1.319549473706508769, 0.7010000000000000675 ) ) ;
#1733 = EDGE_LOOP ( 'NONE', ( #8550, #3957, #7124, #4408 ) ) ;
#1734 = VECTOR ( 'NONE', #5308, 1000.000000000000000 ) ;
#1735 = CARTESIAN_POINT ( 'NONE',  ( 2.104157467281735805, 1.178641480887006043, 0.7010000000000000675 ) ) ;
#1736 = MECHANICAL_DESIGN_GEOMETRIC_PRESENTATION_REPRESENTATION (  '', ( #11288 ), #9299 ) ;
#1737 = FACE_BOUND ( 'NONE', #10986, .T. ) ;
#1738 = VERTEX_POINT ( 'NONE', #8418 ) ;
#1739 =( NAMED_UNIT ( * ) SI_UNIT ( $, .STERADIAN. ) SOLID_ANGLE_UNIT ( ) );
#1740 = CARTESIAN_POINT ( 'NONE',  ( 2.425317892474804449, 1.061439968560242697, 0.7010000000000000675 ) ) ;
#1741 = VERTEX_POINT ( 'NONE', #9165 ) ;
#1742 = B_SPLINE_CURVE_WITH_KNOTS ( 'NONE', 3,
 ( #11540, #3004, #6967, #6781 ),
 .UNSPECIFIED., .F., .F.,
 ( 4, 4 ),
 ( 5.000000000000000000, 6.000000000000000000 ),
 .UNSPECIFIED. ) ;
#1743 = STYLED_ITEM ( 'NONE', ( #10838 ), #4064 ) ;
#1744 = DIRECTION ( 'NONE',  ( -0.0000000000000000000, 0.0000000000000000000, -1.000000000000000000 ) ) ;
#1745 = MECHANICAL_DESIGN_GEOMETRIC_PRESENTATION_REPRESENTATION (  '', ( #10883 ), #11862 ) ;
#1746 = SURFACE_STYLE_FILL_AREA ( #10219 ) ;
#1747 = EDGE_CURVE ( 'NONE', #2260, #1916, #7268, .T. ) ;
#1748 = CARTESIAN_POINT ( 'NONE',  ( -2.741205712499112934, -1.613201107017512959, 0.5999999999999999778 ) ) ;
#1749 = CLOSED_SHELL ( 'NONE', ( #2481, #9419, #275, #542, #5003, #8181, #6164, #1725 ) ) ;
#1750 = DIRECTION ( 'NONE',  ( 0.0000000000000000000, 0.0000000000000000000, -1.000000000000000000 ) ) ;
#1751 = ORIENTED_EDGE ( 'NONE', *, *, #1112, .T. ) ;
#1752 = SURFACE_STYLE_USAGE ( .BOTH. , #8616 ) ;
#1753 = DIRECTION ( 'NONE',  ( -0.0000000000000000000, -0.0000000000000000000, -1.000000000000000000 ) ) ;
#1754 = VECTOR ( 'NONE', #10027, 1000.000000000000000 ) ;
#1755 = FILL_AREA_STYLE_COLOUR ( '', #10962 ) ;
#1756 = VERTEX_POINT ( 'NONE', #11086 ) ;
#1757 = CARTESIAN_POINT ( 'NONE',  ( 2.062359199045738389, 1.139879305766525297, 0.7010000000000000675 ) ) ;
#1758 = VECTOR ( 'NONE', #5206, 1000.000000000000000 ) ;
#1759 = VECTOR ( 'NONE', #6953, 1000.000000000000000 ) ;
#1760 = CARTESIAN_POINT ( 'NONE',  ( 2.464703922344361864, 1.319549473706508769, 0.7010000000000000675 ) ) ;
#1761 = CARTESIAN_POINT ( 'NONE',  ( 2.144583255068088334, 1.024175044838656401, 0.6999999999999999556 ) ) ;
#1762 = EDGE_CURVE ( 'NONE', #5833, #5305, #1551, .T. ) ;
#1763 = PRESENTATION_LAYER_ASSIGNMENT (  '', '', ( #7111 ) ) ;
#1764 = SURFACE_SIDE_STYLE ('',( #803 ) ) ;
#1765 = SURFACE_SIDE_STYLE ('',( #4667 ) ) ;
#1766 = B_SPLINE_CURVE_WITH_KNOTS ( 'NONE', 3,
 ( #2373, #8998, #6138, #11028 ),
 .UNSPECIFIED., .F., .F.,
 ( 4, 4 ),
 ( 9.000000000000000000, 10.00000000000000000 ),
 .UNSPECIFIED. ) ;
#1767 = CARTESIAN_POINT ( 'NONE',  ( 2.065312111528040617, 1.137300706134778405, 0.6999999999999999556 ) ) ;
#1768 = LINE ( 'NONE', #9123, #3983 ) ;
#1769 = CARTESIAN_POINT ( 'NONE',  ( 2.392212000418183937, 1.456048892960305707, 0.6999999999999999556 ) ) ;
#1770 = CARTESIAN_POINT ( 'NONE',  ( 2.488493583469202353, 1.084231462085445408, 0.6999999999999999556 ) ) ;
#1771 =( LENGTH_UNIT ( ) NAMED_UNIT ( * ) SI_UNIT ( .MILLI., .METRE. ) );
#1772 = MECHANICAL_DESIGN_GEOMETRIC_PRESENTATION_REPRESENTATION (  '', ( #5336 ), #1972 ) ;
#1773 = CARTESIAN_POINT ( 'NONE',  ( 1.501497905808405031, 1.465752062954798651, 0.6999999999999999556 ) ) ;
#1774 = ORIENTED_EDGE ( 'NONE', *, *, #4991, .T. ) ;
#1775 = VERTEX_POINT ( 'NONE', #9099 ) ;
#1776 = CARTESIAN_POINT ( 'NONE',  ( 2.079577590140282872, 1.392831611648191581, 0.7010000000000000675 ) ) ;
#1777 = CARTESIAN_POINT ( 'NONE',  ( 2.460856818053801742, 1.218765738877699567, 0.7010000000000000675 ) ) ;
#1778 = DIRECTION ( 'NONE',  ( 0.3416038306902455246, -0.9398440417738199715, 0.0000000000000000000 ) ) ;
#1779 =( NAMED_UNIT ( * ) PLANE_ANGLE_UNIT ( ) SI_UNIT ( $, .RADIAN. ) );
#1780 = CARTESIAN_POINT ( 'NONE',  ( 1.998102159817380485, 1.180305093553438711, 0.7010000000000000675 ) ) ;
#1781 =( GEOMETRIC_REPRESENTATION_CONTEXT ( 3 ) GLOBAL_UNCERTAINTY_ASSIGNED_CONTEXT ( ( #2973 ) ) GLOBAL_UNIT_ASSIGNED_CONTEXT ( ( #5703, #3865, #9543 ) ) REPRESENTATION_CONTEXT ( 'NONE', 'WORKASPACE' ) );
#1782 = PRESENTATION_STYLE_ASSIGNMENT (( #1650 ) ) ;
#1783 = DIRECTION ( 'NONE',  ( -0.0000000000000000000, -0.0000000000000000000, -1.000000000000000000 ) ) ;
#1784 =( GEOMETRIC_REPRESENTATION_CONTEXT ( 3 ) GLOBAL_UNCERTAINTY_ASSIGNED_CONTEXT ( ( #1574 ) ) GLOBAL_UNIT_ASSIGNED_CONTEXT ( ( #4306, #9190, #5115 ) ) REPRESENTATION_CONTEXT ( 'NONE', 'WORKASPACE' ) );
#1785 = UNCERTAINTY_MEASURE_WITH_UNIT (LENGTH_MEASURE( 1.000000000000000082E-05 ), #8601, 'distance_accuracy_value', 'NONE');
#1786 = EDGE_LOOP ( 'NONE', ( #6604, #834, #11880, #1653 ) ) ;
#1787 =( NAMED_UNIT ( * ) PLANE_ANGLE_UNIT ( ) SI_UNIT ( $, .RADIAN. ) );
#1788 = EDGE_LOOP ( 'NONE', ( #2989, #10386, #11368, #4709 ) ) ;
#1789 = ORIENTED_EDGE ( 'NONE', *, *, #5429, .F. ) ;
#1790 = ORIENTED_EDGE ( 'NONE', *, *, #4446, .T. ) ;
#1791 = PRESENTATION_LAYER_ASSIGNMENT (  '', '', ( #5729 ) ) ;
#1792 = CARTESIAN_POINT ( 'NONE',  ( 1.677329954575310644, 1.292233596970450593, 0.7010000000000000675 ) ) ;
#1793 =( LENGTH_UNIT ( ) NAMED_UNIT ( * ) SI_UNIT ( .MILLI., .METRE. ) );
#1794 = FILL_AREA_STYLE ('',( #10201 ) ) ;
#1795 = ORIENTED_EDGE ( 'NONE', *, *, #691, .T. ) ;
#1796 = CARTESIAN_POINT ( 'NONE',  ( 2.039858837736773456, 1.156598613060702885, 0.7010000000000000675 ) ) ;
#1797 = STYLED_ITEM ( 'NONE', ( #10780 ), #8877 ) ;
#1798 = CARTESIAN_POINT ( 'NONE',  ( 2.301087616632872201, 1.446316758863579466, 0.7010000000000000675 ) ) ;
#1799 = EDGE_CURVE ( 'NONE', #2982, #1519, #5338, .T. ) ;
#1800 = FILL_AREA_STYLE ('',( #1672 ) ) ;
#1801 = ORIENTED_EDGE ( 'NONE', *, *, #2114, .F. ) ;
#1802 = DIRECTION ( 'NONE',  ( 0.0000000000000000000, 0.0000000000000000000, -1.000000000000000000 ) ) ;
#1803 = LINE ( 'NONE', #8474, #6658 ) ;
#1804 = ORIENTED_EDGE ( 'NONE', *, *, #10235, .F. ) ;
#1805 = SURFACE_SIDE_STYLE ('',( #10333 ) ) ;
#1806 = EDGE_CURVE ( 'NONE', #10020, #6151, #12008, .T. ) ;
#1807 = STYLED_ITEM ( 'NONE', ( #8303 ), #10197 ) ;
#1808 = VECTOR ( 'NONE', #3310, 999.9999999999998863 ) ;
#1809 = DIRECTION ( 'NONE',  ( -0.0000000000000000000, -0.0000000000000000000, -1.000000000000000000 ) ) ;
#1810 = ORIENTED_EDGE ( 'NONE', *, *, #1094, .F. ) ;
#1811 = PLANE ( 'NONE',  #7006 ) ;
#1812 = PRESENTATION_STYLE_ASSIGNMENT (( #8482 ) ) ;
#1813 =( NAMED_UNIT ( * ) PLANE_ANGLE_UNIT ( ) SI_UNIT ( $, .RADIAN. ) );
#1814 = B_SPLINE_SURFACE_WITH_KNOTS ( 'NONE', 3, 1, ( 
 ( #3818, #4611 ),
 ( #8442, #2020 ),
 ( #9619, #2867 ),
 ( #8630, #7547 ) ),
 .UNSPECIFIED., .F., .F., .F.,
 ( 4, 4 ),
 ( 2, 2 ),
 ( 3.000000000000000000, 4.000000000000000000 ),
 ( 0.0000000000000000000, 1.000000000000000000 ),
 .UNSPECIFIED. ) ;
#1815 = STYLED_ITEM ( 'NONE', ( #10818 ), #9049 ) ;
#1816 = VERTEX_POINT ( 'NONE', #2550 ) ;
#1817 = CARTESIAN_POINT ( 'NONE',  ( 1.606765754174732441, 1.221669440697902953, 0.7010000000000000675 ) ) ;
#1818 = B_SPLINE_CURVE_WITH_KNOTS ( 'NONE', 3,
 ( #5426, #1706, #7302, #9131 ),
 .UNSPECIFIED., .F., .F.,
 ( 4, 4 ),
 ( 0.0000000000000000000, 1.000000000000000000 ),
 .UNSPECIFIED. ) ;
#1819 = CARTESIAN_POINT ( 'NONE',  ( 1.980966949356598450, 1.316804512807233207, 0.6999999999999999556 ) ) ;
#1820 = FILL_AREA_STYLE ('',( #6566 ) ) ;
#1821 = CARTESIAN_POINT ( 'NONE',  ( 2.072382465359252635, 1.180305093553438711, 0.6999999999999999556 ) ) ;
#1822 = EDGE_LOOP ( 'NONE', ( #2856, #4455, #11558, #2507 ) ) ;
#1823 = FILL_AREA_STYLE_COLOUR ( '', #7307 ) ;
#1824 = CARTESIAN_POINT ( 'NONE',  ( 1.928729511641029903, 1.067844877324111152, 0.7010000000000000675 ) ) ;
#1825 = EDGE_CURVE ( 'NONE', #9571, #5454, #8280, .T. ) ;
#1826 = VECTOR ( 'NONE', #6628, 1000.000000000000000 ) ;
#1827 = AXIS2_PLACEMENT_3D ( 'NONE', #9926, #8301, #6390 ) ;
#1828 =( LENGTH_UNIT ( ) NAMED_UNIT ( * ) SI_UNIT ( .MILLI., .METRE. ) );
#1829 = CARTESIAN_POINT ( 'NONE',  ( -0.3999999999999985789, 1.700000000000000622, -0.1000000000000000056 ) ) ;
#1830 = CARTESIAN_POINT ( 'NONE',  ( 1.428620161237295516, 1.096736157986126337, 0.6999999999999999556 ) ) ;
#1831 =( GEOMETRIC_REPRESENTATION_CONTEXT ( 3 ) GLOBAL_UNCERTAINTY_ASSIGNED_CONTEXT ( ( #9063 ) ) GLOBAL_UNIT_ASSIGNED_CONTEXT ( ( #9411, #1616, #3731 ) ) REPRESENTATION_CONTEXT ( 'NONE', 'WORKASPACE' ) );
#1832 = LINE ( 'NONE', #8498, #8744 ) ;
#1833 = PRESENTATION_STYLE_ASSIGNMENT (( #7616 ) ) ;
#1834 = B_SPLINE_CURVE_WITH_KNOTS ( 'NONE', 3,
 ( #11843, #3141, #9060, #3203 ),
 .UNSPECIFIED., .F., .F.,
 ( 4, 4 ),
 ( 2.000000000000000000, 3.000000000000000000 ),
 .UNSPECIFIED. ) ;
#1835 = CARTESIAN_POINT ( 'NONE',  ( 1.832739060806250597, 1.205425644811862096, 0.6999999999999999556 ) ) ;
#1836 = EDGE_CURVE ( 'NONE', #2071, #2916, #664, .T. ) ;
#1837 = SURFACE_STYLE_USAGE ( .BOTH. , #878 ) ;
#1838 = VECTOR ( 'NONE', #10198, 1000.000000000000000 ) ;
#1839 = PLANE ( 'NONE',  #9997 ) ;
#1840 = ORIENTED_EDGE ( 'NONE', *, *, #9369, .F. ) ;
#1841 = ORIENTED_EDGE ( 'NONE', *, *, #9732, .T. ) ;
#1842 = CARTESIAN_POINT ( 'NONE',  ( 2.390797929652491050, 1.461455634125646164, 0.6999999999999999556 ) ) ;
#1843 = VECTOR ( 'NONE', #5992, 1000.000000000000000 ) ;
#1844 = STYLED_ITEM ( 'NONE', ( #10354 ), #1583 ) ;
#1845 = CARTESIAN_POINT ( 'NONE',  ( 2.247893601633720539, 1.482250792451576649, 0.7010000000000000675 ) ) ;
#1846 = DIRECTION ( 'NONE',  ( -0.0000000000000000000, -0.0000000000000000000, -1.000000000000000000 ) ) ;
#1847 = PRESENTATION_STYLE_ASSIGNMENT (( #2820 ) ) ;
#1848 = CARTESIAN_POINT ( 'NONE',  ( 1.013332672324957384, 1.247118867853497681, 0.7010000000000000675 ) ) ;
#1849 = PRESENTATION_LAYER_ASSIGNMENT (  '', '', ( #5974 ) ) ;
#1850 = PRESENTATION_STYLE_ASSIGNMENT (( #12226 ) ) ;
#1851 = ORIENTED_EDGE ( 'NONE', *, *, #1632, .T. ) ;
#1852 = LINE ( 'NONE', #5796, #10380 ) ;
#1853 = EDGE_LOOP ( 'NONE', ( #4553, #5381, #11352, #521 ) ) ;
#1854 = VERTEX_POINT ( 'NONE', #8159 ) ;
#1855 = B_SPLINE_CURVE_WITH_KNOTS ( 'NONE', 3,
 ( #2738, #8486, #9422, #11697 ),
 .UNSPECIFIED., .F., .F.,
 ( 4, 4 ),
 ( 0.0000000000000000000, 1.000000000000000000 ),
 .UNSPECIFIED. ) ;
#1856 = STYLED_ITEM ( 'NONE', ( #3298 ), #6118 ) ;
#1857 = LINE ( 'NONE', #5498, #2076 ) ;
#1858 = ORIENTED_EDGE ( 'NONE', *, *, #6951, .T. ) ;
#1859 = CARTESIAN_POINT ( 'NONE',  ( 2.044225820985318354, 1.164833495758527349, 0.7010000000000000675 ) ) ;
#1860 =( GEOMETRIC_REPRESENTATION_CONTEXT ( 3 ) GLOBAL_UNCERTAINTY_ASSIGNED_CONTEXT ( ( #3224 ) ) GLOBAL_UNIT_ASSIGNED_CONTEXT ( ( #6501, #12329, #11032 ) ) REPRESENTATION_CONTEXT ( 'NONE', 'WORKASPACE' ) );
#1861 = DIRECTION ( 'NONE',  ( -0.0000000000000000000, 1.000000000000000000, -0.0000000000000000000 ) ) ;
#1862 = LINE ( 'NONE', #8659, #2852 ) ;
#1863 = ORIENTED_EDGE ( 'NONE', *, *, #9040, .F. ) ;
#1864 = AXIS2_PLACEMENT_3D ( 'NONE', #6481, #2591, #5436 ) ;
#1865 = UNCERTAINTY_MEASURE_WITH_UNIT (LENGTH_MEASURE( 1.000000000000000082E-05 ), #504, 'distance_accuracy_value', 'NONE');
#1866 =( NAMED_UNIT ( * ) PLANE_ANGLE_UNIT ( ) SI_UNIT ( $, .RADIAN. ) );
#1867 = PLANE ( 'NONE',  #1310 ) ;
#1868 = ORIENTED_EDGE ( 'NONE', *, *, #4472, .F. ) ;
#1869 = SURFACE_SIDE_STYLE ('',( #4775 ) ) ;
#1870 = DIRECTION ( 'NONE',  ( -0.0000000000000000000, -0.0000000000000000000, -1.000000000000000000 ) ) ;
#1871 = UNCERTAINTY_MEASURE_WITH_UNIT (LENGTH_MEASURE( 1.000000000000000082E-05 ), #2455, 'distance_accuracy_value', 'NONE');
#1872 = ADVANCED_FACE ( 'NONE', ( #2615 ), #1597, .F. ) ;
#1873 = ORIENTED_EDGE ( 'NONE', *, *, #8039, .F. ) ;
#1874 =( NAMED_UNIT ( * ) SI_UNIT ( $, .STERADIAN. ) SOLID_ANGLE_UNIT ( ) );
#1875 = SURFACE_STYLE_FILL_AREA ( #92 ) ;
#1876 = EDGE_CURVE ( 'NONE', #11015, #6484, #5578, .T. ) ;
#1877 = ORIENTED_EDGE ( 'NONE', *, *, #3498, .F. ) ;
#1878 = CARTESIAN_POINT ( 'NONE',  ( 1.984003042472108458, 1.335520155300681466, 0.7010000000000000675 ) ) ;
#1879 = CARTESIAN_POINT ( 'NONE',  ( 1.939002319854179923, 1.324207589171845667, 0.6999999999999999556 ) ) ;
#1880 = SURFACE_SIDE_STYLE ('',( #5588 ) ) ;
#1881 = SURFACE_STYLE_FILL_AREA ( #8426 ) ;
#1882 = EDGE_LOOP ( 'NONE', ( #4264, #10447, #7744, #198 ) ) ;
#1883 = SURFACE_SIDE_STYLE ('',( #12342 ) ) ;
#1884 = DIRECTION ( 'NONE',  ( 0.0000000000000000000, 0.0000000000000000000, 1.000000000000000000 ) ) ;
#1885 = CARTESIAN_POINT ( 'NONE',  ( 1.205359750925734996, 1.480790331735134302, 0.6999999999999999556 ) ) ;
#1886 = SURFACE_SIDE_STYLE ('',( #933 ) ) ;
#1887 =( NAMED_UNIT ( * ) PLANE_ANGLE_UNIT ( ) SI_UNIT ( $, .RADIAN. ) );
#1888 = ADVANCED_FACE ( 'NONE', ( #7592 ), #8610, .F. ) ;
#1889 = FILL_AREA_STYLE_COLOUR ( '', #345 ) ;
#1890 = EDGE_CURVE ( 'NONE', #6151, #12128, #2731, .T. ) ;
#1891 = CARTESIAN_POINT ( 'NONE',  ( 2.545264365699737130, 1.061439968560242475, 0.6999999999999999556 ) ) ;
#1892 = PRESENTATION_STYLE_ASSIGNMENT (( #8443 ) ) ;
#1893 = CARTESIAN_POINT ( 'NONE',  ( 2.094134200968770010, 1.163752147525683123, 0.6999999999999999556 ) ) ;
#1894 = FACE_OUTER_BOUND ( 'NONE', #8340, .T. ) ;
#1895 = DIRECTION ( 'NONE',  ( -0.3897582650654596859, -0.9209172030172760870, -0.0000000000000000000 ) ) ;
#1896 = DIRECTION ( 'NONE',  ( -0.0000000000000000000, -0.0000000000000000000, -1.000000000000000000 ) ) ;
#1897 = PRESENTATION_STYLE_ASSIGNMENT (( #1837 ) ) ;
#1898 =( NAMED_UNIT ( * ) SI_UNIT ( $, .STERADIAN. ) SOLID_ANGLE_UNIT ( ) );
#1899 = EDGE_LOOP ( 'NONE', ( #8615, #7261, #1667, #2829 ) ) ;
#1900 = DIRECTION ( 'NONE',  ( -0.9398440417738200825, -0.3416038306902455801, 0.0000000000000000000 ) ) ;
#1901 = ADVANCED_FACE ( 'NONE', ( #2909 ), #5632, .F. ) ;
#1902 = CARTESIAN_POINT ( 'NONE',  ( 1.428620161237295516, 1.116401548203548089, 0.7010000000000000675 ) ) ;
#1903 = MECHANICAL_DESIGN_GEOMETRIC_PRESENTATION_REPRESENTATION (  '', ( #5458 ), #4474 ) ;
#1904 = PLANE ( 'NONE',  #10869 ) ;
#1905 =( NAMED_UNIT ( * ) SI_UNIT ( $, .STERADIAN. ) SOLID_ANGLE_UNIT ( ) );
#1906 = ORIENTED_EDGE ( 'NONE', *, *, #11998, .F. ) ;
#1907 = DIRECTION ( 'NONE',  ( -1.000000000000000000, 0.0000000000000000000, 0.0000000000000000000 ) ) ;
#1908 = ORIENTED_EDGE ( 'NONE', *, *, #4296, .T. ) ;
#1909 = B_SPLINE_SURFACE_WITH_KNOTS ( 'NONE', 3, 1, ( 
 ( #2798, #2125 ),
 ( #11811, #161 ),
 ( #3984, #3291 ),
 ( #10888, #276 ) ),
 .UNSPECIFIED., .F., .F., .F.,
 ( 4, 4 ),
 ( 2, 2 ),
 ( 34.00000000000000000, 35.00000000000000000 ),
 ( 0.0000000000000000000, 1.000000000000000000 ),
 .UNSPECIFIED. ) ;
#1910 = ORIENTED_EDGE ( 'NONE', *, *, #6486, .T. ) ;
#1911 = CARTESIAN_POINT ( 'NONE',  ( 1.563964569228308843, 1.374365672672346106, 0.6999999999999999556 ) ) ;
#1913 = DIRECTION ( 'NONE',  ( -1.000000000000000000, 0.0000000000000000000, 0.0000000000000000000 ) ) ;
#1912 = STYLED_ITEM ( 'NONE', ( #2871 ), #8043 ) ;
#1914 = SURFACE_SIDE_STYLE ('',( #8654 ) ) ;
#1915 = PRESENTATION_LAYER_ASSIGNMENT (  '', '', ( #6042 ) ) ;
#1916 = VERTEX_POINT ( 'NONE', #10626 ) ;
#1917 = FILL_AREA_STYLE_COLOUR ( '', #3715 ) ;
#1918 =( NAMED_UNIT ( * ) SI_UNIT ( $, .STERADIAN. ) SOLID_ANGLE_UNIT ( ) );
#1919 = CARTESIAN_POINT ( 'NONE',  ( 1.928729511641029903, 1.067844877324111152, 0.6999999999999999556 ) ) ;
#1920 = FILL_AREA_STYLE ('',( #12242 ) ) ;
#1921 = ORIENTED_EDGE ( 'NONE', *, *, #6790, .F. ) ;
#1922 = CARTESIAN_POINT ( 'NONE',  ( 2.079577590140282872, 1.338098754933535917, 0.7010000000000000675 ) ) ;
#1923 = B_SPLINE_CURVE_WITH_KNOTS ( 'NONE', 3,
 ( #2558, #1757, #10101, #8363 ),
 .UNSPECIFIED., .F., .F.,
 ( 4, 4 ),
 ( 13.00000000000000000, 14.00000000000000000 ),
 .UNSPECIFIED. ) ;
#1924 = LINE ( 'NONE', #80, #4331 ) ;
#1925 = LINE ( 'NONE', #976, #10079 ) ;
#1926 = ORIENTED_EDGE ( 'NONE', *, *, #2416, .F. ) ;
#1927 = LINE ( 'NONE', #10570, #5287 ) ;
#1928 = SURFACE_SIDE_STYLE ('',( #1162 ) ) ;
#1929 = EDGE_LOOP ( 'NONE', ( #8705, #11137, #4195, #9660 ) ) ;
#1930 = DIRECTION ( 'NONE',  ( 0.0000000000000000000, -1.000000000000000000, 0.0000000000000000000 ) ) ;
#1931 = ORIENTED_EDGE ( 'NONE', *, *, #10321, .F. ) ;
#1932 = FILL_AREA_STYLE ('',( #12330 ) ) ;
#1933 = STYLED_ITEM ( 'NONE', ( #5922 ), #4692 ) ;
#1934 = AXIS2_PLACEMENT_3D ( 'NONE', #9255, #4556, #819 ) ;
#1935 = CARTESIAN_POINT ( 'NONE',  ( 1.214614059991950157, 1.144164519529113244, 0.6999999999999999556 ) ) ;
#1936 = ORIENTED_EDGE ( 'NONE', *, *, #3564, .T. ) ;
#1937 =( LENGTH_UNIT ( ) NAMED_UNIT ( * ) SI_UNIT ( .MILLI., .METRE. ) );
#1938 = CARTESIAN_POINT ( 'NONE',  ( 2.012118096529444955, 1.136219357900824400, 0.7010000000000000675 ) ) ;
#1939 = CARTESIAN_POINT ( 'NONE',  ( 1.191478265262949865, 0.9845275888515911955, 0.6999999999999999556 ) ) ;
#1940 = SURFACE_STYLE_USAGE ( .BOTH. , #12339 ) ;
#1941 = ORIENTED_EDGE ( 'NONE', *, *, #11495, .F. ) ;
#1942 = PRESENTATION_LAYER_ASSIGNMENT (  '', '', ( #3533 ) ) ;
#1943 = COLOUR_RGB ( '',1.000000000000000000, 1.000000000000000000, 1.000000000000000000 ) ;
#1944 = CARTESIAN_POINT ( 'NONE',  ( 2.184468368738579080, 1.080737875486165844, 0.6999999999999999556 ) ) ;
#1945 = EDGE_CURVE ( 'NONE', #8665, #10252, #7833, .T. ) ;
#1946 = MECHANICAL_DESIGN_GEOMETRIC_PRESENTATION_REPRESENTATION (  '', ( #312 ), #524 ) ;
#1947 = SURFACE_SIDE_STYLE ('',( #4914 ) ) ;
#1948 = CARTESIAN_POINT ( 'NONE',  ( 2.284742622188141059, 1.342340967231710813, 0.7010000000000000675 ) ) ;
#1949 = AXIS2_PLACEMENT_3D ( 'NONE', #4983, #236, #8815 ) ;
#1950 = MECHANICAL_DESIGN_GEOMETRIC_PRESENTATION_REPRESENTATION (  '', ( #3341 ), #10490 ) ;
#1951 =( LENGTH_UNIT ( ) NAMED_UNIT ( * ) SI_UNIT ( .MILLI., .METRE. ) );
#1952 = FACE_OUTER_BOUND ( 'NONE', #7837, .T. ) ;
#1953 = PRESENTATION_LAYER_ASSIGNMENT (  '', '', ( #11099 ) ) ;
#1954 = CARTESIAN_POINT ( 'NONE',  ( 2.012118096529444955, 1.061439968560242475, 0.6999999999999999556 ) ) ;
#1955 = DIRECTION ( 'NONE',  ( -0.0000000000000000000, -0.0000000000000000000, -1.000000000000000000 ) ) ;
#1956 = COLOUR_RGB ( '',1.000000000000000000, 1.000000000000000000, 1.000000000000000000 ) ;
#1957 = SURFACE_STYLE_FILL_AREA ( #4864 ) ;
#1958 = SURFACE_STYLE_FILL_AREA ( #3537 ) ;
#1959 = CARTESIAN_POINT ( 'NONE',  ( -3.249999999999998668, -2.000000000000000000, 0.6999999999999999556 ) ) ;
#1960 = ADVANCED_FACE ( 'NONE', ( #1224 ), #6942, .F. ) ;
#1961 = PRESENTATION_LAYER_ASSIGNMENT (  '', '', ( #8528 ) ) ;
#1962 = EDGE_CURVE ( 'NONE', #568, #1084, #8104, .T. ) ;
#1963 = MECHANICAL_DESIGN_GEOMETRIC_PRESENTATION_REPRESENTATION (  '', ( #11688 ), #5116 ) ;
#1964 = CARTESIAN_POINT ( 'NONE',  ( 1.941622509803084151, 1.176728326320945150, 0.6999999999999999556 ) ) ;
#1965 = EDGE_LOOP ( 'NONE', ( #3969, #6284, #668, #517, #7624, #6167, #3356, #2450 ) ) ;
#1967 = CARTESIAN_POINT ( 'NONE',  ( 2.283328551422453057, 1.153354568362160437, 0.7010000000000000675 ) ) ;
#1966 = VECTOR ( 'NONE', #9733, 1000.000000000000000 ) ;
#1968 = CARTESIAN_POINT ( 'NONE',  ( 2.012118096529444511, 1.165665302091744238, 0.6999999999999999556 ) ) ;
#1969 = CARTESIAN_POINT ( 'NONE',  ( 1.065388210465627150, 1.362797841499060025, 0.7010000000000000675 ) ) ;
#1970 = CARTESIAN_POINT ( 'NONE',  ( 1.939418223020783927, 1.094213138081801873, 0.6999999999999999556 ) ) ;
#1971 =( NAMED_UNIT ( * ) SI_UNIT ( $, .STERADIAN. ) SOLID_ANGLE_UNIT ( ) );
#1972 =( GEOMETRIC_REPRESENTATION_CONTEXT ( 3 ) GLOBAL_UNCERTAINTY_ASSIGNED_CONTEXT ( ( #9762 ) ) GLOBAL_UNIT_ASSIGNED_CONTEXT ( ( #5967, #2270, #8704 ) ) REPRESENTATION_CONTEXT ( 'NONE', 'WORKASPACE' ) );
#1973 = CARTESIAN_POINT ( 'NONE',  ( 2.092054685135732228, 1.102115298245675667, 0.7010000000000000675 ) ) ;
#1974 = ORIENTED_EDGE ( 'NONE', *, *, #5237, .F. ) ;
#1975 = ADVANCED_FACE ( 'NONE', ( #10754 ), #154, .F. ) ;
#1976 = SURFACE_STYLE_USAGE ( .BOTH. , #3022 ) ;
#1977 = ORIENTED_EDGE ( 'NONE', *, *, #8745, .F. ) ;
#1978 = ADVANCED_FACE ( 'NONE', ( #10879 ), #10049, .F. ) ;
#1979 = VERTEX_POINT ( 'NONE', #5438 ) ;
#1980 = CARTESIAN_POINT ( 'NONE',  ( 1.832739060806250597, 1.153354568362160437, 0.7010000000000000675 ) ) ;
#1981 = SURFACE_STYLE_FILL_AREA ( #6810 ) ;
#1982 = VECTOR ( 'NONE', #10965, 1000.000000000000000 ) ;
#1983 = ORIENTED_EDGE ( 'NONE', *, *, #5055, .T. ) ;
#1984 = CARTESIAN_POINT ( 'NONE',  ( 1.968198722144361756, 1.163752147525683123, 0.6999999999999999556 ) ) ;
#1985 = CARTESIAN_POINT ( 'NONE',  ( 1.278237517561414460, 1.177711483665941472, 0.6999999999999999556 ) ) ;
#1986 =( NAMED_UNIT ( * ) PLANE_ANGLE_UNIT ( ) SI_UNIT ( $, .RADIAN. ) );
#1987 = CARTESIAN_POINT ( 'NONE',  ( 2.309280909012984662, 1.402979648912079158, 0.7010000000000000675 ) ) ;
#1988 = SURFACE_STYLE_USAGE ( .BOTH. , #2897 ) ;
#1989 = VERTEX_POINT ( 'NONE', #9268 ) ;
#1990 = DIRECTION ( 'NONE',  ( -0.0000000000000000000, -0.0000000000000000000, -1.000000000000000000 ) ) ;
#1991 =( LENGTH_UNIT ( ) NAMED_UNIT ( * ) SI_UNIT ( .MILLI., .METRE. ) );
#1992 =( NAMED_UNIT ( * ) PLANE_ANGLE_UNIT ( ) SI_UNIT ( $, .RADIAN. ) );
#1993 = ORIENTED_EDGE ( 'NONE', *, *, #7916, .F. ) ;
#1994 = FILL_AREA_STYLE_COLOUR ( '', #2315 ) ;
#1995 = MECHANICAL_DESIGN_GEOMETRIC_PRESENTATION_REPRESENTATION (  '', ( #7339 ), #8149 ) ;
#1996 = EDGE_CURVE ( 'NONE', #7761, #4101, #11140, .T. ) ;
#1997 = FACE_OUTER_BOUND ( 'NONE', #9532, .T. ) ;
#1998 = UNCERTAINTY_MEASURE_WITH_UNIT (LENGTH_MEASURE( 1.000000000000000082E-05 ), #455, 'distance_accuracy_value', 'NONE');
#1999 = ORIENTED_EDGE ( 'NONE', *, *, #9269, .F. ) ;
#2000 = ORIENTED_EDGE ( 'NONE', *, *, #9636, .F. ) ;
#2001 = CARTESIAN_POINT ( 'NONE',  ( 2.146080506467544780, 1.338098754933535917, 0.6999999999999999556 ) ) ;
#2002 = CARTESIAN_POINT ( 'NONE',  ( 2.247311337200140091, 1.319549473706508769, 0.6999999999999999556 ) ) ;
#2003 = CARTESIAN_POINT ( 'NONE',  ( 1.955596856198538624, 1.058695007660964693, 0.7010000000000000675 ) ) ;
#2004 = DIRECTION ( 'NONE',  ( -0.0000000000000000000, -0.0000000000000000000, -1.000000000000000000 ) ) ;
#2005 = CARTESIAN_POINT ( 'NONE',  ( 2.426149698806906230, 1.205425644811862096, 0.6999999999999999556 ) ) ;
#2006 = ORIENTED_EDGE ( 'NONE', *, *, #5489, .F. ) ;
#2007 = CARTESIAN_POINT ( 'NONE',  ( 1.606765754174732441, 1.174241057089788320, 0.6999999999999999556 ) ) ;
#2008 = LINE ( 'NONE', #5766, #297 ) ;
#2009 = LINE ( 'NONE', #12196, #2406 ) ;
#2010 = COLOUR_RGB ( '',1.000000000000000000, 1.000000000000000000, 1.000000000000000000 ) ;
#2011 = ORIENTED_EDGE ( 'NONE', *, *, #4991, .F. ) ;
#2012 = SURFACE_STYLE_USAGE ( .BOTH. , #9736 ) ;
#2013 = CARTESIAN_POINT ( 'NONE',  ( 2.473562659791269436, 1.096958098981078544, 0.7010000000000000675 ) ) ;
#2014 = SURFACE_SIDE_STYLE ('',( #1113 ) ) ;
#2015 = CARTESIAN_POINT ( 'NONE',  ( 2.380566711756506137, 1.061439968560242475, 0.7010000000000000675 ) ) ;
#2016 = VECTOR ( 'NONE', #2899, 1000.000000000000000 ) ;
#2017 = PRESENTATION_LAYER_ASSIGNMENT (  '', '', ( #1815 ) ) ;
#2018 = CARTESIAN_POINT ( 'NONE',  ( 1.469107802013187136, 1.197376895947374287, 0.7010000000000000675 ) ) ;
#2019 = FACE_OUTER_BOUND ( 'NONE', #8351, .T. ) ;
#2020 = CARTESIAN_POINT ( 'NONE',  ( 1.912010204346297870, 1.445069049364312130, 0.6999999999999999556 ) ) ;
#2021 = CARTESIAN_POINT ( 'NONE',  ( 1.939418223020783927, 1.100534866213565888, 0.6999999999999999556 ) ) ;
#2022 = EDGE_LOOP ( 'NONE', ( #7021, #8202, #3035, #8332 ) ) ;
#2023 = DIRECTION ( 'NONE',  ( 0.0000000000000000000, 0.0000000000000000000, 1.000000000000000000 ) ) ;
#2024 = CARTESIAN_POINT ( 'NONE',  ( 1.941372967903455704, 1.084148281452231632, 0.7010000000000000675 ) ) ;
#2025 = PRESENTATION_STYLE_ASSIGNMENT (( #10717 ) ) ;
#2026 = VECTOR ( 'NONE', #11421, 1000.000000000000000 ) ;
#2027 = DIRECTION ( 'NONE',  ( -0.0000000000000000000, -0.0000000000000000000, -1.000000000000000000 ) ) ;
#2028 = MECHANICAL_DESIGN_GEOMETRIC_PRESENTATION_REPRESENTATION (  '', ( #3202 ), #7365 ) ;
#2029 = ORIENTED_EDGE ( 'NONE', *, *, #12216, .F. ) ;
#2030 = SURFACE_STYLE_USAGE ( .BOTH. , #4988 ) ;
#2031 = PRESENTATION_LAYER_ASSIGNMENT (  '', '', ( #10756 ) ) ;
#2032 = ADVANCED_FACE ( 'NONE', ( #8263 ), #3280, .F. ) ;
#2033 = CARTESIAN_POINT ( 'NONE',  ( 2.268397627743416578, 1.475097257987704857, 0.7010000000000000675 ) ) ;
#2034 = LINE ( 'NONE', #4871, #8722 ) ;
#2035 = FACE_OUTER_BOUND ( 'NONE', #2217, .T. ) ;
#2036 = EDGE_CURVE ( 'NONE', #4, #659, #8142, .T. ) ;
#2037 = LINE ( 'NONE', #7431, #8902 ) ;
#2038 = VECTOR ( 'NONE', #7543, 1000.000000000000000 ) ;
#2039 = DIRECTION ( 'NONE',  ( -0.3559357243698775819, -0.9345104387417458858, -0.0000000000000000000 ) ) ;
#2040 = ORIENTED_EDGE ( 'NONE', *, *, #3333, .T. ) ;
#2041 = DIRECTION ( 'NONE',  ( -0.0000000000000000000, -0.0000000000000000000, -1.000000000000000000 ) ) ;
#2042 = ORIENTED_EDGE ( 'NONE', *, *, #6882, .T. ) ;
#2043 = CARTESIAN_POINT ( 'NONE',  ( 1.926234092641942786, 1.419532594939834746, 0.6999999999999999556 ) ) ;
#2044 = CARTESIAN_POINT ( 'NONE',  ( 2.061277850812887724, 1.075331134321934945, 0.6999999999999999556 ) ) ;
#2045 = VERTEX_POINT ( 'NONE', #9030 ) ;
#2046 = LINE ( 'NONE', #9401, #7292 ) ;
#2047 = EDGE_CURVE ( 'NONE', #274, #10332, #11934, .T. ) ;
#2048 = CARTESIAN_POINT ( 'NONE',  ( 1.127854851821517679, 1.432205159494573943, 0.7010000000000000675 ) ) ;
#2049 = VERTEX_POINT ( 'NONE', #4329 ) ;
#2050 = EDGE_CURVE ( 'NONE', #6864, #66, #3417, .T. ) ;
#2051 = STYLED_ITEM ( 'NONE', ( #12311 ), #2481 ) ;
#2052 = CARTESIAN_POINT ( 'NONE',  ( 0.9601203096969869177, 1.341975568876573766, 0.7010000000000000675 ) ) ;
#2053 = CARTESIAN_POINT ( 'NONE',  ( 2.071259526809804186, 1.058695007660964693, 0.7010000000000000675 ) ) ;
#2054 = ORIENTED_EDGE ( 'NONE', *, *, #8729, .F. ) ;
#2055 = DIRECTION ( 'NONE',  ( 0.0000000000000000000, -1.000000000000000000, 0.0000000000000000000 ) ) ;
#2056 = VECTOR ( 'NONE', #960, 1000.000000000000000 ) ;
#2057 = ORIENTED_EDGE ( 'NONE', *, *, #11815, .F. ) ;
#2058 =( LENGTH_UNIT ( ) NAMED_UNIT ( * ) SI_UNIT ( .MILLI., .METRE. ) );
#2059 = VERTEX_POINT ( 'NONE', #5500 ) ;
#2060 = CARTESIAN_POINT ( 'NONE',  ( 2.490947412151131246, 1.164583953858899124, 0.6999999999999999556 ) ) ;
#2061 =( LENGTH_UNIT ( ) NAMED_UNIT ( * ) SI_UNIT ( .MILLI., .METRE. ) );
#2062 = MECHANICAL_DESIGN_GEOMETRIC_PRESENTATION_REPRESENTATION (  '', ( #11776 ), #3047 ) ;
#2063 = FACE_OUTER_BOUND ( 'NONE', #1110, .T. ) ;
#2064 = EDGE_CURVE ( 'NONE', #3344, #6940, #4569, .T. ) ;
#2065 = CARTESIAN_POINT ( 'NONE',  ( 1.501497905808405031, 1.465752062954798651, 0.7010000000000000675 ) ) ;
#2066 = ORIENTED_EDGE ( 'NONE', *, *, #5309, .T. ) ;
#2067 = PRESENTATION_STYLE_ASSIGNMENT (( #8977 ) ) ;
#2068 = PRESENTATION_STYLE_ASSIGNMENT (( #9020 ) ) ;
#2069 = DIRECTION ( 'NONE',  ( 1.000000000000000000, 0.0000000000000000000, 0.0000000000000000000 ) ) ;
#2070 = LINE ( 'NONE', #3924, #10071 ) ;
#2071 = VERTEX_POINT ( 'NONE', #1724 ) ;
#2072 = MECHANICAL_DESIGN_GEOMETRIC_PRESENTATION_REPRESENTATION (  '', ( #11218 ), #9211 ) ;
#2073 = FILL_AREA_STYLE_COLOUR ( '', #127 ) ;
#2074 = CARTESIAN_POINT ( 'NONE',  ( 2.309280909012984662, 1.402979648912079158, 0.7010000000000000675 ) ) ;
#2075 = DIRECTION ( 'NONE',  ( -0.0000000000000000000, -0.0000000000000000000, -1.000000000000000000 ) ) ;
#2076 = VECTOR ( 'NONE', #8327, 1000.000000000000000 ) ;
#2077 = FILL_AREA_STYLE ('',( #8560 ) ) ;
#2078 = SURFACE_STYLE_FILL_AREA ( #11537 ) ;
#2079 = FACE_OUTER_BOUND ( 'NONE', #4695, .T. ) ;
#2080 = FILL_AREA_STYLE_COLOUR ( '', #10326 ) ;
#2081 = MECHANICAL_DESIGN_GEOMETRIC_PRESENTATION_REPRESENTATION (  '', ( #9436 ), #10636 ) ;
#2082 = VERTEX_POINT ( 'NONE', #9337 ) ;
#2083 = LINE ( 'NONE', #5835, #6643 ) ;
#2084 = B_SPLINE_CURVE_WITH_KNOTS ( 'NONE', 3,
 ( #2188, #5942, #9789, #2725 ),
 .UNSPECIFIED., .F., .F.,
 ( 4, 4 ),
 ( 11.00000000000000000, 12.00000000000000000 ),
 .UNSPECIFIED. ) ;
#2085 = CARTESIAN_POINT ( 'NONE',  ( 2.341513404418675393, 1.153354568362160437, 0.6999999999999999556 ) ) ;
#2086 = SURFACE_STYLE_USAGE ( .BOTH. , #6975 ) ;
#2087 = UNCERTAINTY_MEASURE_WITH_UNIT (LENGTH_MEASURE( 1.000000000000000082E-05 ), #2576, 'distance_accuracy_value', 'NONE');
#2088 = SURFACE_SIDE_STYLE ('',( #468 ) ) ;
#2089 = ORIENTED_EDGE ( 'NONE', *, *, #10643, .F. ) ;
#2090 = FACE_OUTER_BOUND ( 'NONE', #4699, .T. ) ;
#2091 =( NAMED_UNIT ( * ) SI_UNIT ( $, .STERADIAN. ) SOLID_ANGLE_UNIT ( ) );
#2092 = DIRECTION ( 'NONE',  ( -0.0000000000000000000, -0.0000000000000000000, -1.000000000000000000 ) ) ;
#2093 = FILL_AREA_STYLE ('',( #10486 ) ) ;
#2094 = CARTESIAN_POINT ( 'NONE',  ( 1.166028882235386144, 1.053934884783088721, 0.6999999999999999556 ) ) ;
#2095 = DIRECTION ( 'NONE',  ( -1.000000000000000000, -0.0000000000000000000, -0.0000000000000000000 ) ) ;
#2096 = UNCERTAINTY_MEASURE_WITH_UNIT (LENGTH_MEASURE( 1.000000000000000082E-05 ), #7331, 'distance_accuracy_value', 'NONE');
#2097 = EDGE_CURVE ( 'NONE', #5630, #5496, #7283, .T. ) ;
#2098 = ORIENTED_EDGE ( 'NONE', *, *, #9304, .T. ) ;
#2099 = FILL_AREA_STYLE ('',( #4072 ) ) ;
#2100 = CARTESIAN_POINT ( 'NONE',  ( 1.991738841369566249, 1.135304370935510176, 0.7010000000000000675 ) ) ;
#2101 = VERTEX_POINT ( 'NONE', #2746 ) ;
#2102 = DIRECTION ( 'NONE',  ( 0.0000000000000000000, -1.000000000000000000, 0.0000000000000000000 ) ) ;
#2103 = CARTESIAN_POINT ( 'NONE',  ( 1.127854851821517679, 1.432205159494573943, 0.7010000000000000675 ) ) ;
#2104 = DIRECTION ( 'NONE',  ( 0.0000000000000000000, -0.0000000000000000000, -1.000000000000000000 ) ) ;
#2105 = ORIENTED_EDGE ( 'NONE', *, *, #9253, .T. ) ;
#2106 = CARTESIAN_POINT ( 'NONE',  ( 1.190321471113391594, 1.053934884783088721, 0.7010000000000000675 ) ) ;
#2107 = EDGE_LOOP ( 'NONE', ( #10181, #9421, #11506, #682 ) ) ;
#2108 = STYLED_ITEM ( 'NONE', ( #1892 ), #7140 ) ;
#2109 = CARTESIAN_POINT ( 'NONE',  ( 1.471421346183718004, 1.131439850079904774, 0.7010000000000000675 ) ) ;
#2110 = EDGE_CURVE ( 'NONE', #7540, #11527, #2562, .T. ) ;
#2111 = VERTEX_POINT ( 'NONE', #12084 ) ;
#2112 = PLANE ( 'NONE',  #11412 ) ;
#2113 = ORIENTED_EDGE ( 'NONE', *, *, #11474, .F. ) ;
#2114 = EDGE_CURVE ( 'NONE', #11388, #6053, #1627, .T. ) ;
#2115 = PRESENTATION_STYLE_ASSIGNMENT (( #10448 ) ) ;
#2116 = CARTESIAN_POINT ( 'NONE',  ( 1.014489422345931313, 1.090952209302905818, 0.7010000000000000675 ) ) ;
#2117 = EDGE_LOOP ( 'NONE', ( #11395, #2123, #7424, #4196 ) ) ;
#2118 = FILL_AREA_STYLE_COLOUR ( '', #1956 ) ;
#2119 = B_SPLINE_SURFACE_WITH_KNOTS ( 'NONE', 3, 1, ( 
 ( #4080, #11791 ),
 ( #1458, #10008 ),
 ( #7058, #7000 ),
 ( #10866, #8897 ) ),
 .UNSPECIFIED., .F., .F., .F.,
 ( 4, 4 ),
 ( 2, 2 ),
 ( 20.00000000000000000, 21.00000000000000000 ),
 ( 0.0000000000000000000, 1.000000000000000000 ),
 .UNSPECIFIED. ) ;
#2120 = CARTESIAN_POINT ( 'NONE',  ( 2.097295065034097572, 1.091052274016473422, 0.7010000000000000675 ) ) ;
#2121 = COLOUR_RGB ( '',1.000000000000000000, 1.000000000000000000, 1.000000000000000000 ) ;
#2122 = LINE ( 'NONE', #7967, #3573 ) ;
#2123 = ORIENTED_EDGE ( 'NONE', *, *, #7110, .F. ) ;
#2124 = PLANE ( 'NONE',  #12125 ) ;
#2125 = CARTESIAN_POINT ( 'NONE',  ( 1.635685497585844583, 1.112931231947474675, 0.6999999999999999556 ) ) ;
#2126 = CARTESIAN_POINT ( 'NONE',  ( 2.490947412151131246, 1.164583953858899124, 0.6999999999999999556 ) ) ;
#2127 = ORIENTED_EDGE ( 'NONE', *, *, #8056, .F. ) ;
#2128 = PRESENTATION_STYLE_ASSIGNMENT (( #4791 ) ) ;
#2129 = LINE ( 'NONE', #10456, #5185 ) ;
#2130 = VECTOR ( 'NONE', #850, 1000.000000000000000 ) ;
#2131 = EDGE_CURVE ( 'NONE', #8961, #9381, #8433, .T. ) ;
#2132 = AXIS2_PLACEMENT_3D ( 'NONE', #8072, #5313, #2585 ) ;
#2133 =( GEOMETRIC_REPRESENTATION_CONTEXT ( 3 ) GLOBAL_UNCERTAINTY_ASSIGNED_CONTEXT ( ( #434 ) ) GLOBAL_UNIT_ASSIGNED_CONTEXT ( ( #9594, #6753, #8724 ) ) REPRESENTATION_CONTEXT ( 'NONE', 'WORKASPACE' ) );
#2134 = PRESENTATION_STYLE_ASSIGNMENT (( #3001 ) ) ;
#2135 =( NAMED_UNIT ( * ) PLANE_ANGLE_UNIT ( ) SI_UNIT ( $, .RADIAN. ) );
#2136 = CARTESIAN_POINT ( 'NONE',  ( 1.433247337833865043, 1.258686765217720938, 0.7010000000000000675 ) ) ;
#2137 = LINE ( 'NONE', #11590, #9760 ) ;
#2138 =( NAMED_UNIT ( * ) PLANE_ANGLE_UNIT ( ) SI_UNIT ( $, .RADIAN. ) );
#2139 = COLOUR_RGB ( '',1.000000000000000000, 1.000000000000000000, 1.000000000000000000 ) ;
#2140 = FILL_AREA_STYLE ('',( #7093 ) ) ;
#2141 = CARTESIAN_POINT ( 'NONE',  ( 1.930101992090114349, 1.149694620496459763, 0.7010000000000000675 ) ) ;
#2142 = FACE_OUTER_BOUND ( 'NONE', #2661, .T. ) ;
#2143 = CARTESIAN_POINT ( 'NONE',  ( 1.832739060806250597, 1.482250792451576649, 0.6999999999999999556 ) ) ;
#2144 = COLOUR_RGB ( '',1.000000000000000000, 1.000000000000000000, 1.000000000000000000 ) ;
#2145 = EDGE_CURVE ( 'NONE', #9347, #69, #10129, .T. ) ;
#2146 = ORIENTED_EDGE ( 'NONE', *, *, #1114, .T. ) ;
#2147 = AXIS2_PLACEMENT_3D ( 'NONE', #7988, #479, #3309 ) ;
#2148 = MECHANICAL_DESIGN_GEOMETRIC_PRESENTATION_REPRESENTATION (  '', ( #10485 ), #3738 ) ;
#2149 = CARTESIAN_POINT ( 'NONE',  ( 2.668454883625423602, 1.061439968560242475, 0.6999999999999999556 ) ) ;
#2150 = PRESENTATION_STYLE_ASSIGNMENT (( #7807 ) ) ;
#2151 = FILL_AREA_STYLE_COLOUR ( '', #3511 ) ;
#2152 = MECHANICAL_DESIGN_GEOMETRIC_PRESENTATION_REPRESENTATION (  '', ( #10302 ), #10687 ) ;
#2153 = PRESENTATION_LAYER_ASSIGNMENT (  '', '', ( #4318 ) ) ;
#2154 = VECTOR ( 'NONE', #6359, 1000.000000000000000 ) ;
#2155 = PRESENTATION_LAYER_ASSIGNMENT (  '', '', ( #7520 ) ) ;
#2156 = LINE ( 'NONE', #435, #11970 ) ;
#2157 = ORIENTED_EDGE ( 'NONE', *, *, #3191, .T. ) ;
#2158 = ORIENTED_EDGE ( 'NONE', *, *, #10480, .T. ) ;
#2159 = LINE ( 'NONE', #134, #5312 ) ;
#2160 = LINE ( 'NONE', #372, #5215 ) ;
#2161 = VERTEX_POINT ( 'NONE', #12201 ) ;
#2162 = FILL_AREA_STYLE_COLOUR ( '', #2939 ) ;
#2163 = LINE ( 'NONE', #11611, #516 ) ;
#2164 = PRESENTATION_LAYER_ASSIGNMENT (  '', '', ( #12088 ) ) ;
#2165 = UNCERTAINTY_MEASURE_WITH_UNIT (LENGTH_MEASURE( 1.000000000000000082E-05 ), #4536, 'distance_accuracy_value', 'NONE');
#2166 = CARTESIAN_POINT ( 'NONE',  ( 1.570905289995409904, 1.134910210464008307, 0.6999999999999999556 ) ) ;
#2167 = ORIENTED_EDGE ( 'NONE', *, *, #12161, .T. ) ;
#2168 = FILL_AREA_STYLE_COLOUR ( '', #1568 ) ;
#2169 = EDGE_LOOP ( 'NONE', ( #444, #747, #9969, #6379 ) ) ;
#2170 = PRESENTATION_LAYER_ASSIGNMENT (  '', '', ( #8756 ) ) ;
#2171 = ORIENTED_EDGE ( 'NONE', *, *, #4507, .T. ) ;
#2172 =( GEOMETRIC_REPRESENTATION_CONTEXT ( 3 ) GLOBAL_UNCERTAINTY_ASSIGNED_CONTEXT ( ( #4875 ) ) GLOBAL_UNIT_ASSIGNED_CONTEXT ( ( #8783, #10618, #384 ) ) REPRESENTATION_CONTEXT ( 'NONE', 'WORKASPACE' ) );
#2173 = DIRECTION ( 'NONE',  ( -0.0000000000000000000, 1.000000000000000000, -0.0000000000000000000 ) ) ;
#2174 = CARTESIAN_POINT ( 'NONE',  ( 1.081583229266936730, 1.063189282105363676, 0.7010000000000000675 ) ) ;
#2175 = EDGE_CURVE ( 'NONE', #2588, #5630, #1566, .T. ) ;
#2176 = ORIENTED_EDGE ( 'NONE', *, *, #5935, .T. ) ;
#2177 = EDGE_CURVE ( 'NONE', #346, #10401, #5410, .T. ) ;
#2178 = CARTESIAN_POINT ( 'NONE',  ( 2.349831467749714964, 1.079989249787272731, 0.7010000000000000675 ) ) ;
#2179 = PRESENTATION_STYLE_ASSIGNMENT (( #272 ) ) ;
#2180 = CARTESIAN_POINT ( 'NONE',  ( 2.039858837736773456, 1.146284214531503753, 0.6999999999999999556 ) ) ;
#2181 = EDGE_LOOP ( 'NONE', ( #309, #3598, #4634, #11630 ) ) ;
#2182 = DIRECTION ( 'NONE',  ( -0.0000000000000000000, -0.0000000000000000000, -1.000000000000000000 ) ) ;
#2183 = ADVANCED_FACE ( 'NONE', ( #7409 ), #8294, .F. ) ;
#2184 = STYLED_ITEM ( 'NONE', ( #6147 ), #11123 ) ;
#2185 = CARTESIAN_POINT ( 'NONE',  ( 0.9404548836258183053, 1.244805235427459023, 0.6999999999999999556 ) ) ;
#2186 = FILL_AREA_STYLE_COLOUR ( '', #7869 ) ;
#2187 = ORIENTED_EDGE ( 'NONE', *, *, #2175, .T. ) ;
#2188 = CARTESIAN_POINT ( 'NONE',  ( 2.067058904827680177, 1.159426754593186892, 0.7010000000000000675 ) ) ;
#2189 = FILL_AREA_STYLE ('',( #10706 ) ) ;
#2190 = DIRECTION ( 'NONE',  ( -0.0000000000000000000, 1.000000000000000000, 0.0000000000000000000 ) ) ;
#2191 = B_SPLINE_SURFACE_WITH_KNOTS ( 'NONE', 3, 1, ( 
 ( #3204, #7044 ),
 ( #3263, #3953 ),
 ( #8765, #1077 ),
 ( #6801, #9816 ) ),
 .UNSPECIFIED., .F., .F., .F.,
 ( 4, 4 ),
 ( 2, 2 ),
 ( 23.00000000000000000, 24.00000000000000000 ),
 ( 0.0000000000000000000, 1.000000000000000000 ),
 .UNSPECIFIED. ) ;
#2192 = FACE_OUTER_BOUND ( 'NONE', #11584, .T. ) ;
#2193 = SURFACE_SIDE_STYLE ('',( #232 ) ) ;
#2194 = ADVANCED_FACE ( 'NONE', ( #10106 ), #8108, .F. ) ;
#2195 = LINE ( 'NONE', #4176, #12068 ) ;
#2196 = EDGE_CURVE ( 'NONE', #895, #9440, #6997, .T. ) ;
#2197 =( NAMED_UNIT ( * ) SI_UNIT ( $, .STERADIAN. ) SOLID_ANGLE_UNIT ( ) );
#2198 = CARTESIAN_POINT ( 'NONE',  ( 2.257459374462916557, 1.458461131326739046, 0.7010000000000000675 ) ) ;
#2199 = FACE_BOUND ( 'NONE', #4139, .T. ) ;
#2200 = MECHANICAL_DESIGN_GEOMETRIC_PRESENTATION_REPRESENTATION (  '', ( #6744 ), #2382 ) ;
#2201 = ORIENTED_EDGE ( 'NONE', *, *, #12044, .F. ) ;
#2202 = AXIS2_PLACEMENT_3D ( 'NONE', #7305, #637, #1515 ) ;
#2203 = CARTESIAN_POINT ( 'NONE',  ( 2.115927526894335831, 1.107106136244965455, 0.7010000000000000675 ) ) ;
#2204 = B_SPLINE_CURVE_WITH_KNOTS ( 'NONE', 3,
 ( #677, #7548, #11363, #1637 ),
 .UNSPECIFIED., .F., .F.,
 ( 4, 4 ),
 ( 3.000000000000000000, 4.000000000000000000 ),
 .UNSPECIFIED. ) ;
#2205 = LINE ( 'NONE', #4993, #11536 ) ;
#2206 =( NAMED_UNIT ( * ) SI_UNIT ( $, .STERADIAN. ) SOLID_ANGLE_UNIT ( ) );
#2207 = PRESENTATION_STYLE_ASSIGNMENT (( #5112 ) ) ;
#2208 = MECHANICAL_DESIGN_GEOMETRIC_PRESENTATION_REPRESENTATION (  '', ( #786 ), #7769 ) ;
#2209 = EDGE_CURVE ( 'NONE', #7484, #11897, #2397, .T. ) ;
#2210 =( GEOMETRIC_REPRESENTATION_CONTEXT ( 3 ) GLOBAL_UNCERTAINTY_ASSIGNED_CONTEXT ( ( #258 ) ) GLOBAL_UNIT_ASSIGNED_CONTEXT ( ( #7736, #12206, #6520 ) ) REPRESENTATION_CONTEXT ( 'NONE', 'WORKASPACE' ) );
#2211 = CARTESIAN_POINT ( 'NONE',  ( 2.391297013451754161, 1.461455634125646164, 0.7010000000000000675 ) ) ;
#2212 = CARTESIAN_POINT ( 'NONE',  ( 1.190321471113391594, 1.144164519529113244, 0.6999999999999999556 ) ) ;
#2213 = SURFACE_STYLE_USAGE ( .BOTH. , #6857 ) ;
#2214 = UNCERTAINTY_MEASURE_WITH_UNIT (LENGTH_MEASURE( 1.000000000000000082E-05 ), #6031, 'distance_accuracy_value', 'NONE');
#2215 = COLOUR_RGB ( '',1.000000000000000000, 1.000000000000000000, 1.000000000000000000 ) ;
#2216 = ORIENTED_EDGE ( 'NONE', *, *, #486, .T. ) ;
#2217 = EDGE_LOOP ( 'NONE', ( #5073, #11012, #10183, #401 ) ) ;
#2218 = CARTESIAN_POINT ( 'NONE',  ( 2.095007597618034456, 1.180305093553438711, 0.6999999999999999556 ) ) ;
#2219 = FACE_BOUND ( 'NONE', #5624, .T. ) ;
#2220 = EDGE_LOOP ( 'NONE', ( #11618, #6670, #1173, #10208 ) ) ;
#2221 = FACE_OUTER_BOUND ( 'NONE', #3646, .T. ) ;
#2222 = PLANE ( 'NONE',  #9859 ) ;
#2223 = VECTOR ( 'NONE', #6239, 1000.000000000000000 ) ;
#2224 = FACE_OUTER_BOUND ( 'NONE', #10926, .T. ) ;
#2225 = VERTEX_POINT ( 'NONE', #3382 ) ;
#2226 = LINE ( 'NONE', #10567, #348 ) ;
#2227 = CARTESIAN_POINT ( 'NONE',  ( 1.942204774236117260, 1.352655365762020612, 0.7010000000000000675 ) ) ;
#2228 = VERTEX_POINT ( 'NONE', #8481 ) ;
#2229 = CARTESIAN_POINT ( 'NONE',  ( 1.999017146783803822, 1.316804512807233207, 0.6999999999999999556 ) ) ;
#2230 = UNCERTAINTY_MEASURE_WITH_UNIT (LENGTH_MEASURE( 1.000000000000000082E-05 ), #1530, 'distance_accuracy_value', 'NONE');
#2231 = ORIENTED_EDGE ( 'NONE', *, *, #7872, .F. ) ;
#2232 = STYLED_ITEM ( 'NONE', ( #5072 ), #5678 ) ;
#2233 = CARTESIAN_POINT ( 'NONE',  ( 1.307157238909066876, 1.036583126991704296, 0.6999999999999999556 ) ) ;
#2234 = ORIENTED_EDGE ( 'NONE', *, *, #1410, .T. ) ;
#2235 = LINE ( 'NONE', #1044, #5702 ) ;
#2236 = PLANE ( 'NONE',  #2537 ) ;
#2237 = DIRECTION ( 'NONE',  ( -0.0000000000000000000, -0.0000000000000000000, -1.000000000000000000 ) ) ;
#2238 = VECTOR ( 'NONE', #11220, 1000.000000000000000 ) ;
#2239 = SURFACE_STYLE_FILL_AREA ( #3107 ) ;
#2240 = ORIENTED_EDGE ( 'NONE', *, *, #9884, .F. ) ;
#2241 = FILL_AREA_STYLE_COLOUR ( '', #1590 ) ;
#2242 = PRESENTATION_LAYER_ASSIGNMENT (  '', '', ( #6994 ) ) ;
#2243 = DIRECTION ( 'NONE',  ( 0.0000000000000000000, 0.0000000000000000000, -1.000000000000000000 ) ) ;
#2244 = VERTEX_POINT ( 'NONE', #554 ) ;
#2245 = ADVANCED_FACE ( 'NONE', ( #912 ), #4428, .F. ) ;
#2246 =( NAMED_UNIT ( * ) PLANE_ANGLE_UNIT ( ) SI_UNIT ( $, .RADIAN. ) );
#2247 = ADVANCED_FACE ( 'NONE', ( #9987 ), #7282, .F. ) ;
#2248 = AXIS2_PLACEMENT_3D ( 'NONE', #9178, #801, #6384 ) ;
#2249 = PRESENTATION_STYLE_ASSIGNMENT (( #8931 ) ) ;
#2250 = EDGE_CURVE ( 'NONE', #9642, #6420, #10711, .T. ) ;
#2251 = PRESENTATION_STYLE_ASSIGNMENT (( #10963 ) ) ;
#2252 = PRESENTATION_STYLE_ASSIGNMENT (( #4109 ) ) ;
#2253 = CARTESIAN_POINT ( 'NONE',  ( 1.925069563775328785, 1.339013741899961030, 0.6999999999999999556 ) ) ;
#2254 = CARTESIAN_POINT ( 'NONE',  ( 2.067058904827680177, 1.159426754593186892, 0.6999999999999999556 ) ) ;
#2255 = MECHANICAL_DESIGN_GEOMETRIC_PRESENTATION_REPRESENTATION (  '', ( #3647 ), #3251 ) ;
#2256 =( LENGTH_UNIT ( ) NAMED_UNIT ( * ) SI_UNIT ( .MILLI., .METRE. ) );
#2257 = LINE ( 'NONE', #2141, #10093 ) ;
#2258 = FACE_OUTER_BOUND ( 'NONE', #768, .T. ) ;
#2259 = SURFACE_SIDE_STYLE ('',( #10781 ) ) ;
#2260 = VERTEX_POINT ( 'NONE', #7889 ) ;
#2261 = ADVANCED_FACE ( 'NONE', ( #6883 ), #7653, .F. ) ;
#2262 = CARTESIAN_POINT ( 'NONE',  ( 1.957302059181020404, 1.130479894203750169, 0.7010000000000000675 ) ) ;
#2263 = EDGE_CURVE ( 'NONE', #11194, #2448, #7886, .T. ) ;
#2264 =( GEOMETRIC_REPRESENTATION_CONTEXT ( 3 ) GLOBAL_UNCERTAINTY_ASSIGNED_CONTEXT ( ( #3697 ) ) GLOBAL_UNIT_ASSIGNED_CONTEXT ( ( #7323, #4517, #4273 ) ) REPRESENTATION_CONTEXT ( 'NONE', 'WORKASPACE' ) );
#2265 = LINE ( 'NONE', #8949, #4116 ) ;
#2266 =( NAMED_UNIT ( * ) SI_UNIT ( $, .STERADIAN. ) SOLID_ANGLE_UNIT ( ) );
#2267 = CARTESIAN_POINT ( 'NONE',  ( 1.345331291386396622, 1.456497748373132950, 0.7010000000000000675 ) ) ;
#2268 = CARTESIAN_POINT ( 'NONE',  ( 1.988827519203868466, 1.091135454649682091, 0.6999999999999999556 ) ) ;
#2269 = CARTESIAN_POINT ( 'NONE',  ( 1.014489422345931313, 1.090952209302905818, 0.7010000000000000675 ) ) ;
#2270 =( NAMED_UNIT ( * ) PLANE_ANGLE_UNIT ( ) SI_UNIT ( $, .RADIAN. ) );
#2271 = CARTESIAN_POINT ( 'NONE',  ( 2.039858837736773456, 1.146284214531503753, 0.7010000000000000675 ) ) ;
#2272 = ORIENTED_EDGE ( 'NONE', *, *, #4296, .F. ) ;
#2273 = EDGE_LOOP ( 'NONE', ( #1598, #9043, #530, #6288, #8479, #11546, #1687 ) ) ;
#2274 = LINE ( 'NONE', #495, #10286 ) ;
#2275 = EDGE_CURVE ( 'NONE', #10193, #6430, #10625, .T. ) ;
#2276 = FILL_AREA_STYLE_COLOUR ( '', #2144 ) ;
#2277 = CARTESIAN_POINT ( 'NONE',  ( 2.597584984049067014, 1.191950382216223403, 0.6999999999999999556 ) ) ;
#2278 = UNCERTAINTY_MEASURE_WITH_UNIT (LENGTH_MEASURE( 1.000000000000000082E-05 ), #11859, 'distance_accuracy_value', 'NONE');
#2279 =( NAMED_UNIT ( * ) SI_UNIT ( $, .STERADIAN. ) SOLID_ANGLE_UNIT ( ) );
#2280 = FILL_AREA_STYLE_COLOUR ( '', #2139 ) ;
#2281 = EDGE_LOOP ( 'NONE', ( #12230, #7385, #3146, #11279 ) ) ;
#2282 = CARTESIAN_POINT ( 'NONE',  ( 1.145206675804391949, 1.073600319128541480, 0.6999999999999999556 ) ) ;
#2283 =( NAMED_UNIT ( * ) PLANE_ANGLE_UNIT ( ) SI_UNIT ( $, .RADIAN. ) );
#2284 = ORIENTED_EDGE ( 'NONE', *, *, #7352, .T. ) ;
#2285 = B_SPLINE_SURFACE_WITH_KNOTS ( 'NONE', 3, 1, ( 
 ( #11733, #7234 ),
 ( #5122, #11044 ),
 ( #6153, #2508 ),
 ( #9066, #3267 ) ),
 .UNSPECIFIED., .F., .F., .F.,
 ( 4, 4 ),
 ( 2, 2 ),
 ( 12.00000000000000000, 13.00000000000000000 ),
 ( 0.0000000000000000000, 1.000000000000000000 ),
 .UNSPECIFIED. ) ;
#2286 = EDGE_LOOP ( 'NONE', ( #11199, #11719, #1164, #1608 ) ) ;
#2287 = PLANE ( 'NONE',  #1864 ) ;
#2288 = ORIENTED_EDGE ( 'NONE', *, *, #6486, .F. ) ;
#2289 = LINE ( 'NONE', #1533, #11297 ) ;
#2290 = DIRECTION ( 'NONE',  ( 0.0000000000000000000, 0.0000000000000000000, 1.000000000000000000 ) ) ;
#2291 = ORIENTED_EDGE ( 'NONE', *, *, #9204, .F. ) ;
#2292 = LINE ( 'NONE', #7905, #1387 ) ;
#2293 = FILL_AREA_STYLE ('',( #8033 ) ) ;
#2294 =( GEOMETRIC_REPRESENTATION_CONTEXT ( 3 ) GLOBAL_UNCERTAINTY_ASSIGNED_CONTEXT ( ( #11300 ) ) GLOBAL_UNIT_ASSIGNED_CONTEXT ( ( #5980, #3272, #5854 ) ) REPRESENTATION_CONTEXT ( 'NONE', 'WORKASPACE' ) );
#2295 = EDGE_LOOP ( 'NONE', ( #3860, #1072, #5466, #11224 ) ) ;
#2296 = CARTESIAN_POINT ( 'NONE',  ( 2.281249035588861052, 1.437998695533650784, 0.6999999999999999556 ) ) ;
#2297 = CARTESIAN_POINT ( 'NONE',  ( 2.287196450871179287, 1.382101309951829782, 0.6999999999999999556 ) ) ;
#2298 = CARTESIAN_POINT ( 'NONE',  ( 2.309280909012984662, 1.402979648912079158, 0.6999999999999999556 ) ) ;
#2299 = COLOUR_RGB ( '',1.000000000000000000, 1.000000000000000000, 1.000000000000000000 ) ;
#2300 = VECTOR ( 'NONE', #10464, 1000.000000000000000 ) ;
#2301 = CARTESIAN_POINT ( 'NONE',  ( 1.471421346183718004, 1.131439850079904774, 0.6999999999999999556 ) ) ;
#2302 = CARTESIAN_POINT ( 'NONE',  ( 1.013332672324957384, 1.247118867853497681, 0.7010000000000000675 ) ) ;
#2303 = SURFACE_SIDE_STYLE ('',( #3504 ) ) ;
#2304 = SURFACE_STYLE_USAGE ( .BOTH. , #3506 ) ;
#2305 =( NAMED_UNIT ( * ) SI_UNIT ( $, .STERADIAN. ) SOLID_ANGLE_UNIT ( ) );
#2306 = ADVANCED_FACE ( 'NONE', ( #11687 ), #8160, .F. ) ;
#2307 = AXIS2_PLACEMENT_3D ( 'NONE', #795, #9480, #923 ) ;
#2308 = FILL_AREA_STYLE_COLOUR ( '', #7762 ) ;
#2309 = AXIS2_PLACEMENT_3D ( 'NONE', #4920, #6845, #8811 ) ;
#2310 = VERTEX_POINT ( 'NONE', #1101 ) ;
#2311 = SURFACE_SIDE_STYLE ('',( #4358 ) ) ;
#2312 = PLANE ( 'NONE',  #10294 ) ;
#2313 = ADVANCED_FACE ( 'NONE', ( #3354 ), #8024, .F. ) ;
#2314 = PRESENTATION_LAYER_ASSIGNMENT (  '', '', ( #5286 ) ) ;
#2315 = COLOUR_RGB ( '',1.000000000000000000, 1.000000000000000000, 1.000000000000000000 ) ;
#2316 = DIRECTION ( 'NONE',  ( -0.0000000000000000000, -0.0000000000000000000, -1.000000000000000000 ) ) ;
#2317 = B_SPLINE_CURVE_WITH_KNOTS ( 'NONE', 3,
 ( #9664, #11692, #91, #5078 ),
 .UNSPECIFIED., .F., .F.,
 ( 4, 4 ),
 ( 1.000000000000000000, 2.000000000000000000 ),
 .UNSPECIFIED. ) ;
#2318 =( LENGTH_UNIT ( ) NAMED_UNIT ( * ) SI_UNIT ( .MILLI., .METRE. ) );
#2319 = SURFACE_STYLE_USAGE ( .BOTH. , #302 ) ;
#2320 =( GEOMETRIC_REPRESENTATION_CONTEXT ( 3 ) GLOBAL_UNCERTAINTY_ASSIGNED_CONTEXT ( ( #11451 ) ) GLOBAL_UNIT_ASSIGNED_CONTEXT ( ( #7304, #9198, #3471 ) ) REPRESENTATION_CONTEXT ( 'NONE', 'WORKASPACE' ) );
#2321 = EDGE_CURVE ( 'NONE', #7017, #68, #3227, .T. ) ;
#2322 = ADVANCED_FACE ( 'NONE', ( #5142 ), #10938, .T. ) ;
#2323 = FACE_OUTER_BOUND ( 'NONE', #3906, .T. ) ;
#2324 = UNCERTAINTY_MEASURE_WITH_UNIT (LENGTH_MEASURE( 1.000000000000000082E-05 ), #4929, 'distance_accuracy_value', 'NONE');
#2325 = MECHANICAL_DESIGN_GEOMETRIC_PRESENTATION_REPRESENTATION (  '', ( #11499 ), #9307 ) ;
#2326 = VECTOR ( 'NONE', #1301, 1000.000000000000000 ) ;
#2327 = ORIENTED_EDGE ( 'NONE', *, *, #9809, .F. ) ;
#2328 = ORIENTED_EDGE ( 'NONE', *, *, #98, .F. ) ;
#2329 = CARTESIAN_POINT ( 'NONE',  ( 2.060861947646282388, 1.148114188464350871, 0.7010000000000000675 ) ) ;
#2330 = PRESENTATION_LAYER_ASSIGNMENT (  '', '', ( #10485 ) ) ;
#2331 = FACE_OUTER_BOUND ( 'NONE', #12043, .T. ) ;
#2332 = STYLED_ITEM ( 'NONE', ( #9962 ), #1088 ) ;
#2333 = CARTESIAN_POINT ( 'NONE',  ( 2.083112767055617542, 1.163752147525683123, 0.6999999999999999556 ) ) ;
#2334 = STYLED_ITEM ( 'NONE', ( #3576 ), #2962 ) ;
#2335 = CARTESIAN_POINT ( 'NONE',  ( 2.176815750474334177, 1.482250792451576649, 0.6999999999999999556 ) ) ;
#2336 = ORIENTED_EDGE ( 'NONE', *, *, #7898, .F. ) ;
#2337 = EDGE_CURVE ( 'NONE', #8872, #4780, #9080, .T. ) ;
#2338 = MECHANICAL_DESIGN_GEOMETRIC_PRESENTATION_REPRESENTATION (  '', ( #12080 ), #6085 ) ;
#2339 = FILL_AREA_STYLE ('',( #11054 ) ) ;
#2340 = EDGE_CURVE ( 'NONE', #1149, #7402, #10813, .T. ) ;
#2341 = ORIENTED_EDGE ( 'NONE', *, *, #8290, .F. ) ;
#2342 = PRESENTATION_STYLE_ASSIGNMENT (( #4208 ) ) ;
#2343 = UNCERTAINTY_MEASURE_WITH_UNIT (LENGTH_MEASURE( 1.000000000000000082E-05 ), #7805, 'distance_accuracy_value', 'NONE');
#2344 = VERTEX_POINT ( 'NONE', #6947 ) ;
#2345 = FILL_AREA_STYLE ('',( #2470 ) ) ;
#2346 = AXIS2_PLACEMENT_3D ( 'NONE', #11324, #7568, #2770 ) ;
#2347 = CARTESIAN_POINT ( 'NONE',  ( 0.9890400503509301222, 1.118715180629586525, 0.6999999999999999556 ) ) ;
#2348 = EDGE_LOOP ( 'NONE', ( #6398, #7816, #4090, #2590, #11579, #1325 ) ) ;
#2349 = VECTOR ( 'NONE', #2421, 1000.000000000000000 ) ;
#2350 = LINE ( 'NONE', #4332, #3739 ) ;
#2351 = FACE_OUTER_BOUND ( 'NONE', #5750, .T. ) ;
#2352 = B_SPLINE_CURVE_WITH_KNOTS ( 'NONE', 3,
 ( #3238, #463, #2296, #279 ),
 .UNSPECIFIED., .F., .F.,
 ( 4, 4 ),
 ( 4.000000000000000000, 5.000000000000000000 ),
 .UNSPECIFIED. ) ;
#2353 = FACE_OUTER_BOUND ( 'NONE', #6760, .T. ) ;
#2354 = ORIENTED_EDGE ( 'NONE', *, *, #3119, .F. ) ;
#2355 = SURFACE_STYLE_USAGE ( .BOTH. , #7138 ) ;
#2356 = EDGE_CURVE ( 'NONE', #69, #1497, #10559, .T. ) ;
#2357 =( LENGTH_UNIT ( ) NAMED_UNIT ( * ) SI_UNIT ( .MILLI., .METRE. ) );
#2358 =( LENGTH_UNIT ( ) NAMED_UNIT ( * ) SI_UNIT ( .MILLI., .METRE. ) );
#2359 = COLOUR_RGB ( '',1.000000000000000000, 1.000000000000000000, 1.000000000000000000 ) ;
#2360 = VERTEX_POINT ( 'NONE', #9895 ) ;
#2361 = FILL_AREA_STYLE ('',( #2073 ) ) ;
#2362 = PRESENTATION_STYLE_ASSIGNMENT (( #4412 ) ) ;
#2363 = CARTESIAN_POINT ( 'NONE',  ( 1.987662990337809354, 1.466030568956663283, 0.7010000000000000675 ) ) ;
#2364 = VECTOR ( 'NONE', #9671, 1000.000000000000000 ) ;
#2365 = SURFACE_STYLE_FILL_AREA ( #11824 ) ;
#2366 = CARTESIAN_POINT ( 'NONE',  ( 1.897536774151580063, 1.319549473706508769, 0.7010000000000000675 ) ) ;
#2367 = CARTESIAN_POINT ( 'NONE',  ( 1.987455038754229797, 1.484995753350852210, 0.6999999999999999556 ) ) ;
#2368 = CARTESIAN_POINT ( 'NONE',  ( 1.984003042472108458, 1.335520155300681466, 0.6999999999999999556 ) ) ;
#2369 = SURFACE_STYLE_USAGE ( .BOTH. , #5224 ) ;
#2370 = DIRECTION ( 'NONE',  ( -0.0000000000000000000, -0.0000000000000000000, -1.000000000000000000 ) ) ;
#2371 = SURFACE_SIDE_STYLE ('',( #10039 ) ) ;
#2372 = CARTESIAN_POINT ( 'NONE',  ( 2.059198334980410827, 1.058695007660964693, 0.7010000000000000675 ) ) ;
#2373 = CARTESIAN_POINT ( 'NONE',  ( 1.957302059181020848, 1.130479894203750391, 0.7010000000000000675 ) ) ;
#2374 = B_SPLINE_CURVE_WITH_KNOTS ( 'NONE', 3,
 ( #2329, #11975, #9011, #10058 ),
 .UNSPECIFIED., .F., .F.,
 ( 4, 4 ),
 ( 12.00000000000000000, 13.00000000000000000 ),
 .UNSPECIFIED. ) ;
#2375 = COLOUR_RGB ( '',1.000000000000000000, 1.000000000000000000, 1.000000000000000000 ) ;
#2376 = EDGE_LOOP ( 'NONE', ( #8673, #8409, #7640, #3315 ) ) ;
#2377 = CARTESIAN_POINT ( 'NONE',  ( 2.258249590480633007, 1.343755037998508373, 0.6999999999999999556 ) ) ;
#2378 = FILL_AREA_STYLE ('',( #12089 ) ) ;
#2379 = FILL_AREA_STYLE_COLOUR ( '', #8776 ) ;
#2380 = SURFACE_SIDE_STYLE ('',( #12025 ) ) ;
#2381 = B_SPLINE_SURFACE_WITH_KNOTS ( 'NONE', 3, 1, ( 
 ( #11189, #7118 ),
 ( #7235, #2646 ),
 ( #10929, #636 ),
 ( #1514, #4316 ) ),
 .UNSPECIFIED., .F., .F., .F.,
 ( 4, 4 ),
 ( 2, 2 ),
 ( 3.000000000000000000, 4.000000000000000000 ),
 ( 0.0000000000000000000, 1.000000000000000000 ),
 .UNSPECIFIED. ) ;
#2382 =( GEOMETRIC_REPRESENTATION_CONTEXT ( 3 ) GLOBAL_UNCERTAINTY_ASSIGNED_CONTEXT ( ( #9637 ) ) GLOBAL_UNIT_ASSIGNED_CONTEXT ( ( #8880, #9995, #9815 ) ) REPRESENTATION_CONTEXT ( 'NONE', 'WORKASPACE' ) );
#2383 = FILL_AREA_STYLE_COLOUR ( '', #9354 ) ;
#2384 = COLOUR_RGB ( '',1.000000000000000000, 1.000000000000000000, 1.000000000000000000 ) ;
#2385 = EDGE_CURVE ( 'NONE', #8973, #4647, #766, .T. ) ;
#2386 = EDGE_CURVE ( 'NONE', #10020, #7866, #11139, .T. ) ;
#2387 = CARTESIAN_POINT ( 'NONE',  ( 2.052918197165804592, 1.171072043255974915, 0.7010000000000000675 ) ) ;
#2388 = VERTEX_POINT ( 'NONE', #8328 ) ;
#2389 = ORIENTED_EDGE ( 'NONE', *, *, #3037, .F. ) ;
#2390 =( NAMED_UNIT ( * ) SI_UNIT ( $, .STERADIAN. ) SOLID_ANGLE_UNIT ( ) );
#2391 = PRESENTATION_STYLE_ASSIGNMENT (( #8887 ) ) ;
#2392 = ADVANCED_FACE ( 'NONE', ( #7250, #6353 ), #12173, .F. ) ;
#2393 = COLOUR_RGB ( '',1.000000000000000000, 1.000000000000000000, 1.000000000000000000 ) ;
#2394 =( NAMED_UNIT ( * ) SI_UNIT ( $, .STERADIAN. ) SOLID_ANGLE_UNIT ( ) );
#2395 = LINE ( 'NONE', #5244, #117 ) ;
#2396 = PRESENTATION_LAYER_ASSIGNMENT (  '', '', ( #4183 ) ) ;
#2397 = B_SPLINE_CURVE_WITH_KNOTS ( 'NONE', 3,
 ( #858, #10397, #9472, #2789 ),
 .UNSPECIFIED., .F., .F.,
 ( 4, 4 ),
 ( 12.00000000000000000, 13.00000000000000000 ),
 .UNSPECIFIED. ) ;
#2398 = SURFACE_STYLE_USAGE ( .BOTH. , #377 ) ;
#2399 = LINE ( 'NONE', #11856, #8069 ) ;
#2400 = UNCERTAINTY_MEASURE_WITH_UNIT (LENGTH_MEASURE( 1.000000000000000082E-05 ), #3218, 'distance_accuracy_value', 'NONE');
#2401 = ORIENTED_EDGE ( 'NONE', *, *, #4294, .T. ) ;
#2402 = CARTESIAN_POINT ( 'NONE',  ( 1.954973001448909287, 1.180305093553438711, 0.7010000000000000675 ) ) ;
#2403 = CARTESIAN_POINT ( 'NONE',  ( 2.425193121523877782, 1.079989249787272731, 0.7010000000000000675 ) ) ;
#2404 = ORIENTED_EDGE ( 'NONE', *, *, #943, .F. ) ;
#2405 = FILL_AREA_STYLE ('',( #1345 ) ) ;
#2406 = VECTOR ( 'NONE', #9608, 1000.000000000000000 ) ;
#2407 = VECTOR ( 'NONE', #8114, 1000.000000000000227 ) ;
#2408 = SURFACE_STYLE_FILL_AREA ( #6941 ) ;
#2409 = EDGE_LOOP ( 'NONE', ( #9143, #9752, #1080, #5627 ) ) ;
#2410 = CARTESIAN_POINT ( 'NONE',  ( 2.247311337200140091, 1.319549473706508769, 0.6999999999999999556 ) ) ;
#2411 = FILL_AREA_STYLE ('',( #5075 ) ) ;
#2412 = DIRECTION ( 'NONE',  ( -1.000000000000000000, -0.0000000000000000000, -0.0000000000000000000 ) ) ;
#2413 = ADVANCED_FACE ( 'NONE', ( #8466 ), #4367, .F. ) ;
#2414 = ORIENTED_EDGE ( 'NONE', *, *, #472, .T. ) ;
#2415 = VECTOR ( 'NONE', #4729, 1000.000000000000000 ) ;
#2416 = EDGE_CURVE ( 'NONE', #11700, #2956, #1204, .T. ) ;
#2417 = CARTESIAN_POINT ( 'NONE',  ( 1.191478287326965146, 1.217042330292825936, 0.7010000000000000675 ) ) ;
#2418 = ADVANCED_FACE ( 'NONE', ( #4698 ), #964, .F. ) ;
#2419 = ORIENTED_EDGE ( 'NONE', *, *, #5445, .T. ) ;
#2420 = CARTESIAN_POINT ( 'NONE',  ( 1.941580919486481038, 1.159010851427137112, 0.7010000000000000675 ) ) ;
#2421 = DIRECTION ( 'NONE',  ( -0.3283461648125119425, 0.9445574604294408871, -0.0000000000000000000 ) ) ;
#2422 = ORIENTED_EDGE ( 'NONE', *, *, #7265, .T. ) ;
#2423 = CARTESIAN_POINT ( 'NONE',  ( 2.186256752354823529, 1.086061436018292525, 0.6999999999999999556 ) ) ;
#2424 = STYLED_ITEM ( 'NONE', ( #2342 ), #5640 ) ;
#2425 = CARTESIAN_POINT ( 'NONE',  ( 2.281415396856392608, 1.366296989624078195, 0.6999999999999999556 ) ) ;
#2426 = MECHANICAL_DESIGN_GEOMETRIC_PRESENTATION_REPRESENTATION (  '', ( #5784 ), #4415 ) ;
#2427 = EDGE_CURVE ( 'NONE', #9381, #5557, #4828, .T. ) ;
#2428 = FACE_OUTER_BOUND ( 'NONE', #9573, .T. ) ;
#2429 =( NAMED_UNIT ( * ) SI_UNIT ( $, .STERADIAN. ) SOLID_ANGLE_UNIT ( ) );
#2430 = SURFACE_STYLE_USAGE ( .BOTH. , #6242 ) ;
#2431 = CARTESIAN_POINT ( 'NONE',  ( 1.169499264682951623, 1.449557005542017274, 0.6999999999999999556 ) ) ;
#2432 =( NAMED_UNIT ( * ) SI_UNIT ( $, .STERADIAN. ) SOLID_ANGLE_UNIT ( ) );
#2434 = STYLED_ITEM ( 'NONE', ( #11308 ), #2624 ) ;
#2433 = PRESENTATION_STYLE_ASSIGNMENT (( #9984 ) ) ;
#2435 = CARTESIAN_POINT ( 'NONE',  ( 1.137109160887733950, 1.432205159494573943, 0.7010000000000000675 ) ) ;
#2436 = AXIS2_PLACEMENT_3D ( 'NONE', #7831, #1930, #33 ) ;
#2437 = ORIENTED_EDGE ( 'NONE', *, *, #10913, .T. ) ;
#2438 = LINE ( 'NONE', #6922, #2716 ) ;
#2439 = ORIENTED_EDGE ( 'NONE', *, *, #5067, .F. ) ;
#2440 =( NAMED_UNIT ( * ) PLANE_ANGLE_UNIT ( ) SI_UNIT ( $, .RADIAN. ) );
#2441 = CARTESIAN_POINT ( 'NONE',  ( 1.443658418985069414, 1.062032465891237676, 0.7010000000000000675 ) ) ;
#2442 =( NAMED_UNIT ( * ) SI_UNIT ( $, .STERADIAN. ) SOLID_ANGLE_UNIT ( ) );
#2443 = MECHANICAL_DESIGN_GEOMETRIC_PRESENTATION_REPRESENTATION (  '', ( #8642 ), #4243 ) ;
#2444 = CARTESIAN_POINT ( 'NONE',  ( 2.142378968285794105, 1.482250792451576649, 0.7010000000000000675 ) ) ;
#2445 = SURFACE_STYLE_USAGE ( .BOTH. , #11040 ) ;
#2446 = UNCERTAINTY_MEASURE_WITH_UNIT (LENGTH_MEASURE( 1.000000000000000082E-05 ), #2709, 'distance_accuracy_value', 'NONE');
#2447 = AXIS2_PLACEMENT_3D ( 'NONE', #9252, #6460, #4555 ) ;
#2448 = VERTEX_POINT ( 'NONE', #4760 ) ;
#2449 = B_SPLINE_CURVE_WITH_KNOTS ( 'NONE', 3,
 ( #8316, #4626, #2645, #11246 ),
 .UNSPECIFIED., .F., .F.,
 ( 4, 4 ),
 ( 5.000000000000000000, 6.000000000000000000 ),
 .UNSPECIFIED. ) ;
#2450 = ORIENTED_EDGE ( 'NONE', *, *, #2340, .T. ) ;
#2451 = CARTESIAN_POINT ( 'NONE',  ( 1.991738841369566249, 1.099037614813560992, 0.6999999999999999556 ) ) ;
#2452 = VECTOR ( 'NONE', #8268, 1000.000000000000000 ) ;
#2453 = FACE_OUTER_BOUND ( 'NONE', #9844, .T. ) ;
#2454 = FILL_AREA_STYLE_COLOUR ( '', #11483 ) ;
#2455 =( LENGTH_UNIT ( ) NAMED_UNIT ( * ) SI_UNIT ( .MILLI., .METRE. ) );
#2456 =( LENGTH_UNIT ( ) NAMED_UNIT ( * ) SI_UNIT ( .MILLI., .METRE. ) );
#2457 =( LENGTH_UNIT ( ) NAMED_UNIT ( * ) SI_UNIT ( .MILLI., .METRE. ) );
#2458 = CARTESIAN_POINT ( 'NONE',  ( 2.061277850812887724, 1.075331134321934945, 0.7010000000000000675 ) ) ;
#2459 = B_SPLINE_CURVE_WITH_KNOTS ( 'NONE', 3,
 ( #5519, #5460, #11281, #9293 ),
 .UNSPECIFIED., .F., .F.,
 ( 4, 4 ),
 ( 18.00000000000000000, 19.00000000000000000 ),
 .UNSPECIFIED. ) ;
#2460 =( NAMED_UNIT ( * ) PLANE_ANGLE_UNIT ( ) SI_UNIT ( $, .RADIAN. ) );
#2461 = CARTESIAN_POINT ( 'NONE',  ( 2.346129929567404737, 1.205425644811862096, 0.7010000000000000675 ) ) ;
#2462 = ORIENTED_EDGE ( 'NONE', *, *, #8833, .T. ) ;
#2463 = FILL_AREA_STYLE ('',( #9261 ) ) ;
#2464 = EDGE_LOOP ( 'NONE', ( #4843, #11607, #3784, #1352 ) ) ;
#2465 = CARTESIAN_POINT ( 'NONE',  ( 2.472148589025581433, 1.216987752840328563, 0.7010000000000000675 ) ) ;
#2466 = EDGE_CURVE ( 'NONE', #3281, #4, #6669, .T. ) ;
#2467 =( LENGTH_UNIT ( ) NAMED_UNIT ( * ) SI_UNIT ( .MILLI., .METRE. ) );
#2468 = ORIENTED_EDGE ( 'NONE', *, *, #7454, .F. ) ;
#2469 = CARTESIAN_POINT ( 'NONE',  ( 2.597584984049067014, 1.191950382216223403, 0.6999999999999999556 ) ) ;
#2470 = FILL_AREA_STYLE_COLOUR ( '', #5020 ) ;
#2471 = CARTESIAN_POINT ( 'NONE',  ( -0.3999999999999985789, 1.700000000000000622, -0.1000000000000000056 ) ) ;
#2472 = VERTEX_POINT ( 'NONE', #72 ) ;
#2473 = CARTESIAN_POINT ( 'NONE',  ( 2.039734066786956568, 1.065515819591999369, 0.6999999999999999556 ) ) ;
#2474 = FILL_AREA_STYLE_COLOUR ( '', #730 ) ;
#2475 = ORIENTED_EDGE ( 'NONE', *, *, #9435, .T. ) ;
#2476 = UNCERTAINTY_MEASURE_WITH_UNIT (LENGTH_MEASURE( 1.000000000000000082E-05 ), #5819, 'distance_accuracy_value', 'NONE');
#2477 = DIRECTION ( 'NONE',  ( -1.000000000000000000, -0.0000000000000000000, -0.0000000000000000000 ) ) ;
#2478 = VERTEX_POINT ( 'NONE', #136 ) ;
#2479 = EDGE_CURVE ( 'NONE', #9650, #7540, #11608, .T. ) ;
#2480 = CARTESIAN_POINT ( 'NONE',  ( 2.070718852693380629, 1.112512877409197243, 0.7010000000000000675 ) ) ;
#2481 = ADVANCED_FACE ( 'NONE', ( #4018 ), #9645, .F. ) ;
#2482 = DIRECTION ( 'NONE',  ( -1.000000000000000000, 0.0000000000000000000, 0.0000000000000000000 ) ) ;
#2483 =( LENGTH_UNIT ( ) NAMED_UNIT ( * ) SI_UNIT ( .MILLI., .METRE. ) );
#2484 = B_SPLINE_SURFACE_WITH_KNOTS ( 'NONE', 3, 1, ( 
 ( #4869, #10424 ),
 ( #8697, #7626 ),
 ( #10601, #11429 ),
 ( #3949, #7745 ) ),
 .UNSPECIFIED., .F., .F., .F.,
 ( 4, 4 ),
 ( 2, 2 ),
 ( 3.000000000000000000, 4.000000000000000000 ),
 ( 0.0000000000000000000, 1.000000000000000000 ),
 .UNSPECIFIED. ) ;
#2485 = LINE ( 'NONE', #2366, #1982 ) ;
#2486 =( NAMED_UNIT ( * ) PLANE_ANGLE_UNIT ( ) SI_UNIT ( $, .RADIAN. ) );
#2487 = LINE ( 'NONE', #726, #1208 ) ;
#2488 = CARTESIAN_POINT ( 'NONE',  ( 1.185694316580283347, 1.466908851588353713, 0.7010000000000000675 ) ) ;
#2489 = EDGE_CURVE ( 'NONE', #1756, #12040, #4184, .T. ) ;
#2490 = DIRECTION ( 'NONE',  ( 0.3493954794973236910, -0.9369753459439770227, -0.0000000000000000000 ) ) ;
#2491 = COLOUR_RGB ( '',1.000000000000000000, 1.000000000000000000, 1.000000000000000000 ) ;
#2492 = VERTEX_POINT ( 'NONE', #4881 ) ;
#2493 = SURFACE_STYLE_FILL_AREA ( #9177 ) ;
#2494 = DIRECTION ( 'NONE',  ( -0.0000000000000000000, -0.0000000000000000000, -1.000000000000000000 ) ) ;
#2495 = DIRECTION ( 'NONE',  ( -0.0000000000000000000, -0.0000000000000000000, -1.000000000000000000 ) ) ;
#2496 = SURFACE_STYLE_USAGE ( .BOTH. , #3515 ) ;
#2497 =( LENGTH_UNIT ( ) NAMED_UNIT ( * ) SI_UNIT ( .MILLI., .METRE. ) );
#2498 = B_SPLINE_CURVE_WITH_KNOTS ( 'NONE', 3,
 ( #7022, #4341, #7080, #6003 ),
 .UNSPECIFIED., .F., .F.,
 ( 4, 4 ),
 ( 16.00000000000000000, 17.00000000000000000 ),
 .UNSPECIFIED. ) ;
#2499 =( NAMED_UNIT ( * ) SI_UNIT ( $, .STERADIAN. ) SOLID_ANGLE_UNIT ( ) );
#2500 = PRESENTATION_LAYER_ASSIGNMENT (  '', '', ( #8692 ) ) ;
#2501 = VECTOR ( 'NONE', #7059, 1000.000000000000000 ) ;
#2502 = FILL_AREA_STYLE_COLOUR ( '', #7151 ) ;
#2503 = PRESENTATION_STYLE_ASSIGNMENT (( #4435 ) ) ;
#2504 = EDGE_CURVE ( 'NONE', #2708, #600, #2160, .T. ) ;
#2505 = CARTESIAN_POINT ( 'NONE',  ( 2.349831467749714964, 1.079989249787272731, 0.6999999999999999556 ) ) ;
#2506 = ORIENTED_EDGE ( 'NONE', *, *, #3650, .F. ) ;
#2507 = ORIENTED_EDGE ( 'NONE', *, *, #8818, .T. ) ;
#2508 = CARTESIAN_POINT ( 'NONE',  ( 2.185424946020503079, 1.082900571952965185, 0.6999999999999999556 ) ) ;
#2509 = STYLED_ITEM ( 'NONE', ( #9531 ), #8735 ) ;
#2510 = SURFACE_SIDE_STYLE ('',( #1704 ) ) ;
#2511 = PRESENTATION_STYLE_ASSIGNMENT (( #11046 ) ) ;
#2512 = CARTESIAN_POINT ( 'NONE',  ( 2.071176346176035743, 1.162338076758885785, 0.6999999999999999556 ) ) ;
#2513 = B_SPLINE_CURVE_WITH_KNOTS ( 'NONE', 3,
 ( #4110, #5038, #7920, #8809 ),
 .UNSPECIFIED., .F., .F.,
 ( 4, 4 ),
 ( 3.000000000000000000, 4.000000000000000000 ),
 .UNSPECIFIED. ) ;
#2514 = FILL_AREA_STYLE ('',( #2647 ) ) ;
#2515 = FILL_AREA_STYLE_COLOUR ( '', #4873 ) ;
#2516 = UNCERTAINTY_MEASURE_WITH_UNIT (LENGTH_MEASURE( 1.000000000000000082E-05 ), #3582, 'distance_accuracy_value', 'NONE');
#2517 = DIRECTION ( 'NONE',  ( -0.3559357243643086477, 0.9345104387438669669, -0.0000000000000000000 ) ) ;
#2518 = ORIENTED_EDGE ( 'NONE', *, *, #12146, .T. ) ;
#2519 = VECTOR ( 'NONE', #12157, 1000.000000000000000 ) ;
#2520 =( NAMED_UNIT ( * ) PLANE_ANGLE_UNIT ( ) SI_UNIT ( $, .RADIAN. ) );
#2521 = VECTOR ( 'NONE', #3643, 1000.000000000000000 ) ;
#2522 = MECHANICAL_DESIGN_GEOMETRIC_PRESENTATION_REPRESENTATION (  '', ( #8916 ), #5874 ) ;
#2523 = CARTESIAN_POINT ( 'NONE',  ( 2.622164861191624396, 1.124324527338406599, 0.6999999999999999556 ) ) ;
#2524 = ORIENTED_EDGE ( 'NONE', *, *, #3564, .F. ) ;
#2525 = VECTOR ( 'NONE', #8806, 1000.000000000000114 ) ;
#2526 = VECTOR ( 'NONE', #10004, 1000.000000000000000 ) ;
#2527 = ORIENTED_EDGE ( 'NONE', *, *, #4895, .F. ) ;
#2528 = CARTESIAN_POINT ( 'NONE',  ( 2.073255862009072636, 1.075331134321934945, 0.7010000000000000675 ) ) ;
#2529 = FILL_AREA_STYLE_COLOUR ( '', #855 ) ;
#2530 = ORIENTED_EDGE ( 'NONE', *, *, #5717, .F. ) ;
#2531 = COLOUR_RGB ( '',1.000000000000000000, 1.000000000000000000, 1.000000000000000000 ) ;
#2532 = CARTESIAN_POINT ( 'NONE',  ( 2.105114044564763809, 1.067928057957318488, 0.6999999999999999556 ) ) ;
#2533 =( NAMED_UNIT ( * ) PLANE_ANGLE_UNIT ( ) SI_UNIT ( $, .RADIAN. ) );
#2534 = VECTOR ( 'NONE', #8629, 999.9999999999998863 ) ;
#2535 = FILL_AREA_STYLE ('',( #8338 ) ) ;
#2536 = PRESENTATION_LAYER_ASSIGNMENT (  '', '', ( #3550 ) ) ;
#2537 = AXIS2_PLACEMENT_3D ( 'NONE', #700, #7381, #6422 ) ;
#2538 = CARTESIAN_POINT ( 'NONE',  ( 1.141736315420841974, 1.217042330292825936, 0.7010000000000000675 ) ) ;
#2539 = VERTEX_POINT ( 'NONE', #3337 ) ;
#2540 = SURFACE_STYLE_FILL_AREA ( #1541 ) ;
#2541 = SURFACE_STYLE_FILL_AREA ( #4278 ) ;
#2542 = EDGE_LOOP ( 'NONE', ( #5921, #5552, #4062, #12308 ) ) ;
#2543 = CARTESIAN_POINT ( 'NONE',  ( 2.401569821665459070, 1.079989249787272731, 0.7010000000000000675 ) ) ;
#2544 =( NAMED_UNIT ( * ) SI_UNIT ( $, .STERADIAN. ) SOLID_ANGLE_UNIT ( ) );
#2545 = COLOUR_RGB ( '',1.000000000000000000, 1.000000000000000000, 1.000000000000000000 ) ;
#2546 = COLOUR_RGB ( '',1.000000000000000000, 1.000000000000000000, 1.000000000000000000 ) ;
#2547 = ADVANCED_FACE ( 'NONE', ( #2453 ), #5241, .T. ) ;
#2548 = STYLED_ITEM ( 'NONE', ( #5743 ), #499 ) ;
#2549 = VECTOR ( 'NONE', #11561, 1000.000000000000000 ) ;
#2550 = CARTESIAN_POINT ( 'NONE',  ( 2.262325441512390789, 1.061439968560242475, 0.6999999999999999556 ) ) ;
#2551 = ADVANCED_FACE ( 'NONE', ( #8066 ), #6099, .F. ) ;
#2552 = DIRECTION ( 'NONE',  ( -0.0000000000000000000, -0.0000000000000000000, -1.000000000000000000 ) ) ;
#2553 = VECTOR ( 'NONE', #4861, 1000.000000000000114 ) ;
#2554 = CARTESIAN_POINT ( 'NONE',  ( 1.963291064779387307, 1.484995753350852210, 0.6999999999999999556 ) ) ;
#2555 = CARTESIAN_POINT ( 'NONE',  ( 1.235436266422391238, 1.124499085183668479, 0.6999999999999999556 ) ) ;
#2556 = COLOUR_RGB ( '',1.000000000000000000, 1.000000000000000000, 1.000000000000000000 ) ;
#2557 = DIRECTION ( 'NONE',  ( 1.000000000000000000, 0.0000000000000000000, -0.0000000000000000000 ) ) ;
#2558 = CARTESIAN_POINT ( 'NONE',  ( 2.065312111528040617, 1.137300706134778405, 0.7010000000000000675 ) ) ;
#2559 = LINE ( 'NONE', #11832, #1808 ) ;
#2560 = ORIENTED_EDGE ( 'NONE', *, *, #306, .F. ) ;
#2561 =( GEOMETRIC_REPRESENTATION_CONTEXT ( 3 ) GLOBAL_UNCERTAINTY_ASSIGNED_CONTEXT ( ( #2722 ) ) GLOBAL_UNIT_ASSIGNED_CONTEXT ( ( #1429, #4287, #3565 ) ) REPRESENTATION_CONTEXT ( 'NONE', 'WORKASPACE' ) );
#2562 = LINE ( 'NONE', #3635, #5984 ) ;
#2564 = CARTESIAN_POINT ( 'NONE',  ( 1.832739060806250597, 1.134722106501922845, 0.7010000000000000675 ) ) ;
#2563 = PRESENTATION_LAYER_ASSIGNMENT (  '', '', ( #2184 ) ) ;
#2565 = CARTESIAN_POINT ( 'NONE',  ( 1.344174519300853854, 1.525905132560692490, 0.7010000000000000675 ) ) ;
#2566 = EDGE_CURVE ( 'NONE', #8639, #9571, #12356, .T. ) ;
#2567 = LINE ( 'NONE', #11110, #3753 ) ;
#2568 = EDGE_CURVE ( 'NONE', #8019, #1084, #3268, .T. ) ;
#2569 = LINE ( 'NONE', #5300, #5173 ) ;
#2570 = SURFACE_STYLE_FILL_AREA ( #9927 ) ;
#2571 = CARTESIAN_POINT ( 'NONE',  ( 2.026009262291685431, 1.478341302686243974, 0.6999999999999999556 ) ) ;
#2572 = SURFACE_STYLE_USAGE ( .BOTH. , #2380 ) ;
#2573 = LINE ( 'NONE', #11298, #6401 ) ;
#2574 = VECTOR ( 'NONE', #8829, 1000.000000000000000 ) ;
#2575 = UNCERTAINTY_MEASURE_WITH_UNIT (LENGTH_MEASURE( 1.000000000000000082E-05 ), #1771, 'distance_accuracy_value', 'NONE');
#2576 =( LENGTH_UNIT ( ) NAMED_UNIT ( * ) SI_UNIT ( .MILLI., .METRE. ) );
#2577 = VERTEX_POINT ( 'NONE', #9939 ) ;
#2578 = ORIENTED_EDGE ( 'NONE', *, *, #79, .F. ) ;
#2579 = DIRECTION ( 'NONE',  ( 1.000000000000000000, -0.0000000000000000000, -0.0000000000000000000 ) ) ;
#2580 = CARTESIAN_POINT ( 'NONE',  ( 1.013332672324957384, 1.247118867853497681, 0.7010000000000000675 ) ) ;
#2581 = EDGE_CURVE ( 'NONE', #7696, #5432, #7052, .T. ) ;
#2582 = FILL_AREA_STYLE_COLOUR ( '', #5690 ) ;
#2583 = PRESENTATION_LAYER_ASSIGNMENT (  '', '', ( #368 ) ) ;
#2584 = VECTOR ( 'NONE', #6588, 1000.000000000000000 ) ;
#2585 = DIRECTION ( 'NONE',  ( -0.0000000000000000000, 0.0000000000000000000, 1.000000000000000000 ) ) ;
#2586 = ORIENTED_EDGE ( 'NONE', *, *, #7519, .T. ) ;
#2587 = SURFACE_STYLE_FILL_AREA ( #2463 ) ;
#2588 = VERTEX_POINT ( 'NONE', #8837 ) ;
#2589 = LINE ( 'NONE', #6347, #4997 ) ;
#2590 = ORIENTED_EDGE ( 'NONE', *, *, #10168, .F. ) ;
#2591 = DIRECTION ( 'NONE',  ( 0.0000000000000000000, -1.000000000000000000, 0.0000000000000000000 ) ) ;
#2592 =( GEOMETRIC_REPRESENTATION_CONTEXT ( 3 ) GLOBAL_UNCERTAINTY_ASSIGNED_CONTEXT ( ( #4631 ) ) GLOBAL_UNIT_ASSIGNED_CONTEXT ( ( #5331, #7204, #9090 ) ) REPRESENTATION_CONTEXT ( 'NONE', 'WORKASPACE' ) );
#2593 = CARTESIAN_POINT ( 'NONE',  ( 1.811735950896735892, 1.319549473706508769, 0.7010000000000000675 ) ) ;
#2594 = MECHANICAL_DESIGN_GEOMETRIC_PRESENTATION_REPRESENTATION (  '', ( #5939 ), #8798 ) ;
#2595 = CARTESIAN_POINT ( 'NONE',  ( 2.014114431728712962, 1.339180103166382363, 0.7010000000000000675 ) ) ;
#2596 = ORIENTED_EDGE ( 'NONE', *, *, #2869, .F. ) ;
#2597 = FACE_OUTER_BOUND ( 'NONE', #6140, .T. ) ;
#2598 = LINE ( 'NONE', #3357, #7309 ) ;
#2599 = FACE_OUTER_BOUND ( 'NONE', #11508, .T. ) ;
#2600 = SURFACE_SIDE_STYLE ('',( #1474 ) ) ;
#2601 = EDGE_LOOP ( 'NONE', ( #5264, #3219, #2288, #8854 ) ) ;
#2602 = CARTESIAN_POINT ( 'NONE',  ( 1.941580919486481038, 1.159010851427137112, 0.6999999999999999556 ) ) ;
#2603 = UNCERTAINTY_MEASURE_WITH_UNIT (LENGTH_MEASURE( 1.000000000000000082E-05 ), #6935, 'distance_accuracy_value', 'NONE');
#2604 = AXIS2_PLACEMENT_3D ( 'NONE', #11644, #8995, #3307 ) ;
#2605 = FACE_OUTER_BOUND ( 'NONE', #8911, .T. ) ;
#2606 = STYLED_ITEM ( 'NONE', ( #11539 ), #9565 ) ;
#2607 = CARTESIAN_POINT ( 'NONE',  ( 2.060861947646282388, 1.148114188464350871, 0.6999999999999999556 ) ) ;
#2608 = ORIENTED_EDGE ( 'NONE', *, *, #6428, .T. ) ;
#2609 = DIRECTION ( 'NONE',  ( 0.0000000000000000000, -1.000000000000000000, 0.0000000000000000000 ) ) ;
#2610 = FACE_OUTER_BOUND ( 'NONE', #1733, .T. ) ;
#2611 = FILL_AREA_STYLE ('',( #8276 ) ) ;
#2612 = EDGE_LOOP ( 'NONE', ( #11195, #1906, #2389, #10362 ) ) ;
#2613 = PRESENTATION_LAYER_ASSIGNMENT (  '', '', ( #6969 ) ) ;
#2614 = CARTESIAN_POINT ( 'NONE',  ( 0.0000000000000000000, 0.0000000000000000000, 0.7010000000000000675 ) ) ;
#2615 = FACE_OUTER_BOUND ( 'NONE', #7908, .T. ) ;
#2616 = B_SPLINE_CURVE_WITH_KNOTS ( 'NONE', 3,
 ( #200, #1268, #9647, #7697 ),
 .UNSPECIFIED., .F., .F.,
 ( 4, 4 ),
 ( 10.00000000000000000, 11.00000000000000000 ),
 .UNSPECIFIED. ) ;
#2617 = CARTESIAN_POINT ( 'NONE',  ( 0.9578067296721536339, 1.153418828595335066, 0.6999999999999999556 ) ) ;
#2618 = CARTESIAN_POINT ( 'NONE',  ( 2.187504461854089755, 1.090137287050050530, 0.7010000000000000675 ) ) ;
#2619 = ADVANCED_FACE ( 'NONE', ( #2331, #2219 ), #1394, .T. ) ;
#2620 = PRESENTATION_LAYER_ASSIGNMENT (  '', '', ( #9191 ) ) ;
#2621 = PRESENTATION_STYLE_ASSIGNMENT (( #5521 ) ) ;
#2622 = FACE_BOUND ( 'NONE', #5304, .T. ) ;
#2623 =( NAMED_UNIT ( * ) PLANE_ANGLE_UNIT ( ) SI_UNIT ( $, .RADIAN. ) );
#2624 = ADVANCED_FACE ( 'NONE', ( #1646 ), #7361, .F. ) ;
#2625 = VERTEX_POINT ( 'NONE', #11186 ) ;
#2626 = CARTESIAN_POINT ( 'NONE',  ( 2.144583255068088334, 1.024175044838656401, 0.7010000000000000675 ) ) ;
#2627 = VECTOR ( 'NONE', #11680, 1000.000000000000000 ) ;
#2628 = LINE ( 'NONE', #11106, #718 ) ;
#2629 = CARTESIAN_POINT ( 'NONE',  ( 2.050131645949924142, 1.079074262820843177, 0.6999999999999999556 ) ) ;
#2630 = CARTESIAN_POINT ( 'NONE',  ( 2.074877884358346414, 1.131311700535857057, 0.6999999999999999556 ) ) ;
#2631 = VECTOR ( 'NONE', #8175, 1000.000000000000000 ) ;
#2632 = FACE_OUTER_BOUND ( 'NONE', #2376, .T. ) ;
#2633 = STYLED_ITEM ( 'NONE', ( #1118 ), #1567 ) ;
#2634 = LINE ( 'NONE', #8236, #4377 ) ;
#2635 = CARTESIAN_POINT ( 'NONE',  ( 1.904191224815638073, 1.397822449646370480, 0.6999999999999999556 ) ) ;
#2636 = CARTESIAN_POINT ( 'NONE',  ( -2.949999999999998845, -1.700000000000000178, -0.1000000000000000056 ) ) ;
#2637 = COLOUR_RGB ( '',1.000000000000000000, 1.000000000000000000, 1.000000000000000000 ) ;
#2638 = EDGE_CURVE ( 'NONE', #11834, #10020, #571, .T. ) ;
#2639 = ADVANCED_FACE ( 'NONE', ( #5364 ), #5053, .F. ) ;
#2640 = ORIENTED_EDGE ( 'NONE', *, *, #10549, .F. ) ;
#2641 = B_SPLINE_CURVE_WITH_KNOTS ( 'NONE', 3,
 ( #8095, #11946, #11760, #11817 ),
 .UNSPECIFIED., .F., .F.,
 ( 4, 4 ),
 ( 10.00000000000000000, 11.00000000000000000 ),
 .UNSPECIFIED. ) ;
#2642 = ORIENTED_EDGE ( 'NONE', *, *, #1806, .T. ) ;
#2643 = MECHANICAL_DESIGN_GEOMETRIC_PRESENTATION_REPRESENTATION (  '', ( #12178 ), #4230 ) ;
#2644 = CARTESIAN_POINT ( 'NONE',  ( 2.425317892474804449, 1.061439968560242697, 0.6999999999999999556 ) ) ;
#2645 = CARTESIAN_POINT ( 'NONE',  ( 2.268397627743416578, 1.327118911337542340, 0.7010000000000000675 ) ) ;
#2646 = CARTESIAN_POINT ( 'NONE',  ( 2.593758674916945228, 1.198438471613301637, 0.6999999999999999556 ) ) ;
#2647 = FILL_AREA_STYLE_COLOUR ( '', #3393 ) ;
#2648 = VERTEX_POINT ( 'NONE', #8128 ) ;
#2649 = ORIENTED_EDGE ( 'NONE', *, *, #3510, .F. ) ;
#2650 = ADVANCED_FACE ( 'NONE', ( #684 ), #10829, .F. ) ;
#2651 = CARTESIAN_POINT ( 'NONE',  ( 2.146080506467544780, 1.338098754933535917, 0.7010000000000000675 ) ) ;
#2652 = EDGE_LOOP ( 'NONE', ( #8772, #4071, #1673, #5590 ) ) ;
#2653 = EDGE_LOOP ( 'NONE', ( #7952, #919, #8241, #8082 ) ) ;
#2654 = FILL_AREA_STYLE ('',( #6480 ) ) ;
#2655 = CARTESIAN_POINT ( 'NONE',  ( 1.984003042472108458, 1.335520155300681466, 0.6999999999999999556 ) ) ;
#2656 = VERTEX_POINT ( 'NONE', #9254 ) ;
#2657 = CARTESIAN_POINT ( 'NONE',  ( 1.926234092641942786, 1.399070159146746706, 0.7010000000000000675 ) ) ;
#2658 = FILL_AREA_STYLE ('',( #6358 ) ) ;
#2659 = VECTOR ( 'NONE', #10238, 1000.000000000000000 ) ;
#2660 = CARTESIAN_POINT ( 'NONE',  ( 1.954432327331931507, 1.075414314955142503, 0.7010000000000000675 ) ) ;
#2661 = EDGE_LOOP ( 'NONE', ( #2439, #4949, #9119, #5144 ) ) ;
#2662 = CARTESIAN_POINT ( 'NONE',  ( 1.811735950896735892, 1.482250792451576649, 0.7010000000000000675 ) ) ;
#2663 = SURFACE_STYLE_FILL_AREA ( #1610 ) ;
#2664 = LINE ( 'NONE', #9466, #11848 ) ;
#2665 = ORIENTED_EDGE ( 'NONE', *, *, #3154, .F. ) ;
#2666 = SURFACE_STYLE_USAGE ( .BOTH. , #1805 ) ;
#2667 = EDGE_CURVE ( 'NONE', #5454, #2059, #3451, .T. ) ;
#2668 = CARTESIAN_POINT ( 'NONE',  ( 2.490947412151131246, 1.144287879332228863, 0.6999999999999999556 ) ) ;
#2669 = VERTEX_POINT ( 'NONE', #12035 ) ;
#2670 = FILL_AREA_STYLE_COLOUR ( '', #3839 ) ;
#2671 = CARTESIAN_POINT ( 'NONE',  ( 1.100000000000001643, 1.700000000000000844, -0.1000000000000000056 ) ) ;
#2672 = CARTESIAN_POINT ( 'NONE',  ( 1.205359750925734996, 1.480790331735134302, 0.6999999999999999556 ) ) ;
#2673 = VERTEX_POINT ( 'NONE', #10124 ) ;
#2674 = LINE ( 'NONE', #10520, #6946 ) ;
#2675 = LINE ( 'NONE', #921, #8492 ) ;
#2676 = LINE ( 'NONE', #5461, #8787 ) ;
#2677 = CARTESIAN_POINT ( 'NONE',  ( 2.221442160242816932, 1.338098754933535917, 0.6999999999999999556 ) ) ;
#2678 = ORIENTED_EDGE ( 'NONE', *, *, #10703, .F. ) ;
#2679 = LINE ( 'NONE', #10350, #5891 ) ;
#2680 = CARTESIAN_POINT ( 'NONE',  ( 1.991738841369566693, 1.061439968560242475, 0.7010000000000000675 ) ) ;
#2681 = SURFACE_SIDE_STYLE ('',( #11104 ) ) ;
#2682 = LINE ( 'NONE', #4734, #8731 ) ;
#2683 = FACE_OUTER_BOUND ( 'NONE', #4552, .T. ) ;
#2684 =( NAMED_UNIT ( * ) PLANE_ANGLE_UNIT ( ) SI_UNIT ( $, .RADIAN. ) );
#2685 = DIRECTION ( 'NONE',  ( -0.0000000000000000000, -0.0000000000000000000, -1.000000000000000000 ) ) ;
#2686 = DIRECTION ( 'NONE',  ( -0.0000000000000000000, -1.000000000000000000, -0.0000000000000000000 ) ) ;
#2687 = CARTESIAN_POINT ( 'NONE',  ( 1.963291064779387307, 1.484995753350852210, 0.7010000000000000675 ) ) ;
#2688 = DIRECTION ( 'NONE',  ( -1.000000000000000000, -0.0000000000000000000, -0.0000000000000000000 ) ) ;
#2689 = PRESENTATION_LAYER_ASSIGNMENT (  '', '', ( #5458 ) ) ;
#2690 = UNCERTAINTY_MEASURE_WITH_UNIT (LENGTH_MEASURE( 1.000000000000000082E-05 ), #8260, 'distance_accuracy_value', 'NONE');
#2691 = LINE ( 'NONE', #2505, #6166 ) ;
#2692 = EDGE_LOOP ( 'NONE', ( #12058, #7062, #9860, #7452 ) ) ;
#2693 = EDGE_CURVE ( 'NONE', #7710, #7540, #9547, .T. ) ;
#2694 = ORIENTED_EDGE ( 'NONE', *, *, #8895, .T. ) ;
#2695 = LINE ( 'NONE', #5424, #2519 ) ;
#2696 = EDGE_CURVE ( 'NONE', #2539, #8134, #9196, .T. ) ;
#2697 = AXIS2_PLACEMENT_3D ( 'NONE', #1051, #6703, #4854 ) ;
#2698 = CARTESIAN_POINT ( 'NONE',  ( 1.469107802013187136, 1.197376895947374287, 0.7010000000000000675 ) ) ;
#2699 = EDGE_CURVE ( 'NONE', #2059, #3053, #1818, .T. ) ;
#2700 = EDGE_CURVE ( 'NONE', #4, #8147, #11125, .T. ) ;
#2701 = FACE_OUTER_BOUND ( 'NONE', #9646, .T. ) ;
#2702 = VERTEX_POINT ( 'NONE', #4495 ) ;
#2703 = SURFACE_STYLE_USAGE ( .BOTH. , #11253 ) ;
#2704 = VERTEX_POINT ( 'NONE', #9067 ) ;
#2705 = COLOUR_RGB ( '',0.1019607843137254888, 0.1019607843137254888, 0.1019607843137254888 ) ;
#2706 = STYLED_ITEM ( 'NONE', ( #8014 ), #7566 ) ;
#2707 = ORIENTED_EDGE ( 'NONE', *, *, #2879, .F. ) ;
#2708 = VERTEX_POINT ( 'NONE', #4376 ) ;
#2709 =( LENGTH_UNIT ( ) NAMED_UNIT ( * ) SI_UNIT ( .MILLI., .METRE. ) );
#2710 =( NAMED_UNIT ( * ) SI_UNIT ( $, .STERADIAN. ) SOLID_ANGLE_UNIT ( ) );
#2711 = ORIENTED_EDGE ( 'NONE', *, *, #2275, .T. ) ;
#2712 = DIRECTION ( 'NONE',  ( 0.0000000000000000000, 0.0000000000000000000, 1.000000000000000000 ) ) ;
#2713 =( LENGTH_UNIT ( ) NAMED_UNIT ( * ) SI_UNIT ( .MILLI., .METRE. ) );
#2714 = CARTESIAN_POINT ( 'NONE',  ( 1.457539904648408990, 1.503926127844107397, 0.6999999999999999556 ) ) ;
#2715 = LINE ( 'NONE', #6543, #54 ) ;
#2716 = VECTOR ( 'NONE', #10784, 1000.000000000000000 ) ;
#2717 = ADVANCED_FACE ( 'NONE', ( #6273 ), #8191, .F. ) ;
#2718 = MECHANICAL_DESIGN_GEOMETRIC_PRESENTATION_REPRESENTATION (  '', ( #122 ), #3125 ) ;
#2719 = SURFACE_SIDE_STYLE ('',( #7324 ) ) ;
#2720 = ORIENTED_EDGE ( 'NONE', *, *, #935, .T. ) ;
#2721 = CARTESIAN_POINT ( 'NONE',  ( 1.307157238909066876, 1.100206562497149543, 0.7010000000000000675 ) ) ;
#2722 = UNCERTAINTY_MEASURE_WITH_UNIT (LENGTH_MEASURE( 1.000000000000000082E-05 ), #1429, 'distance_accuracy_value', 'NONE');
#2723 =( LENGTH_UNIT ( ) NAMED_UNIT ( * ) SI_UNIT ( .MILLI., .METRE. ) );
#2724 = ORIENTED_EDGE ( 'NONE', *, *, #6104, .F. ) ;
#2725 = CARTESIAN_POINT ( 'NONE',  ( 2.083112767055617542, 1.163752147525683123, 0.7010000000000000675 ) ) ;
#2726 = LINE ( 'NONE', #11217, #3419 ) ;
#2727 = UNCERTAINTY_MEASURE_WITH_UNIT (LENGTH_MEASURE( 1.000000000000000082E-05 ), #3270, 'distance_accuracy_value', 'NONE');
#2728 = EDGE_LOOP ( 'NONE', ( #2608, #3414, #2231, #8539 ) ) ;
#2729 = COLOUR_RGB ( '',1.000000000000000000, 1.000000000000000000, 1.000000000000000000 ) ;
#2730 = CARTESIAN_POINT ( 'NONE',  ( 1.925069563775328785, 1.339013741899961030, 0.7010000000000000675 ) ) ;
#2731 = LINE ( 'NONE', #3861, #1634 ) ;
#2732 = CARTESIAN_POINT ( 'NONE',  ( 2.092054685135732228, 1.102115298245675667, 0.6999999999999999556 ) ) ;
#2733 = CLOSED_SHELL ( 'NONE', ( #11114, #4932, #10918, #7278, #9934, #3664, #47, #3872, #6792, #7566, #899, #2551, #10096, #8518, #11184, #715, #184, #10108, #9345, #12148, #9686, #7038, #9824, #4015 ) ) ;
#2734 = VECTOR ( 'NONE', #8794, 1000.000000000000000 ) ;
#2735 = EDGE_CURVE ( 'NONE', #4246, #6782, #8643, .T. ) ;
#2736 = FILL_AREA_STYLE_COLOUR ( '', #12312 ) ;
#2737 = ORIENTED_EDGE ( 'NONE', *, *, #10338, .T. ) ;
#2738 = CARTESIAN_POINT ( 'NONE',  ( 1.964538774278659528, 1.116089644641684142, 0.7010000000000000675 ) ) ;
#2739 = CARTESIAN_POINT ( 'NONE',  ( 2.146080506467544780, 1.319549473706508769, 0.7010000000000000675 ) ) ;
#2740 = AXIS2_PLACEMENT_3D ( 'NONE', #11830, #4422, #6310 ) ;
#2741 =( LENGTH_UNIT ( ) NAMED_UNIT ( * ) SI_UNIT ( .MILLI., .METRE. ) );
#2742 = ORIENTED_EDGE ( 'NONE', *, *, #7659, .T. ) ;
#2743 = PLANE ( 'NONE',  #8934 ) ;
#2744 = FILL_AREA_STYLE ('',( #9062 ) ) ;
#2745 = CARTESIAN_POINT ( 'NONE',  ( 1.169499264682951623, 1.449557005542017274, 0.7010000000000000675 ) ) ;
#2746 = CARTESIAN_POINT ( 'NONE',  ( 1.991738841369566693, 1.119749592507385039, 0.6999999999999999556 ) ) ;
#2747 = CARTESIAN_POINT ( 'NONE',  ( 2.140840126569734103, 1.024175044838656401, 0.6999999999999999556 ) ) ;
#2748 =( NAMED_UNIT ( * ) PLANE_ANGLE_UNIT ( ) SI_UNIT ( $, .RADIAN. ) );
#2749 = VECTOR ( 'NONE', #5943, 1000.000000000000000 ) ;
#2750 = PRESENTATION_STYLE_ASSIGNMENT (( #9372 ) ) ;
#2751 = FACE_OUTER_BOUND ( 'NONE', #4510, .T. ) ;
#2752 =( NAMED_UNIT ( * ) PLANE_ANGLE_UNIT ( ) SI_UNIT ( $, .RADIAN. ) );
#2753 = LINE ( 'NONE', #12350, #9900 ) ;
#2754 = DIRECTION ( 'NONE',  ( 1.000000000000000000, -0.0000000000000000000, -0.0000000000000000000 ) ) ;
#2755 =( NAMED_UNIT ( * ) SI_UNIT ( $, .STERADIAN. ) SOLID_ANGLE_UNIT ( ) );
#2756 = VECTOR ( 'NONE', #7030, 1000.000000000000000 ) ;
#2757 = MECHANICAL_DESIGN_GEOMETRIC_PRESENTATION_REPRESENTATION (  '', ( #1165 ), #2172 ) ;
#2758 = ORIENTED_EDGE ( 'NONE', *, *, #10455, .T. ) ;
#2759 = VERTEX_POINT ( 'NONE', #11370 ) ;
#2760 = SURFACE_STYLE_FILL_AREA ( #7493 ) ;
#2761 = SURFACE_STYLE_FILL_AREA ( #1709 ) ;
#2762 = EDGE_CURVE ( 'NONE', #1133, #5012, #6375, .T. ) ;
#2763 =( NAMED_UNIT ( * ) PLANE_ANGLE_UNIT ( ) SI_UNIT ( $, .RADIAN. ) );
#2764 = ORIENTED_EDGE ( 'NONE', *, *, #8196, .T. ) ;
#2765 = FACE_OUTER_BOUND ( 'NONE', #693, .T. ) ;
#2766 = ORIENTED_EDGE ( 'NONE', *, *, #11310, .F. ) ;
#2767 = EDGE_CURVE ( 'NONE', #4962, #5016, #3884, .T. ) ;
#2768 = ORIENTED_EDGE ( 'NONE', *, *, #8999, .T. ) ;
#2769 = AXIS2_PLACEMENT_3D ( 'NONE', #11881, #4971, #225 ) ;
#2770 = DIRECTION ( 'NONE',  ( 0.0000000000000000000, 0.0000000000000000000, 1.000000000000000000 ) ) ;
#2771 = SURFACE_STYLE_USAGE ( .BOTH. , #7510 ) ;
#2772 = ORIENTED_EDGE ( 'NONE', *, *, #249, .F. ) ;
#2773 = VECTOR ( 'NONE', #4419, 1000.000000000000000 ) ;
#2774 = CARTESIAN_POINT ( 'NONE',  ( 1.307157238909066876, 1.100206562497149543, 0.7010000000000000675 ) ) ;
#2775 = CARTESIAN_POINT ( 'NONE',  ( 1.832739060806250597, 1.338098754933535917, 0.6999999999999999556 ) ) ;
#2776 = CARTESIAN_POINT ( 'NONE',  ( 2.309280909012984662, 1.427102032569759205, 0.6999999999999999556 ) ) ;
#2777 = LINE ( 'NONE', #845, #8732 ) ;
#2778 = ORIENTED_EDGE ( 'NONE', *, *, #2735, .F. ) ;
#2779 = CARTESIAN_POINT ( 'NONE',  ( 2.283328551422453057, 1.205425644811862096, 0.7010000000000000675 ) ) ;
#2780 = CARTESIAN_POINT ( 'NONE',  ( 1.964538774278659528, 1.116089644641684142, 0.6999999999999999556 ) ) ;
#2781 = ORIENTED_EDGE ( 'NONE', *, *, #403, .T. ) ;
#2782 = FACE_OUTER_BOUND ( 'NONE', #8405, .T. ) ;
#2783 = STYLED_ITEM ( 'NONE', ( #10387 ), #10108 ) ;
#2784 = PRESENTATION_LAYER_ASSIGNMENT (  '', '', ( #6329 ) ) ;
#2785 = CARTESIAN_POINT ( 'NONE',  ( 1.466794169586594254, 1.132596622164890876, 0.6999999999999999556 ) ) ;
#2786 = ORIENTED_EDGE ( 'NONE', *, *, #11157, .F. ) ;
#2787 = CARTESIAN_POINT ( 'NONE',  ( 1.462167081245532740, 1.060875693806251796, 0.6999999999999999556 ) ) ;
#2788 = EDGE_CURVE ( 'NONE', #9038, #6497, #6889, .T. ) ;
#2789 = CARTESIAN_POINT ( 'NONE',  ( 2.185009042854447081, 1.080737875486165844, 0.7010000000000000675 ) ) ;
#2790 = ADVANCED_FACE ( 'NONE', ( #5662 ), #1073, .T. ) ;
#2791 = FILL_AREA_STYLE_COLOUR ( '', #10980 ) ;
#2792 = SURFACE_STYLE_FILL_AREA ( #9358 ) ;
#2793 = DIRECTION ( 'NONE',  ( -1.000000000000000000, 0.0000000000000000000, 0.0000000000000000000 ) ) ;
#2794 = PRESENTATION_LAYER_ASSIGNMENT (  '', '', ( #11942 ) ) ;
#2795 = CARTESIAN_POINT ( 'NONE',  ( 1.190321471113391594, 1.144164519529113244, 0.7010000000000000675 ) ) ;
#2796 = ORIENTED_EDGE ( 'NONE', *, *, #1962, .F. ) ;
#2797 = SURFACE_SIDE_STYLE ('',( #3305 ) ) ;
#2798 = CARTESIAN_POINT ( 'NONE',  ( 1.635685497585844583, 1.112931231947474675, 0.7010000000000000675 ) ) ;
#2799 = SURFACE_STYLE_USAGE ( .BOTH. , #4725 ) ;
#2800 = ORIENTED_EDGE ( 'NONE', *, *, #8251, .F. ) ;
#2801 = VECTOR ( 'NONE', #5592, 1000.000000000000000 ) ;
#2802 =( NAMED_UNIT ( * ) SI_UNIT ( $, .STERADIAN. ) SOLID_ANGLE_UNIT ( ) );
#2803 = COLOUR_RGB ( '',1.000000000000000000, 1.000000000000000000, 1.000000000000000000 ) ;
#2804 = EDGE_CURVE ( 'NONE', #4101, #6835, #11494, .T. ) ;
#2805 = FILL_AREA_STYLE ('',( #6775 ) ) ;
#2806 =( NAMED_UNIT ( * ) SI_UNIT ( $, .STERADIAN. ) SOLID_ANGLE_UNIT ( ) );
#2807 = CARTESIAN_POINT ( 'NONE',  ( 2.045639891751560580, 1.127901294570894830, 0.7010000000000000675 ) ) ;
#2808 = VECTOR ( 'NONE', #1870, 1000.000000000000000 ) ;
#2809 = SURFACE_STYLE_FILL_AREA ( #7546 ) ;
#2810 = CARTESIAN_POINT ( 'NONE',  ( 2.112641891879190492, 1.155350903561436215, 0.7010000000000000675 ) ) ;
#2811 =( NAMED_UNIT ( * ) PLANE_ANGLE_UNIT ( ) SI_UNIT ( $, .RADIAN. ) );
#2812 = LINE ( 'NONE', #2523, #7348 ) ;
#2813 = FILL_AREA_STYLE ('',( #8504 ) ) ;
#2814 = VECTOR ( 'NONE', #831, 1000.000000000000000 ) ;
#2815 = CARTESIAN_POINT ( 'NONE',  ( 2.144583255068088334, 1.024175044838656401, 0.6999999999999999556 ) ) ;
#2816 = EDGE_LOOP ( 'NONE', ( #11609, #8785, #9821, #3596 ) ) ;
#2817 = ORIENTED_EDGE ( 'NONE', *, *, #3783, .F. ) ;
#2818 = DIRECTION ( 'NONE',  ( -0.0000000000000000000, -0.0000000000000000000, -1.000000000000000000 ) ) ;
#2819 = LINE ( 'NONE', #9197, #6252 ) ;
#2820 = SURFACE_STYLE_USAGE ( .BOTH. , #888 ) ;
#2821 =( NAMED_UNIT ( * ) PLANE_ANGLE_UNIT ( ) SI_UNIT ( $, .RADIAN. ) );
#2822 = CARTESIAN_POINT ( 'NONE',  ( 2.283328551422453057, 1.205425644811862096, 0.7010000000000000675 ) ) ;
#2823 = CARTESIAN_POINT ( 'NONE',  ( 0.0000000000000000000, 0.0000000000000000000, 0.0000000000000000000 ) ) ;
#2824 =( LENGTH_UNIT ( ) NAMED_UNIT ( * ) SI_UNIT ( .MILLI., .METRE. ) );
#2825 = FACE_OUTER_BOUND ( 'NONE', #2273, .T. ) ;
#2826 = ORIENTED_EDGE ( 'NONE', *, *, #9807, .F. ) ;
#2827 = AXIS2_PLACEMENT_3D ( 'NONE', #6208, #5004, #5123 ) ;
#2828 = FILL_AREA_STYLE_COLOUR ( '', #6778 ) ;
#2829 = ORIENTED_EDGE ( 'NONE', *, *, #10643, .T. ) ;
#2830 = ORIENTED_EDGE ( 'NONE', *, *, #6554, .T. ) ;
#2831 = CARTESIAN_POINT ( 'NONE',  ( 1.678486726660851192, 1.222826256910922282, 0.6999999999999999556 ) ) ;
#2832 = COLOUR_RGB ( '',0.6470588235294117974, 0.6196078431372549211, 0.5882352941176470784 ) ;
#2833 = ORIENTED_EDGE ( 'NONE', *, *, #11837, .T. ) ;
#2834 = LINE ( 'NONE', #11331, #1540 ) ;
#2835 = CARTESIAN_POINT ( 'NONE',  ( 2.425317892474804449, 1.061439968560242697, 0.6999999999999999556 ) ) ;
#2836 = AXIS2_PLACEMENT_3D ( 'NONE', #11103, #10339, #4956 ) ;
#2837 = CARTESIAN_POINT ( 'NONE',  ( 1.172969647131071547, 1.355857098667944793, 0.6999999999999999556 ) ) ;
#2838 =( NAMED_UNIT ( * ) SI_UNIT ( $, .STERADIAN. ) SOLID_ANGLE_UNIT ( ) );
#2839 = EDGE_LOOP ( 'NONE', ( #10026, #980, #3657, #11565, #10170, #1124, #4311, #4479 ) ) ;
#2840 = DIRECTION ( 'NONE',  ( 1.000000000000000000, 0.0000000000000000000, 0.0000000000000000000 ) ) ;
#2841 = ADVANCED_FACE ( 'NONE', ( #9384 ), #9632, .F. ) ;
#2842 = MECHANICAL_DESIGN_GEOMETRIC_PRESENTATION_REPRESENTATION (  '', ( #6596 ), #7221 ) ;
#2843 = CARTESIAN_POINT ( 'NONE',  ( 1.307157238909066876, 1.036583126991704296, 0.7010000000000000675 ) ) ;
#2844 = ORIENTED_EDGE ( 'NONE', *, *, #2337, .T. ) ;
#2845 = FACE_OUTER_BOUND ( 'NONE', #1544, .T. ) ;
#2846 = CARTESIAN_POINT ( 'NONE',  ( 1.968198722144361756, 1.163752147525683123, 0.6999999999999999556 ) ) ;
#2847 = EDGE_LOOP ( 'NONE', ( #11813, #3714, #4876, #5755 ) ) ;
#2848 = ORIENTED_EDGE ( 'NONE', *, *, #5061, .T. ) ;
#2849 = DIRECTION ( 'NONE',  ( -1.000000000000000000, 0.0000000000000000000, 0.0000000000000000000 ) ) ;
#2850 = SURFACE_SIDE_STYLE ('',( #8671 ) ) ;
#2851 = B_SPLINE_CURVE_WITH_KNOTS ( 'NONE', 3,
 ( #9866, #8058, #6090, #1384 ),
 .UNSPECIFIED., .F., .F.,
 ( 4, 4 ),
 ( 4.000000000000000000, 5.000000000000000000 ),
 .UNSPECIFIED. ) ;
#2852 = VECTOR ( 'NONE', #10562, 1000.000000000000000 ) ;
#2853 =( NAMED_UNIT ( * ) PLANE_ANGLE_UNIT ( ) SI_UNIT ( $, .RADIAN. ) );
#2854 = FILL_AREA_STYLE_COLOUR ( '', #8533 ) ;
#2855 = CARTESIAN_POINT ( 'NONE',  ( 1.235436266422391238, 1.124499085183668479, 0.6999999999999999556 ) ) ;
#2856 = ORIENTED_EDGE ( 'NONE', *, *, #5600, .T. ) ;
#2857 = CARTESIAN_POINT ( 'NONE',  ( 1.969820744493629316, 1.075414314955142503, 0.6999999999999999556 ) ) ;
#2858 = EDGE_CURVE ( 'NONE', #8803, #13, #6795, .T. ) ;
#2859 = EDGE_CURVE ( 'NONE', #11834, #4780, #6020, .T. ) ;
#2860 = EDGE_LOOP ( 'NONE', ( #11000, #9291, #1306, #6037 ) ) ;
#2861 = CARTESIAN_POINT ( 'NONE',  ( 2.103949515698704698, 1.160924005993198227, 0.6999999999999999556 ) ) ;
#2862 = SURFACE_STYLE_USAGE ( .BOTH. , #1883 ) ;
#2863 = CARTESIAN_POINT ( 'NONE',  ( 2.039858837736773456, 1.146284214531503753, 0.6999999999999999556 ) ) ;
#2864 = PRESENTATION_STYLE_ASSIGNMENT (( #12343 ) ) ;
#2865 = PRESENTATION_STYLE_ASSIGNMENT (( #10591 ) ) ;
#2866 = FILL_AREA_STYLE ('',( #4798 ) ) ;
#2867 = CARTESIAN_POINT ( 'NONE',  ( 1.904191224815638073, 1.424024349137641199, 0.6999999999999999556 ) ) ;
#2868 = DIRECTION ( 'NONE',  ( -0.0000000000000000000, -0.0000000000000000000, -1.000000000000000000 ) ) ;
#2869 = EDGE_CURVE ( 'NONE', #11959, #274, #5048, .T. ) ;
#2870 = FILL_AREA_STYLE ('',( #4670 ) ) ;
#2871 = PRESENTATION_STYLE_ASSIGNMENT (( #3821 ) ) ;
#2872 = SURFACE_SIDE_STYLE ('',( #1957 ) ) ;
#2873 =( NAMED_UNIT ( * ) PLANE_ANGLE_UNIT ( ) SI_UNIT ( $, .RADIAN. ) );
#2874 = ORIENTED_EDGE ( 'NONE', *, *, #806, .F. ) ;
#2875 = CARTESIAN_POINT ( 'NONE',  ( 2.221442160242816932, 1.338098754933535917, 0.7010000000000000675 ) ) ;
#2876 = DIRECTION ( 'NONE',  ( 1.000000000000000000, 0.0000000000000000000, 0.0000000000000000000 ) ) ;
#2877 = SURFACE_SIDE_STYLE ('',( #3015 ) ) ;
#2878 = CARTESIAN_POINT ( 'NONE',  ( 1.983004874872476897, 1.084896907152239853, 0.7010000000000000675 ) ) ;
#2879 = EDGE_CURVE ( 'NONE', #346, #7484, #2265, .T. ) ;
#2880 = VECTOR ( 'NONE', #9878, 1000.000000000000000 ) ;
#2881 = UNCERTAINTY_MEASURE_WITH_UNIT (LENGTH_MEASURE( 1.000000000000000082E-05 ), #1991, 'distance_accuracy_value', 'NONE');
#2882 = ORIENTED_EDGE ( 'NONE', *, *, #1112, .F. ) ;
#2883 = MANIFOLD_SOLID_BREP ( '凸台-拉伸3[3]', #4912 ) ;
#2884 = DIRECTION ( 'NONE',  ( 0.0000000000000000000, 1.000000000000000000, -0.0000000000000000000 ) ) ;
#2885 = EDGE_LOOP ( 'NONE', ( #9394, #9338, #3713, #11135 ) ) ;
#2886 = B_SPLINE_SURFACE_WITH_KNOTS ( 'NONE', 3, 1, ( 
 ( #3260, #6924 ),
 ( #8762, #426 ),
 ( #6983, #9811 ),
 ( #3199, #4186 ) ),
 .UNSPECIFIED., .F., .F., .F.,
 ( 4, 4 ),
 ( 2, 2 ),
 ( 13.00000000000000000, 14.00000000000000000 ),
 ( 0.0000000000000000000, 1.000000000000000000 ),
 .UNSPECIFIED. ) ;
#2887 = ORIENTED_EDGE ( 'NONE', *, *, #796, .F. ) ;
#2888 = FACE_OUTER_BOUND ( 'NONE', #7175, .T. ) ;
#2890 = CARTESIAN_POINT ( 'NONE',  ( 2.065312111528040617, 1.137300706134778405, 0.6999999999999999556 ) ) ;
#2889 = STYLED_ITEM ( 'NONE', ( #4351 ), #8277 ) ;
#2891 =( NAMED_UNIT ( * ) SI_UNIT ( $, .STERADIAN. ) SOLID_ANGLE_UNIT ( ) );
#2892 = PRESENTATION_LAYER_ASSIGNMENT (  '', '', ( #1710 ) ) ;
#2893 = ORIENTED_EDGE ( 'NONE', *, *, #432, .F. ) ;
#2894 = FILL_AREA_STYLE_COLOUR ( '', #4522 ) ;
#2895 = SURFACE_SIDE_STYLE ('',( #6542 ) ) ;
#2896 =( LENGTH_UNIT ( ) NAMED_UNIT ( * ) SI_UNIT ( .MILLI., .METRE. ) );
#2897 = SURFACE_SIDE_STYLE ('',( #11442 ) ) ;
#2898 = VERTEX_POINT ( 'NONE', #5109 ) ;
#2899 = DIRECTION ( 'NONE',  ( -1.000000000000000000, -0.0000000000000000000, -0.0000000000000000000 ) ) ;
#2900 =( GEOMETRIC_REPRESENTATION_CONTEXT ( 3 ) GLOBAL_UNCERTAINTY_ASSIGNED_CONTEXT ( ( #10007 ) ) GLOBAL_UNIT_ASSIGNED_CONTEXT ( ( #11698, #6001, #4789 ) ) REPRESENTATION_CONTEXT ( 'NONE', 'WORKASPACE' ) );
#2901 = CARTESIAN_POINT ( 'NONE',  ( 1.345331291386396622, 1.456497748373132950, 0.6999999999999999556 ) ) ;
#2902 = VECTOR ( 'NONE', #7091, 1000.000000000000000 ) ;
#2903 = VERTEX_POINT ( 'NONE', #295 ) ;
#2904 = FILL_AREA_STYLE_COLOUR ( '', #8088 ) ;
#2905 = CARTESIAN_POINT ( 'NONE',  ( 1.464480625416062498, 1.132596622164890876, 0.7010000000000000675 ) ) ;
#2906 = ORIENTED_EDGE ( 'NONE', *, *, #9414, .T. ) ;
#2907 = ORIENTED_EDGE ( 'NONE', *, *, #6879, .T. ) ;
#2908 = FILL_AREA_STYLE ('',( #212 ) ) ;
#2909 = FACE_OUTER_BOUND ( 'NONE', #2181, .T. ) ;
#2910 = CARTESIAN_POINT ( 'NONE',  ( 2.284742622188141059, 1.460707008425642162, 0.6999999999999999556 ) ) ;
#2911 = VECTOR ( 'NONE', #5546, 1000.000000000000000 ) ;
#2912 = VECTOR ( 'NONE', #12123, 1000.000000000000000 ) ;
#2913 = PRODUCT_DEFINITION_FORMATION_WITH_SPECIFIED_SOURCE ( '任何', '', #5761, .NOT_KNOWN. ) ;
#2914 = COLOUR_RGB ( '',1.000000000000000000, 1.000000000000000000, 1.000000000000000000 ) ;
#2915 = CARTESIAN_POINT ( 'NONE',  ( 2.197818860384403994, 1.463535149958128612, 0.7010000000000000675 ) ) ;
#2916 = VERTEX_POINT ( 'NONE', #9810 ) ;
#2917 = AXIS2_PLACEMENT_3D ( 'NONE', #2969, #5559, #7575 ) ;
#2918 = CARTESIAN_POINT ( 'NONE',  ( 2.606485311813688810, 1.224141287305309023, 0.7010000000000000675 ) ) ;
#2919 = DIRECTION ( 'NONE',  ( 0.0000000000000000000, 0.0000000000000000000, 1.000000000000000000 ) ) ;
#2920 = VERTEX_POINT ( 'NONE', #4007 ) ;
#2921 = MECHANICAL_DESIGN_GEOMETRIC_PRESENTATION_REPRESENTATION (  '', ( #3533 ), #10091 ) ;
#2922 = EDGE_CURVE ( 'NONE', #8556, #2669, #7995, .T. ) ;
#2923 = VECTOR ( 'NONE', #3518, 1000.000000000000114 ) ;
#2924 = CARTESIAN_POINT ( 'NONE',  ( 2.222398737524740930, 1.463535149958128612, 0.6999999999999999556 ) ) ;
#2925 = STYLED_ITEM ( 'NONE', ( #2134 ), #184 ) ;
#2926 = VECTOR ( 'NONE', #1286, 1000.000000000000000 ) ;
#2927 = LINE ( 'NONE', #10590, #9210 ) ;
#2928 = ADVANCED_FACE ( 'NONE', ( #1198 ), #2312, .T. ) ;
#2929 = SURFACE_STYLE_USAGE ( .BOTH. , #3874 ) ;
#2930 = DIRECTION ( 'NONE',  ( -0.0000000000000000000, 1.000000000000000000, -0.0000000000000000000 ) ) ;
#2931 = DIRECTION ( 'NONE',  ( 0.0000000000000000000, -1.000000000000000000, 0.0000000000000000000 ) ) ;
#2932 = VECTOR ( 'NONE', #12085, 1000.000000000000000 ) ;
#2933 = DIRECTION ( 'NONE',  ( -0.0000000000000000000, -0.0000000000000000000, -1.000000000000000000 ) ) ;
#2934 = PRESENTATION_LAYER_ASSIGNMENT (  '', '', ( #5108 ) ) ;
#2935 = MANIFOLD_SOLID_BREP ( '凸台-拉伸3[10]', #4120 ) ;
#2936 = ORIENTED_EDGE ( 'NONE', *, *, #11977, .T. ) ;
#2937 = CARTESIAN_POINT ( 'NONE',  ( 2.083112767055617542, 1.163752147525683123, 0.6999999999999999556 ) ) ;
#2938 = CARTESIAN_POINT ( 'NONE',  ( 1.991738841369566693, 1.119749592507385039, 0.7010000000000000675 ) ) ;
#2939 = COLOUR_RGB ( '',1.000000000000000000, 1.000000000000000000, 1.000000000000000000 ) ;
#2940 = FILL_AREA_STYLE_COLOUR ( '', #12074 ) ;
#2941 = PLANE ( 'NONE',  #6747 ) ;
#2942 = UNCERTAINTY_MEASURE_WITH_UNIT (LENGTH_MEASURE( 1.000000000000000082E-05 ), #3421, 'distance_accuracy_value', 'NONE');
#2943 = VECTOR ( 'NONE', #194, 1000.000000000000000 ) ;
#2944 = SURFACE_STYLE_FILL_AREA ( #11490 ) ;
#2945 = ORIENTED_EDGE ( 'NONE', *, *, #2321, .T. ) ;
#2946 = VECTOR ( 'NONE', #5391, 1000.000000000000000 ) ;
#2947 = EDGE_CURVE ( 'NONE', #7580, #19, #7741, .T. ) ;
#2948 = PRESENTATION_LAYER_ASSIGNMENT (  '', '', ( #8323 ) ) ;
#2949 = EDGE_CURVE ( 'NONE', #3159, #4927, #1631, .T. ) ;
#2950 = CARTESIAN_POINT ( 'NONE',  ( 2.133021147039069199, 1.008370724510909255, 0.7010000000000000675 ) ) ;
#2951 = CARTESIAN_POINT ( 'NONE',  ( 2.012118096529444511, 1.165665302091744238, 0.7010000000000000675 ) ) ;
#2952 = LINE ( 'NONE', #9693, #7152 ) ;
#2953 =( NAMED_UNIT ( * ) SI_UNIT ( $, .STERADIAN. ) SOLID_ANGLE_UNIT ( ) );
#2954 = VECTOR ( 'NONE', #2095, 1000.000000000000000 ) ;
#2955 = DIRECTION ( 'NONE',  ( 0.0000000000000000000, 0.0000000000000000000, -1.000000000000000000 ) ) ;
#2956 = VERTEX_POINT ( 'NONE', #7163 ) ;
#2957 = UNCERTAINTY_MEASURE_WITH_UNIT (LENGTH_MEASURE( 1.000000000000000082E-05 ), #835, 'distance_accuracy_value', 'NONE');
#2958 = DIRECTION ( 'NONE',  ( 0.0000000000000000000, 0.0000000000000000000, 1.000000000000000000 ) ) ;
#2959 = VERTEX_POINT ( 'NONE', #1443 ) ;
#2960 = CARTESIAN_POINT ( 'NONE',  ( 1.926234092641942786, 1.399070159146746706, 0.6999999999999999556 ) ) ;
#2961 =( LENGTH_UNIT ( ) NAMED_UNIT ( * ) SI_UNIT ( .MILLI., .METRE. ) );
#2962 = ADVANCED_FACE ( 'NONE', ( #6258 ), #10727, .F. ) ;
#2963 = PRESENTATION_STYLE_ASSIGNMENT (( #4940 ) ) ;
#2964 = VECTOR ( 'NONE', #11825, 1000.000000000000000 ) ;
#2965 = B_SPLINE_CURVE_WITH_KNOTS ( 'NONE', 3,
 ( #4221, #8030, #1414, #8408 ),
 .UNSPECIFIED., .F., .F.,
 ( 4, 4 ),
 ( 2.000000000000000000, 3.000000000000000000 ),
 .UNSPECIFIED. ) ;
#2966 = ORIENTED_EDGE ( 'NONE', *, *, #974, .F. ) ;
#2967 = MECHANICAL_DESIGN_GEOMETRIC_PRESENTATION_REPRESENTATION (  '', ( #12323 ), #1784 ) ;
#2968 =( NAMED_UNIT ( * ) SI_UNIT ( $, .STERADIAN. ) SOLID_ANGLE_UNIT ( ) );
#2969 = CARTESIAN_POINT ( 'NONE',  ( 1.811735950896735892, 1.482250792451576649, 0.7010000000000000675 ) ) ;
#2970 = DIRECTION ( 'NONE',  ( -0.0000000000000000000, 1.000000000000000000, -0.0000000000000000000 ) ) ;
#2971 = DIRECTION ( 'NONE',  ( -1.000000000000000000, -0.0000000000000000000, -0.0000000000000000000 ) ) ;
#2972 = ORIENTED_EDGE ( 'NONE', *, *, #2638, .T. ) ;
#2973 = UNCERTAINTY_MEASURE_WITH_UNIT (LENGTH_MEASURE( 1.000000000000000082E-05 ), #5703, 'distance_accuracy_value', 'NONE');
#2974 = FILL_AREA_STYLE_COLOUR ( '', #149 ) ;
#2975 =( NAMED_UNIT ( * ) PLANE_ANGLE_UNIT ( ) SI_UNIT ( $, .RADIAN. ) );
#2976 = ORIENTED_EDGE ( 'NONE', *, *, #6010, .T. ) ;
#2977 = AXIS2_PLACEMENT_3D ( 'NONE', #11703, #4281, #10767 ) ;
#2978 = B_SPLINE_CURVE_WITH_KNOTS ( 'NONE', 3,
 ( #1381, #4249, #8055, #4930 ),
 .UNSPECIFIED., .F., .F.,
 ( 4, 4 ),
 ( 5.000000000000000000, 6.000000000000000000 ),
 .UNSPECIFIED. ) ;
#2979 = UNCERTAINTY_MEASURE_WITH_UNIT (LENGTH_MEASURE( 1.000000000000000082E-05 ), #7789, 'distance_accuracy_value', 'NONE');
#2980 = EDGE_LOOP ( 'NONE', ( #10565, #4953, #8240, #9300 ) ) ;
#2981 = SURFACE_SIDE_STYLE ('',( #7709 ) ) ;
#2982 = VERTEX_POINT ( 'NONE', #10292 ) ;
#2983 = DIRECTION ( 'NONE',  ( -1.000000000000000000, 0.0000000000000000000, 0.0000000000000000000 ) ) ;
#2984 = CARTESIAN_POINT ( 'NONE',  ( 1.811735950896735892, 1.224141287305309023, 0.7010000000000000675 ) ) ;
#2985 = MANIFOLD_SOLID_BREP ( '凸台-拉伸3[12]', #7703 ) ;
#2986 = CARTESIAN_POINT ( 'NONE',  ( 2.026009262291685431, 1.326287105004327449, 0.7010000000000000675 ) ) ;
#2987 = DIRECTION ( 'NONE',  ( -0.0000000000000000000, -0.0000000000000000000, -1.000000000000000000 ) ) ;
#2988 = CARTESIAN_POINT ( 'NONE',  ( 2.309280909012984662, 1.402979648912079158, 0.7010000000000000675 ) ) ;
#2989 = ORIENTED_EDGE ( 'NONE', *, *, #1571, .T. ) ;
#2990 = LINE ( 'NONE', #7838, #4180 ) ;
#2991 =( GEOMETRIC_REPRESENTATION_CONTEXT ( 3 ) GLOBAL_UNCERTAINTY_ASSIGNED_CONTEXT ( ( #1017 ) ) GLOBAL_UNIT_ASSIGNED_CONTEXT ( ( #10887, #3492, #9157 ) ) REPRESENTATION_CONTEXT ( 'NONE', 'WORKASPACE' ) );
#2992 = SURFACE_STYLE_USAGE ( .BOTH. , #4659 ) ;
#2993 = COLOUR_RGB ( '',1.000000000000000000, 1.000000000000000000, 1.000000000000000000 ) ;
#2994 =( LENGTH_UNIT ( ) NAMED_UNIT ( * ) SI_UNIT ( .MILLI., .METRE. ) );
#2995 = ORIENTED_EDGE ( 'NONE', *, *, #9602, .F. ) ;
#2996 = FACE_OUTER_BOUND ( 'NONE', #1899, .T. ) ;
#2997 =( NAMED_UNIT ( * ) PLANE_ANGLE_UNIT ( ) SI_UNIT ( $, .RADIAN. ) );
#2998 =( NAMED_UNIT ( * ) PLANE_ANGLE_UNIT ( ) SI_UNIT ( $, .RADIAN. ) );
#2999 = FACE_OUTER_BOUND ( 'NONE', #11464, .T. ) ;
#3000 = COLOUR_RGB ( '',1.000000000000000000, 1.000000000000000000, 1.000000000000000000 ) ;
#3001 = SURFACE_STYLE_USAGE ( .BOTH. , #6843 ) ;
#3002 = CARTESIAN_POINT ( 'NONE',  ( 1.013332672324957384, 1.247118867853497681, 0.6999999999999999556 ) ) ;
#3003 =( LENGTH_UNIT ( ) NAMED_UNIT ( * ) SI_UNIT ( .MILLI., .METRE. ) );
#3004 = CARTESIAN_POINT ( 'NONE',  ( 2.451062298482304058, 1.061439968560242697, 0.7010000000000000675 ) ) ;
#3005 = VERTEX_POINT ( 'NONE', #11358 ) ;
#3006 = SURFACE_STYLE_USAGE ( .BOTH. , #8691 ) ;
#3007 = CARTESIAN_POINT ( 'NONE',  ( 2.388136149386427043, 1.450059887362492139, 0.6999999999999999556 ) ) ;
#3008 = EDGE_CURVE ( 'NONE', #4790, #9960, #7611, .T. ) ;
#3009 = COLOUR_RGB ( '',1.000000000000000000, 1.000000000000000000, 1.000000000000000000 ) ;
#3010 = SURFACE_STYLE_USAGE ( .BOTH. , #11488 ) ;
#3011 = ORIENTED_EDGE ( 'NONE', *, *, #261, .T. ) ;
#3012 = VECTOR ( 'NONE', #1809, 1000.000000000000000 ) ;
#3013 = SURFACE_STYLE_USAGE ( .BOTH. , #11548 ) ;
#3014 = CARTESIAN_POINT ( 'NONE',  ( 2.088561098537006888, 1.105026620411373450, 0.7010000000000000675 ) ) ;
#3015 = SURFACE_STYLE_FILL_AREA ( #2093 ) ;
#3016 = SURFACE_SIDE_STYLE ('',( #4931 ) ) ;
#3017 = UNCERTAINTY_MEASURE_WITH_UNIT (LENGTH_MEASURE( 1.000000000000000082E-05 ), #11724, 'distance_accuracy_value', 'NONE');
#3018 = FILL_AREA_STYLE_COLOUR ( '', #1311 ) ;
#3019 = EDGE_CURVE ( 'NONE', #7562, #3195, #12204, .T. ) ;
#3020 = VECTOR ( 'NONE', #3893, 1000.000000000000000 ) ;
#3021 = EDGE_CURVE ( 'NONE', #9194, #5046, #11475, .T. ) ;
#3022 = SURFACE_SIDE_STYLE ('',( #3835 ) ) ;
#3023 = VERTEX_POINT ( 'NONE', #3689 ) ;
#3024 = ORIENTED_EDGE ( 'NONE', *, *, #4858, .F. ) ;
#3025 = FILL_AREA_STYLE ('',( #5002 ) ) ;
#3026 = MECHANICAL_DESIGN_GEOMETRIC_PRESENTATION_REPRESENTATION (  '', ( #416 ), #5398 ) ;
#3027 = CARTESIAN_POINT ( 'NONE',  ( 2.073255862009072636, 1.075331134321934945, 0.6999999999999999556 ) ) ;
#3028 = FILL_AREA_STYLE_COLOUR ( '', #9630 ) ;
#3029 = ORIENTED_EDGE ( 'NONE', *, *, #8873, .F. ) ;
#3030 =( GEOMETRIC_REPRESENTATION_CONTEXT ( 3 ) GLOBAL_UNCERTAINTY_ASSIGNED_CONTEXT ( ( #7678 ) ) GLOBAL_UNIT_ASSIGNED_CONTEXT ( ( #11730, #10728, #9871 ) ) REPRESENTATION_CONTEXT ( 'NONE', 'WORKASPACE' ) );
#3031 = CARTESIAN_POINT ( 'NONE',  ( 2.424901989307639560, 1.364051112525174858, 0.6999999999999999556 ) ) ;
#3032 = CARTESIAN_POINT ( 'NONE',  ( 2.113848011061852716, 1.074000244189454722, 0.6999999999999999556 ) ) ;
#3033 = CARTESIAN_POINT ( 'NONE',  ( 2.197818860384403994, 1.338098754933535917, 0.7010000000000000675 ) ) ;
#3034 = CARTESIAN_POINT ( 'NONE',  ( 1.145206697868407453, 1.431048376377577203, 0.7010000000000000675 ) ) ;
#3035 = ORIENTED_EDGE ( 'NONE', *, *, #11411, .F. ) ;
#3036 = STYLED_ITEM ( 'NONE', ( #11343 ), #2245 ) ;
#3037 = EDGE_CURVE ( 'NONE', #9638, #11154, #4009, .T. ) ;
#3038 = CARTESIAN_POINT ( 'NONE',  ( 2.240365754319293856, 1.177643313287374705, 0.6999999999999999556 ) ) ;
#3039 = CARTESIAN_POINT ( 'NONE',  ( 2.485166358137453901, 1.108187484477810791, 0.7010000000000000675 ) ) ;
#3040 = ORIENTED_EDGE ( 'NONE', *, *, #351, .F. ) ;
#3041 =( NAMED_UNIT ( * ) PLANE_ANGLE_UNIT ( ) SI_UNIT ( $, .RADIAN. ) );
#3042 = MECHANICAL_DESIGN_GEOMETRIC_PRESENTATION_REPRESENTATION (  '', ( #37 ), #429 ) ;
#3043 = CARTESIAN_POINT ( 'NONE',  ( 1.563964569228308843, 1.374365672672346106, 0.7010000000000000675 ) ) ;
#3044 = ORIENTED_EDGE ( 'NONE', *, *, #11251, .F. ) ;
#3045 = VERTEX_POINT ( 'NONE', #7475 ) ;
#3046 = PRESENTATION_STYLE_ASSIGNMENT (( #6622 ) ) ;
#3047 =( GEOMETRIC_REPRESENTATION_CONTEXT ( 3 ) GLOBAL_UNCERTAINTY_ASSIGNED_CONTEXT ( ( #9952 ) ) GLOBAL_UNIT_ASSIGNED_CONTEXT ( ( #8909, #11932, #4270 ) ) REPRESENTATION_CONTEXT ( 'NONE', 'WORKASPACE' ) );
#3048 = EDGE_LOOP ( 'NONE', ( #2907, #1152, #8883, #11380, #9365, #9629 ) ) ;
#3049 = CARTESIAN_POINT ( 'NONE',  ( 0.4000000000000010214, -1.700000000000000178, -0.0000000000000000000 ) ) ;
#3050 = FACE_OUTER_BOUND ( 'NONE', #8889, .T. ) ;
#3051 = CARTESIAN_POINT ( 'NONE',  ( 1.191478287326965146, 1.217042330292825936, 0.6999999999999999556 ) ) ;
#3052 = SURFACE_STYLE_USAGE ( .BOTH. , #6766 ) ;
#3053 = VERTEX_POINT ( 'NONE', #1059 ) ;
#3054 = CARTESIAN_POINT ( 'NONE',  ( 1.307157238909066876, 1.111774459862482134, 0.6999999999999999556 ) ) ;
#3055 = EDGE_CURVE ( 'NONE', #2360, #9381, #9617, .T. ) ;
#3056 = FILL_AREA_STYLE_COLOUR ( '', #906 ) ;
#3057 = ORIENTED_EDGE ( 'NONE', *, *, #6833, .T. ) ;
#3058 = PRESENTATION_LAYER_ASSIGNMENT (  '', '', ( #5222 ) ) ;
#3059 = CARTESIAN_POINT ( 'NONE',  ( -2.572501417082843744, -1.613201107017512959, 0.5999999999999999778 ) ) ;
#3060 = CARTESIAN_POINT ( 'NONE',  ( 1.145206675804391949, 1.124499085183668479, 0.7010000000000000675 ) ) ;
#3061 = PRESENTATION_LAYER_ASSIGNMENT (  '', '', ( #8642 ) ) ;
#3062 = SURFACE_SIDE_STYLE ('',( #9674 ) ) ;
#3063 = DIRECTION ( 'NONE',  ( -0.0000000000000000000, 1.000000000000000000, -0.0000000000000000000 ) ) ;
#3064 =( LENGTH_UNIT ( ) NAMED_UNIT ( * ) SI_UNIT ( .MILLI., .METRE. ) );
#3065 = CARTESIAN_POINT ( 'NONE',  ( 1.464480625416062498, 1.132596622164890876, 0.7010000000000000675 ) ) ;
#3066 = CARTESIAN_POINT ( 'NONE',  ( 1.191478265262949865, 0.9845275888515911955, 0.7010000000000000675 ) ) ;
#3067 = CARTESIAN_POINT ( 'NONE',  ( 2.164005932944939037, 1.006707111844477032, 0.7010000000000000675 ) ) ;
#3068 = CARTESIAN_POINT ( 'NONE',  ( 2.418413899909453768, 1.382434032485780895, 0.6999999999999999556 ) ) ;
#3069 = PLANE ( 'NONE',  #1949 ) ;
#3070 = DIRECTION ( 'NONE',  ( -0.0000000000000000000, -0.0000000000000000000, 1.000000000000000000 ) ) ;
#3071 = UNCERTAINTY_MEASURE_WITH_UNIT (LENGTH_MEASURE( 1.000000000000000082E-05 ), #10189, 'distance_accuracy_value', 'NONE');
#3072 =( NAMED_UNIT ( * ) PLANE_ANGLE_UNIT ( ) SI_UNIT ( $, .RADIAN. ) );
#3073 = VERTEX_POINT ( 'NONE', #3876 ) ;
#3074 = DIRECTION ( 'NONE',  ( -0.0000000000000000000, -0.0000000000000000000, -1.000000000000000000 ) ) ;
#3075 = CARTESIAN_POINT ( 'NONE',  ( 1.081583229266936730, 1.063189282105363676, 0.6999999999999999556 ) ) ;
#3076 = CARTESIAN_POINT ( 'NONE',  ( 1.983004874872476897, 1.084896907152239853, 0.6999999999999999556 ) ) ;
#3077 = B_SPLINE_SURFACE_WITH_KNOTS ( 'NONE', 3, 1, ( 
 ( #7482, #1770 ),
 ( #11240, #743 ),
 ( #3694, #5533 ),
 ( #4673, #6522 ) ),
 .UNSPECIFIED., .F., .F., .F.,
 ( 4, 4 ),
 ( 2, 2 ),
 ( 4.000000000000000000, 5.000000000000000000 ),
 ( 0.0000000000000000000, 1.000000000000000000 ),
 .UNSPECIFIED. ) ;
#3078 = UNCERTAINTY_MEASURE_WITH_UNIT (LENGTH_MEASURE( 1.000000000000000082E-05 ), #3687, 'distance_accuracy_value', 'NONE');
#3079 = EDGE_CURVE ( 'NONE', #8022, #8718, #2682, .T. ) ;
#3080 = ORIENTED_EDGE ( 'NONE', *, *, #6010, .F. ) ;
#3081 =( LENGTH_UNIT ( ) NAMED_UNIT ( * ) SI_UNIT ( .MILLI., .METRE. ) );
#3082 = ADVANCED_FACE ( 'NONE', ( #2019 ), #3639, .F. ) ;
#3083 = CARTESIAN_POINT ( 'NONE',  ( 1.014489422345931313, 1.090952209302905818, 0.6999999999999999556 ) ) ;
#3084 = CARTESIAN_POINT ( 'NONE',  ( 1.899241977134061177, 1.061439968560242475, 0.7010000000000000675 ) ) ;
#3085 = CARTESIAN_POINT ( 'NONE',  ( 2.105114044564763809, 1.067928057957318488, 0.7010000000000000675 ) ) ;
#3086 =( LENGTH_UNIT ( ) NAMED_UNIT ( * ) SI_UNIT ( .MILLI., .METRE. ) );
#3087 = CARTESIAN_POINT ( 'NONE',  ( 1.960878826413513298, 1.075414314955142503, 0.6999999999999999556 ) ) ;
#3088 = ORIENTED_EDGE ( 'NONE', *, *, #7893, .F. ) ;
#3089 = CARTESIAN_POINT ( 'NONE',  ( 1.345331291386396622, 1.456497748373132950, 0.7010000000000000675 ) ) ;
#3090 = SURFACE_STYLE_FILL_AREA ( #263 ) ;
#3091 = VERTEX_POINT ( 'NONE', #10713 ) ;
#3092 = COLOUR_RGB ( '',1.000000000000000000, 1.000000000000000000, 1.000000000000000000 ) ;
#3093 = DIRECTION ( 'NONE',  ( -0.0000000000000000000, -0.0000000000000000000, -1.000000000000000000 ) ) ;
#3094 = UNCERTAINTY_MEASURE_WITH_UNIT (LENGTH_MEASURE( 1.000000000000000082E-05 ), #7832, 'distance_accuracy_value', 'NONE');
#3095 = ORIENTED_EDGE ( 'NONE', *, *, #5564, .T. ) ;
#3096 = DIRECTION ( 'NONE',  ( 0.0000000000000000000, 0.0000000000000000000, -1.000000000000000000 ) ) ;
#3097 =( LENGTH_UNIT ( ) NAMED_UNIT ( * ) SI_UNIT ( .MILLI., .METRE. ) );
#3098 = CARTESIAN_POINT ( 'NONE',  ( 1.081583229266936730, 1.063189282105363676, 0.6999999999999999556 ) ) ;
#3099 = ORIENTED_EDGE ( 'NONE', *, *, #10769, .T. ) ;
#3100 = EDGE_CURVE ( 'NONE', #6606, #2759, #10770, .T. ) ;
#3101 = LINE ( 'NONE', #2178, #3139 ) ;
#3102 = SURFACE_SIDE_STYLE ('',( #8795 ) ) ;
#3103 = ADVANCED_FACE ( 'NONE', ( #2079 ), #7918, .F. ) ;
#3104 =( NAMED_UNIT ( * ) SI_UNIT ( $, .STERADIAN. ) SOLID_ANGLE_UNIT ( ) );
#3105 = COLOUR_RGB ( '',1.000000000000000000, 1.000000000000000000, 1.000000000000000000 ) ;
#3106 = VECTOR ( 'NONE', #12139, 1000.000000000000000 ) ;
#3107 = FILL_AREA_STYLE ('',( #7902 ) ) ;
#3108 = ORIENTED_EDGE ( 'NONE', *, *, #1571, .F. ) ;
#3109 = SURFACE_SIDE_STYLE ('',( #11631 ) ) ;
#3110 = SURFACE_STYLE_FILL_AREA ( #2293 ) ;
#3111 = CARTESIAN_POINT ( 'NONE',  ( 2.490947412151131246, 1.144287879332228863, 0.6999999999999999556 ) ) ;
#3112 = ORIENTED_EDGE ( 'NONE', *, *, #196, .F. ) ;
#3113 = CARTESIAN_POINT ( 'NONE',  ( 2.176815750474334177, 1.319549473706508769, 0.6999999999999999556 ) ) ;
#3114 = FACE_OUTER_BOUND ( 'NONE', #9588, .T. ) ;
#3115 = CARTESIAN_POINT ( 'NONE',  ( 2.041771992302835237, 1.132975313202283063, 0.7010000000000000675 ) ) ;
#3116 = MECHANICAL_DESIGN_GEOMETRIC_PRESENTATION_REPRESENTATION (  '', ( #8699 ), #5858 ) ;
#3117 = VECTOR ( 'NONE', #2517, 1000.000000000000227 ) ;
#3118 = SURFACE_SIDE_STYLE ('',( #10899 ) ) ;
#3119 = EDGE_CURVE ( 'NONE', #3159, #8259, #9677, .T. ) ;
#3120 = SURFACE_STYLE_FILL_AREA ( #539 ) ;
#3121 = CARTESIAN_POINT ( 'NONE',  ( 2.106819247547798923, 1.117420534774164587, 0.6999999999999999556 ) ) ;
#3122 = CARTESIAN_POINT ( 'NONE',  ( 0.9890400503509301222, 1.118715180629586525, 0.7010000000000000675 ) ) ;
#3123 = COLOUR_RGB ( '',1.000000000000000000, 1.000000000000000000, 1.000000000000000000 ) ;
#3124 = VECTOR ( 'NONE', #6972, 1000.000000000000000 ) ;
#3125 =( GEOMETRIC_REPRESENTATION_CONTEXT ( 3 ) GLOBAL_UNCERTAINTY_ASSIGNED_CONTEXT ( ( #6044 ) ) GLOBAL_UNIT_ASSIGNED_CONTEXT ( ( #8453, #12359, #10366 ) ) REPRESENTATION_CONTEXT ( 'NONE', 'WORKASPACE' ) );
#3126 = SURFACE_STYLE_USAGE ( .BOTH. , #4057 ) ;
#3127 =( NAMED_UNIT ( * ) SI_UNIT ( $, .STERADIAN. ) SOLID_ANGLE_UNIT ( ) );
#3128 = PLANE ( 'NONE',  #8307 ) ;
#3129 = CARTESIAN_POINT ( 'NONE',  ( 2.269354205026444582, 1.448229913429640581, 0.7010000000000000675 ) ) ;
#3130 = MECHANICAL_DESIGN_GEOMETRIC_PRESENTATION_REPRESENTATION (  '', ( #11654 ), #8906 ) ;
#3131 = SURFACE_SIDE_STYLE ('',( #4121 ) ) ;
#3132 = MECHANICAL_DESIGN_GEOMETRIC_PRESENTATION_REPRESENTATION (  '', ( #8712 ), #10290 ) ;
#3133 = B_SPLINE_CURVE_WITH_KNOTS ( 'NONE', 3,
 ( #7115, #8190, #2451, #311 ),
 .UNSPECIFIED., .F., .F.,
 ( 4, 4 ),
 ( 5.000000000000000000, 6.000000000000000000 ),
 .UNSPECIFIED. ) ;
#3134 = ORIENTED_EDGE ( 'NONE', *, *, #8278, .T. ) ;
#3135 = DIRECTION ( 'NONE',  ( -1.000000000000000000, -0.0000000000000000000, -0.0000000000000000000 ) ) ;
#3136 =( GEOMETRIC_REPRESENTATION_CONTEXT ( 3 ) GLOBAL_UNCERTAINTY_ASSIGNED_CONTEXT ( ( #10665 ) ) GLOBAL_UNIT_ASSIGNED_CONTEXT ( ( #6914, #3944, #2197 ) ) REPRESENTATION_CONTEXT ( 'NONE', 'WORKASPACE' ) );
#3137 = SURFACE_SIDE_STYLE ('',( #6853 ) ) ;
#3138 = CARTESIAN_POINT ( 'NONE',  ( 1.954765049865329507, 1.460041563358848826, 0.7010000000000000675 ) ) ;
#3139 = VECTOR ( 'NONE', #6887, 1000.000000000000000 ) ;
#3140 = CARTESIAN_POINT ( 'NONE',  ( 1.941372967903455704, 1.084148281452231632, 0.6999999999999999556 ) ) ;
#3141 = CARTESIAN_POINT ( 'NONE',  ( 2.242112547618933416, 1.338098754933535917, 0.7010000000000000675 ) ) ;
#3142 = SURFACE_STYLE_USAGE ( .BOTH. , #10664 ) ;
#3143 =( GEOMETRIC_REPRESENTATION_CONTEXT ( 3 ) GLOBAL_UNCERTAINTY_ASSIGNED_CONTEXT ( ( #3610 ) ) GLOBAL_UNIT_ASSIGNED_CONTEXT ( ( #4520, #10207, #2838 ) ) REPRESENTATION_CONTEXT ( 'NONE', 'WORKASPACE' ) );
#3144 = COLOUR_RGB ( '',1.000000000000000000, 1.000000000000000000, 1.000000000000000000 ) ;
#3145 = CARTESIAN_POINT ( 'NONE',  ( 1.928729511641029903, 1.067844877324111152, 0.6999999999999999556 ) ) ;
#3146 = ORIENTED_EDGE ( 'NONE', *, *, #11756, .F. ) ;
#3147 = ORIENTED_EDGE ( 'NONE', *, *, #6518, .T. ) ;
#3148 = LINE ( 'NONE', #6740, #2943 ) ;
#3149 = CARTESIAN_POINT ( 'NONE',  ( 1.897536774151580063, 1.338098754933535917, 0.6999999999999999556 ) ) ;
#3150 = SURFACE_STYLE_USAGE ( .BOTH. , #7641 ) ;
#3151 =( NAMED_UNIT ( * ) SI_UNIT ( $, .STERADIAN. ) SOLID_ANGLE_UNIT ( ) );
#3152 = PRESENTATION_LAYER_ASSIGNMENT (  '', '', ( #1554 ) ) ;
#3153 = DIRECTION ( 'NONE',  ( 0.0000000000000000000, 0.0000000000000000000, 1.000000000000000000 ) ) ;
#3154 = EDGE_CURVE ( 'NONE', #3974, #6030, #8686, .T. ) ;
#3155 = FACE_OUTER_BOUND ( 'NONE', #8969, .T. ) ;
#3156 = UNCERTAINTY_MEASURE_WITH_UNIT (LENGTH_MEASURE( 1.000000000000000082E-05 ), #4205, 'distance_accuracy_value', 'NONE');
#3157 = FILL_AREA_STYLE ('',( #7877 ) ) ;
#3158 = ORIENTED_EDGE ( 'NONE', *, *, #6738, .F. ) ;
#3159 = VERTEX_POINT ( 'NONE', #7847 ) ;
#3160 = EDGE_CURVE ( 'NONE', #1703, #7710, #6777, .T. ) ;
#3161 = CARTESIAN_POINT ( 'NONE',  ( 2.104157467281735805, 1.178641480887006043, 0.6999999999999999556 ) ) ;
#3162 = VECTOR ( 'NONE', #5082, 1000.000000000000000 ) ;
#3163 = VERTEX_POINT ( 'NONE', #10592 ) ;
#3164 = CARTESIAN_POINT ( 'NONE',  ( 2.391297013451754605, 1.461455634125646164, 0.7010000000000000675 ) ) ;
#3165 = DIRECTION ( 'NONE',  ( 1.000000000000000000, -0.0000000000000000000, -0.0000000000000000000 ) ) ;
#3166 = CARTESIAN_POINT ( 'NONE',  ( 1.226181979420744916, 1.217042330292825936, 0.6999999999999999556 ) ) ;
#3167 = ORIENTED_EDGE ( 'NONE', *, *, #714, .F. ) ;
#3168 = DIRECTION ( 'NONE',  ( 0.0000000000000000000, -1.000000000000000000, 0.0000000000000000000 ) ) ;
#3169 = LINE ( 'NONE', #7074, #1759 ) ;
#3170 = CARTESIAN_POINT ( 'NONE',  ( 2.281415396856392608, 1.366296989624078195, 0.7010000000000000675 ) ) ;
#3171 = FILL_AREA_STYLE_COLOUR ( '', #3372 ) ;
#3172 = ORIENTED_EDGE ( 'NONE', *, *, #11003, .T. ) ;
#3173 = SURFACE_STYLE_FILL_AREA ( #5880 ) ;
#3174 = VECTOR ( 'NONE', #4191, 1000.000000000000000 ) ;
#3175 = CARTESIAN_POINT ( 'NONE',  ( 0.9948240321290651167, 1.376679249938345562, 0.6999999999999999556 ) ) ;
#3176 = FACE_OUTER_BOUND ( 'NONE', #5987, .T. ) ;
#3177 = ORIENTED_EDGE ( 'NONE', *, *, #5067, .T. ) ;
#3178 =( NAMED_UNIT ( * ) SI_UNIT ( $, .STERADIAN. ) SOLID_ANGLE_UNIT ( ) );
#3179 = EDGE_CURVE ( 'NONE', #8652, #2228, #6348, .T. ) ;
#3180 = ADVANCED_FACE ( 'NONE', ( #2192 ), #10160, .F. ) ;
#3181 = CARTESIAN_POINT ( 'NONE',  ( 1.987662990337809354, 1.466030568956663283, 0.6999999999999999556 ) ) ;
#3182 = COLOUR_RGB ( '',1.000000000000000000, 1.000000000000000000, 1.000000000000000000 ) ;
#3183 = B_SPLINE_SURFACE_WITH_KNOTS ( 'NONE', 3, 1, ( 
 ( #2528, #3027 ),
 ( #4697, #2044 ),
 ( #135, #8586 ),
 ( #5800, #5738 ) ),
 .UNSPECIFIED., .F., .F., .F.,
 ( 4, 4 ),
 ( 2, 2 ),
 ( 0.0000000000000000000, 1.000000000000000000 ),
 ( 0.0000000000000000000, 1.000000000000000000 ),
 .UNSPECIFIED. ) ;
#3184 = CARTESIAN_POINT ( 'NONE',  ( 1.945324047985389271, 1.080654694852952069, 0.7010000000000000675 ) ) ;
#3185 = DIRECTION ( 'NONE',  ( 0.3315284183576436283, 0.9434452330799490971, -0.0000000000000000000 ) ) ;
#3186 = PRESENTATION_STYLE_ASSIGNMENT (( #7848 ) ) ;
#3187 = CARTESIAN_POINT ( 'NONE',  ( 1.987455038754229797, 1.484995753350852210, 0.7010000000000000675 ) ) ;
#3188 = DIRECTION ( 'NONE',  ( 0.0000000000000000000, 0.0000000000000000000, 1.000000000000000000 ) ) ;
#3189 = CARTESIAN_POINT ( 'NONE',  ( 2.014114431728712962, 1.339180103166382363, 0.6999999999999999556 ) ) ;
#3190 = CARTESIAN_POINT ( 'NONE',  ( 1.911136807696477646, 1.353819894628077725, 0.6999999999999999556 ) ) ;
#3191 = EDGE_CURVE ( 'NONE', #3053, #7231, #10841, .T. ) ;
#3193 = UNCERTAINTY_MEASURE_WITH_UNIT (LENGTH_MEASURE( 1.000000000000000082E-05 ), #8613, 'distance_accuracy_value', 'NONE');
#3192 = B_SPLINE_CURVE_WITH_KNOTS ( 'NONE', 3,
 ( #807, #6394, #10237, #1696 ),
 .UNSPECIFIED., .F., .F.,
 ( 4, 4 ),
 ( 10.00000000000000000, 11.00000000000000000 ),
 .UNSPECIFIED. ) ;
#3194 = VECTOR ( 'NONE', #2840, 1000.000000000000000 ) ;
#3195 = VERTEX_POINT ( 'NONE', #10901 ) ;
#3196 = MECHANICAL_DESIGN_GEOMETRIC_PRESENTATION_REPRESENTATION (  '', ( #787 ), #7770 ) ;
#3197 = CARTESIAN_POINT ( 'NONE',  ( 2.026009262291685431, 1.346416818264573267, 0.7010000000000000675 ) ) ;
#3198 =( LENGTH_UNIT ( ) NAMED_UNIT ( * ) SI_UNIT ( .MILLI., .METRE. ) );
#3199 = CARTESIAN_POINT ( 'NONE',  ( 2.060861947646282388, 1.148114188464350871, 0.7010000000000000675 ) ) ;
#3200 = PRESENTATION_STYLE_ASSIGNMENT (( #1445 ) ) ;
#3201 = MECHANICAL_DESIGN_GEOMETRIC_PRESENTATION_REPRESENTATION (  '', ( #1807 ), #189 ) ;
#3202 = STYLED_ITEM ( 'NONE', ( #2150 ), #9412 ) ;
#3203 = CARTESIAN_POINT ( 'NONE',  ( 2.269811698510213915, 1.355067604127344172, 0.7010000000000000675 ) ) ;
#3204 = CARTESIAN_POINT ( 'NONE',  ( 1.516536163556732930, 1.311899031315902242, 0.7010000000000000675 ) ) ;
#3205 =( LENGTH_UNIT ( ) NAMED_UNIT ( * ) SI_UNIT ( .MILLI., .METRE. ) );
#3206 = UNCERTAINTY_MEASURE_WITH_UNIT (LENGTH_MEASURE( 1.000000000000000082E-05 ), #3755, 'distance_accuracy_value', 'NONE');
#3207 = PRESENTATION_LAYER_ASSIGNMENT (  '', '', ( #9215 ) ) ;
#3208 = CARTESIAN_POINT ( 'NONE',  ( 2.097295065034097572, 1.091052274016473422, 0.6999999999999999556 ) ) ;
#3209 = ORIENTED_EDGE ( 'NONE', *, *, #9378, .T. ) ;
#3210 = VERTEX_POINT ( 'NONE', #653 ) ;
#3211 = DIRECTION ( 'NONE',  ( -1.000000000000000000, 0.0000000000000000000, 0.0000000000000000000 ) ) ;
#3212 = CARTESIAN_POINT ( 'NONE',  ( 2.221566931192634264, 1.319549473706508769, 0.7010000000000000675 ) ) ;
#3213 = VECTOR ( 'NONE', #11225, 1000.000000000000000 ) ;
#3214 =( NAMED_UNIT ( * ) PLANE_ANGLE_UNIT ( ) SI_UNIT ( $, .RADIAN. ) );
#3215 = CARTESIAN_POINT ( 'NONE',  ( 1.516536163556732930, 1.311899031315902242, 0.7010000000000000675 ) ) ;
#3216 = FACE_OUTER_BOUND ( 'NONE', #2220, .T. ) ;
#3217 = AXIS2_PLACEMENT_3D ( 'NONE', #3432, #406, #10031 ) ;
#3218 =( LENGTH_UNIT ( ) NAMED_UNIT ( * ) SI_UNIT ( .MILLI., .METRE. ) );
#3219 = ORIENTED_EDGE ( 'NONE', *, *, #2177, .F. ) ;
#3220 =( NAMED_UNIT ( * ) SI_UNIT ( $, .STERADIAN. ) SOLID_ANGLE_UNIT ( ) );
#3221 =( NAMED_UNIT ( * ) SI_UNIT ( $, .STERADIAN. ) SOLID_ANGLE_UNIT ( ) );
#3222 = ORIENTED_EDGE ( 'NONE', *, *, #9414, .F. ) ;
#3223 = LINE ( 'NONE', #5196, #11961 ) ;
#3224 = UNCERTAINTY_MEASURE_WITH_UNIT (LENGTH_MEASURE( 1.000000000000000082E-05 ), #6501, 'distance_accuracy_value', 'NONE');
#3225 = ORIENTED_EDGE ( 'NONE', *, *, #314, .F. ) ;
#3226 = CARTESIAN_POINT ( 'NONE',  ( 2.380566711756506137, 1.061439968560242475, 0.7010000000000000675 ) ) ;
#3227 = LINE ( 'NONE', #4152, #4035 ) ;
#3228 = FILL_AREA_STYLE_COLOUR ( '', #1228 ) ;
#3229 = ORIENTED_EDGE ( 'NONE', *, *, #3873, .T. ) ;
#3230 = PLANE ( 'NONE',  #7097 ) ;
#3231 = ADVANCED_FACE ( 'NONE', ( #12240 ), #1386, .F. ) ;
#3232 = LINE ( 'NONE', #5148, #7559 ) ;
#3233 = ORIENTED_EDGE ( 'NONE', *, *, #7519, .F. ) ;
#3234 = PRESENTATION_LAYER_ASSIGNMENT (  '', '', ( #823 ) ) ;
#3235 = SURFACE_SIDE_STYLE ('',( #3110 ) ) ;
#3236 = LINE ( 'NONE', #6175, #7470 ) ;
#3237 = ORIENTED_EDGE ( 'NONE', *, *, #6718, .T. ) ;
#3238 = CARTESIAN_POINT ( 'NONE',  ( 2.287196450871179287, 1.402397384478496489, 0.6999999999999999556 ) ) ;
#3239 = SURFACE_STYLE_USAGE ( .BOTH. , #8094 ) ;
#3240 = SURFACE_STYLE_FILL_AREA ( #10895 ) ;
#3241 = B_SPLINE_CURVE_WITH_KNOTS ( 'NONE', 3,
 ( #4890, #11450, #7706, #2846 ),
 .UNSPECIFIED., .F., .F.,
 ( 4, 4 ),
 ( 12.00000000000000000, 13.00000000000000000 ),
 .UNSPECIFIED. ) ;
#3242 = STYLED_ITEM ( 'NONE', ( #11170 ), #2183 ) ;
#3243 = DIRECTION ( 'NONE',  ( -0.9445574604294408871, -0.3283461648125118870, 0.0000000000000000000 ) ) ;
#3244 = AXIS2_PLACEMENT_3D ( 'NONE', #4033, #5928, #8607 ) ;
#3245 = CARTESIAN_POINT ( 'NONE',  ( 0.4000000000000014655, 1.700000000000000622, 0.0000000000000000000 ) ) ;
#3246 = EDGE_CURVE ( 'NONE', #962, #1775, #9978, .T. ) ;
#3247 = CARTESIAN_POINT ( 'NONE',  ( -2.949999999999998845, -1.700000000000000178, -0.1000000000000000056 ) ) ;
#3248 = EDGE_CURVE ( 'NONE', #6124, #5069, #1427, .T. ) ;
#3249 = CARTESIAN_POINT ( 'NONE',  ( 1.464480625416062498, 1.132596622164890876, 0.6999999999999999556 ) ) ;
#3250 = CARTESIAN_POINT ( 'NONE',  ( 1.678486726660851192, 1.222826256910922282, 0.7010000000000000675 ) ) ;
#3251 =( GEOMETRIC_REPRESENTATION_CONTEXT ( 3 ) GLOBAL_UNCERTAINTY_ASSIGNED_CONTEXT ( ( #7829 ) ) GLOBAL_UNIT_ASSIGNED_CONTEXT ( ( #5290, #6195, #6254 ) ) REPRESENTATION_CONTEXT ( 'NONE', 'WORKASPACE' ) );
#3252 = CARTESIAN_POINT ( 'NONE',  ( 1.154461006934623724, 1.429891582228573377, 0.6999999999999999556 ) ) ;
#3253 = COLOUR_RGB ( '',0.6470588235294117974, 0.6196078431372549211, 0.5882352941176470784 ) ;
#3254 = CARTESIAN_POINT ( 'NONE',  ( 1.635685497585844583, 1.112931231947474675, 0.7010000000000000675 ) ) ;
#3255 = EDGE_LOOP ( 'NONE', ( #6413, #10105, #11663, #3910 ) ) ;
#3256 = SURFACE_STYLE_USAGE ( .BOTH. , #2311 ) ;
#3257 = COLOUR_RGB ( '',1.000000000000000000, 1.000000000000000000, 1.000000000000000000 ) ;
#3258 = CARTESIAN_POINT ( 'NONE',  ( 2.165461594027785264, 1.040561629599990656, 0.7010000000000000675 ) ) ;
#3259 = EDGE_CURVE ( 'NONE', #5409, #7702, #9386, .T. ) ;
#3260 = CARTESIAN_POINT ( 'NONE',  ( 2.065312111528040617, 1.137300706134778405, 0.7010000000000000675 ) ) ;
#3261 = EDGE_CURVE ( 'NONE', #1989, #3974, #3669, .T. ) ;
#3262 = B_SPLINE_CURVE_WITH_KNOTS ( 'NONE', 3,
 ( #9856, #4177, #8869, #11771 ),
 .UNSPECIFIED., .F., .F.,
 ( 4, 4 ),
 ( 4.000000000000000000, 5.000000000000000000 ),
 .UNSPECIFIED. ) ;
#3263 = CARTESIAN_POINT ( 'NONE',  ( 1.566278113398840599, 1.311899031315902242, 0.7010000000000000675 ) ) ;
#3264 = SURFACE_STYLE_FILL_AREA ( #5238 ) ;
#3265 = ORIENTED_EDGE ( 'NONE', *, *, #6570, .T. ) ;
#3266 = ORIENTED_EDGE ( 'NONE', *, *, #3768, .F. ) ;
#3267 = CARTESIAN_POINT ( 'NONE',  ( 2.185009042854447081, 1.080737875486165622, 0.6999999999999999556 ) ) ;
#3268 = LINE ( 'NONE', #8956, #4821 ) ;
#3269 = ADVANCED_FACE ( 'NONE', ( #2599 ), #843, .T. ) ;
#3270 =( LENGTH_UNIT ( ) NAMED_UNIT ( * ) SI_UNIT ( .MILLI., .METRE. ) );
#3271 = CARTESIAN_POINT ( 'NONE',  ( 2.105114044564763809, 1.067928057957318488, 0.6999999999999999556 ) ) ;
#3272 =( NAMED_UNIT ( * ) PLANE_ANGLE_UNIT ( ) SI_UNIT ( $, .RADIAN. ) );
#3273 = CARTESIAN_POINT ( 'NONE',  ( 1.904191224815638073, 1.397822449646370480, 0.6999999999999999556 ) ) ;
#3274 = ORIENTED_EDGE ( 'NONE', *, *, #3802, .F. ) ;
#3275 = CARTESIAN_POINT ( 'NONE',  ( 2.057867444847376159, 1.117670076673799473, 0.7010000000000000675 ) ) ;
#3276 = PRESENTATION_STYLE_ASSIGNMENT (( #5249 ) ) ;
#3277 = EDGE_LOOP ( 'NONE', ( #4323, #7567, #8584, #4459 ) ) ;
#3278 = SURFACE_STYLE_USAGE ( .BOTH. , #9026 ) ;
#3279 = CARTESIAN_POINT ( 'NONE',  ( 2.111394182379369155, 1.112263335509567685, 0.6999999999999999556 ) ) ;
#3280 = B_SPLINE_SURFACE_WITH_KNOTS ( 'NONE', 3, 1, ( 
 ( #697, #3604 ),
 ( #11006, #9216 ),
 ( #7317, #7377 ),
 ( #11204, #10258 ) ),
 .UNSPECIFIED., .F., .F., .F.,
 ( 4, 4 ),
 ( 2, 2 ),
 ( 2.000000000000000000, 3.000000000000000000 ),
 ( 0.0000000000000000000, 1.000000000000000000 ),
 .UNSPECIFIED. ) ;
#3281 = VERTEX_POINT ( 'NONE', #5682 ) ;
#3282 = FILL_AREA_STYLE_COLOUR ( '', #4633 ) ;
#3283 = SURFACE_STYLE_FILL_AREA ( #2345 ) ;
#3284 = VERTEX_POINT ( 'NONE', #11384 ) ;
#3285 = FACE_OUTER_BOUND ( 'NONE', #6437, .T. ) ;
#3286 = DIRECTION ( 'NONE',  ( 0.3559357243643065383, 0.9345104387438677440, 0.0000000000000000000 ) ) ;
#3287 = DIRECTION ( 'NONE',  ( -1.000000000000000000, -0.0000000000000000000, -0.0000000000000000000 ) ) ;
#3288 =( NAMED_UNIT ( * ) SI_UNIT ( $, .STERADIAN. ) SOLID_ANGLE_UNIT ( ) );
#3289 = ORIENTED_EDGE ( 'NONE', *, *, #1410, .F. ) ;
#3290 = CARTESIAN_POINT ( 'NONE',  ( 2.141048078152759437, 1.006707111844477032, 0.6999999999999999556 ) ) ;
#3291 = CARTESIAN_POINT ( 'NONE',  ( 1.678486726660851192, 1.182338616135031995, 0.6999999999999999556 ) ) ;
#3292 = COLOUR_RGB ( '',1.000000000000000000, 1.000000000000000000, 1.000000000000000000 ) ;
#3293 =( LENGTH_UNIT ( ) NAMED_UNIT ( * ) SI_UNIT ( .MILLI., .METRE. ) );
#3294 = ORIENTED_EDGE ( 'NONE', *, *, #3962, .T. ) ;
#3295 = SURFACE_STYLE_FILL_AREA ( #2361 ) ;
#3296 =( LENGTH_UNIT ( ) NAMED_UNIT ( * ) SI_UNIT ( .MILLI., .METRE. ) );
#3297 = PRESENTATION_STYLE_ASSIGNMENT (( #6178 ) ) ;
#3298 = PRESENTATION_STYLE_ASSIGNMENT (( #4231 ) ) ;
#3299 = LINE ( 'NONE', #11888, #23 ) ;
#3300 = VECTOR ( 'NONE', #12262, 1000.000000000000000 ) ;
#3301 = MECHANICAL_DESIGN_GEOMETRIC_PRESENTATION_REPRESENTATION (  '', ( #1710 ), #3898 ) ;
#3302 = DIRECTION ( 'NONE',  ( -0.0000000000000000000, 1.000000000000000000, -0.0000000000000000000 ) ) ;
#3303 = SURFACE_SIDE_STYLE ('',( #9678 ) ) ;
#3304 = CARTESIAN_POINT ( 'NONE',  ( 2.076541497024772198, 1.163752147525683123, 0.6999999999999999556 ) ) ;
#3305 = SURFACE_STYLE_FILL_AREA ( #8165 ) ;
#3306 = EDGE_CURVE ( 'NONE', #8924, #8860, #9234, .T. ) ;
#3307 = DIRECTION ( 'NONE',  ( 0.3559357243643086477, -0.9345104387438669669, 0.0000000000000000000 ) ) ;
#3308 = SURFACE_STYLE_FILL_AREA ( #478 ) ;
#3309 = DIRECTION ( 'NONE',  ( 0.0000000000000000000, 0.0000000000000000000, 1.000000000000000000 ) ) ;
#3310 = DIRECTION ( 'NONE',  ( 0.3493954794691447319, -0.9369753459544848395, -0.0000000000000000000 ) ) ;
#3311 =( GEOMETRIC_REPRESENTATION_CONTEXT ( 3 ) GLOBAL_UNCERTAINTY_ASSIGNED_CONTEXT ( ( #6341 ) ) GLOBAL_UNIT_ASSIGNED_CONTEXT ( ( #1001, #11591, #1062 ) ) REPRESENTATION_CONTEXT ( 'NONE', 'WORKASPACE' ) );
#3312 = DIRECTION ( 'NONE',  ( -1.000000000000000000, -1.334402673828313339E-16, -0.0000000000000000000 ) ) ;
#3313 = EDGE_CURVE ( 'NONE', #7447, #6360, #7643, .T. ) ;
#3314 = UNCERTAINTY_MEASURE_WITH_UNIT (LENGTH_MEASURE( 1.000000000000000082E-05 ), #4959, 'distance_accuracy_value', 'NONE');
#3315 = ORIENTED_EDGE ( 'NONE', *, *, #10163, .T. ) ;
#3316 = DIRECTION ( 'NONE',  ( -0.0000000000000000000, -0.0000000000000000000, -1.000000000000000000 ) ) ;
#3317 = CARTESIAN_POINT ( 'NONE',  ( 1.464480625416062498, 1.132596622164890876, 0.6999999999999999556 ) ) ;
#3318 =( GEOMETRIC_REPRESENTATION_CONTEXT ( 3 ) GLOBAL_UNCERTAINTY_ASSIGNED_CONTEXT ( ( #7936 ) ) GLOBAL_UNIT_ASSIGNED_CONTEXT ( ( #5363, #6526, #4621 ) ) REPRESENTATION_CONTEXT ( 'NONE', 'WORKASPACE' ) );
#3319 = AXIS2_PLACEMENT_3D ( 'NONE', #2543, #3557, #6301 ) ;
#3320 = PLANE ( 'NONE',  #1406 ) ;
#3321 = CARTESIAN_POINT ( 'NONE',  ( 2.105114044564763809, 1.067928057957318488, 0.6999999999999999556 ) ) ;
#3322 = AXIS2_PLACEMENT_3D ( 'NONE', #2698, #10187, #6597 ) ;
#3323 = FACE_OUTER_BOUND ( 'NONE', #2692, .T. ) ;
#3324 = PLANE ( 'NONE',  #7287 ) ;
#3325 = VECTOR ( 'NONE', #12175, 1000.000000000000000 ) ;
#3326 = PRESENTATION_STYLE_ASSIGNMENT (( #2445 ) ) ;
#3327 = EDGE_CURVE ( 'NONE', #9893, #5941, #968, .T. ) ;
#3328 = UNCERTAINTY_MEASURE_WITH_UNIT (LENGTH_MEASURE( 1.000000000000000082E-05 ), #4739, 'distance_accuracy_value', 'NONE');
#3329 = VECTOR ( 'NONE', #56, 1000.000000000000000 ) ;
#3330 = EDGE_CURVE ( 'NONE', #2903, #1816, #7576, .T. ) ;
#3331 = CARTESIAN_POINT ( 'NONE',  ( 2.089268133920406001, 1.075331134321934945, 0.6999999999999999556 ) ) ;
#3332 = VERTEX_POINT ( 'NONE', #16 ) ;
#3333 = EDGE_CURVE ( 'NONE', #6471, #11396, #4832, .T. ) ;
#3334 = EDGE_LOOP ( 'NONE', ( #7224, #5746, #10575, #1790 ) ) ;
#3335 = FILL_AREA_STYLE ('',( #4374 ) ) ;
#3336 = COLOUR_RGB ( '',1.000000000000000000, 1.000000000000000000, 1.000000000000000000 ) ;
#3337 = CARTESIAN_POINT ( 'NONE',  ( 1.991738841369566693, 1.108603387643867011, 0.7010000000000000675 ) ) ;
#3338 = COLOUR_RGB ( '',1.000000000000000000, 1.000000000000000000, 1.000000000000000000 ) ;
#3339 = CARTESIAN_POINT ( 'NONE',  ( 2.076541497024772198, 1.163752147525683123, 0.6999999999999999556 ) ) ;
#3340 = COLOUR_RGB ( '',1.000000000000000000, 1.000000000000000000, 1.000000000000000000 ) ;
#3341 = STYLED_ITEM ( 'NONE', ( #2252 ), #3103 ) ;
#3342 = LINE ( 'NONE', #2335, #8905 ) ;
#3343 = LINE ( 'NONE', #9259, #6059 ) ;
#3344 = VERTEX_POINT ( 'NONE', #5622 ) ;
#3345 = LINE ( 'NONE', #4453, #4935 ) ;
#3346 = FILL_AREA_STYLE ('',( #10999 ) ) ;
#3347 = ORIENTED_EDGE ( 'NONE', *, *, #10856, .T. ) ;
#3348 =( LENGTH_UNIT ( ) NAMED_UNIT ( * ) SI_UNIT ( .MILLI., .METRE. ) );
#3349 = ADVANCED_FACE ( 'NONE', ( #9517 ), #12309, .F. ) ;
#3350 = CARTESIAN_POINT ( 'NONE',  ( 2.085109102254885993, 1.180305093553438711, 0.6999999999999999556 ) ) ;
#3351 = ORIENTED_EDGE ( 'NONE', *, *, #9225, .F. ) ;
#3352 = B_SPLINE_CURVE_WITH_KNOTS ( 'NONE', 3,
 ( #907, #7328, #10268, #11148 ),
 .UNSPECIFIED., .F., .F.,
 ( 4, 4 ),
 ( 19.00000000000000000, 20.00000000000000000 ),
 .UNSPECIFIED. ) ;
#3353 = CARTESIAN_POINT ( 'NONE',  ( 1.999017146783803822, 1.316804512807233207, 0.7010000000000000675 ) ) ;
#3354 = FACE_OUTER_BOUND ( 'NONE', #3741, .T. ) ;
#3355 = FILL_AREA_STYLE ('',( #520 ) ) ;
#3356 = ORIENTED_EDGE ( 'NONE', *, *, #11411, .T. ) ;
#3357 = CARTESIAN_POINT ( 'NONE',  ( 1.895540438951756279, 1.224141287305309023, 0.7010000000000000675 ) ) ;
#3358 = SURFACE_STYLE_FILL_AREA ( #10023 ) ;
#3359 = CARTESIAN_POINT ( 'NONE',  ( 1.191478287326965146, 1.217042330292825936, 0.6999999999999999556 ) ) ;
#3360 = ORIENTED_EDGE ( 'NONE', *, *, #2386, .T. ) ;
#3361 = CARTESIAN_POINT ( 'NONE',  ( 2.513031870295155290, 1.168992527423492689, 0.7010000000000000675 ) ) ;
#3362 = LINE ( 'NONE', #8344, #7922 ) ;
#3363 = ORIENTED_EDGE ( 'NONE', *, *, #8834, .F. ) ;
#3364 = SURFACE_SIDE_STYLE ('',( #3295 ) ) ;
#3365 = FILL_AREA_STYLE ('',( #9162 ) ) ;
#3366 = LINE ( 'NONE', #7146, #9792 ) ;
#3367 = CARTESIAN_POINT ( 'NONE',  ( 2.357151363480007866, 1.364051112525174858, 0.6999999999999999556 ) ) ;
#3368 =( NAMED_UNIT ( * ) SI_UNIT ( $, .STERADIAN. ) SOLID_ANGLE_UNIT ( ) );
#3369 = DIRECTION ( 'NONE',  ( -1.000000000000000000, 0.0000000000000000000, 0.0000000000000000000 ) ) ;
#3370 = B_SPLINE_CURVE_WITH_KNOTS ( 'NONE', 3,
 ( #1984, #6812, #8714, #9581 ),
 .UNSPECIFIED., .F., .F.,
 ( 4, 4 ),
 ( 11.00000000000000000, 12.00000000000000000 ),
 .UNSPECIFIED. ) ;
#3371 = CARTESIAN_POINT ( 'NONE',  ( 2.039734066786956568, 1.065515819591999369, 0.6999999999999999556 ) ) ;
#3372 = COLOUR_RGB ( '',1.000000000000000000, 1.000000000000000000, 1.000000000000000000 ) ;
#3373 = MECHANICAL_DESIGN_GEOMETRIC_PRESENTATION_REPRESENTATION (  '', ( #1370 ), #3961 ) ;
#3374 = SURFACE_STYLE_USAGE ( .BOTH. , #3303 ) ;
#3375 = PRESENTATION_STYLE_ASSIGNMENT (( #5341 ) ) ;
#3376 = DIRECTION ( 'NONE',  ( -0.0000000000000000000, 0.0000000000000000000, -1.000000000000000000 ) ) ;
#3377 = LINE ( 'NONE', #8168, #9105 ) ;
#3378 = CARTESIAN_POINT ( 'NONE',  ( 1.498027545424300611, 1.392874312867685260, 0.6999999999999999556 ) ) ;
#3379 = CARTESIAN_POINT ( 'NONE',  ( 2.445863508899988936, 1.079989249787272731, 0.6999999999999999556 ) ) ;
#3380 = STYLED_ITEM ( 'NONE', ( #532 ), #11269 ) ;
#3381 = ORIENTED_EDGE ( 'NONE', *, *, #1043, .F. ) ;
#3382 = CARTESIAN_POINT ( 'NONE',  ( 2.079577590140282872, 1.392831611648191581, 0.7010000000000000675 ) ) ;
#3383 = DIRECTION ( 'NONE',  ( -0.0000000000000000000, -0.0000000000000000000, -1.000000000000000000 ) ) ;
#3384 = AXIS2_PLACEMENT_3D ( 'NONE', #11594, #3070, #10040 ) ;
#3385 = ORIENTED_EDGE ( 'NONE', *, *, #5360, .T. ) ;
#3386 = CARTESIAN_POINT ( 'NONE',  ( 2.115927526894335831, 1.107106136244965455, 0.6999999999999999556 ) ) ;
#3387 = CARTESIAN_POINT ( 'NONE',  ( 1.925069563775328785, 1.339013741899961030, 0.7010000000000000675 ) ) ;
#3388 = ADVANCED_FACE ( 'NONE', ( #11886 ), #8257, .F. ) ;
#3389 = SURFACE_STYLE_USAGE ( .BOTH. , #11906 ) ;
#3390 = LINE ( 'NONE', #2444, #282 ) ;
#3391 = B_SPLINE_SURFACE_WITH_KNOTS ( 'NONE', 3, 1, ( 
 ( #2403, #7185 ),
 ( #7061, #9024 ),
 ( #6108, #10012 ),
 ( #6939, #4263 ) ),
 .UNSPECIFIED., .F., .F., .F.,
 ( 4, 4 ),
 ( 2, 2 ),
 ( 2.000000000000000000, 3.000000000000000000 ),
 ( 0.0000000000000000000, 1.000000000000000000 ),
 .UNSPECIFIED. ) ;
#3392 = FILL_AREA_STYLE ('',( #7230 ) ) ;
#3393 = COLOUR_RGB ( '',1.000000000000000000, 1.000000000000000000, 1.000000000000000000 ) ;
#3394 = ORIENTED_EDGE ( 'NONE', *, *, #6428, .F. ) ;
#3395 = ORIENTED_EDGE ( 'NONE', *, *, #4460, .T. ) ;
#3396 =( NAMED_UNIT ( * ) SI_UNIT ( $, .STERADIAN. ) SOLID_ANGLE_UNIT ( ) );
#3397 = CARTESIAN_POINT ( 'NONE',  ( 2.472148589025581433, 1.069009406190170264, 0.7010000000000000675 ) ) ;
#3398 = STYLED_ITEM ( 'NONE', ( #794 ), #10460 ) ;
#3399 = FILL_AREA_STYLE ('',( #11918 ) ) ;
#3400 = PRESENTATION_LAYER_ASSIGNMENT (  '', '', ( #2606 ) ) ;
#3401 = DIRECTION ( 'NONE',  ( 0.9306703226357521119, 0.3658589216693576840, -0.0000000000000000000 ) ) ;
#3402 = DIRECTION ( 'NONE',  ( 1.000000000000000000, 0.0000000000000000000, 0.0000000000000000000 ) ) ;
#3403 = ADVANCED_FACE ( 'NONE', ( #10431 ), #8863, .F. ) ;
#3404 = EDGE_CURVE ( 'NONE', #3210, #4656, #2159, .T. ) ;
#3405 = UNCERTAINTY_MEASURE_WITH_UNIT (LENGTH_MEASURE( 1.000000000000000082E-05 ), #7417, 'distance_accuracy_value', 'NONE');
#3406 = CARTESIAN_POINT ( 'NONE',  ( 1.930101992090114349, 1.169491611223866245, 0.6999999999999999556 ) ) ;
#3407 = ORIENTED_EDGE ( 'NONE', *, *, #711, .F. ) ;
#3408 =( GEOMETRIC_REPRESENTATION_CONTEXT ( 3 ) GLOBAL_UNCERTAINTY_ASSIGNED_CONTEXT ( ( #2575 ) ) GLOBAL_UNIT_ASSIGNED_CONTEXT ( ( #1771, #584, #2755 ) ) REPRESENTATION_CONTEXT ( 'NONE', 'WORKASPACE' ) );
#3409 = CARTESIAN_POINT ( 'NONE',  ( 1.922075060976422556, 1.073917063555137386, 0.7010000000000000675 ) ) ;
#3410 = CARTESIAN_POINT ( 'NONE',  ( 2.039734066786956568, 1.065515819591999369, 0.7010000000000000675 ) ) ;
#3411 = VERTEX_POINT ( 'NONE', #4939 ) ;
#3412 = CARTESIAN_POINT ( 'NONE',  ( 2.014363973628903626, 1.462869704891335054, 0.7010000000000000675 ) ) ;
#3413 = MECHANICAL_DESIGN_GEOMETRIC_PRESENTATION_REPRESENTATION (  '', ( #11942 ), #6963 ) ;
#3414 = ORIENTED_EDGE ( 'NONE', *, *, #5195, .F. ) ;
#3415 = CARTESIAN_POINT ( 'NONE',  ( 2.118214994310397614, 1.093048609215742761, 0.7010000000000000675 ) ) ;
#3416 = CARTESIAN_POINT ( 'NONE',  ( 2.393834022768006609, 1.450059887362492139, 0.7010000000000000675 ) ) ;
#3417 = LINE ( 'NONE', #2471, #6170 ) ;
#3418 = ORIENTED_EDGE ( 'NONE', *, *, #2804, .F. ) ;
#3419 = VECTOR ( 'NONE', #6555, 1000.000000000000000 ) ;
#3420 =( NAMED_UNIT ( * ) PLANE_ANGLE_UNIT ( ) SI_UNIT ( $, .RADIAN. ) );
#3421 =( LENGTH_UNIT ( ) NAMED_UNIT ( * ) SI_UNIT ( .MILLI., .METRE. ) );
#3422 = EDGE_CURVE ( 'NONE', #2244, #7657, #3148, .T. ) ;
#3423 =( NAMED_UNIT ( * ) SI_UNIT ( $, .STERADIAN. ) SOLID_ANGLE_UNIT ( ) );
#3424 = VERTEX_POINT ( 'NONE', #7693 ) ;
#3425 = DIRECTION ( 'NONE',  ( 1.000000000000000000, 0.0000000000000000000, 0.0000000000000000000 ) ) ;
#3426 =( NAMED_UNIT ( * ) SI_UNIT ( $, .STERADIAN. ) SOLID_ANGLE_UNIT ( ) );
#3427 = LINE ( 'NONE', #6055, #489 ) ;
#3428 = ORIENTED_EDGE ( 'NONE', *, *, #12334, .F. ) ;
#3429 = PRESENTATION_STYLE_ASSIGNMENT (( #2666 ) ) ;
#3430 = SURFACE_STYLE_USAGE ( .BOTH. , #11945 ) ;
#3431 = AXIS2_PLACEMENT_3D ( 'NONE', #2651, #586, #7374 ) ;
#3432 = CARTESIAN_POINT ( 'NONE',  ( 2.426149698806906230, 1.205425644811862096, 0.7010000000000000675 ) ) ;
#3433 = FACE_OUTER_BOUND ( 'NONE', #8907, .T. ) ;
#3434 = SURFACE_SIDE_STYLE ('',( #1746 ) ) ;
#3435 =( GEOMETRIC_REPRESENTATION_CONTEXT ( 3 ) GLOBAL_UNCERTAINTY_ASSIGNED_CONTEXT ( ( #10572 ) ) GLOBAL_UNIT_ASSIGNED_CONTEXT ( ( #1828, #7606, #105 ) ) REPRESENTATION_CONTEXT ( 'NONE', 'WORKASPACE' ) );
#3436 = FILL_AREA_STYLE_COLOUR ( '', #8313 ) ;
#3437 =( GEOMETRIC_REPRESENTATION_CONTEXT ( 3 ) GLOBAL_UNCERTAINTY_ASSIGNED_CONTEXT ( ( #57 ) ) GLOBAL_UNIT_ASSIGNED_CONTEXT ( ( #12214, #6646, #1898 ) ) REPRESENTATION_CONTEXT ( 'NONE', 'WORKASPACE' ) );
#3438 = ADVANCED_FACE ( 'NONE', ( #2888 ), #470, .F. ) ;
#3439 = VECTOR ( 'NONE', #3312, 1000.000000000000000 ) ;
#3440 = SURFACE_STYLE_USAGE ( .BOTH. , #1619 ) ;
#3441 = CARTESIAN_POINT ( 'NONE',  ( 1.943369303102723933, 1.477010412553765750, 0.7010000000000000675 ) ) ;
#3442 =( NAMED_UNIT ( * ) PLANE_ANGLE_UNIT ( ) SI_UNIT ( $, .RADIAN. ) );
#3443 = CARTESIAN_POINT ( 'NONE',  ( 2.560902324761062943, 1.105941607377797675, 0.7010000000000000675 ) ) ;
#3444 = VECTOR ( 'NONE', #2494, 1000.000000000000000 ) ;
#3445 = CARTESIAN_POINT ( 'NONE',  ( 1.991738841369566693, 1.119749592507385039, 0.7010000000000000675 ) ) ;
#3446 = LINE ( 'NONE', #7222, #5359 ) ;
#3447 = CARTESIAN_POINT ( 'NONE',  ( 1.607922570388302441, 1.082854716450815324, 0.7010000000000000675 ) ) ;
#3448 = UNCERTAINTY_MEASURE_WITH_UNIT (LENGTH_MEASURE( 1.000000000000000082E-05 ), #5947, 'distance_accuracy_value', 'NONE');
#3449 = ORIENTED_EDGE ( 'NONE', *, *, #11452, .F. ) ;
#3450 = FILL_AREA_STYLE ('',( #1498 ) ) ;
#3451 = B_SPLINE_CURVE_WITH_KNOTS ( 'NONE', 3,
 ( #498, #6463, #3588, #1455 ),
 .UNSPECIFIED., .F., .F.,
 ( 4, 4 ),
 ( 35.00000000000000000, 36.00000000000000000 ),
 .UNSPECIFIED. ) ;
#3452 = ORIENTED_EDGE ( 'NONE', *, *, #6727, .T. ) ;
#3453 = STYLED_ITEM ( 'NONE', ( #3046 ), #2261 ) ;
#3454 = COLOUR_RGB ( '',1.000000000000000000, 1.000000000000000000, 1.000000000000000000 ) ;
#3455 = FILL_AREA_STYLE ('',( #1693 ) ) ;
#3456 = PRESENTATION_STYLE_ASSIGNMENT (( #3577 ) ) ;
#3457 = FILL_AREA_STYLE ('',( #11112 ) ) ;
#3458 = DIRECTION ( 'NONE',  ( 0.0000000000000000000, 0.0000000000000000000, 1.000000000000000000 ) ) ;
#3459 = AXIS2_PLACEMENT_3D ( 'NONE', #1529, #6945, #8140 ) ;
#3460 =( NAMED_UNIT ( * ) PLANE_ANGLE_UNIT ( ) SI_UNIT ( $, .RADIAN. ) );
#3461 = LINE ( 'NONE', #11239, #2521 ) ;
#3462 = CARTESIAN_POINT ( 'NONE',  ( 2.105114044564763809, 1.067928057957318488, 0.7010000000000000675 ) ) ;
#3463 = UNCERTAINTY_MEASURE_WITH_UNIT (LENGTH_MEASURE( 1.000000000000000082E-05 ), #4857, 'distance_accuracy_value', 'NONE');
#3464 =( GEOMETRIC_REPRESENTATION_CONTEXT ( 3 ) GLOBAL_UNCERTAINTY_ASSIGNED_CONTEXT ( ( #6825 ) ) GLOBAL_UNIT_ASSIGNED_CONTEXT ( ( #11976, #4375, #5307 ) ) REPRESENTATION_CONTEXT ( 'NONE', 'WORKASPACE' ) );
#3465 =( NAMED_UNIT ( * ) PLANE_ANGLE_UNIT ( ) SI_UNIT ( $, .RADIAN. ) );
#3466 = ORIENTED_EDGE ( 'NONE', *, *, #6104, .T. ) ;
#3467 = EDGE_LOOP ( 'NONE', ( #7312, #9538, #10634, #11567 ) ) ;
#3468 = STYLED_ITEM ( 'NONE', ( #5262 ), #6679 ) ;
#3469 = DIRECTION ( 'NONE',  ( -1.000000000000000000, -0.0000000000000000000, -0.0000000000000000000 ) ) ;
#3470 = CARTESIAN_POINT ( 'NONE',  ( 1.013332672324957384, 1.199690484245381716, 0.7010000000000000675 ) ) ;
#3471 =( NAMED_UNIT ( * ) SI_UNIT ( $, .STERADIAN. ) SOLID_ANGLE_UNIT ( ) );
#3472 = DIRECTION ( 'NONE',  ( 0.0000000000000000000, -0.0000000000000000000, -1.000000000000000000 ) ) ;
#3473 = LINE ( 'NONE', #9135, #10844 ) ;
#3474 = FILL_AREA_STYLE_COLOUR ( '', #3710 ) ;
#3475 = ORIENTED_EDGE ( 'NONE', *, *, #8592, .T. ) ;
#3476 = EDGE_CURVE ( 'NONE', #2101, #8652, #11559, .T. ) ;
#3477 = ADVANCED_FACE ( 'NONE', ( #10611 ), #4017, .F. ) ;
#3478 = SURFACE_STYLE_USAGE ( .BOTH. , #6107 ) ;
#3479 = CARTESIAN_POINT ( 'NONE',  ( 1.811735950896735892, 1.061439968560242475, 0.7010000000000000675 ) ) ;
#3480 = ORIENTED_EDGE ( 'NONE', *, *, #10705, .T. ) ;
#3481 = DIRECTION ( 'NONE',  ( 0.0000000000000000000, 0.0000000000000000000, 1.000000000000000000 ) ) ;
#3482 = CARTESIAN_POINT ( 'NONE',  ( -2.572501417082843744, -1.613201107017512959, 0.5999999999999999778 ) ) ;
#3483 = EDGE_CURVE ( 'NONE', #9053, #5409, #4160, .T. ) ;
#3484 = EDGE_LOOP ( 'NONE', ( #12137, #11974, #570, #9318 ) ) ;
#3485 =( NAMED_UNIT ( * ) PLANE_ANGLE_UNIT ( ) SI_UNIT ( $, .RADIAN. ) );
#3486 = CARTESIAN_POINT ( 'NONE',  ( 2.068306614327502402, 1.134638925868715509, 0.7010000000000000675 ) ) ;
#3487 = ORIENTED_EDGE ( 'NONE', *, *, #9976, .T. ) ;
#3488 = CARTESIAN_POINT ( 'NONE',  ( 2.425193121523877782, 1.079989249787272731, 0.7010000000000000675 ) ) ;
#3489 =( LENGTH_UNIT ( ) NAMED_UNIT ( * ) SI_UNIT ( .MILLI., .METRE. ) );
#3490 = CARTESIAN_POINT ( 'NONE',  ( 2.058574480230774828, 1.482250792451576649, 0.6999999999999999556 ) ) ;
#3491 = ORIENTED_EDGE ( 'NONE', *, *, #8873, .T. ) ;
#3492 =( NAMED_UNIT ( * ) PLANE_ANGLE_UNIT ( ) SI_UNIT ( $, .RADIAN. ) );
#3493 = B_SPLINE_CURVE_WITH_KNOTS ( 'NONE', 3,
 ( #4220, #340, #10695, #10760 ),
 .UNSPECIFIED., .F., .F.,
 ( 4, 4 ),
 ( 5.000000000000000000, 6.000000000000000000 ),
 .UNSPECIFIED. ) ;
#3494 = LINE ( 'NONE', #11879, #10501 ) ;
#3495 = EDGE_LOOP ( 'NONE', ( #11273, #2586, #5659, #9392, #10000, #10046, #5791, #11801, #10696, #3777, #5240, #10305, #10523, #12167, #1479, #2176, #11672, #2414, #10610, #4081, #4755, #8843, #5005, #4902, #6416, #12328, #81, #1719, #11367, #6533, #342, #4908, #4036 ) ) ;
#3496 = PLANE ( 'NONE',  #3319 ) ;
#3497 = CARTESIAN_POINT ( 'NONE',  ( 1.507281854490515549, 1.311899031315902242, 0.6999999999999999556 ) ) ;
#3498 = EDGE_CURVE ( 'NONE', #10434, #3543, #3133, .T. ) ;
#3499 = EDGE_CURVE ( 'NONE', #2956, #6420, #6207, .T. ) ;
#3500 = DIRECTION ( 'NONE',  ( -0.0000000000000000000, -0.0000000000000000000, -1.000000000000000000 ) ) ;
#3501 = B_SPLINE_SURFACE_WITH_KNOTS ( 'NONE', 3, 1, ( 
 ( #4469, #4583 ),
 ( #602, #7334 ),
 ( #8477, #6304 ),
 ( #12185, #11153 ) ),
 .UNSPECIFIED., .F., .F., .F.,
 ( 4, 4 ),
 ( 2, 2 ),
 ( 4.000000000000000000, 5.000000000000000000 ),
 ( 0.0000000000000000000, 1.000000000000000000 ),
 .UNSPECIFIED. ) ;
#3502 = CARTESIAN_POINT ( 'NONE',  ( 1.678486726660851192, 1.222826256910922282, 0.6999999999999999556 ) ) ;
#3503 =( NAMED_UNIT ( * ) SI_UNIT ( $, .STERADIAN. ) SOLID_ANGLE_UNIT ( ) );
#3504 = SURFACE_STYLE_FILL_AREA ( #4289 ) ;
#3505 =( LENGTH_UNIT ( ) NAMED_UNIT ( * ) SI_UNIT ( .MILLI., .METRE. ) );
#3506 = SURFACE_SIDE_STYLE ('',( #546 ) ) ;
#3507 =( NAMED_UNIT ( * ) PLANE_ANGLE_UNIT ( ) SI_UNIT ( $, .RADIAN. ) );
#3508 = FILL_AREA_STYLE ('',( #8231 ) ) ;
#3509 = SURFACE_SIDE_STYLE ('',( #9242 ) ) ;
#3510 = EDGE_CURVE ( 'NONE', #6415, #5833, #2374, .T. ) ;
#3511 = COLOUR_RGB ( '',1.000000000000000000, 1.000000000000000000, 1.000000000000000000 ) ;
#3512 = ORIENTED_EDGE ( 'NONE', *, *, #6315, .F. ) ;
#3513 = SURFACE_STYLE_FILL_AREA ( #3450 ) ;
#3514 = PLANE ( 'NONE',  #3928 ) ;
#3515 = SURFACE_SIDE_STYLE ('',( #8495 ) ) ;
#3516 = DIRECTION ( 'NONE',  ( -0.0000000000000000000, -0.0000000000000000000, -1.000000000000000000 ) ) ;
#3517 = CARTESIAN_POINT ( 'NONE',  ( 2.085109102254885993, 1.058695007660964693, 0.7010000000000000675 ) ) ;
#3518 = DIRECTION ( 'NONE',  ( -0.3559357243643065383, -0.9345104387438677440, -0.0000000000000000000 ) ) ;
#3519 = DIRECTION ( 'NONE',  ( -1.000000000000000000, -0.0000000000000000000, -0.0000000000000000000 ) ) ;
#3520 = CARTESIAN_POINT ( 'NONE',  ( 1.501497905808405031, 1.465752062954798651, 0.7010000000000000675 ) ) ;
#3521 = ORIENTED_EDGE ( 'NONE', *, *, #9289, .T. ) ;
#3522 = ORIENTED_EDGE ( 'NONE', *, *, #31, .F. ) ;
#3523 = CARTESIAN_POINT ( 'NONE',  ( 2.545264365699737130, 1.061439968560242475, 0.7010000000000000675 ) ) ;
#3524 = VECTOR ( 'NONE', #11339, 1000.000000000000000 ) ;
#3525 = VECTOR ( 'NONE', #9460, 1000.000000000000000 ) ;
#3526 = B_SPLINE_CURVE_WITH_KNOTS ( 'NONE', 3,
 ( #2532, #7133, #5146, #9898 ),
 .UNSPECIFIED., .F., .F.,
 ( 4, 4 ),
 ( 17.00000000000000000, 18.00000000000000000 ),
 .UNSPECIFIED. ) ;
#3527 = CARTESIAN_POINT ( 'NONE',  ( 1.991198167253144025, 1.079406985353685622, 0.6999999999999999556 ) ) ;
#3528 = SURFACE_STYLE_FILL_AREA ( #749 ) ;
#3529 = CARTESIAN_POINT ( 'NONE',  ( 1.030684518371847380, 1.412539736182238048, 0.7010000000000000675 ) ) ;
#3530 = CARTESIAN_POINT ( 'NONE',  ( 2.151612018582703456, 1.177643313287374705, 0.6999999999999999556 ) ) ;
#3531 = UNCERTAINTY_MEASURE_WITH_UNIT (LENGTH_MEASURE( 1.000000000000000082E-05 ), #8870, 'distance_accuracy_value', 'NONE');
#3532 = ORIENTED_EDGE ( 'NONE', *, *, #11831, .F. ) ;
#3533 = STYLED_ITEM ( 'NONE', ( #60 ), #3664 ) ;
#3534 = CARTESIAN_POINT ( 'NONE',  ( -2.949999999999998845, -1.700000000000000178, 0.0000000000000000000 ) ) ;
#3535 =( GEOMETRIC_REPRESENTATION_CONTEXT ( 3 ) GLOBAL_UNCERTAINTY_ASSIGNED_CONTEXT ( ( #10740 ) ) GLOBAL_UNIT_ASSIGNED_CONTEXT ( ( #190, #1259, #7753 ) ) REPRESENTATION_CONTEXT ( 'NONE', 'WORKASPACE' ) );
#3536 = MECHANICAL_DESIGN_GEOMETRIC_PRESENTATION_REPRESENTATION (  '', ( #10481 ), #6473 ) ;
#3537 = FILL_AREA_STYLE ('',( #9626 ) ) ;
#3538 = UNCERTAINTY_MEASURE_WITH_UNIT (LENGTH_MEASURE( 1.000000000000000082E-05 ), #11076, 'distance_accuracy_value', 'NONE');
#3539 = ORIENTED_EDGE ( 'NONE', *, *, #3483, .T. ) ;
#3540 = COLOUR_RGB ( '',1.000000000000000000, 1.000000000000000000, 1.000000000000000000 ) ;
#3541 = CARTESIAN_POINT ( 'NONE',  ( 2.177813918073971955, 1.019101026207267946, 0.6999999999999999556 ) ) ;
#3542 = AXIS2_PLACEMENT_3D ( 'NONE', #12298, #7683, #11496 ) ;
#3543 = VERTEX_POINT ( 'NONE', #11847 ) ;
#3544 = FACE_OUTER_BOUND ( 'NONE', #7098, .T. ) ;
#3545 = ADVANCED_FACE ( 'NONE', ( #1393 ), #2285, .F. ) ;
#3546 = ORIENTED_EDGE ( 'NONE', *, *, #4905, .T. ) ;
#3547 = CARTESIAN_POINT ( 'NONE',  ( 2.380566711756506137, 1.061439968560242475, 0.7010000000000000675 ) ) ;
#3548 = CARTESIAN_POINT ( 'NONE',  ( 2.445530786367152043, 1.205425644811862096, 0.7010000000000000675 ) ) ;
#3549 = DIRECTION ( 'NONE',  ( -0.0000000000000000000, -0.0000000000000000000, -1.000000000000000000 ) ) ;
#3550 = STYLED_ITEM ( 'NONE', ( #1538 ), #12063 ) ;
#3551 = ORIENTED_EDGE ( 'NONE', *, *, #9868, .T. ) ;
#3552 = CARTESIAN_POINT ( 'NONE',  ( 2.133021147039069199, 1.008370724510909255, 0.6999999999999999556 ) ) ;
#3553 = EDGE_CURVE ( 'NONE', #4070, #328, #5059, .T. ) ;
#3554 = PLANE ( 'NONE',  #8322 ) ;
#3555 = CARTESIAN_POINT ( 'NONE',  ( 2.060861947646282388, 1.143456072999012196, 0.6999999999999999556 ) ) ;
#3556 = ORIENTED_EDGE ( 'NONE', *, *, #6572, .F. ) ;
#3557 = DIRECTION ( 'NONE',  ( 0.0000000000000000000, 1.000000000000000000, 0.0000000000000000000 ) ) ;
#3558 = SURFACE_STYLE_FILL_AREA ( #6177 ) ;
#3559 = STYLED_ITEM ( 'NONE', ( #1178 ), #4305 ) ;
#3560 = VERTEX_POINT ( 'NONE', #7050 ) ;
#3561 = VECTOR ( 'NONE', #10085, 1000.000000000000000 ) ;
#3562 =( NAMED_UNIT ( * ) SI_UNIT ( $, .STERADIAN. ) SOLID_ANGLE_UNIT ( ) );
#3563 = CARTESIAN_POINT ( 'NONE',  ( 1.811735950896735892, 1.482250792451576649, 0.7010000000000000675 ) ) ;
#3564 = EDGE_CURVE ( 'NONE', #8690, #240, #5034, .T. ) ;
#3565 =( NAMED_UNIT ( * ) SI_UNIT ( $, .STERADIAN. ) SOLID_ANGLE_UNIT ( ) );
#3566 =( GEOMETRIC_REPRESENTATION_CONTEXT ( 3 ) GLOBAL_UNCERTAINTY_ASSIGNED_CONTEXT ( ( #8472 ) ) GLOBAL_UNIT_ASSIGNED_CONTEXT ( ( #1200, #8825, #2266 ) ) REPRESENTATION_CONTEXT ( 'NONE', 'WORKASPACE' ) );
#3567 = CARTESIAN_POINT ( 'NONE',  ( 1.927689753724234345, 1.461039730958485716, 0.7010000000000000675 ) ) ;
#3568 = CARTESIAN_POINT ( 'NONE',  ( 2.464703922344361864, 1.319549473706508769, 0.7010000000000000675 ) ) ;
#3569 = COLOUR_RGB ( '',1.000000000000000000, 1.000000000000000000, 1.000000000000000000 ) ;
#3570 = EDGE_CURVE ( 'NONE', #8655, #2898, #2274, .T. ) ;
#3571 = FILL_AREA_STYLE ('',( #1755 ) ) ;
#3572 = ORIENTED_EDGE ( 'NONE', *, *, #8833, .F. ) ;
#3573 = VECTOR ( 'NONE', #5877, 1000.000000000000000 ) ;
#3574 = DIRECTION ( 'NONE',  ( -0.0000000000000000000, -0.0000000000000000000, -1.000000000000000000 ) ) ;
#3575 = MECHANICAL_DESIGN_GEOMETRIC_PRESENTATION_REPRESENTATION (  '', ( #160 ), #5140 ) ;
#3576 = PRESENTATION_STYLE_ASSIGNMENT (( #4432 ) ) ;
#3577 = SURFACE_STYLE_USAGE ( .BOTH. , #1501 ) ;
#3578 = FACE_OUTER_BOUND ( 'NONE', #436, .T. ) ;
#3579 = CARTESIAN_POINT ( 'NONE',  ( 1.925069563775328785, 1.339013741899961030, 0.7010000000000000675 ) ) ;
#3580 = ADVANCED_FACE ( 'NONE', ( #3649 ), #11307, .F. ) ;
#3581 = CARTESIAN_POINT ( 'NONE',  ( 2.301087616632872201, 1.357563023126987956, 0.7010000000000000675 ) ) ;
#3582 =( LENGTH_UNIT ( ) NAMED_UNIT ( * ) SI_UNIT ( .MILLI., .METRE. ) );
#3583 = DIRECTION ( 'NONE',  ( -0.0000000000000000000, -0.0000000000000000000, -1.000000000000000000 ) ) ;
#3584 =( GEOMETRIC_REPRESENTATION_CONTEXT ( 3 ) GLOBAL_UNCERTAINTY_ASSIGNED_CONTEXT ( ( #2603 ) ) GLOBAL_UNIT_ASSIGNED_CONTEXT ( ( #6935, #256, #9070 ) ) REPRESENTATION_CONTEXT ( 'NONE', 'WORKASPACE' ) );
#3585 = CARTESIAN_POINT ( 'NONE',  ( 1.529260877134530183, 1.440302685443794140, 0.6999999999999999556 ) ) ;
#3586 = ORIENTED_EDGE ( 'NONE', *, *, #9493, .T. ) ;
#3587 = ORIENTED_EDGE ( 'NONE', *, *, #8834, .T. ) ;
#3588 = CARTESIAN_POINT ( 'NONE',  ( 1.629901548903732955, 1.353543466240797466, 0.6999999999999999556 ) ) ;
#3589 = CARTESIAN_POINT ( 'NONE',  ( 1.999017146783803822, 1.316804512807233207, 0.6999999999999999556 ) ) ;
#3590 = CARTESIAN_POINT ( 'NONE',  ( 1.127854851821517679, 1.432205159494573943, 0.6999999999999999556 ) ) ;
#3591 = DIRECTION ( 'NONE',  ( -0.0000000000000000000, -0.0000000000000000000, -1.000000000000000000 ) ) ;
#3592 = STYLED_ITEM ( 'NONE', ( #5636 ), #9751 ) ;
#3593 = VECTOR ( 'NONE', #6217, 1000.000000000000000 ) ;
#3594 = APPLICATION_PROTOCOL_DEFINITION ( 'draft international standard', 'automotive_design', 1998, #162 ) ;
#3595 = CARTESIAN_POINT ( 'NONE',  ( 2.070718852693380629, 1.112512877409197243, 0.6999999999999999556 ) ) ;
#3596 = ORIENTED_EDGE ( 'NONE', *, *, #3313, .T. ) ;
#3597 =( LENGTH_UNIT ( ) NAMED_UNIT ( * ) SI_UNIT ( .MILLI., .METRE. ) );
#3598 = ORIENTED_EDGE ( 'NONE', *, *, #111, .F. ) ;
#3599 = DIRECTION ( 'NONE',  ( -0.0000000000000000000, 1.000000000000000000, -0.0000000000000000000 ) ) ;
#3600 = B_SPLINE_SURFACE_WITH_KNOTS ( 'NONE', 3, 1, ( 
 ( #3129, #4059 ),
 ( #2198, #5958 ),
 ( #8942, #290 ),
 ( #7927, #9804 ) ),
 .UNSPECIFIED., .F., .F., .F.,
 ( 4, 4 ),
 ( 2, 2 ),
 ( 5.000000000000000000, 6.000000000000000000 ),
 ( 0.0000000000000000000, 1.000000000000000000 ),
 .UNSPECIFIED. ) ;
#3601 = ORIENTED_EDGE ( 'NONE', *, *, #2879, .T. ) ;
#3602 =( GEOMETRIC_REPRESENTATION_CONTEXT ( 3 ) GLOBAL_UNCERTAINTY_ASSIGNED_CONTEXT ( ( #5376 ) ) GLOBAL_UNIT_ASSIGNED_CONTEXT ( ( #6426, #7523, #775 ) ) REPRESENTATION_CONTEXT ( 'NONE', 'WORKASPACE' ) );
#3603 = MECHANICAL_DESIGN_GEOMETRIC_PRESENTATION_REPRESENTATION (  '', ( #1196 ), #7358 ) ;
#3604 = CARTESIAN_POINT ( 'NONE',  ( 2.133021147039069199, 1.008370724510909255, 0.6999999999999999556 ) ) ;
#3605 = ORIENTED_EDGE ( 'NONE', *, *, #9116, .F. ) ;
#3606 = SURFACE_STYLE_FILL_AREA ( #5621 ) ;
#3607 = CARTESIAN_POINT ( 'NONE',  ( 2.284742622188141059, 1.460707008425642162, 0.6999999999999999556 ) ) ;
#3608 = DIRECTION ( 'NONE',  ( 1.334402673828313586E-16, -1.000000000000000000, 0.0000000000000000000 ) ) ;
#3609 = ORIENTED_EDGE ( 'NONE', *, *, #11545, .T. ) ;
#3610 = UNCERTAINTY_MEASURE_WITH_UNIT (LENGTH_MEASURE( 1.000000000000000082E-05 ), #4520, 'distance_accuracy_value', 'NONE');
#3611 = CARTESIAN_POINT ( 'NONE',  ( 2.341513404418675393, 1.153354568362160437, 0.7010000000000000675 ) ) ;
#3612 = ORIENTED_EDGE ( 'NONE', *, *, #9724, .F. ) ;
#3613 = CARTESIAN_POINT ( 'NONE',  ( 2.174403512108454173, 1.061689510459877583, 0.7010000000000000675 ) ) ;
#3614 = CARTESIAN_POINT ( 'NONE',  ( 2.014114431728712962, 1.339180103166382363, 0.7010000000000000675 ) ) ;
#3615 = CARTESIAN_POINT ( 'NONE',  ( 1.513065803172628732, 1.311899031315902242, 0.6999999999999999556 ) ) ;
#3616 = ORIENTED_EDGE ( 'NONE', *, *, #11972, .F. ) ;
#3617 = PRESENTATION_LAYER_ASSIGNMENT (  '', '', ( #11176 ) ) ;
#3618 = DIRECTION ( 'NONE',  ( 0.0000000000000000000, 1.000000000000000000, -0.0000000000000000000 ) ) ;
#3619 = CARTESIAN_POINT ( 'NONE',  ( 3.250000000000000444, 2.000000000000000888, 0.0000000000000000000 ) ) ;
#3620 = EDGE_CURVE ( 'NONE', #11935, #1741, #8450, .T. ) ;
#3621 = B_SPLINE_CURVE_WITH_KNOTS ( 'NONE', 3,
 ( #6971, #5896, #7924, #7851 ),
 .UNSPECIFIED., .F., .F.,
 ( 4, 4 ),
 ( 11.00000000000000000, 12.00000000000000000 ),
 .UNSPECIFIED. ) ;
#3622 = LINE ( 'NONE', #7396, #5594 ) ;
#3623 = CARTESIAN_POINT ( 'NONE',  ( 2.039734066786956568, 1.065515819591999369, 0.7010000000000000675 ) ) ;
#3624 = ORIENTED_EDGE ( 'NONE', *, *, #2859, .F. ) ;
#3625 = CARTESIAN_POINT ( 'NONE',  ( 0.9890400503509301222, 1.118715180629586525, 0.6999999999999999556 ) ) ;
#3626 = CARTESIAN_POINT ( 'NONE',  ( 1.897536774151580063, 1.338098754933535917, 0.7010000000000000675 ) ) ;
#3627 = COLOUR_RGB ( '',1.000000000000000000, 1.000000000000000000, 1.000000000000000000 ) ;
#3628 = SURFACE_STYLE_FILL_AREA ( #3571 ) ;
#3629 = CARTESIAN_POINT ( 'NONE',  ( 1.606765754174732441, 1.271411390540010844, 0.6999999999999999556 ) ) ;
#3630 = ORIENTED_EDGE ( 'NONE', *, *, #2638, .F. ) ;
#3631 = DIRECTION ( 'NONE',  ( -0.0000000000000000000, -0.0000000000000000000, -1.000000000000000000 ) ) ;
#3632 = EDGE_CURVE ( 'NONE', #2225, #4246, #7486, .T. ) ;
#3633 = DIRECTION ( 'NONE',  ( -0.0000000000000000000, 1.000000000000000000, -0.0000000000000000000 ) ) ;
#3634 = VECTOR ( 'NONE', #8986, 1000.000000000000227 ) ;
#3635 = CARTESIAN_POINT ( 'NONE',  ( 1.991738841369566693, 1.079406985353685400, 0.6999999999999999556 ) ) ;
#3636 = ADVANCED_FACE ( 'NONE', ( #4681 ), #6842, .T. ) ;
#3637 = MECHANICAL_DESIGN_GEOMETRIC_PRESENTATION_REPRESENTATION (  '', ( #9201 ), #8808 ) ;
#3638 = SURFACE_STYLE_USAGE ( .BOTH. , #802 ) ;
#3639 = PLANE ( 'NONE',  #7912 ) ;
#3640 = DIRECTION ( 'NONE',  ( 0.9400931103999028426, -0.3409177962187308064, 0.0000000000000000000 ) ) ;
#3641 = SURFACE_STYLE_FILL_AREA ( #12150 ) ;
#3642 =( NAMED_UNIT ( * ) PLANE_ANGLE_UNIT ( ) SI_UNIT ( $, .RADIAN. ) );
#3643 = DIRECTION ( 'NONE',  ( -0.0000000000000000000, -0.0000000000000000000, -1.000000000000000000 ) ) ;
#3644 = SURFACE_STYLE_FILL_AREA ( #5654 ) ;
#3645 = AXIS2_PLACEMENT_3D ( 'NONE', #10428, #1907, #2958 ) ;
#3646 = EDGE_LOOP ( 'NONE', ( #6197, #10077, #11755, #630 ) ) ;
#3647 = STYLED_ITEM ( 'NONE', ( #483 ), #2247 ) ;
#3648 = VERTEX_POINT ( 'NONE', #8384 ) ;
#3649 = FACE_OUTER_BOUND ( 'NONE', #10796, .T. ) ;
#3650 = EDGE_CURVE ( 'NONE', #4206, #3159, #12033, .T. ) ;
#3651 =( NAMED_UNIT ( * ) PLANE_ANGLE_UNIT ( ) SI_UNIT ( $, .RADIAN. ) );
#3652 = EDGE_CURVE ( 'NONE', #11455, #11376, #2695, .T. ) ;
#3653 = CARTESIAN_POINT ( 'NONE',  ( 2.488493583469202353, 1.084231462085445408, 0.6999999999999999556 ) ) ;
#3654 =( LENGTH_UNIT ( ) NAMED_UNIT ( * ) SI_UNIT ( .MILLI., .METRE. ) );
#3655 =( NAMED_UNIT ( * ) SI_UNIT ( $, .STERADIAN. ) SOLID_ANGLE_UNIT ( ) );
#3656 = UNCERTAINTY_MEASURE_WITH_UNIT (LENGTH_MEASURE( 1.000000000000000082E-05 ), #6068, 'distance_accuracy_value', 'NONE');
#3657 = ORIENTED_EDGE ( 'NONE', *, *, #8985, .F. ) ;
#3658 = UNCERTAINTY_MEASURE_WITH_UNIT (LENGTH_MEASURE( 1.000000000000000082E-05 ), #9946, 'distance_accuracy_value', 'NONE');
#3659 = VERTEX_POINT ( 'NONE', #8312 ) ;
#3660 = DIRECTION ( 'NONE',  ( 0.0000000000000000000, -0.0000000000000000000, -1.000000000000000000 ) ) ;
#3661 = EDGE_LOOP ( 'NONE', ( #1908, #9404, #8677, #11381 ) ) ;
#3662 = ORIENTED_EDGE ( 'NONE', *, *, #4095, .T. ) ;
#3663 = SURFACE_STYLE_USAGE ( .BOTH. , #11138 ) ;
#3664 = ADVANCED_FACE ( 'NONE', ( #9564 ), #8966, .F. ) ;
#3665 = SURFACE_SIDE_STYLE ('',( #6418 ) ) ;
#3666 = ORIENTED_EDGE ( 'NONE', *, *, #4326, .T. ) ;
#3667 = B_SPLINE_CURVE_WITH_KNOTS ( 'NONE', 3,
 ( #7536, #1879, #6508, #1819 ),
 .UNSPECIFIED., .F., .F.,
 ( 4, 4 ),
 ( 1.000000000000000000, 2.000000000000000000 ),
 .UNSPECIFIED. ) ;
#3668 = CARTESIAN_POINT ( 'NONE',  ( 2.146163687101306561, 1.006707111844477032, 0.7010000000000000675 ) ) ;
#3669 = LINE ( 'NONE', #1729, #10303 ) ;
#3670 = CARTESIAN_POINT ( 'NONE',  ( 1.930101992090114349, 1.149694620496459763, 0.7010000000000000675 ) ) ;
#3671 = CARTESIAN_POINT ( 'NONE',  ( -3.249999999999998668, 2.000000000000000000, 0.6999999999999999556 ) ) ;
#3672 = ORIENTED_EDGE ( 'NONE', *, *, #6833, .F. ) ;
#3673 = ORIENTED_EDGE ( 'NONE', *, *, #5794, .F. ) ;
#3674 = LINE ( 'NONE', #6431, #11070 ) ;
#3675 = SURFACE_STYLE_FILL_AREA ( #2611 ) ;
#3676 = ORIENTED_EDGE ( 'NONE', *, *, #6718, .F. ) ;
#3677 = B_SPLINE_CURVE_WITH_KNOTS ( 'NONE', 3,
 ( #5183, #6337, #8245, #9133 ),
 .UNSPECIFIED., .F., .F.,
 ( 4, 4 ),
 ( 2.000000000000000000, 3.000000000000000000 ),
 .UNSPECIFIED. ) ;
#3678 = CARTESIAN_POINT ( 'NONE',  ( 1.154461006934623724, 1.429891582228573377, 0.6999999999999999556 ) ) ;
#3679 = ORIENTED_EDGE ( 'NONE', *, *, #5748, .F. ) ;
#3680 = LINE ( 'NONE', #1232, #10175 ) ;
#3681 = PRESENTATION_STYLE_ASSIGNMENT (( #1940 ) ) ;
#3682 = ORIENTED_EDGE ( 'NONE', *, *, #9274, .T. ) ;
#3683 = SURFACE_SIDE_STYLE ('',( #9366 ) ) ;
#3684 = B_SPLINE_CURVE_WITH_KNOTS ( 'NONE', 3,
 ( #8195, #2458, #11983, #6156 ),
 .UNSPECIFIED., .F., .F.,
 ( 4, 4 ),
 ( 0.0000000000000000000, 1.000000000000000000 ),
 .UNSPECIFIED. ) ;
#3685 = DIRECTION ( 'NONE',  ( -0.0000000000000000000, -0.0000000000000000000, -1.000000000000000000 ) ) ;
#3686 = CARTESIAN_POINT ( 'NONE',  ( 1.096621498047272603, 1.016917692646252647, 0.6999999999999999556 ) ) ;
#3687 =( LENGTH_UNIT ( ) NAMED_UNIT ( * ) SI_UNIT ( .MILLI., .METRE. ) );
#3688 = EDGE_CURVE ( 'NONE', #10763, #10445, #1197, .T. ) ;
#3689 = CARTESIAN_POINT ( 'NONE',  ( 1.984003042472108458, 1.335520155300681466, 0.6999999999999999556 ) ) ;
#3690 = DIRECTION ( 'NONE',  ( -0.0000000000000000000, -0.0000000000000000000, -1.000000000000000000 ) ) ;
#3691 = LINE ( 'NONE', #7669, #7980 ) ;
#3692 = CARTESIAN_POINT ( 'NONE',  ( 2.593758674916945228, 1.198438471613301637, 0.7010000000000000675 ) ) ;
#3693 = CARTESIAN_POINT ( 'NONE',  ( 1.507281854490515549, 1.311899031315902242, 0.7010000000000000675 ) ) ;
#3694 = CARTESIAN_POINT ( 'NONE',  ( 2.513031870295155290, 1.119666411873068812, 0.7010000000000000675 ) ) ;
#3695 = EDGE_CURVE ( 'NONE', #8199, #8527, #5725, .T. ) ;
#3696 =( GEOMETRIC_REPRESENTATION_CONTEXT ( 3 ) GLOBAL_UNCERTAINTY_ASSIGNED_CONTEXT ( ( #1270 ) ) GLOBAL_UNIT_ASSIGNED_CONTEXT ( ( #11361, #12207, #5650 ) ) REPRESENTATION_CONTEXT ( 'NONE', 'WORKASPACE' ) );
#3697 = UNCERTAINTY_MEASURE_WITH_UNIT (LENGTH_MEASURE( 1.000000000000000082E-05 ), #7323, 'distance_accuracy_value', 'NONE');
#3698 = ORIENTED_EDGE ( 'NONE', *, *, #12228, .T. ) ;
#3699 = ORIENTED_EDGE ( 'NONE', *, *, #11094, .T. ) ;
#3700 = FILL_AREA_STYLE_COLOUR ( '', #1943 ) ;
#3701 = STYLED_ITEM ( 'NONE', ( #5283 ), #8279 ) ;
#3702 = CARTESIAN_POINT ( 'NONE',  ( 2.504838577913932607, 1.099453517980721440, 0.7010000000000000675 ) ) ;
#3703 = VECTOR ( 'NONE', #1374, 1000.000000000000000 ) ;
#3704 = SURFACE_SIDE_STYLE ('',( #1711 ) ) ;
#3705 = CARTESIAN_POINT ( 'NONE',  ( 2.184468368738579080, 1.080737875486165844, 0.7010000000000000675 ) ) ;
#3706 = VERTEX_POINT ( 'NONE', #8571 ) ;
#3707 = ADVANCED_FACE ( 'NONE', ( #6791 ), #2484, .F. ) ;
#3708 = ADVANCED_FACE ( 'NONE', ( #2090 ), #11039, .T. ) ;
#3709 = VERTEX_POINT ( 'NONE', #5232 ) ;
#3710 = COLOUR_RGB ( '',1.000000000000000000, 1.000000000000000000, 1.000000000000000000 ) ;
#3711 = PRESENTATION_LAYER_ASSIGNMENT (  '', '', ( #10658 ) ) ;
#3712 =( NAMED_UNIT ( * ) SI_UNIT ( $, .STERADIAN. ) SOLID_ANGLE_UNIT ( ) );
#3713 = ORIENTED_EDGE ( 'NONE', *, *, #7040, .F. ) ;
#3714 = ORIENTED_EDGE ( 'NONE', *, *, #5801, .F. ) ;
#3715 = COLOUR_RGB ( '',1.000000000000000000, 1.000000000000000000, 1.000000000000000000 ) ;
#3716 = DIRECTION ( 'NONE',  ( -0.0000000000000000000, -1.000000000000000000, -0.0000000000000000000 ) ) ;
#3717 = ORIENTED_EDGE ( 'NONE', *, *, #3100, .F. ) ;
#3718 = PRESENTATION_STYLE_ASSIGNMENT (( #5558 ) ) ;
#3719 = DIRECTION ( 'NONE',  ( -0.0000000000000000000, -0.0000000000000000000, -1.000000000000000000 ) ) ;
#3720 = CARTESIAN_POINT ( 'NONE',  ( 2.015861225028352965, 1.482749876251948873, 0.6999999999999999556 ) ) ;
#3721 = FACE_OUTER_BOUND ( 'NONE', #10534, .T. ) ;
#3722 = PRESENTATION_LAYER_ASSIGNMENT (  '', '', ( #7892 ) ) ;
#3723 = VECTOR ( 'NONE', #9376, 1000.000000000000000 ) ;
#3724 = EDGE_LOOP ( 'NONE', ( #205, #260, #6737, #3237 ) ) ;
#3725 = CARTESIAN_POINT ( 'NONE',  ( 1.307157238909066876, 1.111774459862482134, 0.7010000000000000675 ) ) ;
#3726 = EDGE_CURVE ( 'NONE', #2916, #11959, #9861, .T. ) ;
#3727 = VECTOR ( 'NONE', #8388, 1000.000000000000000 ) ;
#3728 = CARTESIAN_POINT ( 'NONE',  ( 1.899241977134061177, 1.079989249787272731, 0.6999999999999999556 ) ) ;
#3729 = VECTOR ( 'NONE', #6032, 1000.000000000000000 ) ;
#3730 = ORIENTED_EDGE ( 'NONE', *, *, #8251, .T. ) ;
#3731 =( NAMED_UNIT ( * ) SI_UNIT ( $, .STERADIAN. ) SOLID_ANGLE_UNIT ( ) );
#3732 = UNCERTAINTY_MEASURE_WITH_UNIT (LENGTH_MEASURE( 1.000000000000000082E-05 ), #4717, 'distance_accuracy_value', 'NONE');
#3733 = ORIENTED_EDGE ( 'NONE', *, *, #6918, .T. ) ;
#3734 = VECTOR ( 'NONE', #10905, 1000.000000000000000 ) ;
#3735 = SURFACE_STYLE_FILL_AREA ( #4356 ) ;
#3736 = DIRECTION ( 'NONE',  ( -0.0000000000000000000, -0.0000000000000000000, -1.000000000000000000 ) ) ;
#3737 =( NAMED_UNIT ( * ) PLANE_ANGLE_UNIT ( ) SI_UNIT ( $, .RADIAN. ) );
#3738 =( GEOMETRIC_REPRESENTATION_CONTEXT ( 3 ) GLOBAL_UNCERTAINTY_ASSIGNED_CONTEXT ( ( #7036 ) ) GLOBAL_UNIT_ASSIGNED_CONTEXT ( ( #671, #2748, #11232 ) ) REPRESENTATION_CONTEXT ( 'NONE', 'WORKASPACE' ) );
#3739 = VECTOR ( 'NONE', #522, 1000.000000000000000 ) ;
#3740 =( NAMED_UNIT ( * ) PLANE_ANGLE_UNIT ( ) SI_UNIT ( $, .RADIAN. ) );
#3741 = EDGE_LOOP ( 'NONE', ( #4073, #9948, #6556, #5704, #5154, #11648, #10375, #6859, #721, #86, #5314, #5606, #11793, #5330 ) ) ;
#3742 = FILL_AREA_STYLE ('',( #10280 ) ) ;
#3743 = LINE ( 'NONE', #10224, #7871 ) ;
#3744 = VECTOR ( 'NONE', #8489, 1000.000000000000000 ) ;
#3745 = FILL_AREA_STYLE ('',( #41 ) ) ;
#3746 = PRESENTATION_STYLE_ASSIGNMENT (( #2799 ) ) ;
#3747 = VERTEX_POINT ( 'NONE', #11720 ) ;
#3748 = PRESENTATION_STYLE_ASSIGNMENT (( #5591 ) ) ;
#3749 = AXIS2_PLACEMENT_3D ( 'NONE', #7895, #1227, #2290 ) ;
#3750 = CARTESIAN_POINT ( 'NONE',  ( 2.097295065034097572, 1.091052274016473422, 0.6999999999999999556 ) ) ;
#3751 =( LENGTH_UNIT ( ) NAMED_UNIT ( * ) SI_UNIT ( .MILLI., .METRE. ) );
#3752 = CARTESIAN_POINT ( 'NONE',  ( 1.205359750925734996, 1.480790331735134302, 0.7010000000000000675 ) ) ;
#3753 = VECTOR ( 'NONE', #4433, 1000.000000000000000 ) ;
#3754 =( GEOMETRIC_REPRESENTATION_CONTEXT ( 3 ) GLOBAL_UNCERTAINTY_ASSIGNED_CONTEXT ( ( #7631 ) ) GLOBAL_UNIT_ASSIGNED_CONTEXT ( ( #9548, #8675, #5637 ) ) REPRESENTATION_CONTEXT ( 'NONE', 'WORKASPACE' ) );
#3755 =( LENGTH_UNIT ( ) NAMED_UNIT ( * ) SI_UNIT ( .MILLI., .METRE. ) );
#3756 = SURFACE_SIDE_STYLE ('',( #12277 ) ) ;
#3757 =( NAMED_UNIT ( * ) PLANE_ANGLE_UNIT ( ) SI_UNIT ( $, .RADIAN. ) );
#3758 = DIRECTION ( 'NONE',  ( -0.0000000000000000000, -0.0000000000000000000, -1.000000000000000000 ) ) ;
#3759 = DIRECTION ( 'NONE',  ( 1.000000000000000000, -0.0000000000000000000, -0.0000000000000000000 ) ) ;
#3760 = LINE ( 'NONE', #6586, #11420 ) ;
#3761 = SURFACE_SIDE_STYLE ('',( #1958 ) ) ;
#3762 = CARTESIAN_POINT ( 'NONE',  ( 2.426981505140121342, 1.224141287305309023, 0.6999999999999999556 ) ) ;
#3763 = STYLED_ITEM ( 'NONE', ( #5402 ), #11904 ) ;
#3764 = CARTESIAN_POINT ( 'NONE',  ( 1.970111876710422649, 1.180305093553438711, 0.6999999999999999556 ) ) ;
#3765 = EDGE_LOOP ( 'NONE', ( #11740, #8212, #3522, #5018 ) ) ;
#3766 = ORIENTED_EDGE ( 'NONE', *, *, #8660, .T. ) ;
#3767 = FILL_AREA_STYLE_COLOUR ( '', #3123 ) ;
#3768 = EDGE_CURVE ( 'NONE', #328, #5211, #10045, .T. ) ;
#3769 = CARTESIAN_POINT ( 'NONE',  ( 2.137762443137059876, 1.392831611648191581, 0.6999999999999999556 ) ) ;
#3770 = CARTESIAN_POINT ( 'NONE',  ( 1.939418223020783927, 1.094213138081801873, 0.7010000000000000675 ) ) ;
#3771 =( NAMED_UNIT ( * ) SI_UNIT ( $, .STERADIAN. ) SOLID_ANGLE_UNIT ( ) );
#3772 = CARTESIAN_POINT ( 'NONE',  ( 2.062941463479319282, 1.156598613060702885, 0.7010000000000000675 ) ) ;
#3773 =( NAMED_UNIT ( * ) PLANE_ANGLE_UNIT ( ) SI_UNIT ( $, .RADIAN. ) );
#3774 = MECHANICAL_DESIGN_GEOMETRIC_PRESENTATION_REPRESENTATION (  '', ( #2184 ), #5527 ) ;
#3775 = SURFACE_STYLE_FILL_AREA ( #12166 ) ;
#3776 = FACE_OUTER_BOUND ( 'NONE', #6838, .T. ) ;
#3777 = ORIENTED_EDGE ( 'NONE', *, *, #10112, .T. ) ;
#3778 = DIRECTION ( 'NONE',  ( 0.0000000000000000000, 0.0000000000000000000, 1.000000000000000000 ) ) ;
#3779 = ORIENTED_EDGE ( 'NONE', *, *, #10769, .F. ) ;
#3780 = EDGE_LOOP ( 'NONE', ( #6267, #6930, #6625, #8545 ) ) ;
#3781 = PRESENTATION_STYLE_ASSIGNMENT (( #10255 ) ) ;
#3782 = CARTESIAN_POINT ( 'NONE',  ( 1.991738841369566249, 1.154269555328584662, 0.7010000000000000675 ) ) ;
#3783 = EDGE_CURVE ( 'NONE', #8259, #778, #11901, .T. ) ;
#3784 = ORIENTED_EDGE ( 'NONE', *, *, #9757, .F. ) ;
#3785 = EDGE_CURVE ( 'NONE', #10138, #6931, #11960, .T. ) ;
#3786 = PRESENTATION_LAYER_ASSIGNMENT (  '', '', ( #3592 ) ) ;
#3787 = PLANE ( 'NONE',  #8113 ) ;
#3788 = CARTESIAN_POINT ( 'NONE',  ( 1.150990646551073748, 1.362797841499060025, 0.6999999999999999556 ) ) ;
#3789 =( LENGTH_UNIT ( ) NAMED_UNIT ( * ) SI_UNIT ( .MILLI., .METRE. ) );
#3790 = PLANE ( 'NONE',  #7518 ) ;
#3791 = VERTEX_POINT ( 'NONE', #362 ) ;
#3792 = PLANE ( 'NONE',  #6958 ) ;
#3793 = FACE_BOUND ( 'NONE', #11731, .T. ) ;
#3794 = ORIENTED_EDGE ( 'NONE', *, *, #3179, .T. ) ;
#3795 = PLANE ( 'NONE',  #10870 ) ;
#3796 = B_SPLINE_CURVE_WITH_KNOTS ( 'NONE', 3,
 ( #9490, #9314, #7673, #5532 ),
 .UNSPECIFIED., .F., .F.,
 ( 4, 4 ),
 ( 3.000000000000000000, 4.000000000000000000 ),
 .UNSPECIFIED. ) ;
#3797 = PRESENTATION_LAYER_ASSIGNMENT (  '', '', ( #1807 ) ) ;
#3798 = LINE ( 'NONE', #909, #8186 ) ;
#3799 = ORIENTED_EDGE ( 'NONE', *, *, #3688, .T. ) ;
#3800 = VERTEX_POINT ( 'NONE', #5291 ) ;
#3801 = CARTESIAN_POINT ( 'NONE',  ( 2.221566931192634264, 1.319549473706508769, 0.6999999999999999556 ) ) ;
#3802 = EDGE_CURVE ( 'NONE', #11925, #1528, #8052, .T. ) ;
#3803 = SURFACE_STYLE_USAGE ( .BOTH. , #6504 ) ;
#3804 = CARTESIAN_POINT ( 'NONE',  ( 2.247893601633720539, 1.482250792451576649, 0.7010000000000000675 ) ) ;
#3805 = B_SPLINE_SURFACE_WITH_KNOTS ( 'NONE', 3, 1, ( 
 ( #6121, #4405 ),
 ( #2420, #2602 ),
 ( #6361, #9039 ),
 ( #459, #8219 ) ),
 .UNSPECIFIED., .F., .F., .F.,
 ( 4, 4 ),
 ( 2, 2 ),
 ( 12.00000000000000000, 13.00000000000000000 ),
 ( 0.0000000000000000000, 1.000000000000000000 ),
 .UNSPECIFIED. ) ;
#3806 = VECTOR ( 'NONE', #7672, 1000.000000000000000 ) ;
#3807 = VECTOR ( 'NONE', #412, 1000.000000000000000 ) ;
#3808 = PLANE ( 'NONE',  #9545 ) ;
#3809 = ORIENTED_EDGE ( 'NONE', *, *, #622, .T. ) ;
#3810 = CARTESIAN_POINT ( 'NONE',  ( 1.606765754174732441, 1.174241057089788320, 0.7010000000000000675 ) ) ;
#3811 = DIRECTION ( 'NONE',  ( 0.0000000000000000000, 0.0000000000000000000, -1.000000000000000000 ) ) ;
#3812 = VERTEX_POINT ( 'NONE', #3197 ) ;
#3813 = PLANE ( 'NONE',  #1546 ) ;
#3814 = B_SPLINE_CURVE_WITH_KNOTS ( 'NONE', 3,
 ( #3932, #11588, #932, #1885 ),
 .UNSPECIFIED., .F., .F.,
 ( 4, 4 ),
 ( 2.000000000000000000, 3.000000000000000000 ),
 .UNSPECIFIED. ) ;
#3815 = VECTOR ( 'NONE', #10451, 1000.000000000000000 ) ;
#3816 = EDGE_CURVE ( 'NONE', #9705, #9093, #4747, .T. ) ;
#3817 = CARTESIAN_POINT ( 'NONE',  ( -2.949999999999998845, 1.700000000000000178, -0.1000000000000000056 ) ) ;
#3818 = CARTESIAN_POINT ( 'NONE',  ( 1.927689753724234345, 1.461039730958485716, 0.7010000000000000675 ) ) ;
#3819 = CARTESIAN_POINT ( 'NONE',  ( 2.425193121523877782, 1.079989249787272731, 0.7010000000000000675 ) ) ;
#3820 = CARTESIAN_POINT ( 'NONE',  ( 2.094134200968770010, 1.163752147525683123, 0.7010000000000000675 ) ) ;
#3821 = SURFACE_STYLE_USAGE ( .BOTH. , #10357 ) ;
#3822 = CARTESIAN_POINT ( 'NONE',  ( 1.899241977134061177, 1.061439968560242475, 0.7010000000000000675 ) ) ;
#3823 = UNCERTAINTY_MEASURE_WITH_UNIT (LENGTH_MEASURE( 1.000000000000000082E-05 ), #2961, 'distance_accuracy_value', 'NONE');
#3824 = VERTEX_POINT ( 'NONE', #9808 ) ;
#3825 = VECTOR ( 'NONE', #7087, 1000.000000000000000 ) ;
#3826 = CARTESIAN_POINT ( 'NONE',  ( 1.931931966022967906, 1.435835999066849444, 0.6999999999999999556 ) ) ;
#3827 = DIRECTION ( 'NONE',  ( -0.0000000000000000000, -0.0000000000000000000, -1.000000000000000000 ) ) ;
#3828 =( LENGTH_UNIT ( ) NAMED_UNIT ( * ) SI_UNIT ( .MILLI., .METRE. ) );
#3829 = PLANE ( 'NONE',  #4665 ) ;
#3830 = CARTESIAN_POINT ( 'NONE',  ( 1.278237517561414460, 1.177711483665941472, 0.7010000000000000675 ) ) ;
#3831 =( LENGTH_UNIT ( ) NAMED_UNIT ( * ) SI_UNIT ( .MILLI., .METRE. ) );
#3832 = ORIENTED_EDGE ( 'NONE', *, *, #4216, .T. ) ;
#3833 = B_SPLINE_CURVE_WITH_KNOTS ( 'NONE', 3,
 ( #1561, #7991, #3447, #3254 ),
 .UNSPECIFIED., .F., .F.,
 ( 4, 4 ),
 ( 33.00000000000000000, 34.00000000000000000 ),
 .UNSPECIFIED. ) ;
#3834 = VECTOR ( 'NONE', #9081, 1000.000000000000000 ) ;
#3835 = SURFACE_STYLE_FILL_AREA ( #8521 ) ;
#3836 = VERTEX_POINT ( 'NONE', #10912 ) ;
#3837 = ORIENTED_EDGE ( 'NONE', *, *, #4151, .F. ) ;
#3838 = PRESENTATION_STYLE_ASSIGNMENT (( #5846 ) ) ;
#3839 = COLOUR_RGB ( '',1.000000000000000000, 1.000000000000000000, 1.000000000000000000 ) ;
#3840 = CARTESIAN_POINT ( 'NONE',  ( 1.983878271522296899, 1.163752147525683123, 0.7010000000000000675 ) ) ;
#3841 = ORIENTED_EDGE ( 'NONE', *, *, #8125, .F. ) ;
#3842 = SURFACE_STYLE_FILL_AREA ( #1085 ) ;
#3843 = DIRECTION ( 'NONE',  ( -0.0000000000000000000, -0.0000000000000000000, -1.000000000000000000 ) ) ;
#3844 = STYLED_ITEM ( 'NONE', ( #2115 ), #2306 ) ;
#3845 = CARTESIAN_POINT ( 'NONE',  ( 1.129011645970521283, 1.362797841499060025, 0.6999999999999999556 ) ) ;
#3846 = EDGE_CURVE ( 'NONE', #3543, #2101, #1441, .T. ) ;
#3847 = FACE_OUTER_BOUND ( 'NONE', #4893, .T. ) ;
#3848 = VERTEX_POINT ( 'NONE', #10973 ) ;
#3849 = CARTESIAN_POINT ( 'NONE',  ( 2.176815750474334177, 1.319549473706508769, 0.7010000000000000675 ) ) ;
#3850 = VECTOR ( 'NONE', #5255, 1000.000000000000000 ) ;
#3851 = UNCERTAINTY_MEASURE_WITH_UNIT (LENGTH_MEASURE( 1.000000000000000082E-05 ), #3296, 'distance_accuracy_value', 'NONE');
#3852 = CARTESIAN_POINT ( 'NONE',  ( 1.507281854490515549, 1.311899031315902242, 0.7010000000000000675 ) ) ;
#3853 =( NAMED_UNIT ( * ) SI_UNIT ( $, .STERADIAN. ) SOLID_ANGLE_UNIT ( ) );
#3854 = ORIENTED_EDGE ( 'NONE', *, *, #3330, .F. ) ;
#3855 = EDGE_CURVE ( 'NONE', #3659, #8652, #2438, .T. ) ;
#3856 = CARTESIAN_POINT ( 'NONE',  ( 1.991738841369566693, 1.061439968560242475, 0.6999999999999999556 ) ) ;
#3857 = UNCERTAINTY_MEASURE_WITH_UNIT (LENGTH_MEASURE( 1.000000000000000082E-05 ), #9767, 'distance_accuracy_value', 'NONE');
#3858 = ORIENTED_EDGE ( 'NONE', *, *, #2700, .F. ) ;
#3859 = VECTOR ( 'NONE', #3469, 1000.000000000000000 ) ;
#3860 = ORIENTED_EDGE ( 'NONE', *, *, #885, .T. ) ;
#3861 = CARTESIAN_POINT ( 'NONE',  ( 1.811735950896735892, 1.319549473706508769, 0.6999999999999999556 ) ) ;
#3862 = MECHANICAL_DESIGN_GEOMETRIC_PRESENTATION_REPRESENTATION (  '', ( #9241 ), #8230 ) ;
#3863 = DIRECTION ( 'NONE',  ( 1.000000000000000000, 0.0000000000000000000, 0.0000000000000000000 ) ) ;
#3864 = PRESENTATION_STYLE_ASSIGNMENT (( #984 ) ) ;
#3865 =( NAMED_UNIT ( * ) PLANE_ANGLE_UNIT ( ) SI_UNIT ( $, .RADIAN. ) );
#3866 = ORIENTED_EDGE ( 'NONE', *, *, #796, .T. ) ;
#3867 = CARTESIAN_POINT ( 'NONE',  ( 1.977223820857683556, 1.078575179020469621, 0.6999999999999999556 ) ) ;
#3868 =( NAMED_UNIT ( * ) PLANE_ANGLE_UNIT ( ) SI_UNIT ( $, .RADIAN. ) );
#3869 = ORIENTED_EDGE ( 'NONE', *, *, #6649, .F. ) ;
#3870 = CARTESIAN_POINT ( 'NONE',  ( 1.957634781714417294, 1.316804512807233207, 0.7010000000000000675 ) ) ;
#3871 = EDGE_CURVE ( 'NONE', #5782, #3344, #10253, .T. ) ;
#3872 = ADVANCED_FACE ( 'NONE', ( #6980 ), #7955, .F. ) ;
#3873 = EDGE_CURVE ( 'NONE', #10627, #5617, #670, .T. ) ;
#3874 = SURFACE_SIDE_STYLE ('',( #8625 ) ) ;
#3875 = CARTESIAN_POINT ( 'NONE',  ( 1.927689753724234345, 1.461039730958485716, 0.7010000000000000675 ) ) ;
#3876 = CARTESIAN_POINT ( 'NONE',  ( 2.133021147039069199, 1.026504102571883514, 0.7010000000000000675 ) ) ;
#3877 = PRESENTATION_STYLE_ASSIGNMENT (( #999 ) ) ;
#3878 = FILL_AREA_STYLE_COLOUR ( '', #5849 ) ;
#3879 = CARTESIAN_POINT ( 'NONE',  ( 2.393834022768007053, 1.450059887362492139, 0.6999999999999999556 ) ) ;
#3880 = CARTESIAN_POINT ( 'NONE',  ( 2.418413899909453768, 1.382434032485780895, 0.7010000000000000675 ) ) ;
#3881 =( NAMED_UNIT ( * ) SI_UNIT ( $, .STERADIAN. ) SOLID_ANGLE_UNIT ( ) );
#3882 = EDGE_CURVE ( 'NONE', #4456, #7137, #4664, .T. ) ;
#3883 = PRESENTATION_STYLE_ASSIGNMENT (( #6787 ) ) ;
#3884 = B_SPLINE_CURVE_WITH_KNOTS ( 'NONE', 3,
 ( #4683, #5726, #3826, #123 ),
 .UNSPECIFIED., .F., .F.,
 ( 4, 4 ),
 ( 9.000000000000000000, 10.00000000000000000 ),
 .UNSPECIFIED. ) ;
#3885 = CARTESIAN_POINT ( 'NONE',  ( 2.153899485998765240, 1.024175044838656401, 0.7010000000000000675 ) ) ;
#3886 = ORIENTED_EDGE ( 'NONE', *, *, #6973, .T. ) ;
#3887 = CARTESIAN_POINT ( 'NONE',  ( 1.968198722144361756, 1.163752147525683123, 0.6999999999999999556 ) ) ;
#3888 = STYLED_ITEM ( 'NONE', ( #5064 ), #6860 ) ;
#3889 =( NAMED_UNIT ( * ) PLANE_ANGLE_UNIT ( ) SI_UNIT ( $, .RADIAN. ) );
#3890 = DIRECTION ( 'NONE',  ( 1.172110456741085828E-16, -1.000000000000000000, 0.0000000000000000000 ) ) ;
#3891 = UNCERTAINTY_MEASURE_WITH_UNIT (LENGTH_MEASURE( 1.000000000000000082E-05 ), #3597, 'distance_accuracy_value', 'NONE');
#3892 = ORIENTED_EDGE ( 'NONE', *, *, #4817, .F. ) ;
#3893 = DIRECTION ( 'NONE',  ( 1.000000000000000000, 0.0000000000000000000, 0.0000000000000000000 ) ) ;
#3894 = ORIENTED_EDGE ( 'NONE', *, *, #9271, .F. ) ;
#3895 = EDGE_LOOP ( 'NONE', ( #7079, #1508, #12002, #10199 ) ) ;
#3896 =( NAMED_UNIT ( * ) PLANE_ANGLE_UNIT ( ) SI_UNIT ( $, .RADIAN. ) );
#3897 = CARTESIAN_POINT ( 'NONE',  ( 0.9948240321290651167, 1.376679249938345562, 0.7010000000000000675 ) ) ;
#3898 =( GEOMETRIC_REPRESENTATION_CONTEXT ( 3 ) GLOBAL_UNCERTAINTY_ASSIGNED_CONTEXT ( ( #11613 ) ) GLOBAL_UNIT_ASSIGNED_CONTEXT ( ( #6583, #3757, #11237 ) ) REPRESENTATION_CONTEXT ( 'NONE', 'WORKASPACE' ) );
#3899 = ORIENTED_EDGE ( 'NONE', *, *, #11821, .F. ) ;
#3900 = CARTESIAN_POINT ( 'NONE',  ( 2.026009262291685431, 1.346416818264573267, 0.6999999999999999556 ) ) ;
#3901 = DIRECTION ( 'NONE',  ( 0.0000000000000000000, -1.000000000000000000, 0.0000000000000000000 ) ) ;
#3902 = SURFACE_STYLE_USAGE ( .BOTH. , #6675 ) ;
#3903 = ORIENTED_EDGE ( 'NONE', *, *, #3553, .F. ) ;
#3904 = FILL_AREA_STYLE_COLOUR ( '', #2546 ) ;
#3905 = COLOUR_RGB ( '',1.000000000000000000, 1.000000000000000000, 1.000000000000000000 ) ;
#3906 = EDGE_LOOP ( 'NONE', ( #2171, #1539, #10729, #10143, #1751, #3546, #3347, #3134, #3733, #6991, #2187, #10494, #4440, #901 ) ) ;
#3907 = EDGE_CURVE ( 'NONE', #5782, #4629, #12202, .T. ) ;
#3908 = ORIENTED_EDGE ( 'NONE', *, *, #3422, .T. ) ;
#3909 = ADVANCED_FACE ( 'NONE', ( #4430 ), #9166, .F. ) ;
#3910 = ORIENTED_EDGE ( 'NONE', *, *, #152, .T. ) ;
#3911 =( NAMED_UNIT ( * ) SI_UNIT ( $, .STERADIAN. ) SOLID_ANGLE_UNIT ( ) );
#3912 = STYLED_ITEM ( 'NONE', ( #4124 ), #3708 ) ;
#3913 = CARTESIAN_POINT ( 'NONE',  ( 1.971276405576475321, 1.058695007660964693, 0.7010000000000000675 ) ) ;
#3914 = DIRECTION ( 'NONE',  ( -0.0000000000000000000, -0.0000000000000000000, -1.000000000000000000 ) ) ;
#3915 = AXIS2_PLACEMENT_3D ( 'NONE', #7658, #11465, #2919 ) ;
#3916 = PRESENTATION_LAYER_ASSIGNMENT (  '', '', ( #12255 ) ) ;
#3917 = MECHANICAL_DESIGN_GEOMETRIC_PRESENTATION_REPRESENTATION (  '', ( #299 ), #5481 ) ;
#3918 = ADVANCED_FACE ( 'NONE', ( #12020 ), #3514, .T. ) ;
#3919 = B_SPLINE_CURVE_WITH_KNOTS ( 'NONE', 3,
 ( #11037, #10979, #2441, #10048 ),
 .UNSPECIFIED., .F., .F.,
 ( 4, 4 ),
 ( 28.00000000000000000, 29.00000000000000000 ),
 .UNSPECIFIED. ) ;
#3920 = VERTEX_POINT ( 'NONE', #4731 ) ;
#3921 = MECHANICAL_DESIGN_GEOMETRIC_PRESENTATION_REPRESENTATION (  '', ( #7695 ), #2320 ) ;
#3922 = CARTESIAN_POINT ( 'NONE',  ( 1.983004874872476897, 1.084896907152239853, 0.6999999999999999556 ) ) ;
#3923 = CARTESIAN_POINT ( 'NONE',  ( 1.935383962305082584, 1.061772691093084697, 0.7010000000000000675 ) ) ;
#3924 = CARTESIAN_POINT ( 'NONE',  ( 2.112641891879190492, 1.175147894287726480, 0.7010000000000000675 ) ) ;
#3925 = ORIENTED_EDGE ( 'NONE', *, *, #6262, .T. ) ;
#3926 = DIRECTION ( 'NONE',  ( 0.0000000000000000000, 0.0000000000000000000, 1.000000000000000000 ) ) ;
#3927 = LINE ( 'NONE', #1053, #11341 ) ;
#3928 = AXIS2_PLACEMENT_3D ( 'NONE', #9553, #10528, #8562 ) ;
#3929 = VECTOR ( 'NONE', #5174, 1000.000000000000000 ) ;
#3930 = VECTOR ( 'NONE', #5170, 1000.000000000000000 ) ;
#3931 = LINE ( 'NONE', #7728, #1413 ) ;
#3932 = CARTESIAN_POINT ( 'NONE',  ( 1.344174519300853854, 1.525905132560692490, 0.6999999999999999556 ) ) ;
#3933 = DIRECTION ( 'NONE',  ( -0.0000000000000000000, -0.0000000000000000000, 1.000000000000000000 ) ) ;
#3934 = ADVANCED_FACE ( 'NONE', ( #11472 ), #3128, .F. ) ;
#3935 = SURFACE_STYLE_USAGE ( .BOTH. , #7982 ) ;
#3936 = EDGE_CURVE ( 'NONE', #4891, #8569, #11423, .T. ) ;
#3937 = VECTOR ( 'NONE', #11640, 1000.000000000000000 ) ;
#3938 = CARTESIAN_POINT ( 'NONE',  ( 0.9404548836258183053, 1.244805235427459023, 0.7010000000000000675 ) ) ;
#3939 = VECTOR ( 'NONE', #11512, 1000.000000000000000 ) ;
#3940 = ORIENTED_EDGE ( 'NONE', *, *, #1890, .F. ) ;
#3941 = VECTOR ( 'NONE', #3302, 1000.000000000000000 ) ;
#3942 = CARTESIAN_POINT ( 'NONE',  ( 1.930101992090114349, 1.149694620496459763, 0.7010000000000000675 ) ) ;
#3943 = CARTESIAN_POINT ( 'NONE',  ( 2.160845068879611475, 1.029581786003997079, 0.7010000000000000675 ) ) ;
#3944 =( NAMED_UNIT ( * ) PLANE_ANGLE_UNIT ( ) SI_UNIT ( $, .RADIAN. ) );
#3945 =( NAMED_UNIT ( * ) SI_UNIT ( $, .STERADIAN. ) SOLID_ANGLE_UNIT ( ) );
#3946 = LINE ( 'NONE', #118, #626 ) ;
#3947 = EDGE_LOOP ( 'NONE', ( #10322, #10259, #3894, #10996 ) ) ;
#3949 = CARTESIAN_POINT ( 'NONE',  ( 2.488493583469202353, 1.202597503279374980, 0.7010000000000000675 ) ) ;
#3948 = VECTOR ( 'NONE', #9159, 1000.000000000000000 ) ;
#3950 = DIRECTION ( 'NONE',  ( 1.000000000000000000, 0.0000000000000000000, 0.0000000000000000000 ) ) ;
#3951 = EDGE_CURVE ( 'NONE', #10783, #4325, #6784, .T. ) ;
#3952 =( NAMED_UNIT ( * ) SI_UNIT ( $, .STERADIAN. ) SOLID_ANGLE_UNIT ( ) );
#3953 = CARTESIAN_POINT ( 'NONE',  ( 1.566278113398840599, 1.311899031315902242, 0.6999999999999999556 ) ) ;
#3954 = LINE ( 'NONE', #303, #11717 ) ;
#3955 = UNCERTAINTY_MEASURE_WITH_UNIT (LENGTH_MEASURE( 1.000000000000000082E-05 ), #4696, 'distance_accuracy_value', 'NONE');
#3956 = CARTESIAN_POINT ( 'NONE',  ( 1.895540438951756279, 1.205425644811862096, 0.7010000000000000675 ) ) ;
#3957 = ORIENTED_EDGE ( 'NONE', *, *, #6243, .F. ) ;
#3958 = DIRECTION ( 'NONE',  ( 1.000000000000000000, -0.0000000000000000000, -0.0000000000000000000 ) ) ;
#3959 = CARTESIAN_POINT ( 'NONE',  ( 1.968198722144361756, 1.163752147525683123, 0.7010000000000000675 ) ) ;
#3960 = CARTESIAN_POINT ( 'NONE',  ( 0.9890400503509301222, 1.118715180629586525, 0.6999999999999999556 ) ) ;
#3961 =( GEOMETRIC_REPRESENTATION_CONTEXT ( 3 ) GLOBAL_UNCERTAINTY_ASSIGNED_CONTEXT ( ( #3851 ) ) GLOBAL_UNIT_ASSIGNED_CONTEXT ( ( #3296, #2246, #5031 ) ) REPRESENTATION_CONTEXT ( 'NONE', 'WORKASPACE' ) );
#3962 = EDGE_CURVE ( 'NONE', #11959, #7590, #6642, .T. ) ;
#3963 = CARTESIAN_POINT ( 'NONE',  ( 1.635685497585844583, 1.112931231947474675, 0.6999999999999999556 ) ) ;
#3964 =( NAMED_UNIT ( * ) PLANE_ANGLE_UNIT ( ) SI_UNIT ( $, .RADIAN. ) );
#3965 = CARTESIAN_POINT ( 'NONE',  ( 1.811735950896735892, 1.482250792451576649, 0.6999999999999999556 ) ) ;
#3966 = ORIENTED_EDGE ( 'NONE', *, *, #7746, .T. ) ;
#3967 = PRESENTATION_STYLE_ASSIGNMENT (( #7824 ) ) ;
#3968 = CARTESIAN_POINT ( 'NONE',  ( 2.473562659791269436, 1.096958098981078544, 0.7010000000000000675 ) ) ;
#3969 = ORIENTED_EDGE ( 'NONE', *, *, #31, .T. ) ;
#3970 = CIRCLE ( 'NONE', #10927, 0.1687042954162695507 ) ;
#3971 = LINE ( 'NONE', #7650, #7994 ) ;
#3972 = ORIENTED_EDGE ( 'NONE', *, *, #7265, .F. ) ;
#3973 =( NAMED_UNIT ( * ) SI_UNIT ( $, .STERADIAN. ) SOLID_ANGLE_UNIT ( ) );
#3974 = VERTEX_POINT ( 'NONE', #8635 ) ;
#3975 = CARTESIAN_POINT ( 'NONE',  ( 2.490947412151131246, 1.144287879332228863, 0.6999999999999999556 ) ) ;
#3976 = FILL_AREA_STYLE_COLOUR ( '', #11398 ) ;
#3977 = ORIENTED_EDGE ( 'NONE', *, *, #9961, .T. ) ;
#3978 = CARTESIAN_POINT ( 'NONE',  ( 1.899241977134061177, 1.079989249787272731, 0.6999999999999999556 ) ) ;
#3979 = LINE ( 'NONE', #5700, #7923 ) ;
#3980 = SURFACE_STYLE_USAGE ( .BOTH. , #273 ) ;
#3981 = EDGE_LOOP ( 'NONE', ( #6828, #2817, #2354, #1405 ) ) ;
#3982 = CARTESIAN_POINT ( 'NONE',  ( 1.922075060976422556, 1.073917063555137386, 0.6999999999999999556 ) ) ;
#3983 = VECTOR ( 'NONE', #9375, 1000.000000000000000 ) ;
#3984 = CARTESIAN_POINT ( 'NONE',  ( 1.678486726660851192, 1.182338616135031995, 0.7010000000000000675 ) ) ;
#3985 = MECHANICAL_DESIGN_GEOMETRIC_PRESENTATION_REPRESENTATION (  '', ( #6131 ), #4957 ) ;
#3986 = DIRECTION ( 'NONE',  ( -1.000000000000000000, -0.0000000000000000000, -0.0000000000000000000 ) ) ;
#3987 = EDGE_LOOP ( 'NONE', ( #9150, #4593, #1720, #9224 ) ) ;
#3988 = CARTESIAN_POINT ( 'NONE',  ( 1.980966949356598450, 1.316804512807233207, 0.7010000000000000675 ) ) ;
#3989 = SURFACE_STYLE_USAGE ( .BOTH. , #10411 ) ;
#3990 =( GEOMETRIC_REPRESENTATION_CONTEXT ( 3 ) GLOBAL_UNCERTAINTY_ASSIGNED_CONTEXT ( ( #8248 ) ) GLOBAL_UNIT_ASSIGNED_CONTEXT ( ( #11578, #9728, #3104 ) ) REPRESENTATION_CONTEXT ( 'NONE', 'WORKASPACE' ) );
#3991 =( NAMED_UNIT ( * ) PLANE_ANGLE_UNIT ( ) SI_UNIT ( $, .RADIAN. ) );
#3992 = LINE ( 'NONE', #9745, #540 ) ;
#3993 = CARTESIAN_POINT ( 'NONE',  ( 1.065388210465627150, 1.362797841499060025, 0.6999999999999999556 ) ) ;
#3994 = ADVANCED_FACE ( 'NONE', ( #10470 ), #3069, .F. ) ;
#3995 =( NAMED_UNIT ( * ) PLANE_ANGLE_UNIT ( ) SI_UNIT ( $, .RADIAN. ) );
#3996 = FACE_OUTER_BOUND ( 'NONE', #4761, .T. ) ;
#3997 = B_SPLINE_SURFACE_WITH_KNOTS ( 'NONE', 3, 1, ( 
 ( #7141, #2901 ),
 ( #4837, #6681 ),
 ( #7450, #6550 ),
 ( #3852, #8599 ) ),
 .UNSPECIFIED., .F., .F., .F.,
 ( 4, 4 ),
 ( 2, 2 ),
 ( 21.00000000000000000, 22.00000000000000000 ),
 ( 0.0000000000000000000, 1.000000000000000000 ),
 .UNSPECIFIED. ) ;
#3998 = DIRECTION ( 'NONE',  ( -1.000000000000000000, -0.0000000000000000000, -0.0000000000000000000 ) ) ;
#3999 = MECHANICAL_DESIGN_GEOMETRIC_PRESENTATION_REPRESENTATION (  '', ( #10367 ), #195 ) ;
#4000 = PRESENTATION_STYLE_ASSIGNMENT (( #5045 ) ) ;
#4001 = DIRECTION ( 'NONE',  ( -0.0000000000000000000, 0.0000000000000000000, -1.000000000000000000 ) ) ;
#4002 = EDGE_CURVE ( 'NONE', #6120, #4562, #1129, .T. ) ;
#4003 =( NAMED_UNIT ( * ) SI_UNIT ( $, .STERADIAN. ) SOLID_ANGLE_UNIT ( ) );
#4004 = VERTEX_POINT ( 'NONE', #2085 ) ;
#4005 = FILL_AREA_STYLE ('',( #1009 ) ) ;
#4006 = COLOUR_RGB ( '',1.000000000000000000, 1.000000000000000000, 1.000000000000000000 ) ;
#4007 = CARTESIAN_POINT ( 'NONE',  ( 2.283328551422453057, 1.134722106501922845, 0.6999999999999999556 ) ) ;
#4008 = CARTESIAN_POINT ( 'NONE',  ( 2.441496525651999150, 1.319549473706508769, 0.7010000000000000675 ) ) ;
#4009 = B_SPLINE_CURVE_WITH_KNOTS ( 'NONE', 3,
 ( #1948, #7412, #6714, #6448 ),
 .UNSPECIFIED., .F., .F.,
 ( 4, 4 ),
 ( 4.000000000000000000, 5.000000000000000000 ),
 .UNSPECIFIED. ) ;
#4010 = CARTESIAN_POINT ( 'NONE',  ( 1.013332672324957384, 1.247118867853497681, 0.7010000000000000675 ) ) ;
#4011 = MECHANICAL_DESIGN_GEOMETRIC_PRESENTATION_REPRESENTATION (  '', ( #11568 ), #4805 ) ;
#4012 = CARTESIAN_POINT ( 'NONE',  ( 1.941580919486481038, 1.159010851427137112, 0.7010000000000000675 ) ) ;
#4013 = PRESENTATION_LAYER_ASSIGNMENT (  '', '', ( #2424 ) ) ;
#4014 = EDGE_CURVE ( 'NONE', #4564, #8124, #10537, .T. ) ;
#4015 = ADVANCED_FACE ( 'NONE', ( #9683 ), #11484, .T. ) ;
#4016 = ORIENTED_EDGE ( 'NONE', *, *, #4241, .T. ) ;
#4017 = PLANE ( 'NONE',  #8530 ) ;
#4018 = FACE_OUTER_BOUND ( 'NONE', #2860, .T. ) ;
#4019 = VERTEX_POINT ( 'NONE', #548 ) ;
#4020 =( NAMED_UNIT ( * ) SI_UNIT ( $, .STERADIAN. ) SOLID_ANGLE_UNIT ( ) );
#4021 = FILL_AREA_STYLE_COLOUR ( '', #12224 ) ;
#4022 = CARTESIAN_POINT ( 'NONE',  ( 2.401569821665459070, 1.079989249787272731, 0.6999999999999999556 ) ) ;
#4023 = ORIENTED_EDGE ( 'NONE', *, *, #8392, .F. ) ;
#4024 =( GEOMETRIC_REPRESENTATION_CONTEXT ( 3 ) GLOBAL_UNCERTAINTY_ASSIGNED_CONTEXT ( ( #327 ) ) GLOBAL_UNIT_ASSIGNED_CONTEXT ( ( #6516, #9115, #5577 ) ) REPRESENTATION_CONTEXT ( 'NONE', 'WORKASPACE' ) );
#4025 = MECHANICAL_DESIGN_GEOMETRIC_PRESENTATION_REPRESENTATION (  '', ( #2434 ), #3464 ) ;
#4026 = SURFACE_SIDE_STYLE ('',( #4204 ) ) ;
#4027 = SURFACE_STYLE_USAGE ( .BOTH. , #9592 ) ;
#4028 = ORIENTED_EDGE ( 'NONE', *, *, #336, .T. ) ;
#4029 = STYLED_ITEM ( 'NONE', ( #5867 ), #6164 ) ;
#4030 = EDGE_CURVE ( 'NONE', #8199, #6938, #3377, .T. ) ;
#4031 = LINE ( 'NONE', #5754, #1215 ) ;
#4032 = EDGE_LOOP ( 'NONE', ( #1999, #6826, #3666, #6442 ) ) ;
#4033 = CARTESIAN_POINT ( 'NONE',  ( 0.0000000000000000000, 0.0000000000000000000, 0.7010000000000000675 ) ) ;
#4034 = CARTESIAN_POINT ( 'NONE',  ( 2.065312111528040617, 1.137300706134778405, 0.6999999999999999556 ) ) ;
#4035 = VECTOR ( 'NONE', #10878, 1000.000000000000000 ) ;
#4036 = ORIENTED_EDGE ( 'NONE', *, *, #2566, .T. ) ;
#4037 = CARTESIAN_POINT ( 'NONE',  ( 1.991198167253144025, 1.079406985353685622, 0.7010000000000000675 ) ) ;
#4038 = SURFACE_STYLE_FILL_AREA ( #11808 ) ;
#4039 = CARTESIAN_POINT ( 'NONE',  ( 2.062941463479319282, 1.156598613060702885, 0.6999999999999999556 ) ) ;
#4040 = PRESENTATION_LAYER_ASSIGNMENT (  '', '', ( #11221 ) ) ;
#4041 =( NAMED_UNIT ( * ) PLANE_ANGLE_UNIT ( ) SI_UNIT ( $, .RADIAN. ) );
#4042 = ORIENTED_EDGE ( 'NONE', *, *, #10455, .F. ) ;
#4043 =( NAMED_UNIT ( * ) PLANE_ANGLE_UNIT ( ) SI_UNIT ( $, .RADIAN. ) );
#4044 = CARTESIAN_POINT ( 'NONE',  ( 2.388136149386426599, 1.450059887362492139, 0.7010000000000000675 ) ) ;
#4045 = CARTESIAN_POINT ( 'NONE',  ( 2.490947412151131246, 1.164583953858899124, 0.7010000000000000675 ) ) ;
#4046 = EDGE_LOOP ( 'NONE', ( #6039, #11622, #2524, #10241 ) ) ;
#4047 =( LENGTH_UNIT ( ) NAMED_UNIT ( * ) SI_UNIT ( .MILLI., .METRE. ) );
#4048 = CARTESIAN_POINT ( 'NONE',  ( 1.190321471113391594, 1.144164519529113244, 0.7010000000000000675 ) ) ;
#4049 = STYLED_ITEM ( 'NONE', ( #6272 ), #2639 ) ;
#4050 = CARTESIAN_POINT ( 'NONE',  ( 1.190321471113391594, 1.144164519529113244, 0.7010000000000000675 ) ) ;
#4051 = CARTESIAN_POINT ( 'NONE',  ( 2.309280909012984662, 1.377775917020444219, 0.6999999999999999556 ) ) ;
#4052 = FACE_OUTER_BOUND ( 'NONE', #3981, .T. ) ;
#4053 = FILL_AREA_STYLE_COLOUR ( '', #725 ) ;
#4054 = SURFACE_STYLE_FILL_AREA ( #11711 ) ;
#4055 = SURFACE_STYLE_USAGE ( .BOTH. , #2193 ) ;
#4056 = CARTESIAN_POINT ( 'NONE',  ( -0.3999999999999985789, 1.700000000000000622, 0.0000000000000000000 ) ) ;
#4057 = SURFACE_SIDE_STYLE ('',( #8813 ) ) ;
#4058 = CARTESIAN_POINT ( 'NONE',  ( 1.939418223020783927, 1.088640035651149196, 0.7010000000000000675 ) ) ;
#4059 = CARTESIAN_POINT ( 'NONE',  ( 2.269354205026444582, 1.448229913429640581, 0.6999999999999999556 ) ) ;
#4060 = CARTESIAN_POINT ( 'NONE',  ( 2.380566711756506137, 1.224141287305309023, 0.7010000000000000675 ) ) ;
#4061 = UNCERTAINTY_MEASURE_WITH_UNIT (LENGTH_MEASURE( 1.000000000000000082E-05 ), #5056, 'distance_accuracy_value', 'NONE');
#4062 = ORIENTED_EDGE ( 'NONE', *, *, #1727, .F. ) ;
#4063 = EDGE_CURVE ( 'NONE', #12357, #8199, #10778, .T. ) ;
#4064 = ADVANCED_FACE ( 'NONE', ( #2258 ), #1377, .F. ) ;
#4065 = CARTESIAN_POINT ( 'NONE',  ( 1.832739060806250597, 1.134722106501922845, 0.7010000000000000675 ) ) ;
#4066 = B_SPLINE_SURFACE_WITH_KNOTS ( 'NONE', 3, 1, ( 
 ( #8960, #2277 ),
 ( #8893, #11563 ),
 ( #7947, #6035 ),
 ( #8842, #8715 ) ),
 .UNSPECIFIED., .F., .F., .F.,
 ( 4, 4 ),
 ( 2, 2 ),
 ( 1.000000000000000000, 2.000000000000000000 ),
 ( 0.0000000000000000000, 1.000000000000000000 ),
 .UNSPECIFIED. ) ;
#4067 = LINE ( 'NONE', #9870, #2954 ) ;
#4068 = UNCERTAINTY_MEASURE_WITH_UNIT (LENGTH_MEASURE( 1.000000000000000082E-05 ), #7788, 'distance_accuracy_value', 'NONE');
#4069 = SURFACE_SIDE_STYLE ('',( #3264 ) ) ;
#4070 = VERTEX_POINT ( 'NONE', #7094 ) ;
#4071 = ORIENTED_EDGE ( 'NONE', *, *, #1747, .F. ) ;
#4072 = FILL_AREA_STYLE_COLOUR ( '', #2545 ) ;
#4073 = ORIENTED_EDGE ( 'NONE', *, *, #1335, .F. ) ;
#4074 = LINE ( 'NONE', #3031, #6877 ) ;
#4075 =( NAMED_UNIT ( * ) PLANE_ANGLE_UNIT ( ) SI_UNIT ( $, .RADIAN. ) );
#4076 = VECTOR ( 'NONE', #6814, 1000.000000000000114 ) ;
#4077 = FILL_AREA_STYLE_COLOUR ( '', #572 ) ;
#4078 = DIRECTION ( 'NONE',  ( 0.0000000000000000000, 1.000000000000000000, 0.0000000000000000000 ) ) ;
#4079 = EDGE_CURVE ( 'NONE', #11396, #3023, #4445, .T. ) ;
#4080 = CARTESIAN_POINT ( 'NONE',  ( 1.190321493177406875, 1.345445995451615806, 0.7010000000000000675 ) ) ;
#4081 = ORIENTED_EDGE ( 'NONE', *, *, #9271, .T. ) ;
#4082 = EDGE_CURVE ( 'NONE', #1460, #8718, #6974, .T. ) ;
#4083 = CARTESIAN_POINT ( 'NONE',  ( 1.190321471113391594, 1.144164519529113244, 0.6999999999999999556 ) ) ;
#4084 = ORIENTED_EDGE ( 'NONE', *, *, #6388, .T. ) ;
#4085 = SURFACE_STYLE_FILL_AREA ( #2405 ) ;
#4086 = UNCERTAINTY_MEASURE_WITH_UNIT (LENGTH_MEASURE( 1.000000000000000082E-05 ), #1454, 'distance_accuracy_value', 'NONE');
#4087 = ORIENTED_EDGE ( 'NONE', *, *, #1356, .F. ) ;
#4088 = CARTESIAN_POINT ( 'NONE',  ( 2.144583255068088334, 1.024175044838656401, 0.7010000000000000675 ) ) ;
#4089 = SURFACE_SIDE_STYLE ('',( #9778 ) ) ;
#4090 = ORIENTED_EDGE ( 'NONE', *, *, #10614, .F. ) ;
#4091 = LINE ( 'NONE', #7894, #6698 ) ;
#4092 = DIRECTION ( 'NONE',  ( 0.9345104387438678550, -0.3559357243643065938, 0.0000000000000000000 ) ) ;
#4093 = CARTESIAN_POINT ( 'NONE',  ( 1.278237517561414238, 1.177711483665941472, 0.7010000000000000675 ) ) ;
#4094 = PRESENTATION_LAYER_ASSIGNMENT (  '', '', ( #6862 ) ) ;
#4095 = EDGE_CURVE ( 'NONE', #2448, #3091, #5319, .T. ) ;
#4096 = FACE_OUTER_BOUND ( 'NONE', #10518, .T. ) ;
#4097 = ORIENTED_EDGE ( 'NONE', *, *, #3620, .T. ) ;
#4098 = DIRECTION ( 'NONE',  ( -1.000000000000000000, 0.0000000000000000000, 0.0000000000000000000 ) ) ;
#4099 =( NAMED_UNIT ( * ) SI_UNIT ( $, .STERADIAN. ) SOLID_ANGLE_UNIT ( ) );
#4100 = PRESENTATION_STYLE_ASSIGNMENT (( #4907 ) ) ;
#4101 = VERTEX_POINT ( 'NONE', #358 ) ;
#4102 = CARTESIAN_POINT ( 'NONE',  ( 2.185009042854447081, 1.080737875486165844, 0.6999999999999999556 ) ) ;
#4103 = COLOUR_RGB ( '',1.000000000000000000, 1.000000000000000000, 1.000000000000000000 ) ;
#4104 =( GEOMETRIC_REPRESENTATION_CONTEXT ( 3 ) GLOBAL_UNCERTAINTY_ASSIGNED_CONTEXT ( ( #11248 ) ) GLOBAL_UNIT_ASSIGNED_CONTEXT ( ( #4933, #4996, #9694 ) ) REPRESENTATION_CONTEXT ( 'NONE', 'WORKASPACE' ) );
#4105 = VECTOR ( 'NONE', #5810, 1000.000000000000000 ) ;
#4106 = FACE_OUTER_BOUND ( 'NONE', #10493, .T. ) ;
#4107 = B_SPLINE_CURVE_WITH_KNOTS ( 'NONE', 3,
 ( #9782, #1226, #6952, #5995 ),
 .UNSPECIFIED., .F., .F.,
 ( 4, 4 ),
 ( 27.00000000000000000, 28.00000000000000000 ),
 .UNSPECIFIED. ) ;
#4108 = CARTESIAN_POINT ( 'NONE',  ( 1.954765049865329507, 1.460041563358848826, 0.7010000000000000675 ) ) ;
#4109 = SURFACE_STYLE_USAGE ( .BOTH. , #7734 ) ;
#4110 = CARTESIAN_POINT ( 'NONE',  ( 1.945324047985389271, 1.080654694852952069, 0.6999999999999999556 ) ) ;
#4111 = B_SPLINE_CURVE_WITH_KNOTS ( 'NONE', 3,
 ( #4266, #3161, #9892, #3350 ),
 .UNSPECIFIED., .F., .F.,
 ( 4, 4 ),
 ( 8.000000000000000000, 9.000000000000000000 ),
 .UNSPECIFIED. ) ;
#4112 = DIRECTION ( 'NONE',  ( -0.0000000000000000000, -0.0000000000000000000, -1.000000000000000000 ) ) ;
#4113 =( LENGTH_UNIT ( ) NAMED_UNIT ( * ) SI_UNIT ( .MILLI., .METRE. ) );
#4114 = VECTOR ( 'NONE', #3316, 1000.000000000000000 ) ;
#4115 = PRESENTATION_LAYER_ASSIGNMENT (  '', '', ( #8298 ) ) ;
#4116 = VECTOR ( 'NONE', #11601, 999.9999999999998863 ) ;
#4117 = FACE_OUTER_BOUND ( 'NONE', #1106, .T. ) ;
#4118 = CARTESIAN_POINT ( 'NONE',  ( 2.144583255068088334, 1.024175044838656401, 0.7010000000000000675 ) ) ;
#4119 = FILL_AREA_STYLE_COLOUR ( '', #12126 ) ;
#4120 = CLOSED_SHELL ( 'NONE', ( #2245, #7023, #405, #7759, #6029, #3994, #7028, #8342, #733, #1901, #6860, #8279, #6118, #6130 ) ) ;
#4121 = SURFACE_STYLE_FILL_AREA ( #116 ) ;
#4122 = PRESENTATION_LAYER_ASSIGNMENT (  '', '', ( #8712 ) ) ;
#4123 = ORIENTED_EDGE ( 'NONE', *, *, #4294, .F. ) ;
#4124 = PRESENTATION_STYLE_ASSIGNMENT (( #3256 ) ) ;
#4125 = PRESENTATION_LAYER_ASSIGNMENT (  '', '', ( #3341 ) ) ;
#4126 =( GEOMETRIC_REPRESENTATION_CONTEXT ( 3 ) GLOBAL_UNCERTAINTY_ASSIGNED_CONTEXT ( ( #2476 ) ) GLOBAL_UNIT_ASSIGNED_CONTEXT ( ( #5819, #4041, #4851 ) ) REPRESENTATION_CONTEXT ( 'NONE', 'WORKASPACE' ) );
#4127 = CARTESIAN_POINT ( 'NONE',  ( 2.595047974733924789, 1.203346128978269869, 0.7010000000000000675 ) ) ;
#4128 = AXIS2_PLACEMENT_3D ( 'NONE', #10693, #4092, #3286 ) ;
#4129 = CARTESIAN_POINT ( 'NONE',  ( 1.969820744493629316, 1.075414314955142503, 0.6999999999999999556 ) ) ;
#4130 =( NAMED_UNIT ( * ) PLANE_ANGLE_UNIT ( ) SI_UNIT ( $, .RADIAN. ) );
#4131 = DIRECTION ( 'NONE',  ( -0.0000000000000000000, 1.000000000000000000, -0.0000000000000000000 ) ) ;
#4132 = MECHANICAL_DESIGN_GEOMETRIC_PRESENTATION_REPRESENTATION (  '', ( #12288 ), #9916 ) ;
#4133 = AXIS2_PLACEMENT_3D ( 'NONE', #10382, #8529, #8657 ) ;
#4134 = CARTESIAN_POINT ( 'NONE',  ( 2.044225820985318354, 1.164833495758527349, 0.6999999999999999556 ) ) ;
#4135 = ORIENTED_EDGE ( 'NONE', *, *, #8627, .F. ) ;
#4136 = EDGE_CURVE ( 'NONE', #10018, #10755, #3262, .T. ) ;
#4137 = EDGE_LOOP ( 'NONE', ( #7949, #9999, #814, #5201 ) ) ;
#4138 = DIRECTION ( 'NONE',  ( 1.084202172485504187E-16, 1.000000000000000000, -0.0000000000000000000 ) ) ;
#4139 = EDGE_LOOP ( 'NONE', ( #6205, #9945, #2462, #8400, #11261, #11406 ) ) ;
#4140 = FILL_AREA_STYLE ('',( #11787 ) ) ;
#4141 = CARTESIAN_POINT ( 'NONE',  ( 2.105114044564763809, 1.067928057957318488, 0.6999999999999999556 ) ) ;
#4142 = SURFACE_STYLE_USAGE ( .BOTH. , #8012 ) ;
#4143 = UNCERTAINTY_MEASURE_WITH_UNIT (LENGTH_MEASURE( 1.000000000000000082E-05 ), #4740, 'distance_accuracy_value', 'NONE');
#4144 = EDGE_LOOP ( 'NONE', ( #9902, #10450, #8074, #6729 ) ) ;
#4145 = VERTEX_POINT ( 'NONE', #6013 ) ;
#4146 = SURFACE_STYLE_FILL_AREA ( #4324 ) ;
#4147 = EDGE_CURVE ( 'NONE', #8025, #1475, #5101, .T. ) ;
#4148 = ORIENTED_EDGE ( 'NONE', *, *, #3055, .F. ) ;
#4149 = PRESENTATION_LAYER_ASSIGNMENT (  '', '', ( #10513 ) ) ;
#4150 = CARTESIAN_POINT ( 'NONE',  ( 2.118214994310397614, 1.082401488152591629, 0.7010000000000000675 ) ) ;
#4151 = EDGE_CURVE ( 'NONE', #4778, #8556, #12159, .T. ) ;
#4152 = CARTESIAN_POINT ( 'NONE',  ( 0.9948240321290651167, 1.376679249938345562, 0.7010000000000000675 ) ) ;
#4153 = SURFACE_STYLE_USAGE ( .BOTH. , #8910 ) ;
#4154 = EDGE_LOOP ( 'NONE', ( #10939, #5775, #9714, #4968 ) ) ;
#4155 =( LENGTH_UNIT ( ) NAMED_UNIT ( * ) SI_UNIT ( .MILLI., .METRE. ) );
#4156 = SURFACE_STYLE_FILL_AREA ( #337 ) ;
#4157 = LINE ( 'NONE', #7932, #8355 ) ;
#4158 = DIRECTION ( 'NONE',  ( 0.0000000000000000000, 0.0000000000000000000, 1.000000000000000000 ) ) ;
#4159 = ORIENTED_EDGE ( 'NONE', *, *, #2131, .T. ) ;
#4160 = B_SPLINE_CURVE_WITH_KNOTS ( 'NONE', 3,
 ( #10122, #8007, #10988, #10797 ),
 .UNSPECIFIED., .F., .F.,
 ( 4, 4 ),
 ( 5.000000000000000000, 6.000000000000000000 ),
 .UNSPECIFIED. ) ;
#4161 = PRESENTATION_LAYER_ASSIGNMENT (  '', '', ( #9734 ) ) ;
#4162 = EDGE_CURVE ( 'NONE', #2244, #1979, #10978, .T. ) ;
#4163 = CARTESIAN_POINT ( 'NONE',  ( 2.513031870295155290, 1.119666411873068812, 0.6999999999999999556 ) ) ;
#4164 = ORIENTED_EDGE ( 'NONE', *, *, #7647, .T. ) ;
#4165 = CARTESIAN_POINT ( 'NONE',  ( 1.954973001448909287, 1.180305093553438711, 0.7010000000000000675 ) ) ;
#4166 = CARTESIAN_POINT ( 'NONE',  ( 2.165461594027785264, 1.040561629599990656, 0.7010000000000000675 ) ) ;
#4167 = EDGE_CURVE ( 'NONE', #5757, #5021, #8110, .T. ) ;
#4168 = EDGE_CURVE ( 'NONE', #8356, #4743, #2679, .T. ) ;
#4169 = B_SPLINE_SURFACE_WITH_KNOTS ( 'NONE', 3, 1, ( 
 ( #5333, #9092 ),
 ( #7142, #10824 ),
 ( #8151, #10025 ),
 ( #529, #9160 ) ),
 .UNSPECIFIED., .F., .F., .F.,
 ( 4, 4 ),
 ( 2, 2 ),
 ( 3.000000000000000000, 4.000000000000000000 ),
 ( 0.0000000000000000000, 1.000000000000000000 ),
 .UNSPECIFIED. ) ;
#4170 = CARTESIAN_POINT ( 'NONE',  ( 1.190321471113391594, 1.144164519529113244, 0.7010000000000000675 ) ) ;
#4171 = DIRECTION ( 'NONE',  ( -0.4673073067545554515, 0.8840949502478814281, 0.0000000000000000000 ) ) ;
#4172 = VECTOR ( 'NONE', #4853, 1000.000000000000000 ) ;
#4173 = MECHANICAL_DESIGN_GEOMETRIC_PRESENTATION_REPRESENTATION (  '', ( #5744 ), #12338 ) ;
#4174 = CARTESIAN_POINT ( 'NONE',  ( 1.433247337833865043, 1.258686765217720938, 0.7010000000000000675 ) ) ;
#4175 = LINE ( 'NONE', #11768, #11551 ) ;
#4176 = CARTESIAN_POINT ( 'NONE',  ( 1.890923913803576051, 1.134722106501922845, 0.7010000000000000675 ) ) ;
#4177 = CARTESIAN_POINT ( 'NONE',  ( 1.145206697868407453, 1.431048376377577203, 0.6999999999999999556 ) ) ;
#4178 = SURFACE_STYLE_FILL_AREA ( #5899 ) ;
#4179 = UNCERTAINTY_MEASURE_WITH_UNIT (LENGTH_MEASURE( 1.000000000000000082E-05 ), #6623, 'distance_accuracy_value', 'NONE');
#4180 = VECTOR ( 'NONE', #2182, 1000.000000000000000 ) ;
#4181 = EDGE_CURVE ( 'NONE', #4713, #5512, #9209, .T. ) ;
#4182 = ORIENTED_EDGE ( 'NONE', *, *, #4030, .F. ) ;
#4183 = STYLED_ITEM ( 'NONE', ( #12163 ), #9207 ) ;
#4184 = B_SPLINE_CURVE_WITH_KNOTS ( 'NONE', 3,
 ( #3959, #3840, #3782, #2100 ),
 .UNSPECIFIED., .F., .F.,
 ( 4, 4 ),
 ( 11.00000000000000000, 12.00000000000000000 ),
 .UNSPECIFIED. ) ;
#4185 = CARTESIAN_POINT ( 'NONE',  ( 2.950000000000001510, 1.700000000000001066, -0.1000000000000000056 ) ) ;
#4186 = CARTESIAN_POINT ( 'NONE',  ( 2.060861947646282388, 1.148114188464350871, 0.6999999999999999556 ) ) ;
#4187 = SURFACE_STYLE_FILL_AREA ( #6855 ) ;
#4188 = CARTESIAN_POINT ( 'NONE',  ( 2.085109102254885993, 1.058695007660964693, 0.6999999999999999556 ) ) ;
#4189 = PRESENTATION_LAYER_ASSIGNMENT (  '', '', ( #6338 ) ) ;
#4190 = CARTESIAN_POINT ( 'NONE',  ( 2.668454883625423602, 1.061439968560242475, 0.7010000000000000675 ) ) ;
#4191 = DIRECTION ( 'NONE',  ( -0.0000000000000000000, -1.000000000000000000, -0.0000000000000000000 ) ) ;
#4192 = UNCERTAINTY_MEASURE_WITH_UNIT (LENGTH_MEASURE( 1.000000000000000082E-05 ), #3081, 'distance_accuracy_value', 'NONE');
#4193 = AXIS2_PLACEMENT_3D ( 'NONE', #180, #4001, #7798 ) ;
#4194 = CARTESIAN_POINT ( 'NONE',  ( 2.522056969007373528, 1.061439968560242475, 0.7010000000000000675 ) ) ;
#4195 = ORIENTED_EDGE ( 'NONE', *, *, #35, .F. ) ;
#4196 = ORIENTED_EDGE ( 'NONE', *, *, #12129, .T. ) ;
#4197 = CARTESIAN_POINT ( 'NONE',  ( 1.678486726660851192, 1.182338616135031995, 0.7010000000000000675 ) ) ;
#4198 = CARTESIAN_POINT ( 'NONE',  ( 1.957302059181020848, 1.130479894203750391, 0.6999999999999999556 ) ) ;
#4199 = FILL_AREA_STYLE ('',( #4077 ) ) ;
#4200 = FILL_AREA_STYLE_COLOUR ( '', #277 ) ;
#4201 = FILL_AREA_STYLE_COLOUR ( '', #6464 ) ;
#4202 = CARTESIAN_POINT ( 'NONE',  ( 1.928729511641029903, 1.067844877324111152, 0.6999999999999999556 ) ) ;
#4203 = ORIENTED_EDGE ( 'NONE', *, *, #1876, .T. ) ;
#4204 = SURFACE_STYLE_FILL_AREA ( #9885 ) ;
#4205 =( LENGTH_UNIT ( ) NAMED_UNIT ( * ) SI_UNIT ( .MILLI., .METRE. ) );
#4206 = VERTEX_POINT ( 'NONE', #10285 ) ;
#4207 = SURFACE_STYLE_USAGE ( .BOTH. , #265 ) ;
#4208 = SURFACE_STYLE_USAGE ( .BOTH. , #11865 ) ;
#4209 = UNCERTAINTY_MEASURE_WITH_UNIT (LENGTH_MEASURE( 1.000000000000000082E-05 ), #1665, 'distance_accuracy_value', 'NONE');
#4210 = ORIENTED_EDGE ( 'NONE', *, *, #11495, .T. ) ;
#4211 = VECTOR ( 'NONE', #3599, 1000.000000000000000 ) ;
#4212 = CARTESIAN_POINT ( 'NONE',  ( 2.026009262291685431, 1.326287105004327449, 0.7010000000000000675 ) ) ;
#4213 = PRESENTATION_STYLE_ASSIGNMENT (( #9956 ) ) ;
#4214 = FILL_AREA_STYLE ('',( #3228 ) ) ;
#4215 = VERTEX_POINT ( 'NONE', #12078 ) ;
#4216 = EDGE_CURVE ( 'NONE', #6479, #7814, #4879, .T. ) ;
#4217 = LINE ( 'NONE', #8974, #11877 ) ;
#4218 = PRESENTATION_STYLE_ASSIGNMENT (( #5934 ) ) ;
#4219 = PRESENTATION_LAYER_ASSIGNMENT (  '', '', ( #4820 ) ) ;
#4220 = CARTESIAN_POINT ( 'NONE',  ( 2.473105166307505431, 1.190120408283372955, 0.7010000000000000675 ) ) ;
#4221 = CARTESIAN_POINT ( 'NONE',  ( 1.904191224815638073, 1.397822449646370480, 0.6999999999999999556 ) ) ;
#4222 = ORIENTED_EDGE ( 'NONE', *, *, #2047, .T. ) ;
#4223 = FILL_AREA_STYLE_COLOUR ( '', #8367 ) ;
#4224 = ADVANCED_FACE ( 'NONE', ( #2622, #729 ), #2743, .T. ) ;
#4225 = DIRECTION ( 'NONE',  ( -0.0000000000000000000, -0.0000000000000000000, -1.000000000000000000 ) ) ;
#4226 = CARTESIAN_POINT ( 'NONE',  ( 2.012118096529444955, 1.061439968560242475, 0.7010000000000000675 ) ) ;
#4227 = VERTEX_POINT ( 'NONE', #6513 ) ;
#4228 = PRESENTATION_STYLE_ASSIGNMENT (( #6898 ) ) ;
#4229 = CARTESIAN_POINT ( 'NONE',  ( 1.918747835644118327, 1.092549525416478540, 0.7010000000000000675 ) ) ;
#4230 =( GEOMETRIC_REPRESENTATION_CONTEXT ( 3 ) GLOBAL_UNCERTAINTY_ASSIGNED_CONTEXT ( ( #4086 ) ) GLOBAL_UNIT_ASSIGNED_CONTEXT ( ( #1454, #440, #3396 ) ) REPRESENTATION_CONTEXT ( 'NONE', 'WORKASPACE' ) );
#4231 = SURFACE_STYLE_USAGE ( .BOTH. , #2088 ) ;
#4232 = CARTESIAN_POINT ( 'NONE',  ( 1.955596856198538624, 1.058695007660964693, 0.7010000000000000675 ) ) ;
#4233 =( GEOMETRIC_REPRESENTATION_CONTEXT ( 3 ) GLOBAL_UNCERTAINTY_ASSIGNED_CONTEXT ( ( #9685 ) ) GLOBAL_UNIT_ASSIGNED_CONTEXT ( ( #11019, #3072, #4003 ) ) REPRESENTATION_CONTEXT ( 'NONE', 'WORKASPACE' ) );
#4234 =( NAMED_UNIT ( * ) SI_UNIT ( $, .STERADIAN. ) SOLID_ANGLE_UNIT ( ) );
#4235 = CARTESIAN_POINT ( 'NONE',  ( 2.309280909012984662, 1.402979648912079158, 0.6999999999999999556 ) ) ;
#4236 =( NAMED_UNIT ( * ) PLANE_ANGLE_UNIT ( ) SI_UNIT ( $, .RADIAN. ) );
#4237 = DIRECTION ( 'NONE',  ( -1.000000000000000000, 0.0000000000000000000, 0.0000000000000000000 ) ) ;
#4238 = LINE ( 'NONE', #6069, #1304 ) ;
#4239 = EDGE_CURVE ( 'NONE', #8718, #10585, #9296, .T. ) ;
#4240 = DIRECTION ( 'NONE',  ( -0.0000000000000000000, -0.0000000000000000000, -1.000000000000000000 ) ) ;
#4241 = EDGE_CURVE ( 'NONE', #2956, #6415, #1923, .T. ) ;
#4242 = DIRECTION ( 'NONE',  ( 1.000000000000000000, -0.0000000000000000000, -0.0000000000000000000 ) ) ;
#4243 =( GEOMETRIC_REPRESENTATION_CONTEXT ( 3 ) GLOBAL_UNCERTAINTY_ASSIGNED_CONTEXT ( ( #12152 ) ) GLOBAL_UNIT_ASSIGNED_CONTEXT ( ( #11325, #3485, #12234 ) ) REPRESENTATION_CONTEXT ( 'NONE', 'WORKASPACE' ) );
#4244 = PLANE ( 'NONE',  #10737 ) ;
#4245 = CARTESIAN_POINT ( 'NONE',  ( 2.241779825084981859, 1.463535149958128612, 0.7010000000000000675 ) ) ;
#4246 = VERTEX_POINT ( 'NONE', #869 ) ;
#4247 = CARTESIAN_POINT ( 'NONE',  ( -3.249999999999998668, 2.000000000000000000, 0.6999999999999999556 ) ) ;
#4248 = COLOUR_RGB ( '',1.000000000000000000, 1.000000000000000000, 1.000000000000000000 ) ;
#4249 = CARTESIAN_POINT ( 'NONE',  ( 1.078112890947402258, 1.432205159494573943, 0.6999999999999999556 ) ) ;
#4250 = EDGE_CURVE ( 'NONE', #4656, #10240, #7404, .T. ) ;
#4251 = CARTESIAN_POINT ( 'NONE',  ( 1.939418223020783927, 1.094213138081801873, 0.7010000000000000675 ) ) ;
#4252 = CARTESIAN_POINT ( 'NONE',  ( 1.469107802013187136, 1.197376895947374287, 0.7010000000000000675 ) ) ;
#4253 = ORIENTED_EDGE ( 'NONE', *, *, #6336, .F. ) ;
#4254 = ORIENTED_EDGE ( 'NONE', *, *, #10277, .T. ) ;
#4255 = SURFACE_SIDE_STYLE ('',( #438 ) ) ;
#4256 = SURFACE_SIDE_STYLE ('',( #8193 ) ) ;
#4257 = DIRECTION ( 'NONE',  ( -0.0000000000000000000, -0.0000000000000000000, -1.000000000000000000 ) ) ;
#4258 = UNCERTAINTY_MEASURE_WITH_UNIT (LENGTH_MEASURE( 1.000000000000000082E-05 ), #7560, 'distance_accuracy_value', 'NONE');
#4259 = SURFACE_SIDE_STYLE ('',( #9138 ) ) ;
#4260 = FILL_AREA_STYLE ('',( #9139 ) ) ;
#4261 = ORIENTED_EDGE ( 'NONE', *, *, #4437, .T. ) ;
#4262 = SURFACE_STYLE_FILL_AREA ( #2339 ) ;
#4263 = CARTESIAN_POINT ( 'NONE',  ( 2.473562659791269436, 1.096958098981078544, 0.6999999999999999556 ) ) ;
#4264 = ORIENTED_EDGE ( 'NONE', *, *, #8101, .T. ) ;
#4265 =( NAMED_UNIT ( * ) SI_UNIT ( $, .STERADIAN. ) SOLID_ANGLE_UNIT ( ) );
#4266 = CARTESIAN_POINT ( 'NONE',  ( 2.112641891879190492, 1.175147894287726480, 0.6999999999999999556 ) ) ;
#4267 = B_SPLINE_SURFACE_WITH_KNOTS ( 'NONE', 3, 1, ( 
 ( #4794, #2863 ),
 ( #6707, #10641 ),
 ( #3115, #1054 ),
 ( #11468, #6633 ) ),
 .UNSPECIFIED., .F., .F., .F.,
 ( 4, 4 ),
 ( 2, 2 ),
 ( 5.000000000000000000, 6.000000000000000000 ),
 ( 0.0000000000000000000, 1.000000000000000000 ),
 .UNSPECIFIED. ) ;
#4268 = ORIENTED_EDGE ( 'NONE', *, *, #8592, .F. ) ;
#4269 =( NAMED_UNIT ( * ) SI_UNIT ( $, .STERADIAN. ) SOLID_ANGLE_UNIT ( ) );
#4270 =( NAMED_UNIT ( * ) SI_UNIT ( $, .STERADIAN. ) SOLID_ANGLE_UNIT ( ) );
#4271 =( GEOMETRIC_REPRESENTATION_CONTEXT ( 3 ) GLOBAL_UNCERTAINTY_ASSIGNED_CONTEXT ( ( #6917 ) ) GLOBAL_UNIT_ASSIGNED_CONTEXT ( ( #5611, #9325, #8391 ) ) REPRESENTATION_CONTEXT ( 'NONE', 'WORKASPACE' ) );
#4272 = ORIENTED_EDGE ( 'NONE', *, *, #1638, .T. ) ;
#4273 =( NAMED_UNIT ( * ) SI_UNIT ( $, .STERADIAN. ) SOLID_ANGLE_UNIT ( ) );
#4274 = FACE_OUTER_BOUND ( 'NONE', #1018, .T. ) ;
#4275 = ORIENTED_EDGE ( 'NONE', *, *, #8331, .F. ) ;
#4276 =( NAMED_UNIT ( * ) PLANE_ANGLE_UNIT ( ) SI_UNIT ( $, .RADIAN. ) );
#4277 = MECHANICAL_DESIGN_GEOMETRIC_PRESENTATION_REPRESENTATION (  '', ( #9069 ), #8694 ) ;
#4278 = FILL_AREA_STYLE ('',( #461 ) ) ;
#4279 = ORIENTED_EDGE ( 'NONE', *, *, #11476, .F. ) ;
#4280 = CARTESIAN_POINT ( 'NONE',  ( 2.567556775426779847, 1.124324527338406599, 0.7010000000000000675 ) ) ;
#4281 = DIRECTION ( 'NONE',  ( -1.000000000000000000, 0.0000000000000000000, 0.0000000000000000000 ) ) ;
#4282 = CARTESIAN_POINT ( 'NONE',  ( 1.501497905808405031, 1.465752062954798651, 0.7010000000000000675 ) ) ;
#4283 = CARTESIAN_POINT ( 'NONE',  ( 1.895540438951756279, 1.205425644811862096, 0.7010000000000000675 ) ) ;
#4284 = CARTESIAN_POINT ( 'NONE',  ( 2.606485311813688810, 1.224141287305309023, 0.6999999999999999556 ) ) ;
#4285 = EDGE_CURVE ( 'NONE', #1854, #6430, #12264, .T. ) ;
#4286 = CARTESIAN_POINT ( 'NONE',  ( 1.235436266422391238, 1.074757135341556369, 0.7010000000000000675 ) ) ;
#4287 =( NAMED_UNIT ( * ) PLANE_ANGLE_UNIT ( ) SI_UNIT ( $, .RADIAN. ) );
#4288 = PRESENTATION_STYLE_ASSIGNMENT (( #10098 ) ) ;
#4289 = FILL_AREA_STYLE ('',( #1556 ) ) ;
#4290 =( NAMED_UNIT ( * ) SI_UNIT ( $, .STERADIAN. ) SOLID_ANGLE_UNIT ( ) );
#4291 = CARTESIAN_POINT ( 'NONE',  ( 2.596794768033564349, 1.194196259315126962, 0.7010000000000000675 ) ) ;
#4292 = CARTESIAN_POINT ( 'NONE',  ( 1.899241977134061177, 1.061439968560242475, 0.7010000000000000675 ) ) ;
#4293 = ORIENTED_EDGE ( 'NONE', *, *, #9494, .T. ) ;
#4294 = EDGE_CURVE ( 'NONE', #9960, #5409, #1559, .T. ) ;
#4295 = FILL_AREA_STYLE ('',( #11547 ) ) ;
#4296 = EDGE_CURVE ( 'NONE', #1738, #1702, #409, .T. ) ;
#4297 =( NAMED_UNIT ( * ) SI_UNIT ( $, .STERADIAN. ) SOLID_ANGLE_UNIT ( ) );
#4298 = PRESENTATION_LAYER_ASSIGNMENT (  '', '', ( #9697 ) ) ;
#4299 = PRESENTATION_LAYER_ASSIGNMENT (  '', '', ( #6674 ) ) ;
#4300 = CARTESIAN_POINT ( 'NONE',  ( 1.307157238909066876, 1.111774459862482134, 0.6999999999999999556 ) ) ;
#4301 = DIRECTION ( 'NONE',  ( -0.0000000000000000000, 0.0000000000000000000, -1.000000000000000000 ) ) ;
#4302 = COLOUR_RGB ( '',1.000000000000000000, 1.000000000000000000, 1.000000000000000000 ) ;
#4303 = DIRECTION ( 'NONE',  ( -0.9676172723861924396, -0.2524218971878333662, 0.0000000000000000000 ) ) ;
#4304 = COLOUR_RGB ( '',1.000000000000000000, 1.000000000000000000, 1.000000000000000000 ) ;
#4305 = ADVANCED_FACE ( 'NONE', ( #8229 ), #587, .F. ) ;
#4306 =( LENGTH_UNIT ( ) NAMED_UNIT ( * ) SI_UNIT ( .MILLI., .METRE. ) );
#4307 = UNCERTAINTY_MEASURE_WITH_UNIT (LENGTH_MEASURE( 1.000000000000000082E-05 ), #7007, 'distance_accuracy_value', 'NONE');
#4308 = AXIS2_PLACEMENT_3D ( 'NONE', #3445, #6189, #11894 ) ;
#4309 =( GEOMETRIC_REPRESENTATION_CONTEXT ( 3 ) GLOBAL_UNCERTAINTY_ASSIGNED_CONTEXT ( ( #3206 ) ) GLOBAL_UNIT_ASSIGNED_CONTEXT ( ( #3755, #12274, #9432 ) ) REPRESENTATION_CONTEXT ( 'NONE', 'WORKASPACE' ) );
#4310 = CARTESIAN_POINT ( 'NONE',  ( 1.563964569228308843, 1.374365672672346106, 0.6999999999999999556 ) ) ;
#4311 = ORIENTED_EDGE ( 'NONE', *, *, #1552, .F. ) ;
#4312 = VERTEX_POINT ( 'NONE', #925 ) ;
#4313 = CARTESIAN_POINT ( 'NONE',  ( 2.097295065034097572, 1.095544028215391208, 0.7010000000000000675 ) ) ;
#4314 = EDGE_CURVE ( 'NONE', #3073, #11925, #5884, .T. ) ;
#4315 = VECTOR ( 'NONE', #11807, 1000.000000000000000 ) ;
#4316 = CARTESIAN_POINT ( 'NONE',  ( 2.591887110667488336, 1.191950382216223403, 0.6999999999999999556 ) ) ;
#4317 = VECTOR ( 'NONE', #8286, 1000.000000000000000 ) ;
#4318 = STYLED_ITEM ( 'NONE', ( #3838 ), #3477 ) ;
#4319 = CARTESIAN_POINT ( 'NONE',  ( 2.026009262291685431, 1.346416818264573267, 0.7010000000000000675 ) ) ;
#4320 = ORIENTED_EDGE ( 'NONE', *, *, #2064, .T. ) ;
#4321 = FACE_OUTER_BOUND ( 'NONE', #1439, .T. ) ;
#4322 = FACE_OUTER_BOUND ( 'NONE', #1853, .T. ) ;
#4323 = ORIENTED_EDGE ( 'NONE', *, *, #974, .T. ) ;
#4324 = FILL_AREA_STYLE ('',( #9950 ) ) ;
#4325 = VERTEX_POINT ( 'NONE', #6705 ) ;
#4326 = EDGE_CURVE ( 'NONE', #5757, #6497, #6568, .T. ) ;
#4327 = SURFACE_STYLE_FILL_AREA ( #2411 ) ;
#4328 = COLOUR_RGB ( '',1.000000000000000000, 1.000000000000000000, 1.000000000000000000 ) ;
#4329 = CARTESIAN_POINT ( 'NONE',  ( 2.187504461854089755, 1.090137287050050530, 0.6999999999999999556 ) ) ;
#4330 = VERTEX_POINT ( 'NONE', #6839 ) ;
#4331 = VECTOR ( 'NONE', #8537, 1000.000000000000114 ) ;
#4332 = CARTESIAN_POINT ( 'NONE',  ( 2.240365754319293856, 1.177643313287374705, 0.7010000000000000675 ) ) ;
#4333 = PRESENTATION_STYLE_ASSIGNMENT (( #7135 ) ) ;
#4334 =( LENGTH_UNIT ( ) NAMED_UNIT ( * ) SI_UNIT ( .MILLI., .METRE. ) );
#4335 = ORIENTED_EDGE ( 'NONE', *, *, #8451, .F. ) ;
#4336 = CARTESIAN_POINT ( 'NONE',  ( 2.591887110667488336, 1.191950382216223403, 0.7010000000000000675 ) ) ;
#4337 = CARTESIAN_POINT ( 'NONE',  ( 1.895540438951756279, 1.224141287305309023, 0.7010000000000000675 ) ) ;
#4338 = PLANE ( 'NONE',  #5091 ) ;
#4339 = COLOUR_RGB ( '',1.000000000000000000, 1.000000000000000000, 1.000000000000000000 ) ;
#4340 = ORIENTED_EDGE ( 'NONE', *, *, #9790, .F. ) ;
#4341 = CARTESIAN_POINT ( 'NONE',  ( 1.141736315420841974, 1.217042330292825936, 0.6999999999999999556 ) ) ;
#4342 = STYLED_ITEM ( 'NONE', ( #4689 ), #10964 ) ;
#4343 = CARTESIAN_POINT ( 'NONE',  ( 2.052918197165804592, 1.171072043255974915, 0.7010000000000000675 ) ) ;
#4344 = SURFACE_SIDE_STYLE ('',( #10032 ) ) ;
#4345 = DIRECTION ( 'NONE',  ( 1.000000000000000000, 1.172110456741085828E-16, -0.0000000000000000000 ) ) ;
#4346 = PRESENTATION_STYLE_ASSIGNMENT (( #11023 ) ) ;
#4347 =( GEOMETRIC_REPRESENTATION_CONTEXT ( 3 ) GLOBAL_UNCERTAINTY_ASSIGNED_CONTEXT ( ( #10050 ) ) GLOBAL_UNIT_ASSIGNED_CONTEXT ( ( #4792, #2997, #10409 ) ) REPRESENTATION_CONTEXT ( 'NONE', 'WORKASPACE' ) );
#4348 = LINE ( 'NONE', #7089, #11528 ) ;
#4349 = DIRECTION ( 'NONE',  ( 0.0000000000000000000, 0.0000000000000000000, -1.000000000000000000 ) ) ;
#4350 =( NAMED_UNIT ( * ) SI_UNIT ( $, .STERADIAN. ) SOLID_ANGLE_UNIT ( ) );
#4351 = PRESENTATION_STYLE_ASSIGNMENT (( #2304 ) ) ;
#4352 = SURFACE_SIDE_STYLE ('',( #6191 ) ) ;
#4353 = LINE ( 'NONE', #6015, #3439 ) ;
#4354 = PRESENTATION_LAYER_ASSIGNMENT (  '', '', ( #3380 ) ) ;
#4355 = EDGE_LOOP ( 'NONE', ( #1471, #9295, #9528, #3809 ) ) ;
#4356 = FILL_AREA_STYLE ('',( #4651 ) ) ;
#4357 = DIRECTION ( 'NONE',  ( -0.0000000000000000000, -1.000000000000000000, -0.0000000000000000000 ) ) ;
#4358 = SURFACE_STYLE_FILL_AREA ( #4295 ) ;
#4359 = STYLED_ITEM ( 'NONE', ( #9852 ), #9657 ) ;
#4360 = MECHANICAL_DESIGN_GEOMETRIC_PRESENTATION_REPRESENTATION (  '', ( #4764 ), #1388 ) ;
#4361 = ORIENTED_EDGE ( 'NONE', *, *, #7178, .F. ) ;
#4362 = ADVANCED_FACE ( 'NONE', ( #10408 ), #3813, .F. ) ;
#4363 = CARTESIAN_POINT ( 'NONE',  ( 1.991738841369566693, 1.079406985353685400, 0.6999999999999999556 ) ) ;
#4364 = CARTESIAN_POINT ( 'NONE',  ( 2.085109102254885993, 1.127319030137312827, 0.6999999999999999556 ) ) ;
#4365 = SURFACE_STYLE_USAGE ( .BOTH. , #6202 ) ;
#4366 = CARTESIAN_POINT ( 'NONE',  ( 2.380275579539156361, 1.482250792451576649, 0.7010000000000000675 ) ) ;
#4367 = B_SPLINE_SURFACE_WITH_KNOTS ( 'NONE', 3, 1, ( 
 ( #10256, #1723 ),
 ( #9336, #8403 ),
 ( #900, #6482 ),
 ( #10325, #5555 ) ),
 .UNSPECIFIED., .F., .F., .F.,
 ( 4, 4 ),
 ( 2, 2 ),
 ( 28.00000000000000000, 29.00000000000000000 ),
 ( 0.0000000000000000000, 1.000000000000000000 ),
 .UNSPECIFIED. ) ;
#4368 = ADVANCED_FACE ( 'NONE', ( #2996 ), #6771, .F. ) ;
#4369 = PRESENTATION_LAYER_ASSIGNMENT (  '', '', ( #6744 ) ) ;
#4370 =( GEOMETRIC_REPRESENTATION_CONTEXT ( 3 ) GLOBAL_UNCERTAINTY_ASSIGNED_CONTEXT ( ( #11131 ) ) GLOBAL_UNIT_ASSIGNED_CONTEXT ( ( #2457, #752, #8194 ) ) REPRESENTATION_CONTEXT ( 'NONE', 'WORKASPACE' ) );
#4371 =( NAMED_UNIT ( * ) SI_UNIT ( $, .STERADIAN. ) SOLID_ANGLE_UNIT ( ) );
#4372 = ORIENTED_EDGE ( 'NONE', *, *, #6224, .F. ) ;
#4373 = ORIENTED_EDGE ( 'NONE', *, *, #6726, .F. ) ;
#4374 = FILL_AREA_STYLE_COLOUR ( '', #5707 ) ;
#4375 =( NAMED_UNIT ( * ) PLANE_ANGLE_UNIT ( ) SI_UNIT ( $, .RADIAN. ) );
#4376 = CARTESIAN_POINT ( 'NONE',  ( 2.105114044564763809, 1.067928057957318488, 0.7010000000000000675 ) ) ;
#4377 = VECTOR ( 'NONE', #2686, 1000.000000000000000 ) ;
#4378 = CARTESIAN_POINT ( 'NONE',  ( 2.067058904827680177, 1.159426754593186892, 0.6999999999999999556 ) ) ;
#4379 = MECHANICAL_DESIGN_GEOMETRIC_PRESENTATION_REPRESENTATION (  '', ( #8988 ), #1006 ) ;
#4380 = CARTESIAN_POINT ( 'NONE',  ( 1.955596856198538624, 1.058695007660964693, 0.7010000000000000675 ) ) ;
#4381 = SURFACE_STYLE_USAGE ( .BOTH. , #4259 ) ;
#4382 = LINE ( 'NONE', #11193, #3117 ) ;
#4383 = VERTEX_POINT ( 'NONE', #10891 ) ;
#4384 = COLOUR_RGB ( '',1.000000000000000000, 1.000000000000000000, 1.000000000000000000 ) ;
#4385 = EDGE_CURVE ( 'NONE', #9774, #6355, #7717, .T. ) ;
#4386 =( NAMED_UNIT ( * ) PLANE_ANGLE_UNIT ( ) SI_UNIT ( $, .RADIAN. ) );
#4387 = LINE ( 'NONE', #5986, #6948 ) ;
#4388 = EDGE_CURVE ( 'NONE', #6931, #6360, #2352, .T. ) ;
#4389 = UNCERTAINTY_MEASURE_WITH_UNIT (LENGTH_MEASURE( 1.000000000000000082E-05 ), #10822, 'distance_accuracy_value', 'NONE');
#4390 = ORIENTED_EDGE ( 'NONE', *, *, #7808, .F. ) ;
#4391 = FILL_AREA_STYLE_COLOUR ( '', #8994 ) ;
#4392 =( GEOMETRIC_REPRESENTATION_CONTEXT ( 3 ) GLOBAL_UNCERTAINTY_ASSIGNED_CONTEXT ( ( #3656 ) ) GLOBAL_UNIT_ASSIGNED_CONTEXT ( ( #6068, #11642, #9679 ) ) REPRESENTATION_CONTEXT ( 'NONE', 'WORKASPACE' ) );
#4393 = CARTESIAN_POINT ( 'NONE',  ( 2.079577590140282872, 1.411464073508428951, 0.7010000000000000675 ) ) ;
#4394 = ORIENTED_EDGE ( 'NONE', *, *, #6918, .F. ) ;
#4395 = CARTESIAN_POINT ( 'NONE',  ( 1.635685497585844583, 1.112931231947474675, 0.7010000000000000675 ) ) ;
#4396 = CARTESIAN_POINT ( 'NONE',  ( 2.005765175660776389, 1.319175160856368212, 0.6999999999999999556 ) ) ;
#4397 =( NAMED_UNIT ( * ) SI_UNIT ( $, .STERADIAN. ) SOLID_ANGLE_UNIT ( ) );
#4398 = ORIENTED_EDGE ( 'NONE', *, *, #10913, .F. ) ;
#4399 = VECTOR ( 'NONE', #11620, 1000.000000000000000 ) ;
#4400 = DIRECTION ( 'NONE',  ( -1.000000000000000000, -0.0000000000000000000, -0.0000000000000000000 ) ) ;
#4401 = CARTESIAN_POINT ( 'NONE',  ( 2.083112767055617542, 1.163752147525683123, 0.7010000000000000675 ) ) ;
#4402 = SURFACE_STYLE_USAGE ( .BOTH. , #2600 ) ;
#4403 = FILL_AREA_STYLE ('',( #397 ) ) ;
#4404 = ORIENTED_EDGE ( 'NONE', *, *, #1890, .T. ) ;
#4405 = CARTESIAN_POINT ( 'NONE',  ( 1.930101992090114127, 1.149694620496459763, 0.6999999999999999556 ) ) ;
#4406 = EDGE_CURVE ( 'NONE', #1084, #5069, #2498, .T. ) ;
#4407 = CARTESIAN_POINT ( 'NONE',  ( 2.174403512108454173, 1.061689510459877583, 0.6999999999999999556 ) ) ;
#4408 = ORIENTED_EDGE ( 'NONE', *, *, #10872, .T. ) ;
#4409 = CARTESIAN_POINT ( 'NONE',  ( 2.052918197165804592, 1.171072043255974915, 0.7010000000000000675 ) ) ;
#4410 = STYLED_ITEM ( 'NONE', ( #7634 ), #5816 ) ;
#4411 = CARTESIAN_POINT ( 'NONE',  ( 1.469107757885155907, 1.131439850079904774, 0.6999999999999999556 ) ) ;
#4412 = SURFACE_STYLE_USAGE ( .BOTH. , #4344 ) ;
#4413 = SURFACE_STYLE_USAGE ( .BOTH. , #6183 ) ;
#4414 = STYLED_ITEM ( 'NONE', ( #9839 ), #1975 ) ;
#4415 =( GEOMETRIC_REPRESENTATION_CONTEXT ( 3 ) GLOBAL_UNCERTAINTY_ASSIGNED_CONTEXT ( ( #8478 ) ) GLOBAL_UNIT_ASSIGNED_CONTEXT ( ( #9740, #5217, #9974 ) ) REPRESENTATION_CONTEXT ( 'NONE', 'WORKASPACE' ) );
#4416 = COLOUR_RGB ( '',1.000000000000000000, 1.000000000000000000, 1.000000000000000000 ) ;
#4417 = COLOUR_RGB ( '',1.000000000000000000, 1.000000000000000000, 1.000000000000000000 ) ;
#4418 = CARTESIAN_POINT ( 'NONE',  ( 2.425193121523877782, 1.079989249787272731, 0.7010000000000000675 ) ) ;
#4419 = DIRECTION ( 'NONE',  ( -0.0000000000000000000, -0.0000000000000000000, -1.000000000000000000 ) ) ;
#4420 = FILL_AREA_STYLE ('',( #10967 ) ) ;
#4421 = PLANE ( 'NONE',  #10849 ) ;
#4422 = DIRECTION ( 'NONE',  ( 0.0000000000000000000, 0.0000000000000000000, 1.000000000000000000 ) ) ;
#4424 = AXIS2_PLACEMENT_3D ( 'NONE', #1083, #9519, #6667 ) ;
#4423 = CARTESIAN_POINT ( 'NONE',  ( 2.341513404418675393, 1.134722106501922845, 0.7010000000000000675 ) ) ;
#4425 = FILL_AREA_STYLE_COLOUR ( '', #4384 ) ;
#4426 = PRESENTATION_LAYER_ASSIGNMENT (  '', '', ( #5603 ) ) ;
#4427 = EDGE_LOOP ( 'NONE', ( #1408, #3532, #4620, #11572, #4769, #2887, #10248, #1789, #8850, #6237, #9719, #5192, #7060, #1362, #7176, #3428, #8090, #2796, #2530, #6294, #7509, #1931, #6567, #11491, #10024, #1358, #43, #4882, #26, #11863, #10013, #11434, #7113 ) ) ;
#4428 = PLANE ( 'NONE',  #6802 ) ;
#4429 = FILL_AREA_STYLE ('',( #615 ) ) ;
#4430 = FACE_OUTER_BOUND ( 'NONE', #11624, .T. ) ;
#4431 = FILL_AREA_STYLE_COLOUR ( '', #7290 ) ;
#4432 = SURFACE_STYLE_USAGE ( .BOTH. , #9306 ) ;
#4433 = DIRECTION ( 'NONE',  ( -0.0000000000000000000, -0.0000000000000000000, -1.000000000000000000 ) ) ;
#4434 = SURFACE_STYLE_FILL_AREA ( #3457 ) ;
#4435 = SURFACE_STYLE_USAGE ( .BOTH. , #431 ) ;
#4436 = FILL_AREA_STYLE ('',( #2383 ) ) ;
#4437 = EDGE_CURVE ( 'NONE', #1979, #2539, #8004, .T. ) ;
#4438 = UNCERTAINTY_MEASURE_WITH_UNIT (LENGTH_MEASURE( 1.000000000000000082E-05 ), #11679, 'distance_accuracy_value', 'NONE');
#4439 = FILL_AREA_STYLE ('',( #11242 ) ) ;
#4440 = ORIENTED_EDGE ( 'NONE', *, *, #10707, .T. ) ;
#4441 = ORIENTED_EDGE ( 'NONE', *, *, #3907, .F. ) ;
#4442 = CARTESIAN_POINT ( 'NONE',  ( 2.388136149386427043, 1.450059887362492139, 0.7010000000000000675 ) ) ;
#4443 = VECTOR ( 'NONE', #7607, 1000.000000000000000 ) ;
#4444 = SURFACE_STYLE_FILL_AREA ( #8314 ) ;
#4445 = B_SPLINE_CURVE_WITH_KNOTS ( 'NONE', 3,
 ( #415, #3189, #6246, #5284 ),
 .UNSPECIFIED., .F., .F.,
 ( 4, 4 ),
 ( 12.00000000000000000, 13.00000000000000000 ),
 .UNSPECIFIED. ) ;
#4446 = EDGE_CURVE ( 'NONE', #2161, #10330, #6057, .T. ) ;
#4447 = CARTESIAN_POINT ( 'NONE',  ( 2.026009262291685431, 1.478341302686243974, 0.7010000000000000675 ) ) ;
#4448 = CARTESIAN_POINT ( 'NONE',  ( 1.983004874872476897, 1.084896907152239853, 0.7010000000000000675 ) ) ;
#4449 = DIRECTION ( 'NONE',  ( -0.0000000000000000000, -0.0000000000000000000, -1.000000000000000000 ) ) ;
#4450 = CARTESIAN_POINT ( 'NONE',  ( 1.606765754174732441, 1.221669440697902953, 0.7010000000000000675 ) ) ;
#4451 = SURFACE_STYLE_USAGE ( .BOTH. , #5184 ) ;
#4452 = ORIENTED_EDGE ( 'NONE', *, *, #8, .F. ) ;
#4453 = CARTESIAN_POINT ( 'NONE',  ( 2.390797929652491494, 1.461455634125646164, 0.7010000000000000675 ) ) ;
#4454 = CARTESIAN_POINT ( 'NONE',  ( 2.048717575183680584, 1.061024065393082916, 0.7010000000000000675 ) ) ;
#4455 = ORIENTED_EDGE ( 'NONE', *, *, #11356, .F. ) ;
#4456 = VERTEX_POINT ( 'NONE', #1363 ) ;
#4457 = PRESENTATION_STYLE_ASSIGNMENT (( #10142 ) ) ;
#4458 = EDGE_CURVE ( 'NONE', #66, #3005, #7975, .T. ) ;
#4459 = ORIENTED_EDGE ( 'NONE', *, *, #10550, .T. ) ;
#4460 = EDGE_CURVE ( 'NONE', #2049, #10909, #9651, .T. ) ;
#4461 = CARTESIAN_POINT ( 'NONE',  ( 2.026009262291684987, 1.478341302686243974, 0.7010000000000000675 ) ) ;
#4462 = CARTESIAN_POINT ( 'NONE',  ( 1.082740056512518256, 1.140694203274155383, 0.6999999999999999556 ) ) ;
#4463 = VERTEX_POINT ( 'NONE', #5155 ) ;
#4464 = CARTESIAN_POINT ( 'NONE',  ( 2.269811698510213915, 1.355067604127344172, 0.7010000000000000675 ) ) ;
#4465 = FILL_AREA_STYLE ('',( #5392 ) ) ;
#4466 = ORIENTED_EDGE ( 'NONE', *, *, #11541, .T. ) ;
#4467 = CARTESIAN_POINT ( 'NONE',  ( 1.516536163556732930, 1.311899031315902242, 0.7010000000000000675 ) ) ;
#4468 = CARTESIAN_POINT ( 'NONE',  ( 2.591887110667488336, 1.191950382216223403, 0.7009999999999998455 ) ) ;
#4469 = CARTESIAN_POINT ( 'NONE',  ( 2.287196450871179287, 1.402397384478496489, 0.7010000000000000675 ) ) ;
#4470 = FILL_AREA_STYLE ('',( #2670 ) ) ;
#4471 = CARTESIAN_POINT ( 'NONE',  ( 0.0000000000000000000, 0.0000000000000000000, 0.6999999999999999556 ) ) ;
#4472 = EDGE_CURVE ( 'NONE', #6218, #3284, #6960, .T. ) ;
#4473 = B_SPLINE_SURFACE_WITH_KNOTS ( 'NONE', 3, 1, ( 
 ( #7179, #4378 ),
 ( #1396, #2512 ),
 ( #5062, #3339 ),
 ( #8890, #2333 ) ),
 .UNSPECIFIED., .F., .F., .F.,
 ( 4, 4 ),
 ( 2, 2 ),
 ( 11.00000000000000000, 12.00000000000000000 ),
 ( 0.0000000000000000000, 1.000000000000000000 ),
 .UNSPECIFIED. ) ;
#4474 =( GEOMETRIC_REPRESENTATION_CONTEXT ( 3 ) GLOBAL_UNCERTAINTY_ASSIGNED_CONTEXT ( ( #10655 ) ) GLOBAL_UNIT_ASSIGNED_CONTEXT ( ( #5246, #6340, #753 ) ) REPRESENTATION_CONTEXT ( 'NONE', 'WORKASPACE' ) );
#4475 = FILL_AREA_STYLE ('',( #11952 ) ) ;
#4476 = FACE_OUTER_BOUND ( 'NONE', #9953, .T. ) ;
#4477 = CARTESIAN_POINT ( 'NONE',  ( 2.072382465359252635, 1.180305093553438711, 0.7010000000000000675 ) ) ;
#4478 =( NAMED_UNIT ( * ) SI_UNIT ( $, .STERADIAN. ) SOLID_ANGLE_UNIT ( ) );
#4479 = ORIENTED_EDGE ( 'NONE', *, *, #1057, .F. ) ;
#4480 = DIRECTION ( 'NONE',  ( 1.000000000000000000, -0.0000000000000000000, -0.0000000000000000000 ) ) ;
#4481 = SURFACE_SIDE_STYLE ('',( #11172 ) ) ;
#4482 =( NAMED_UNIT ( * ) SI_UNIT ( $, .STERADIAN. ) SOLID_ANGLE_UNIT ( ) );
#4483 = CARTESIAN_POINT ( 'NONE',  ( 2.144583255068088334, 1.024175044838656401, 0.6999999999999999556 ) ) ;
#4484 = CARTESIAN_POINT ( 'NONE',  ( 2.074877884358346414, 1.131311700535857057, 0.7010000000000000675 ) ) ;
#4485 = LINE ( 'NONE', #8373, #5267 ) ;
#4486 = PRESENTATION_LAYER_ASSIGNMENT (  '', '', ( #5080 ) ) ;
#4487 = COLOUR_RGB ( '',1.000000000000000000, 1.000000000000000000, 1.000000000000000000 ) ;
#4488 = CARTESIAN_POINT ( 'NONE',  ( 2.083112767055617542, 1.163752147525683123, 0.7010000000000000675 ) ) ;
#4489 = LINE ( 'NONE', #8306, #11010 ) ;
#4490 = DIRECTION ( 'NONE',  ( -0.0000000000000000000, 1.000000000000000000, -0.0000000000000000000 ) ) ;
#4491 = ORIENTED_EDGE ( 'NONE', *, *, #691, .F. ) ;
#4492 = ORIENTED_EDGE ( 'NONE', *, *, #7660, .F. ) ;
#4493 = FILL_AREA_STYLE_COLOUR ( '', #927 ) ;
#4494 = MECHANICAL_DESIGN_GEOMETRIC_PRESENTATION_REPRESENTATION (  '', ( #10658 ), #2133 ) ;
#4495 = CARTESIAN_POINT ( 'NONE',  ( 2.165461594027785264, 1.040561629599990656, 0.7010000000000000675 ) ) ;
#4496 = PRESENTATION_STYLE_ASSIGNMENT (( #11126 ) ) ;
#4497 = VECTOR ( 'NONE', #11562, 1000.000000000000000 ) ;
#4498 = CARTESIAN_POINT ( 'NONE',  ( 2.160845068879611475, 1.029581786003997079, 0.6999999999999999556 ) ) ;
#4499 = UNCERTAINTY_MEASURE_WITH_UNIT (LENGTH_MEASURE( 1.000000000000000082E-05 ), #8048, 'distance_accuracy_value', 'NONE');
#4500 = DIRECTION ( 'NONE',  ( -0.3897582650654596859, -0.9209172030172760870, -0.0000000000000000000 ) ) ;
#4501 = ORIENTED_EDGE ( 'NONE', *, *, #9602, .T. ) ;
#4502 = MECHANICAL_DESIGN_GEOMETRIC_PRESENTATION_REPRESENTATION (  '', ( #9697 ), #6058 ) ;
#4503 = CARTESIAN_POINT ( 'NONE',  ( 1.930101992090114127, 1.169491611223866245, 0.7010000000000000675 ) ) ;
#4504 = COLOUR_RGB ( '',1.000000000000000000, 1.000000000000000000, 1.000000000000000000 ) ;
#4505 = AXIS2_PLACEMENT_3D ( 'NONE', #9443, #1900, #1778 ) ;
#4506 = ORIENTED_EDGE ( 'NONE', *, *, #3652, .F. ) ;
#4507 = EDGE_CURVE ( 'NONE', #19, #10680, #6321, .T. ) ;
#4508 = CLOSED_SHELL ( 'NONE', ( #4711, #4064, #1978, #8735, #769, #3438, #248, #4767, #2261, #3231, #9657, #9512, #8847, #4305, #3918, #2313 ) ) ;
#4509 = MECHANICAL_DESIGN_GEOMETRIC_PRESENTATION_REPRESENTATION (  '', ( #7508 ), #4913 ) ;
#4510 = EDGE_LOOP ( 'NONE', ( #6300, #11340, #9986, #7299 ) ) ;
#4511 = ORIENTED_EDGE ( 'NONE', *, *, #569, .T. ) ;
#4512 = STYLED_ITEM ( 'NONE', ( #6847 ), #3994 ) ;
#4513 = CARTESIAN_POINT ( 'NONE',  ( 1.899241977134061177, 1.079989249787272731, 0.7010000000000000675 ) ) ;
#4514 = LINE ( 'NONE', #4401, #9513 ) ;
#4515 =( GEOMETRIC_REPRESENTATION_CONTEXT ( 3 ) GLOBAL_UNCERTAINTY_ASSIGNED_CONTEXT ( ( #1321 ) ) GLOBAL_UNIT_ASSIGNED_CONTEXT ( ( #6490, #4516, #8337 ) ) REPRESENTATION_CONTEXT ( 'NONE', 'WORKASPACE' ) );
#4516 =( NAMED_UNIT ( * ) PLANE_ANGLE_UNIT ( ) SI_UNIT ( $, .RADIAN. ) );
#4517 =( NAMED_UNIT ( * ) PLANE_ANGLE_UNIT ( ) SI_UNIT ( $, .RADIAN. ) );
#4518 = MECHANICAL_DESIGN_GEOMETRIC_PRESENTATION_REPRESENTATION (  '', ( #5108 ), #9511 ) ;
#4519 = MECHANICAL_DESIGN_GEOMETRIC_PRESENTATION_REPRESENTATION (  '', ( #131 ), #322 ) ;
#4520 =( LENGTH_UNIT ( ) NAMED_UNIT ( * ) SI_UNIT ( .MILLI., .METRE. ) );
#4521 = VERTEX_POINT ( 'NONE', #8093 ) ;
#4522 = COLOUR_RGB ( '',1.000000000000000000, 1.000000000000000000, 1.000000000000000000 ) ;
#4523 = PRESENTATION_STYLE_ASSIGNMENT (( #704 ) ) ;
#4524 = CARTESIAN_POINT ( 'NONE',  ( 2.012118096529444955, 1.136219357900824400, 0.7010000000000000675 ) ) ;
#4525 = FILL_AREA_STYLE_COLOUR ( '', #296 ) ;
#4526 = ORIENTED_EDGE ( 'NONE', *, *, #3499, .F. ) ;
#4527 = FILL_AREA_STYLE_COLOUR ( '', #8903 ) ;
#4528 = EDGE_CURVE ( 'NONE', #863, #11259, #8153, .T. ) ;
#4529 = FACE_BOUND ( 'NONE', #5350, .T. ) ;
#4530 = EDGE_CURVE ( 'NONE', #5833, #11542, #2084, .T. ) ;
#4531 = CARTESIAN_POINT ( 'NONE',  ( 1.402014006123635026, 1.525905132560692490, 0.7010000000000000675 ) ) ;
#4532 = ORIENTED_EDGE ( 'NONE', *, *, #5792, .T. ) ;
#4533 = PRESENTATION_LAYER_ASSIGNMENT (  '', '', ( #6095 ) ) ;
#4534 = FILL_AREA_STYLE_COLOUR ( '', #2914 ) ;
#4535 = VERTEX_POINT ( 'NONE', #10702 ) ;
#4536 =( LENGTH_UNIT ( ) NAMED_UNIT ( * ) SI_UNIT ( .MILLI., .METRE. ) );
#4537 = CARTESIAN_POINT ( 'NONE',  ( 1.100000000000001643, 1.700000000000000844, -0.1000000000000000056 ) ) ;
#4538 =( NAMED_UNIT ( * ) PLANE_ANGLE_UNIT ( ) SI_UNIT ( $, .RADIAN. ) );
#4539 = CARTESIAN_POINT ( 'NONE',  ( 2.052918197165804592, 1.171072043255974915, 0.6999999999999999556 ) ) ;
#4540 = VERTEX_POINT ( 'NONE', #3613 ) ;
#4541 = ADVANCED_FACE ( 'NONE', ( #11216 ), #1677, .F. ) ;
#4542 = CARTESIAN_POINT ( 'NONE',  ( 1.943327712786121042, 1.447980371530009025, 0.6999999999999999556 ) ) ;
#4543 = SURFACE_STYLE_USAGE ( .BOTH. , #4603 ) ;
#4544 = COLOUR_RGB ( '',1.000000000000000000, 1.000000000000000000, 1.000000000000000000 ) ;
#4545 = DIRECTION ( 'NONE',  ( -0.3559357243698755835, 0.9345104387417468850, -0.0000000000000000000 ) ) ;
#4546 = CARTESIAN_POINT ( 'NONE',  ( 2.068306614327502402, 1.134638925868715509, 0.7010000000000000675 ) ) ;
#4547 = DIRECTION ( 'NONE',  ( -0.0000000000000000000, -0.0000000000000000000, -1.000000000000000000 ) ) ;
#4548 = CARTESIAN_POINT ( 'NONE',  ( 1.987455038754229797, 1.484995753350852210, 0.6999999999999999556 ) ) ;
#4549 = CARTESIAN_POINT ( 'NONE',  ( 1.899241977134061177, 1.061439968560242475, 0.6999999999999999556 ) ) ;
#4550 = CARTESIAN_POINT ( 'NONE',  ( 2.219237873460517374, 1.177643313287374705, 0.7010000000000000675 ) ) ;
#4551 = EDGE_CURVE ( 'NONE', #5551, #5512, #12062, .T. ) ;
#4552 = EDGE_LOOP ( 'NONE', ( #6173, #7196, #10623, #11742 ) ) ;
#4553 = ORIENTED_EDGE ( 'NONE', *, *, #8614, .T. ) ;
#4554 = CARTESIAN_POINT ( 'NONE',  ( 2.390007713635883491, 1.456547976760678154, 0.7010000000000000675 ) ) ;
#4555 = DIRECTION ( 'NONE',  ( -1.084202172485504311E-16, -1.000000000000000000, 0.0000000000000000000 ) ) ;
#4556 = DIRECTION ( 'NONE',  ( -0.0000000000000000000, 0.0000000000000000000, -1.000000000000000000 ) ) ;
#4557 =( NAMED_UNIT ( * ) SI_UNIT ( $, .STERADIAN. ) SOLID_ANGLE_UNIT ( ) );
#4558 = PRESENTATION_LAYER_ASSIGNMENT (  '', '', ( #7558 ) ) ;
#4559 =( GEOMETRIC_REPRESENTATION_CONTEXT ( 3 ) GLOBAL_UNCERTAINTY_ASSIGNED_CONTEXT ( ( #5130 ) ) GLOBAL_UNIT_ASSIGNED_CONTEXT ( ( #8201, #6644, #6345 ) ) REPRESENTATION_CONTEXT ( 'NONE', 'WORKASPACE' ) );
#4560 = DIRECTION ( 'NONE',  ( -0.0000000000000000000, -0.0000000000000000000, -1.000000000000000000 ) ) ;
#4561 = ORIENTED_EDGE ( 'NONE', *, *, #5514, .T. ) ;
#4562 = VERTEX_POINT ( 'NONE', #12184 ) ;
#4563 = FILL_AREA_STYLE_COLOUR ( '', #7181 ) ;
#4564 = VERTEX_POINT ( 'NONE', #9283 ) ;
#4565 = EDGE_LOOP ( 'NONE', ( #1225, #556, #10395, #462 ) ) ;
#4566 = FILL_AREA_STYLE ('',( #6285 ) ) ;
#4567 = MECHANICAL_DESIGN_GEOMETRIC_PRESENTATION_REPRESENTATION (  '', ( #387 ), #11939 ) ;
#4568 =( NAMED_UNIT ( * ) PLANE_ANGLE_UNIT ( ) SI_UNIT ( $, .RADIAN. ) );
#4569 = LINE ( 'NONE', #8404, #4612 ) ;
#4570 = EDGE_LOOP ( 'NONE', ( #2742, #9687, #5259, #1582, #9658, #8423, #596, #8326 ) ) ;
#4571 = DIRECTION ( 'NONE',  ( 0.0000000000000000000, 0.0000000000000000000, -1.000000000000000000 ) ) ;
#4572 = CARTESIAN_POINT ( 'NONE',  ( -1.099999999999998535, 1.700000000000000400, 0.0000000000000000000 ) ) ;
#4573 = FACE_OUTER_BOUND ( 'NONE', #690, .T. ) ;
#4574 = ORIENTED_EDGE ( 'NONE', *, *, #7435, .F. ) ;
#4575 = LINE ( 'NONE', #5563, #12134 ) ;
#4576 = UNCERTAINTY_MEASURE_WITH_UNIT (LENGTH_MEASURE( 1.000000000000000082E-05 ), #11586, 'distance_accuracy_value', 'NONE');
#4577 = MECHANICAL_DESIGN_GEOMETRIC_PRESENTATION_REPRESENTATION (  '', ( #8797 ), #3754 ) ;
#4578 =( NAMED_UNIT ( * ) PLANE_ANGLE_UNIT ( ) SI_UNIT ( $, .RADIAN. ) );
#4579 = MECHANICAL_DESIGN_GEOMETRIC_PRESENTATION_REPRESENTATION (  '', ( #6338 ), #9385 ) ;
#4580 = SURFACE_STYLE_USAGE ( .BOTH. , #777 ) ;
#4581 = ORIENTED_EDGE ( 'NONE', *, *, #11310, .T. ) ;
#4582 = DIRECTION ( 'NONE',  ( -0.0000000000000000000, -1.000000000000000000, -0.0000000000000000000 ) ) ;
#4583 = CARTESIAN_POINT ( 'NONE',  ( 2.287196450871179287, 1.402397384478496489, 0.6999999999999999556 ) ) ;
#4584 = UNCERTAINTY_MEASURE_WITH_UNIT (LENGTH_MEASURE( 1.000000000000000082E-05 ), #8406, 'distance_accuracy_value', 'NONE');
#4585 = EDGE_CURVE ( 'NONE', #12321, #7867, #3674, .T. ) ;
#4586 = ORIENTED_EDGE ( 'NONE', *, *, #11972, .T. ) ;
#4587 =( GEOMETRIC_REPRESENTATION_CONTEXT ( 3 ) GLOBAL_UNCERTAINTY_ASSIGNED_CONTEXT ( ( #4068 ) ) GLOBAL_UNIT_ASSIGNED_CONTEXT ( ( #7788, #1482, #7913 ) ) REPRESENTATION_CONTEXT ( 'NONE', 'WORKASPACE' ) );
#4588 = EDGE_CURVE ( 'NONE', #10795, #2577, #5571, .T. ) ;
#4589 = PLANE ( 'NONE',  #8826 ) ;
#4590 = CYLINDRICAL_SURFACE ( 'NONE', #10196, 0.1687042954162695507 ) ;
#4591 = ADVANCED_FACE ( 'NONE', ( #1614 ), #3496, .T. ) ;
#4592 = CARTESIAN_POINT ( 'NONE',  ( 1.190321471113391594, 1.144164519529113244, 0.6999999999999999556 ) ) ;
#4593 = ORIENTED_EDGE ( 'NONE', *, *, #5044, .F. ) ;
#4594 = CARTESIAN_POINT ( 'NONE',  ( 1.960878826413513298, 1.075414314955142503, 0.6999999999999999556 ) ) ;
#4595 = LINE ( 'NONE', #3626, #3106 ) ;
#4596 = STYLED_ITEM ( 'NONE', ( #10608 ), #5864 ) ;
#4597 = CARTESIAN_POINT ( 'NONE',  ( 1.096621498047272603, 1.016917692646252647, 0.7010000000000000675 ) ) ;
#4598 =( LENGTH_UNIT ( ) NAMED_UNIT ( * ) SI_UNIT ( .MILLI., .METRE. ) );
#4599 = ORIENTED_EDGE ( 'NONE', *, *, #1262, .T. ) ;
#4600 = DIRECTION ( 'NONE',  ( 1.000000000000000000, 0.0000000000000000000, 0.0000000000000000000 ) ) ;
#4601 = FILL_AREA_STYLE_COLOUR ( '', #7787 ) ;
#4602 = PRESENTATION_LAYER_ASSIGNMENT (  '', '', ( #9406 ) ) ;
#4603 = SURFACE_SIDE_STYLE ('',( #734 ) ) ;
#4604 = CARTESIAN_POINT ( 'NONE',  ( 1.918747835644118327, 1.114259670708837024, 0.6999999999999999556 ) ) ;
#4605 = STYLED_ITEM ( 'NONE', ( #10959 ), #6080 ) ;
#4606 = FILL_AREA_STYLE ('',( #4431 ) ) ;
#4607 = SURFACE_SIDE_STYLE ('',( #6635 ) ) ;
#4608 = EDGE_CURVE ( 'NONE', #9093, #815, #10153, .T. ) ;
#4609 = CARTESIAN_POINT ( 'NONE',  ( 2.187504461854089755, 1.090137287050050530, 0.7010000000000000675 ) ) ;
#4610 = EDGE_CURVE ( 'NONE', #7652, #2478, #10212, .T. ) ;
#4611 = CARTESIAN_POINT ( 'NONE',  ( 1.927689753724234345, 1.461039730958485716, 0.6999999999999999556 ) ) ;
#4612 = VECTOR ( 'NONE', #767, 1000.000000000000000 ) ;
#4613 = LINE ( 'NONE', #3819, #11462 ) ;
#4614 = PRESENTATION_LAYER_ASSIGNMENT (  '', '', ( #425 ) ) ;
#4615 = CARTESIAN_POINT ( 'NONE',  ( 2.146080506467544780, 1.319549473706508769, 0.6999999999999999556 ) ) ;
#4616 = FILL_AREA_STYLE ('',( #4671 ) ) ;
#4617 = CARTESIAN_POINT ( 'NONE',  ( 2.283328551422453057, 1.079989249787272731, 0.6999999999999999556 ) ) ;
#4618 = MECHANICAL_DESIGN_GEOMETRIC_PRESENTATION_REPRESENTATION (  '', ( #11779 ), #5799 ) ;
#4619 = ORIENTED_EDGE ( 'NONE', *, *, #1799, .T. ) ;
#4620 = ORIENTED_EDGE ( 'NONE', *, *, #1262, .F. ) ;
#4621 =( NAMED_UNIT ( * ) SI_UNIT ( $, .STERADIAN. ) SOLID_ANGLE_UNIT ( ) );
#4622 = PRESENTATION_STYLE_ASSIGNMENT (( #7489 ) ) ;
#4623 =( GEOMETRIC_REPRESENTATION_CONTEXT ( 3 ) GLOBAL_UNCERTAINTY_ASSIGNED_CONTEXT ( ( #8567 ) ) GLOBAL_UNIT_ASSIGNED_CONTEXT ( ( #2058, #4892, #3973 ) ) REPRESENTATION_CONTEXT ( 'NONE', 'WORKASPACE' ) );
#4624 = CARTESIAN_POINT ( 'NONE',  ( 2.284742622188141059, 1.460707008425642162, 0.7010000000000000675 ) ) ;
#4625 = ADVANCED_FACE ( 'NONE', ( #82 ), #11516, .F. ) ;
#4626 = CARTESIAN_POINT ( 'NONE',  ( 2.247311337200140091, 1.319549473706508769, 0.7010000000000000675 ) ) ;
#4627 = CARTESIAN_POINT ( 'NONE',  ( 1.523476884324387548, 1.131439850079904774, 0.7010000000000000675 ) ) ;
#4628 = PRESENTATION_STYLE_ASSIGNMENT (( #10312 ) ) ;
#4629 = VERTEX_POINT ( 'NONE', #146 ) ;
#4630 = SURFACE_STYLE_FILL_AREA ( #9508 ) ;
#4631 = UNCERTAINTY_MEASURE_WITH_UNIT (LENGTH_MEASURE( 1.000000000000000082E-05 ), #5331, 'distance_accuracy_value', 'NONE');
#4632 = VERTEX_POINT ( 'NONE', #1161 ) ;
#4633 = COLOUR_RGB ( '',1.000000000000000000, 1.000000000000000000, 1.000000000000000000 ) ;
#4634 = ORIENTED_EDGE ( 'NONE', *, *, #5900, .F. ) ;
#4635 = ORIENTED_EDGE ( 'NONE', *, *, #870, .T. ) ;
#4636 = CARTESIAN_POINT ( 'NONE',  ( 1.678486726660851192, 1.222826256910922282, 0.7010000000000000675 ) ) ;
#4637 = ORIENTED_EDGE ( 'NONE', *, *, #5748, .T. ) ;
#4638 = DIRECTION ( 'NONE',  ( -0.9903286039881276093, -0.1387416884823250429, -0.0000000000000000000 ) ) ;
#4639 = SURFACE_STYLE_USAGE ( .BOTH. , #1086 ) ;
#4640 = CARTESIAN_POINT ( 'NONE',  ( 2.057867444847376159, 1.117670076673799473, 0.6999999999999999556 ) ) ;
#4641 = CARTESIAN_POINT ( 'NONE',  ( 0.4000000000000014655, 1.700000000000000622, -0.1000000000000000056 ) ) ;
#4642 = SURFACE_STYLE_FILL_AREA ( #1800 ) ;
#4643 = ORIENTED_EDGE ( 'NONE', *, *, #168, .T. ) ;
#4644 = CARTESIAN_POINT ( 'NONE',  ( 2.095007597618034456, 1.180305093553438711, 0.7010000000000000675 ) ) ;
#4645 = FACE_OUTER_BOUND ( 'NONE', #4834, .T. ) ;
#4646 = SURFACE_STYLE_FILL_AREA ( #4465 ) ;
#4647 = VERTEX_POINT ( 'NONE', #7768 ) ;
#4648 = FACE_OUTER_BOUND ( 'NONE', #2816, .T. ) ;
#4649 = ORIENTED_EDGE ( 'NONE', *, *, #7977, .T. ) ;
#4650 = FILL_AREA_STYLE_COLOUR ( '', #6382 ) ;
#4651 = FILL_AREA_STYLE_COLOUR ( '', #6794 ) ;
#4652 = CARTESIAN_POINT ( 'NONE',  ( 2.268397627743416578, 1.327118911337542340, 0.7010000000000000675 ) ) ;
#4653 = CARTESIAN_POINT ( 'NONE',  ( 2.095548271735012236, 1.099203976079982992, 0.6999999999999999556 ) ) ;
#4654 = CARTESIAN_POINT ( 'NONE',  ( 2.223230543859060493, 1.482250792451576649, 0.7010000000000000675 ) ) ;
#4655 = CARTESIAN_POINT ( 'NONE',  ( 1.190321471113391594, 1.053934884783088721, 0.6999999999999999556 ) ) ;
#4656 = VERTEX_POINT ( 'NONE', #10391 ) ;
#4657 = LINE ( 'NONE', #987, #3815 ) ;
#4658 = DIRECTION ( 'NONE',  ( -1.000000000000000000, -0.0000000000000000000, -0.0000000000000000000 ) ) ;
#4659 = SURFACE_SIDE_STYLE ('',( #10522 ) ) ;
#4660 = SURFACE_STYLE_FILL_AREA ( #11163 ) ;
#4661 = ORIENTED_EDGE ( 'NONE', *, *, #10340, .T. ) ;
#4662 = CARTESIAN_POINT ( 'NONE',  ( 2.424901989307639560, 1.364051112525174858, 0.7010000000000000675 ) ) ;
#4663 = EDGE_CURVE ( 'NONE', #9065, #11935, #1927, .T. ) ;
#4664 = LINE ( 'NONE', #9179, #6688 ) ;
#4665 = AXIS2_PLACEMENT_3D ( 'NONE', #2822, #5668, #11431 ) ;
#4666 = CARTESIAN_POINT ( 'NONE',  ( 1.245847391702179952, 1.509710076526220135, 0.6999999999999999556 ) ) ;
#4667 = SURFACE_STYLE_FILL_AREA ( #8441 ) ;
#4668 = DIRECTION ( 'NONE',  ( -0.0000000000000000000, 0.0000000000000000000, -1.000000000000000000 ) ) ;
#4669 = SURFACE_SIDE_STYLE ('',( #10917 ) ) ;
#4670 = FILL_AREA_STYLE_COLOUR ( '', #8987 ) ;
#4671 = FILL_AREA_STYLE_COLOUR ( '', #4504 ) ;
#4672 = B_SPLINE_SURFACE_WITH_KNOTS ( 'NONE', 3, 1, ( 
 ( #6199, #10977 ),
 ( #10110, #8179 ),
 ( #8300, #9057 ),
 ( #673, #11036 ) ),
 .UNSPECIFIED., .F., .F., .F.,
 ( 4, 4 ),
 ( 2, 2 ),
 ( 1.000000000000000000, 2.000000000000000000 ),
 ( 0.0000000000000000000, 1.000000000000000000 ),
 .UNSPECIFIED. ) ;
#4673 = CARTESIAN_POINT ( 'NONE',  ( 2.513031870295155290, 1.144870143764706194, 0.7010000000000000675 ) ) ;
#4674 =( NAMED_UNIT ( * ) SI_UNIT ( $, .STERADIAN. ) SOLID_ANGLE_UNIT ( ) );
#4675 = AXIS2_PLACEMENT_3D ( 'NONE', #5356, #4301, #428 ) ;
#4676 = EDGE_CURVE ( 'NONE', #11455, #5638, #9655, .T. ) ;
#4677 = ADVANCED_FACE ( 'NONE', ( #2782 ), #3795, .T. ) ;
#4678 =( LENGTH_UNIT ( ) NAMED_UNIT ( * ) SI_UNIT ( .MILLI., .METRE. ) );
#4679 = ORIENTED_EDGE ( 'NONE', *, *, #4817, .T. ) ;
#4680 = ORIENTED_EDGE ( 'NONE', *, *, #7420, .F. ) ;
#4681 = FACE_OUTER_BOUND ( 'NONE', #5737, .T. ) ;
#4682 =( NAMED_UNIT ( * ) SI_UNIT ( $, .STERADIAN. ) SOLID_ANGLE_UNIT ( ) );
#4683 = CARTESIAN_POINT ( 'NONE',  ( 1.926234092641942786, 1.399070159146746706, 0.6999999999999999556 ) ) ;
#4684 = VECTOR ( 'NONE', #7723, 1000.000000000000000 ) ;
#4685 =( NAMED_UNIT ( * ) SI_UNIT ( $, .STERADIAN. ) SOLID_ANGLE_UNIT ( ) );
#4686 = COLOUR_RGB ( '',1.000000000000000000, 1.000000000000000000, 1.000000000000000000 ) ;
#4687 = CARTESIAN_POINT ( 'NONE',  ( 2.060861947646282388, 1.152772303928579545, 0.6999999999999999556 ) ) ;
#4688 = SURFACE_SIDE_STYLE ('',( #12223 ) ) ;
#4689 = PRESENTATION_STYLE_ASSIGNMENT (( #2703 ) ) ;
#4690 = ORIENTED_EDGE ( 'NONE', *, *, #10426, .T. ) ;
#4691 = MECHANICAL_DESIGN_GEOMETRIC_PRESENTATION_REPRESENTATION (  '', ( #103 ), #1115 ) ;
#4692 = ADVANCED_FACE ( 'NONE', ( #2845 ), #6617, .F. ) ;
#4693 = PRESENTATION_LAYER_ASSIGNMENT (  '', '', ( #11285 ) ) ;
#4694 = ORIENTED_EDGE ( 'NONE', *, *, #8693, .T. ) ;
#4695 = EDGE_LOOP ( 'NONE', ( #2475, #10745, #7552, #8218 ) ) ;
#4696 =( LENGTH_UNIT ( ) NAMED_UNIT ( * ) SI_UNIT ( .MILLI., .METRE. ) );
#4697 = CARTESIAN_POINT ( 'NONE',  ( 2.061277850812887724, 1.075331134321934945, 0.7010000000000000675 ) ) ;
#4698 = FACE_OUTER_BOUND ( 'NONE', #703, .T. ) ;
#4699 = EDGE_LOOP ( 'NONE', ( #4023, #7226, #7128, #5605 ) ) ;
#4700 =( NAMED_UNIT ( * ) SI_UNIT ( $, .STERADIAN. ) SOLID_ANGLE_UNIT ( ) );
#4701 = PLANE ( 'NONE',  #4133 ) ;
#4702 = FILL_AREA_STYLE ('',( #904 ) ) ;
#4703 = VECTOR ( 'NONE', #3135, 1000.000000000000000 ) ;
#4704 = AXIS2_PLACEMENT_3D ( 'NONE', #10920, #8184, #9996 ) ;
#4705 = ORIENTED_EDGE ( 'NONE', *, *, #3154, .T. ) ;
#4706 = SURFACE_STYLE_FILL_AREA ( #847 ) ;
#4707 = FILL_AREA_STYLE_COLOUR ( '', #8121 ) ;
#4708 = LINE ( 'NONE', #3728, #3524 ) ;
#4709 = ORIENTED_EDGE ( 'NONE', *, *, #9963, .T. ) ;
#4710 = DIRECTION ( 'NONE',  ( 0.3385350343141467211, 0.9409537876760576403, 0.0000000000000000000 ) ) ;
#4711 = ADVANCED_FACE ( 'NONE', ( #5193 ), #4952, .F. ) ;
#4712 = UNCERTAINTY_MEASURE_WITH_UNIT (LENGTH_MEASURE( 1.000000000000000082E-05 ), #201, 'distance_accuracy_value', 'NONE');
#4713 = VERTEX_POINT ( 'NONE', #4950 ) ;
#4714 = PLANE ( 'NONE',  #3244 ) ;
#4715 = ORIENTED_EDGE ( 'NONE', *, *, #2356, .T. ) ;
#4716 =( GEOMETRIC_REPRESENTATION_CONTEXT ( 3 ) GLOBAL_UNCERTAINTY_ASSIGNED_CONTEXT ( ( #9819 ) ) GLOBAL_UNIT_ASSIGNED_CONTEXT ( ( #12021, #6198, #11175 ) ) REPRESENTATION_CONTEXT ( 'NONE', 'WORKASPACE' ) );
#4717 =( LENGTH_UNIT ( ) NAMED_UNIT ( * ) SI_UNIT ( .MILLI., .METRE. ) );
#4718 =( LENGTH_UNIT ( ) NAMED_UNIT ( * ) SI_UNIT ( .MILLI., .METRE. ) );
#4719 = FILL_AREA_STYLE ('',( #2736 ) ) ;
#4720 = ORIENTED_EDGE ( 'NONE', *, *, #11605, .F. ) ;
#4721 = CARTESIAN_POINT ( 'NONE',  ( 1.172969647131071547, 1.355857098667944793, 0.7010000000000000675 ) ) ;
#4722 = VECTOR ( 'NONE', #10454, 1000.000000000000000 ) ;
#4723 = VECTOR ( 'NONE', #6270, 1000.000000000000000 ) ;
#4724 = LINE ( 'NONE', #9423, #1826 ) ;
#4725 = SURFACE_SIDE_STYLE ('',( #1881 ) ) ;
#4726 = VERTEX_POINT ( 'NONE', #8786 ) ;
#4727 = SURFACE_SIDE_STYLE ('',( #9550 ) ) ;
#4728 =( GEOMETRIC_REPRESENTATION_CONTEXT ( 3 ) GLOBAL_UNCERTAINTY_ASSIGNED_CONTEXT ( ( #3314 ) ) GLOBAL_UNIT_ASSIGNED_CONTEXT ( ( #4959, #456, #10758 ) ) REPRESENTATION_CONTEXT ( 'NONE', 'WORKASPACE' ) );
#4729 = DIRECTION ( 'NONE',  ( -1.000000000000000000, 0.0000000000000000000, 0.0000000000000000000 ) ) ;
#4730 =( NAMED_UNIT ( * ) SI_UNIT ( $, .STERADIAN. ) SOLID_ANGLE_UNIT ( ) );
#4731 = CARTESIAN_POINT ( 'NONE',  ( 2.391297013451754605, 1.461455634125646164, 0.6999999999999999556 ) ) ;
#4732 =( GEOMETRIC_REPRESENTATION_CONTEXT ( 3 ) GLOBAL_UNCERTAINTY_ASSIGNED_CONTEXT ( ( #5565 ) ) GLOBAL_UNIT_ASSIGNED_CONTEXT ( ( #10915, #487, #10413 ) ) REPRESENTATION_CONTEXT ( 'NONE', 'WORKASPACE' ) );
#4733 = VECTOR ( 'NONE', #4225, 1000.000000000000000 ) ;
#4734 = CARTESIAN_POINT ( 'NONE',  ( -3.249999999999998668, 2.000000000000000000, 0.0000000000000000000 ) ) ;
#4735 = SURFACE_STYLE_USAGE ( .BOTH. , #1765 ) ;
#4736 = DIRECTION ( 'NONE',  ( -0.0000000000000000000, -0.0000000000000000000, -1.000000000000000000 ) ) ;
#4737 = CARTESIAN_POINT ( 'NONE',  ( 1.428620161237295516, 1.096736157986126337, 0.7010000000000000675 ) ) ;
#4738 = CARTESIAN_POINT ( 'NONE',  ( 1.513065803172628732, 1.311899031315902242, 0.7010000000000000675 ) ) ;
#4739 =( LENGTH_UNIT ( ) NAMED_UNIT ( * ) SI_UNIT ( .MILLI., .METRE. ) );
#4740 =( LENGTH_UNIT ( ) NAMED_UNIT ( * ) SI_UNIT ( .MILLI., .METRE. ) );
#4741 = CARTESIAN_POINT ( 'NONE',  ( 2.146080506467544780, 1.319549473706508769, 0.7010000000000000675 ) ) ;
#4742 = B_SPLINE_CURVE_WITH_KNOTS ( 'NONE', 3,
 ( #10082, #11011, #656, #6293 ),
 .UNSPECIFIED., .F., .F.,
 ( 4, 4 ),
 ( 5.000000000000000000, 6.000000000000000000 ),
 .UNSPECIFIED. ) ;
#4743 = VERTEX_POINT ( 'NONE', #11798 ) ;
#4744 = CARTESIAN_POINT ( 'NONE',  ( 1.983878271522296899, 1.163752147525683123, 0.7010000000000000675 ) ) ;
#4745 = ADVANCED_FACE ( 'NONE', ( #7005 ), #10809, .F. ) ;
#4746 = CARTESIAN_POINT ( 'NONE',  ( 1.444815191070611959, 1.132596622164890876, 0.7010000000000000675 ) ) ;
#4747 = B_SPLINE_CURVE_WITH_KNOTS ( 'NONE', 3,
 ( #11836, #6196, #11775, #7099 ),
 .UNSPECIFIED., .F., .F.,
 ( 4, 4 ),
 ( 11.00000000000000000, 12.00000000000000000 ),
 .UNSPECIFIED. ) ;
#4748 = CARTESIAN_POINT ( 'NONE',  ( 1.205359750925734996, 1.480790331735134302, 0.6999999999999999556 ) ) ;
#4749 = ADVANCED_FACE ( 'NONE', ( #7244 ), #7247, .F. ) ;
#4750 = PRESENTATION_LAYER_ASSIGNMENT (  '', '', ( #11130 ) ) ;
#4751 = B_SPLINE_CURVE_WITH_KNOTS ( 'NONE', 3,
 ( #7184, #1461, #3409, #12041 ),
 .UNSPECIFIED., .F., .F.,
 ( 4, 4 ),
 ( 8.000000000000000000, 9.000000000000000000 ),
 .UNSPECIFIED. ) ;
#4752 = CARTESIAN_POINT ( 'NONE',  ( 1.226181979420744916, 1.217042330292825936, 0.7010000000000000675 ) ) ;
#4753 = SURFACE_SIDE_STYLE ('',( #8580 ) ) ;
#4754 = UNCERTAINTY_MEASURE_WITH_UNIT (LENGTH_MEASURE( 1.000000000000000082E-05 ), #5343, 'distance_accuracy_value', 'NONE');
#4755 = ORIENTED_EDGE ( 'NONE', *, *, #6016, .T. ) ;
#4756 = CARTESIAN_POINT ( 'NONE',  ( 2.067058904827680177, 1.159426754593186892, 0.7010000000000000675 ) ) ;
#4757 = ORIENTED_EDGE ( 'NONE', *, *, #2209, .T. ) ;
#4758 = EDGE_LOOP ( 'NONE', ( #9481, #10211, #2336, #9064 ) ) ;
#4759 = SURFACE_STYLE_FILL_AREA ( #5273 ) ;
#4760 = CARTESIAN_POINT ( 'NONE',  ( 2.473105166307505431, 1.190120408283372955, 0.6999999999999999556 ) ) ;
#4761 = EDGE_LOOP ( 'NONE', ( #10554, #12335, #2057, #9882 ) ) ;
#4762 = CARTESIAN_POINT ( 'NONE',  ( 2.039858837736773456, 1.146284214531503753, 0.7010000000000000675 ) ) ;
#4763 = CARTESIAN_POINT ( 'NONE',  ( 2.488493583469202353, 1.084231462085445408, 0.6999999999999999556 ) ) ;
#4764 = STYLED_ITEM ( 'NONE', ( #1068 ), #8847 ) ;
#4765 = DIRECTION ( 'NONE',  ( -0.0000000000000000000, -0.0000000000000000000, -1.000000000000000000 ) ) ;
#4766 =( NAMED_UNIT ( * ) SI_UNIT ( $, .STERADIAN. ) SOLID_ANGLE_UNIT ( ) );
#4767 = ADVANCED_FACE ( 'NONE', ( #6645 ), #7045, .F. ) ;
#4768 = CARTESIAN_POINT ( 'NONE',  ( 1.190321471113391594, 1.144164519529113244, 0.6999999999999999556 ) ) ;
#4769 = ORIENTED_EDGE ( 'NONE', *, *, #5564, .F. ) ;
#4770 = ADVANCED_FACE ( 'NONE', ( #11299 ), #5320, .F. ) ;
#4771 = CARTESIAN_POINT ( 'NONE',  ( 1.307157238909066876, 1.103676922881259514, 0.7010000000000000675 ) ) ;
#4772 = CARTESIAN_POINT ( 'NONE',  ( 1.190321471113391594, 1.144164519529113244, 0.7010000000000000675 ) ) ;
#4773 =( LENGTH_UNIT ( ) NAMED_UNIT ( * ) SI_UNIT ( .MILLI., .METRE. ) );
#4774 = ORIENTED_EDGE ( 'NONE', *, *, #10051, .F. ) ;
#4775 = SURFACE_STYLE_FILL_AREA ( #8540 ) ;
#4776 = PRESENTATION_LAYER_ASSIGNMENT (  '', '', ( #8577 ) ) ;
#4777 = DIRECTION ( 'NONE',  ( 1.000000000000000000, -0.0000000000000000000, -0.0000000000000000000 ) ) ;
#4778 = VERTEX_POINT ( 'NONE', #11647 ) ;
#4779 =( NAMED_UNIT ( * ) SI_UNIT ( $, .STERADIAN. ) SOLID_ANGLE_UNIT ( ) );
#4780 = VERTEX_POINT ( 'NONE', #2143 ) ;
#4781 = CARTESIAN_POINT ( 'NONE',  ( 2.484999996869922345, 1.179889190386278930, 0.6999999999999999556 ) ) ;
#4782 = SURFACE_STYLE_FILL_AREA ( #6559 ) ;
#4783 = SURFACE_STYLE_FILL_AREA ( #11457 ) ;
#4784 = B_SPLINE_SURFACE_WITH_KNOTS ( 'NONE', 3, 1, ( 
 ( #9667, #7538 ),
 ( #4597, #7465 ),
 ( #922, #11350 ),
 ( #11282, #1939 ) ),
 .UNSPECIFIED., .F., .F., .F.,
 ( 4, 4 ),
 ( 2, 2 ),
 ( 9.000000000000000000, 10.00000000000000000 ),
 ( 0.0000000000000000000, 1.000000000000000000 ),
 .UNSPECIFIED. ) ;
#4785 = MECHANICAL_DESIGN_GEOMETRIC_PRESENTATION_REPRESENTATION (  '', ( #10169 ), #10951 ) ;
#4786 = ADVANCED_FACE ( 'NONE', ( #1069, #2199 ), #7928, .T. ) ;
#4787 =( NAMED_UNIT ( * ) SI_UNIT ( $, .STERADIAN. ) SOLID_ANGLE_UNIT ( ) );
#4788 = ORIENTED_EDGE ( 'NONE', *, *, #11234, .T. ) ;
#4789 =( NAMED_UNIT ( * ) SI_UNIT ( $, .STERADIAN. ) SOLID_ANGLE_UNIT ( ) );
#4790 = VERTEX_POINT ( 'NONE', #10653 ) ;
#4791 = SURFACE_STYLE_USAGE ( .BOTH. , #4727 ) ;
#4792 =( LENGTH_UNIT ( ) NAMED_UNIT ( * ) SI_UNIT ( .MILLI., .METRE. ) );
#4793 = STYLED_ITEM ( 'NONE', ( #10598 ), #4786 ) ;
#4794 = CARTESIAN_POINT ( 'NONE',  ( 2.039858837736773456, 1.146284214531503753, 0.7010000000000000675 ) ) ;
#4795 = VECTOR ( 'NONE', #12194, 1000.000000000000000 ) ;
#4796 = LINE ( 'NONE', #11413, #219 ) ;
#4797 = CARTESIAN_POINT ( 'NONE',  ( 2.262325441512390789, 1.224141287305309023, 0.7010000000000000675 ) ) ;
#4798 = FILL_AREA_STYLE_COLOUR ( '', #8103 ) ;
#4799 = VECTOR ( 'NONE', #9355, 1000.000000000000000 ) ;
#4800 =( NAMED_UNIT ( * ) SI_UNIT ( $, .STERADIAN. ) SOLID_ANGLE_UNIT ( ) );
#4801 = DIRECTION ( 'NONE',  ( 1.000000000000000000, -0.0000000000000000000, -0.0000000000000000000 ) ) ;
#4802 = PLANE ( 'NONE',  #2309 ) ;
#4803 = SURFACE_STYLE_USAGE ( .BOTH. , #6639 ) ;
#4804 = SURFACE_STYLE_FILL_AREA ( #4616 ) ;
#4805 =( GEOMETRIC_REPRESENTATION_CONTEXT ( 3 ) GLOBAL_UNCERTAINTY_ASSIGNED_CONTEXT ( ( #3732 ) ) GLOBAL_UNIT_ASSIGNED_CONTEXT ( ( #4717, #89, #5699 ) ) REPRESENTATION_CONTEXT ( 'NONE', 'WORKASPACE' ) );
#4806 = SURFACE_STYLE_FILL_AREA ( #1595 ) ;
#4807 =( NAMED_UNIT ( * ) SI_UNIT ( $, .STERADIAN. ) SOLID_ANGLE_UNIT ( ) );
#4808 = COLOUR_RGB ( '',1.000000000000000000, 1.000000000000000000, 1.000000000000000000 ) ;
#4809 = CARTESIAN_POINT ( 'NONE',  ( 2.341513404418675393, 1.153354568362160437, 0.7010000000000000675 ) ) ;
#4810 = ORIENTED_EDGE ( 'NONE', *, *, #10550, .F. ) ;
#4811 =( NAMED_UNIT ( * ) SI_UNIT ( $, .STERADIAN. ) SOLID_ANGLE_UNIT ( ) );
#4812 = MECHANICAL_DESIGN_GEOMETRIC_PRESENTATION_REPRESENTATION (  '', ( #2633 ), #11772 ) ;
#4813 =( NAMED_UNIT ( * ) SI_UNIT ( $, .STERADIAN. ) SOLID_ANGLE_UNIT ( ) );
#4814 = SURFACE_STYLE_USAGE ( .BOTH. , #4688 ) ;
#4815 = MECHANICAL_DESIGN_GEOMETRIC_PRESENTATION_REPRESENTATION (  '', ( #5597 ), #5209 ) ;
#4816 = CARTESIAN_POINT ( 'NONE',  ( 2.240365754319293856, 1.177643313287374705, 0.7010000000000000675 ) ) ;
#4817 = EDGE_CURVE ( 'NONE', #1519, #9471, #9627, .T. ) ;
#4818 = CARTESIAN_POINT ( 'NONE',  ( 0.4000000000000014655, 1.700000000000000622, -0.1000000000000000056 ) ) ;
#4819 = ORIENTED_EDGE ( 'NONE', *, *, #2568, .F. ) ;
#4820 = STYLED_ITEM ( 'NONE', ( #8365 ), #2194 ) ;
#4821 = VECTOR ( 'NONE', #10059, 1000.000000000000000 ) ;
#4822 = CARTESIAN_POINT ( 'NONE',  ( 2.221442160242816932, 1.338098754933535917, 0.7010000000000000675 ) ) ;
#4823 = EDGE_LOOP ( 'NONE', ( #2833, #2678, #7507, #278 ) ) ;
#4824 = ADVANCED_FACE ( 'NONE', ( #4985 ), #5357, .F. ) ;
#4825 = ORIENTED_EDGE ( 'NONE', *, *, #4314, .T. ) ;
#4826 = MECHANICAL_DESIGN_GEOMETRIC_PRESENTATION_REPRESENTATION (  '', ( #9814 ), #836 ) ;
#4827 = CARTESIAN_POINT ( 'NONE',  ( 1.890923913803576051, 1.153354568362160437, 0.6999999999999999556 ) ) ;
#4828 = LINE ( 'NONE', #6608, #5399 ) ;
#4829 = ORIENTED_EDGE ( 'NONE', *, *, #12228, .F. ) ;
#4830 = PRESENTATION_STYLE_ASSIGNMENT (( #4639 ) ) ;
#4831 = AXIS2_PLACEMENT_3D ( 'NONE', #8791, #2983, #153 ) ;
#4832 = LINE ( 'NONE', #3900, #8287 ) ;
#4833 = CARTESIAN_POINT ( 'NONE',  ( 1.918747835644118327, 1.092549525416478540, 0.6999999999999999556 ) ) ;
#4834 = EDGE_LOOP ( 'NONE', ( #5318, #1663, #7376, #39 ) ) ;
#4835 = DIRECTION ( 'NONE',  ( -1.000000000000000000, 0.0000000000000000000, 0.0000000000000000000 ) ) ;
#4836 = COLOUR_RGB ( '',1.000000000000000000, 1.000000000000000000, 1.000000000000000000 ) ;
#4837 = CARTESIAN_POINT ( 'NONE',  ( 1.428620161237295516, 1.456497748373132950, 0.7010000000000000675 ) ) ;
#4838 = SURFACE_STYLE_USAGE ( .BOTH. , #9653 ) ;
#4839 = ORIENTED_EDGE ( 'NONE', *, *, #7532, .T. ) ;
#4840 = SURFACE_STYLE_USAGE ( .BOTH. , #1869 ) ;
#4841 = CARTESIAN_POINT ( 'NONE',  ( 1.469107757885155907, 1.131439850079904774, 0.7010000000000000675 ) ) ;
#4842 = EDGE_CURVE ( 'NONE', #3424, #948, #12017, .T. ) ;
#4843 = ORIENTED_EDGE ( 'NONE', *, *, #9148, .T. ) ;
#4844 = B_SPLINE_CURVE_WITH_KNOTS ( 'NONE', 3,
 ( #6521, #2687, #8376, #55 ),
 .UNSPECIFIED., .F., .F.,
 ( 4, 4 ),
 ( 4.000000000000000000, 5.000000000000000000 ),
 .UNSPECIFIED. ) ;
#4845 = FILL_AREA_STYLE ('',( #1039 ) ) ;
#4846 = ORIENTED_EDGE ( 'NONE', *, *, #3248, .F. ) ;
#4847 = EDGE_CURVE ( 'NONE', #315, #8022, #4353, .T. ) ;
#4848 = CARTESIAN_POINT ( 'NONE',  ( 1.344174519300853854, 1.525905132560692490, 0.6999999999999999556 ) ) ;
#4849 = DIRECTION ( 'NONE',  ( -0.0000000000000000000, -1.000000000000000000, -0.0000000000000000000 ) ) ;
#4850 = CARTESIAN_POINT ( 'NONE',  ( 2.219237873460517374, 1.177643313287374705, 0.7010000000000000675 ) ) ;
#4851 =( NAMED_UNIT ( * ) SI_UNIT ( $, .STERADIAN. ) SOLID_ANGLE_UNIT ( ) );
#4852 = EDGE_LOOP ( 'NONE', ( #1038, #9966, #371, #8188 ) ) ;
#4853 = DIRECTION ( 'NONE',  ( 1.913297951445007129E-16, 1.000000000000000000, 0.0000000000000000000 ) ) ;
#4854 = DIRECTION ( 'NONE',  ( -0.3493954794691446764, 0.9369753459544848395, 0.0000000000000000000 ) ) ;
#4855 = VERTEX_POINT ( 'NONE', #9172 ) ;
#4856 = FACE_OUTER_BOUND ( 'NONE', #959, .T. ) ;
#4857 =( LENGTH_UNIT ( ) NAMED_UNIT ( * ) SI_UNIT ( .MILLI., .METRE. ) );
#4858 = EDGE_CURVE ( 'NONE', #11102, #4227, #8170, .T. ) ;
#4859 = CARTESIAN_POINT ( 'NONE',  ( 2.488493583469202353, 1.202597503279374980, 0.6999999999999999556 ) ) ;
#4860 = DIRECTION ( 'NONE',  ( -0.0000000000000000000, -0.0000000000000000000, -1.000000000000000000 ) ) ;
#4861 = DIRECTION ( 'NONE',  ( -0.5048830486499221726, 0.8631877589412167984, 0.0000000000000000000 ) ) ;
#4862 = ORIENTED_EDGE ( 'NONE', *, *, #6554, .F. ) ;
#4863 = SURFACE_STYLE_FILL_AREA ( #1065 ) ;
#4864 = FILL_AREA_STYLE ('',( #115 ) ) ;
#4865 = CARTESIAN_POINT ( 'NONE',  ( 1.154461006934623724, 1.429891582228573377, 0.7010000000000000675 ) ) ;
#4866 = EDGE_CURVE ( 'NONE', #3706, #1169, #8771, .T. ) ;
#4867 = SURFACE_STYLE_FILL_AREA ( #9495 ) ;
#4868 = ORIENTED_EDGE ( 'NONE', *, *, #10015, .F. ) ;
#4869 = CARTESIAN_POINT ( 'NONE',  ( 2.513031870295155290, 1.144870143764706194, 0.7010000000000000675 ) ) ;
#4870 = FILL_AREA_STYLE_COLOUR ( '', #11286 ) ;
#4871 = CARTESIAN_POINT ( 'NONE',  ( 2.522056969007373528, 1.061439968560242475, 0.7010000000000000675 ) ) ;
#4872 =( NAMED_UNIT ( * ) PLANE_ANGLE_UNIT ( ) SI_UNIT ( $, .RADIAN. ) );
#4873 = COLOUR_RGB ( '',1.000000000000000000, 1.000000000000000000, 1.000000000000000000 ) ;
#4874 = SURFACE_SIDE_STYLE ('',( #7863 ) ) ;
#4875 = UNCERTAINTY_MEASURE_WITH_UNIT (LENGTH_MEASURE( 1.000000000000000082E-05 ), #8783, 'distance_accuracy_value', 'NONE');
#4876 = ORIENTED_EDGE ( 'NONE', *, *, #640, .F. ) ;
#4877 =( NAMED_UNIT ( * ) PLANE_ANGLE_UNIT ( ) SI_UNIT ( $, .RADIAN. ) );
#4878 = B_SPLINE_SURFACE_WITH_KNOTS ( 'NONE', 3, 1, ( 
 ( #12022, #4364 ),
 ( #4484, #2630 ),
 ( #4546, #6449 ),
 ( #10296, #1767 ) ),
 .UNSPECIFIED., .F., .F., .F.,
 ( 4, 4 ),
 ( 2, 2 ),
 ( 14.00000000000000000, 15.00000000000000000 ),
 ( 0.0000000000000000000, 1.000000000000000000 ),
 .UNSPECIFIED. ) ;
#4879 = B_SPLINE_CURVE_WITH_KNOTS ( 'NONE', 3,
 ( #11164, #9240, #10165, #7468 ),
 .UNSPECIFIED., .F., .F.,
 ( 4, 4 ),
 ( 4.000000000000000000, 5.000000000000000000 ),
 .UNSPECIFIED. ) ;
#4880 = ORIENTED_EDGE ( 'NONE', *, *, #11021, .F. ) ;
#4881 = CARTESIAN_POINT ( 'NONE',  ( 1.462167081245532740, 1.060875693806251796, 0.7010000000000000675 ) ) ;
#4882 = ORIENTED_EDGE ( 'NONE', *, *, #11478, .F. ) ;
#4883 = CARTESIAN_POINT ( 'NONE',  ( 0.9890400503509301222, 1.118715180629586525, 0.7010000000000000675 ) ) ;
#4884 = EDGE_LOOP ( 'NONE', ( #10443, #650, #10087, #4511 ) ) ;
#4885 = CARTESIAN_POINT ( 'NONE',  ( 1.166028882235386144, 1.053934884783088721, 0.7010000000000000675 ) ) ;
#4886 = COLOUR_RGB ( '',1.000000000000000000, 1.000000000000000000, 1.000000000000000000 ) ;
#4887 = PRESENTATION_LAYER_ASSIGNMENT (  '', '', ( #1933 ) ) ;
#4888 = ORIENTED_EDGE ( 'NONE', *, *, #6315, .T. ) ;
#4889 = PRESENTATION_STYLE_ASSIGNMENT (( #5692 ) ) ;
#4890 = CARTESIAN_POINT ( 'NONE',  ( 1.930101992090114349, 1.149694620496459763, 0.6999999999999999556 ) ) ;
#4891 = VERTEX_POINT ( 'NONE', #10042 ) ;
#4892 =( NAMED_UNIT ( * ) PLANE_ANGLE_UNIT ( ) SI_UNIT ( $, .RADIAN. ) );
#4893 = EDGE_LOOP ( 'NONE', ( #9161, #3869, #1840, #1453 ) ) ;
#4894 = SURFACE_STYLE_FILL_AREA ( #8852 ) ;
#4895 = EDGE_CURVE ( 'NONE', #5557, #1816, #11896, .T. ) ;
#4896 = MECHANICAL_DESIGN_GEOMETRIC_PRESENTATION_REPRESENTATION (  '', ( #5097 ), #5871 ) ;
#4897 = EDGE_CURVE ( 'NONE', #4383, #11634, #10970, .T. ) ;
#4898 = CARTESIAN_POINT ( 'NONE',  ( 1.991198167253144025, 1.079406985353685622, 0.6999999999999999556 ) ) ;
#4899 =( GEOMETRIC_REPRESENTATION_CONTEXT ( 3 ) GLOBAL_UNCERTAINTY_ASSIGNED_CONTEXT ( ( #2096 ) ) GLOBAL_UNIT_ASSIGNED_CONTEXT ( ( #7331, #9352, #779 ) ) REPRESENTATION_CONTEXT ( 'NONE', 'WORKASPACE' ) );
#4900 =( GEOMETRIC_REPRESENTATION_CONTEXT ( 3 ) GLOBAL_UNCERTAINTY_ASSIGNED_CONTEXT ( ( #7456 ) ) GLOBAL_UNIT_ASSIGNED_CONTEXT ( ( #1513, #3214, #1331 ) ) REPRESENTATION_CONTEXT ( 'NONE', 'WORKASPACE' ) );
#4901 = CARTESIAN_POINT ( 'NONE',  ( 2.341513404418675393, 1.153354568362160437, 0.6999999999999999556 ) ) ;
#4902 = ORIENTED_EDGE ( 'NONE', *, *, #8027, .T. ) ;
#4903 = MECHANICAL_DESIGN_GEOMETRIC_PRESENTATION_REPRESENTATION (  '', ( #931 ), #5879 ) ;
#4904 = EDGE_CURVE ( 'NONE', #789, #3800, #9111, .T. ) ;
#4905 = EDGE_CURVE ( 'NONE', #34, #5180, #1766, .T. ) ;
#4906 = CARTESIAN_POINT ( 'NONE',  ( 2.668454883625423602, 1.061439968560242475, 0.7010000000000000675 ) ) ;
#4907 = SURFACE_STYLE_USAGE ( .BOTH. , #991 ) ;
#4908 = ORIENTED_EDGE ( 'NONE', *, *, #4922, .T. ) ;
#4909 = CARTESIAN_POINT ( 'NONE',  ( 1.939002319854179923, 1.324207589171845667, 0.6999999999999999556 ) ) ;
#4910 =( GEOMETRIC_REPRESENTATION_CONTEXT ( 3 ) GLOBAL_UNCERTAINTY_ASSIGNED_CONTEXT ( ( #10553 ) ) GLOBAL_UNIT_ASSIGNED_CONTEXT ( ( #7157, #7926, #2305 ) ) REPRESENTATION_CONTEXT ( 'NONE', 'WORKASPACE' ) );
#4911 = DIRECTION ( 'NONE',  ( -1.000000000000000000, -0.0000000000000000000, -0.0000000000000000000 ) ) ;
#4912 = CLOSED_SHELL ( 'NONE', ( #5678, #6334, #9412, #2247, #5864, #5731, #6102, #8666, #1183, #2418, #1583, #4745, #7069, #11940 ) ) ;
#4913 =( GEOMETRIC_REPRESENTATION_CONTEXT ( 3 ) GLOBAL_UNCERTAINTY_ASSIGNED_CONTEXT ( ( #1562 ) ) GLOBAL_UNIT_ASSIGNED_CONTEXT ( ( #4155, #6695, #9725 ) ) REPRESENTATION_CONTEXT ( 'NONE', 'WORKASPACE' ) );
#4914 = SURFACE_STYLE_FILL_AREA ( #9485 ) ;
#4915 = CARTESIAN_POINT ( 'NONE',  ( 1.832739060806250597, 1.338098754933535917, 0.7010000000000000675 ) ) ;
#4916 = PRESENTATION_LAYER_ASSIGNMENT (  '', '', ( #10302 ) ) ;
#4917 = COLOUR_RGB ( '',1.000000000000000000, 1.000000000000000000, 1.000000000000000000 ) ;
#4918 = LINE ( 'NONE', #8749, #6712 ) ;
#4919 = SURFACE_STYLE_FILL_AREA ( #10647 ) ;
#4920 = CARTESIAN_POINT ( 'NONE',  ( 1.930101992090114349, 1.149694620496459763, 0.7010000000000000675 ) ) ;
#4921 = COLOUR_RGB ( '',1.000000000000000000, 1.000000000000000000, 1.000000000000000000 ) ;
#4922 = EDGE_CURVE ( 'NONE', #11503, #8639, #3833, .T. ) ;
#4923 =( LENGTH_UNIT ( ) NAMED_UNIT ( * ) SI_UNIT ( .MILLI., .METRE. ) );
#4924 = DIRECTION ( 'NONE',  ( -0.0000000000000000000, -0.0000000000000000000, -1.000000000000000000 ) ) ;
#4925 = EDGE_CURVE ( 'NONE', #7447, #9834, #1605, .T. ) ;
#4926 = SURFACE_STYLE_FILL_AREA ( #9802 ) ;
#4927 = VERTEX_POINT ( 'NONE', #11958 ) ;
#4929 =( LENGTH_UNIT ( ) NAMED_UNIT ( * ) SI_UNIT ( .MILLI., .METRE. ) );
#4928 = PRESENTATION_LAYER_ASSIGNMENT (  '', '', ( #10315 ) ) ;
#4930 = CARTESIAN_POINT ( 'NONE',  ( 0.9948240321290651167, 1.376679249938345562, 0.6999999999999999556 ) ) ;
#4931 = SURFACE_STYLE_FILL_AREA ( #1014 ) ;
#4932 = ADVANCED_FACE ( 'NONE', ( #612, #8943 ), #10840, .F. ) ;
#4933 =( LENGTH_UNIT ( ) NAMED_UNIT ( * ) SI_UNIT ( .MILLI., .METRE. ) );
#4934 = AXIS2_PLACEMENT_3D ( 'NONE', #9486, #9373, #11359 ) ;
#4935 = VECTOR ( 'NONE', #445, 1000.000000000000000 ) ;
#4936 =( NAMED_UNIT ( * ) PLANE_ANGLE_UNIT ( ) SI_UNIT ( $, .RADIAN. ) );
#4937 = PLANE ( 'NONE',  #12153 ) ;
#4938 = ORIENTED_EDGE ( 'NONE', *, *, #8572, .T. ) ;
#4939 = CARTESIAN_POINT ( 'NONE',  ( 1.944824964185577043, 1.108936110176710343, 0.7010000000000000675 ) ) ;
#4940 = SURFACE_STYLE_USAGE ( .BOTH. , #5915 ) ;
#4941 = ORIENTED_EDGE ( 'NONE', *, *, #10177, .F. ) ;
#4942 = AXIS2_PLACEMENT_3D ( 'NONE', #10052, #10117, #11844 ) ;
#4943 =( NAMED_UNIT ( * ) SI_UNIT ( $, .STERADIAN. ) SOLID_ANGLE_UNIT ( ) );
#4944 = PRESENTATION_STYLE_ASSIGNMENT (( #1212 ) ) ;
#4945 = PRESENTATION_STYLE_ASSIGNMENT (( #5009 ) ) ;
#4946 = ORIENTED_EDGE ( 'NONE', *, *, #2479, .T. ) ;
#4947 = FILL_AREA_STYLE ('',( #2974 ) ) ;
#4948 = FACE_OUTER_BOUND ( 'NONE', #3724, .T. ) ;
#4949 = ORIENTED_EDGE ( 'NONE', *, *, #3313, .F. ) ;
#4950 = CARTESIAN_POINT ( 'NONE',  ( 2.085109102254885993, 1.180305093553438711, 0.6999999999999999556 ) ) ;
#4951 = MECHANICAL_DESIGN_GEOMETRIC_PRESENTATION_REPRESENTATION (  '', ( #5729 ), #10150 ) ;
#4952 = B_SPLINE_SURFACE_WITH_KNOTS ( 'NONE', 3, 1, ( 
 ( #11743, #6161 ),
 ( #5136, #2229 ),
 ( #8020, #10681 ),
 ( #10014, #5988 ) ),
 .UNSPECIFIED., .F., .F., .F.,
 ( 4, 4 ),
 ( 2, 2 ),
 ( 0.0000000000000000000, 1.000000000000000000 ),
 ( 0.0000000000000000000, 1.000000000000000000 ),
 .UNSPECIFIED. ) ;
#4953 = ORIENTED_EDGE ( 'NONE', *, *, #884, .T. ) ;
#4954 = FACE_OUTER_BOUND ( 'NONE', #8051, .T. ) ;
#4955 = ORIENTED_EDGE ( 'NONE', *, *, #11534, .F. ) ;
#4956 = DIRECTION ( 'NONE',  ( 0.0000000000000000000, 0.0000000000000000000, 1.000000000000000000 ) ) ;
#4957 =( GEOMETRIC_REPRESENTATION_CONTEXT ( 3 ) GLOBAL_UNCERTAINTY_ASSIGNED_CONTEXT ( ( #3531 ) ) GLOBAL_UNIT_ASSIGNED_CONTEXT ( ( #8870, #8754, #3945 ) ) REPRESENTATION_CONTEXT ( 'NONE', 'WORKASPACE' ) );
#4958 = EDGE_LOOP ( 'NONE', ( #5734, #6109, #11071, #5060 ) ) ;
#4959 =( LENGTH_UNIT ( ) NAMED_UNIT ( * ) SI_UNIT ( .MILLI., .METRE. ) );
#4960 = CARTESIAN_POINT ( 'NONE',  ( 2.594548890933551455, 1.203346128978270091, 0.7010000000000000675 ) ) ;
#4961 = CARTESIAN_POINT ( 'NONE',  ( 2.146080506467544780, 1.319549473706508769, 0.6999999999999999556 ) ) ;
#4962 = VERTEX_POINT ( 'NONE', #5407 ) ;
#4963 = DIRECTION ( 'NONE',  ( 0.0000000000000000000, 0.0000000000000000000, 1.000000000000000000 ) ) ;
#4964 = AXIS2_PLACEMENT_3D ( 'NONE', #5084, #7969, #11529 ) ;
#4965 = LINE ( 'NONE', #5938, #4733 ) ;
#4966 = VECTOR ( 'NONE', #10604, 1000.000000000000000 ) ;
#4967 = FACE_OUTER_BOUND ( 'NONE', #2022, .T. ) ;
#4968 = ORIENTED_EDGE ( 'NONE', *, *, #9367, .T. ) ;
#4969 =( NAMED_UNIT ( * ) PLANE_ANGLE_UNIT ( ) SI_UNIT ( $, .RADIAN. ) );
#4970 = EDGE_CURVE ( 'NONE', #4778, #6282, #12143, .T. ) ;
#4971 = DIRECTION ( 'NONE',  ( 0.0000000000000000000, -1.000000000000000000, 0.0000000000000000000 ) ) ;
#4972 = CARTESIAN_POINT ( 'NONE',  ( 1.987662990337809354, 1.466030568956663283, 0.6999999999999999556 ) ) ;
#4973 = FILL_AREA_STYLE_COLOUR ( '', #9803 ) ;
#4974 = EDGE_CURVE ( 'NONE', #6805, #6484, #11287, .T. ) ;
#4975 = PRESENTATION_LAYER_ASSIGNMENT (  '', '', ( #387 ) ) ;
#4976 = FILL_AREA_STYLE ('',( #4053 ) ) ;
#4977 = SURFACE_SIDE_STYLE ('',( #4054 ) ) ;
#4978 = CARTESIAN_POINT ( 'NONE',  ( 2.284742622188141059, 1.460707008425642162, 0.6999999999999999556 ) ) ;
#4979 =( NAMED_UNIT ( * ) SI_UNIT ( $, .STERADIAN. ) SOLID_ANGLE_UNIT ( ) );
#4980 = FILL_AREA_STYLE ('',( #1375 ) ) ;
#4981 = CARTESIAN_POINT ( 'NONE',  ( 1.190321471113391594, 1.053934884783088721, 0.7010000000000000675 ) ) ;
#4982 = B_SPLINE_CURVE_WITH_KNOTS ( 'NONE', 3,
 ( #2835, #10435, #11263, #4763 ),
 .UNSPECIFIED., .F., .F.,
 ( 4, 4 ),
 ( 5.000000000000000000, 6.000000000000000000 ),
 .UNSPECIFIED. ) ;
#4983 = CARTESIAN_POINT ( 'NONE',  ( 2.283328551422453057, 1.153354568362160437, 0.7010000000000000675 ) ) ;
#4984 = PRESENTATION_LAYER_ASSIGNMENT (  '', '', ( #10541 ) ) ;
#4985 = FACE_OUTER_BOUND ( 'NONE', #1679, .T. ) ;
#4986 = ORIENTED_EDGE ( 'NONE', *, *, #4847, .T. ) ;
#4987 = EDGE_CURVE ( 'NONE', #12006, #3053, #5464, .T. ) ;
#4988 = SURFACE_SIDE_STYLE ('',( #8641 ) ) ;
#4989 = STYLED_ITEM ( 'NONE', ( #1625 ), #5003 ) ;
#4990 = EDGE_CURVE ( 'NONE', #8126, #11244, #231, .T. ) ;
#4991 = EDGE_CURVE ( 'NONE', #8556, #9082, #10410, .T. ) ;
#4992 = DIRECTION ( 'NONE',  ( -0.0000000000000000000, -0.0000000000000000000, 1.000000000000000000 ) ) ;
#4993 = CARTESIAN_POINT ( 'NONE',  ( 2.645247486934169778, 1.061439968560242475, 0.7010000000000000675 ) ) ;
#4994 =( LENGTH_UNIT ( ) NAMED_UNIT ( * ) SI_UNIT ( .MILLI., .METRE. ) );
#4995 =( NAMED_UNIT ( * ) SI_UNIT ( $, .STERADIAN. ) SOLID_ANGLE_UNIT ( ) );
#4996 =( NAMED_UNIT ( * ) PLANE_ANGLE_UNIT ( ) SI_UNIT ( $, .RADIAN. ) );
#4997 = VECTOR ( 'NONE', #2041, 1000.000000000000000 ) ;
#4998 = CARTESIAN_POINT ( 'NONE',  ( 2.363805814144614992, 1.382434032485780895, 0.6999999999999999556 ) ) ;
#4999 = CARTESIAN_POINT ( 'NONE',  ( 2.097295065034097572, 1.080571514219744733, 0.6999999999999999556 ) ) ;
#5000 = ORIENTED_EDGE ( 'NONE', *, *, #1799, .F. ) ;
#5001 = ORIENTED_EDGE ( 'NONE', *, *, #4588, .F. ) ;
#5002 = FILL_AREA_STYLE_COLOUR ( '', #4103 ) ;
#5003 = ADVANCED_FACE ( 'NONE', ( #10167 ), #8289, .F. ) ;
#5004 = DIRECTION ( 'NONE',  ( 0.0000000000000000000, 1.000000000000000000, -0.0000000000000000000 ) ) ;
#5005 = ORIENTED_EDGE ( 'NONE', *, *, #10842, .T. ) ;
#5006 = MECHANICAL_DESIGN_GEOMETRIC_PRESENTATION_REPRESENTATION (  '', ( #6994 ), #3030 ) ;
#5007 = PRESENTATION_LAYER_ASSIGNMENT (  '', '', ( #4793 ) ) ;
#5008 = SURFACE_SIDE_STYLE ('',( #10005 ) ) ;
#5009 = SURFACE_STYLE_USAGE ( .BOTH. , #7057 ) ;
#5010 = UNCERTAINTY_MEASURE_WITH_UNIT (LENGTH_MEASURE( 1.000000000000000082E-05 ), #11765, 'distance_accuracy_value', 'NONE');
#5011 = DIRECTION ( 'NONE',  ( 0.0000000000000000000, -1.000000000000000000, 0.0000000000000000000 ) ) ;
#5012 = VERTEX_POINT ( 'NONE', #9426 ) ;
#5013 = VECTOR ( 'NONE', #2412, 1000.000000000000000 ) ;
#5014 = DIRECTION ( 'NONE',  ( 0.3315284183504002002, 0.9434452330824943944, -0.0000000000000000000 ) ) ;
#5015 = DIRECTION ( 'NONE',  ( 0.0000000000000000000, 1.000000000000000000, -0.0000000000000000000 ) ) ;
#5016 = VERTEX_POINT ( 'NONE', #7469 ) ;
#5017 = PRESENTATION_LAYER_ASSIGNMENT (  '', '', ( #37 ) ) ;
#5018 = ORIENTED_EDGE ( 'NONE', *, *, #5044, .T. ) ;
#5019 = CARTESIAN_POINT ( 'NONE',  ( 1.014489422345931313, 1.090952209302905818, 0.6999999999999999556 ) ) ;
#5020 = COLOUR_RGB ( '',1.000000000000000000, 1.000000000000000000, 1.000000000000000000 ) ;
#5021 = VERTEX_POINT ( 'NONE', #6381 ) ;
#5022 = VECTOR ( 'NONE', #3736, 1000.000000000000000 ) ;
#5023 = CARTESIAN_POINT ( 'NONE',  ( 1.190321493177406875, 1.345445995451615806, 0.6999999999999999556 ) ) ;
#5024 = CARTESIAN_POINT ( 'NONE',  ( 2.287196450871179287, 1.382101309951829782, 0.7010000000000000675 ) ) ;
#5025 = VECTOR ( 'NONE', #9456, 1000.000000000000000 ) ;
#5026 = LINE ( 'NONE', #2005, #8551 ) ;
#5027 = ORIENTED_EDGE ( 'NONE', *, *, #1656, .T. ) ;
#5028 =( NAMED_UNIT ( * ) SI_UNIT ( $, .STERADIAN. ) SOLID_ANGLE_UNIT ( ) );
#5029 = ORIENTED_EDGE ( 'NONE', *, *, #4528, .T. ) ;
#5030 = CARTESIAN_POINT ( 'NONE',  ( 1.988827519203868466, 1.091135454649682091, 0.7010000000000000675 ) ) ;
#5031 =( NAMED_UNIT ( * ) SI_UNIT ( $, .STERADIAN. ) SOLID_ANGLE_UNIT ( ) );
#5032 = CARTESIAN_POINT ( 'NONE',  ( 2.241779825084981859, 1.463535149958128612, 0.6999999999999999556 ) ) ;
#5033 = FILL_AREA_STYLE ('',( #4973 ) ) ;
#5034 = B_SPLINE_CURVE_WITH_KNOTS ( 'NONE', 3,
 ( #8885, #10858, #4313, #11914 ),
 .UNSPECIFIED., .F., .F.,
 ( 4, 4 ),
 ( 2.000000000000000000, 3.000000000000000000 ),
 .UNSPECIFIED. ) ;
#5035 = B_SPLINE_CURVE_WITH_KNOTS ( 'NONE', 3,
 ( #3089, #5859, #8017, #9832 ),
 .UNSPECIFIED., .F., .F.,
 ( 4, 4 ),
 ( 21.00000000000000000, 22.00000000000000000 ),
 .UNSPECIFIED. ) ;
#5036 = CARTESIAN_POINT ( 'NONE',  ( 1.969529612277389541, 1.466030568956663283, 0.7010000000000000675 ) ) ;
#5037 =( NAMED_UNIT ( * ) SI_UNIT ( $, .STERADIAN. ) SOLID_ANGLE_UNIT ( ) );
#5038 = CARTESIAN_POINT ( 'NONE',  ( 1.949233537750725054, 1.077161108254782285, 0.6999999999999999556 ) ) ;
#5039 = CARTESIAN_POINT ( 'NONE',  ( 1.129011645970521283, 1.362797841499060025, 0.6999999999999999556 ) ) ;
#5040 = CARTESIAN_POINT ( 'NONE',  ( 0.9404548836258183053, 1.198533645968347106, 0.7010000000000000675 ) ) ;
#5041 = CARTESIAN_POINT ( 'NONE',  ( 1.926234092641942786, 1.399070159146746706, 0.7010000000000000675 ) ) ;
#5042 = DIRECTION ( 'NONE',  ( 1.000000000000000000, -0.0000000000000000000, -0.0000000000000000000 ) ) ;
#5043 = CARTESIAN_POINT ( 'NONE',  ( 2.473105166307505431, 1.190120408283372955, 0.6999999999999999556 ) ) ;
#5044 = EDGE_CURVE ( 'NONE', #7402, #458, #8364, .T. ) ;
#5045 = SURFACE_STYLE_USAGE ( .BOTH. , #6075 ) ;
#5046 = VERTEX_POINT ( 'NONE', #10352 ) ;
#5047 = CARTESIAN_POINT ( 'NONE',  ( 2.111394182379369155, 1.112263335509567685, 0.7010000000000000675 ) ) ;
#5048 = LINE ( 'NONE', #5906, #7491 ) ;
#5049 = PLANE ( 'NONE',  #1827 ) ;
#5050 = CARTESIAN_POINT ( 'NONE',  ( 1.968198722144361756, 1.163752147525683123, 0.7010000000000000675 ) ) ;
#5051 = CARTESIAN_POINT ( 'NONE',  ( 0.9890400503509301222, 1.118715180629586525, 0.7010000000000000675 ) ) ;
#5052 = CARTESIAN_POINT ( 'NONE',  ( 1.811735950896735892, 1.319549473706508769, 0.7010000000000000675 ) ) ;
#5053 = B_SPLINE_SURFACE_WITH_KNOTS ( 'NONE', 3, 1, ( 
 ( #6402, #5608 ),
 ( #9442, #11289 ),
 ( #3470, #8315 ),
 ( #2580, #11187 ) ),
 .UNSPECIFIED., .F., .F., .F.,
 ( 4, 4 ),
 ( 2, 2 ),
 ( 17.00000000000000000, 18.00000000000000000 ),
 ( 0.0000000000000000000, 1.000000000000000000 ),
 .UNSPECIFIED. ) ;
#5054 = EDGE_CURVE ( 'NONE', #2111, #454, #11121, .T. ) ;
#5055 = EDGE_CURVE ( 'NONE', #11211, #12122, #732, .T. ) ;
#5056 =( LENGTH_UNIT ( ) NAMED_UNIT ( * ) SI_UNIT ( .MILLI., .METRE. ) );
#5057 = ORIENTED_EDGE ( 'NONE', *, *, #8102, .F. ) ;
#5058 = ORIENTED_EDGE ( 'NONE', *, *, #9661, .F. ) ;
#5059 = LINE ( 'NONE', #10001, #12086 ) ;
#5060 = ORIENTED_EDGE ( 'NONE', *, *, #776, .T. ) ;
#5061 = EDGE_CURVE ( 'NONE', #5016, #9730, #5442, .T. ) ;
#5062 = CARTESIAN_POINT ( 'NONE',  ( 2.076541497024772198, 1.163752147525683123, 0.7010000000000000675 ) ) ;
#5063 = DIRECTION ( 'NONE',  ( -0.0000000000000000000, -0.0000000000000000000, -1.000000000000000000 ) ) ;
#5064 = PRESENTATION_STYLE_ASSIGNMENT (( #4142 ) ) ;
#5065 =( NAMED_UNIT ( * ) PLANE_ANGLE_UNIT ( ) SI_UNIT ( $, .RADIAN. ) );
#5066 = VERTEX_POINT ( 'NONE', #11354 ) ;
#5067 = EDGE_CURVE ( 'NONE', #6360, #8655, #547, .T. ) ;
#5068 = CARTESIAN_POINT ( 'NONE',  ( 0.9601203096969869177, 1.341975568876573766, 0.6999999999999999556 ) ) ;
#5069 = VERTEX_POINT ( 'NONE', #9552 ) ;
#5070 = VECTOR ( 'NONE', #10597, 1000.000000000000000 ) ;
#5071 = STYLED_ITEM ( 'NONE', ( #5235 ), #7069 ) ;
#5072 = PRESENTATION_STYLE_ASSIGNMENT (( #7954 ) ) ;
#5073 = ORIENTED_EDGE ( 'NONE', *, *, #6985, .F. ) ;
#5074 = CARTESIAN_POINT ( 'NONE',  ( 2.137013817437611873, 1.024923670538664844, 0.7010000000000000675 ) ) ;
#5075 = FILL_AREA_STYLE_COLOUR ( '', #8428 ) ;
#5076 =( NAMED_UNIT ( * ) PLANE_ANGLE_UNIT ( ) SI_UNIT ( $, .RADIAN. ) );
#5077 = ORIENTED_EDGE ( 'NONE', *, *, #8497, .F. ) ;
#5078 = CARTESIAN_POINT ( 'NONE',  ( 1.970111876710422649, 1.180305093553438711, 0.6999999999999999556 ) ) ;
#5079 = DIRECTION ( 'NONE',  ( 1.000000000000000000, -0.0000000000000000000, -0.0000000000000000000 ) ) ;
#5080 = STYLED_ITEM ( 'NONE', ( #3746 ), #8342 ) ;
#5081 = STYLED_ITEM ( 'NONE', ( #10775 ), #7278 ) ;
#5082 = DIRECTION ( 'NONE',  ( 1.000000000000000000, -0.0000000000000000000, -0.0000000000000000000 ) ) ;
#5083 = VERTEX_POINT ( 'NONE', #993 ) ;
#5084 = CARTESIAN_POINT ( 'NONE',  ( 2.221566931192634264, 1.319549473706508769, 0.7010000000000000675 ) ) ;
#5085 = ADVANCED_FACE ( 'NONE', ( #11637 ), #4267, .F. ) ;
#5086 = CARTESIAN_POINT ( 'NONE',  ( 2.390007713635883491, 1.456547976760678154, 0.7010000000000000675 ) ) ;
#5087 = LINE ( 'NONE', #6363, #5671 ) ;
#5088 = ORIENTED_EDGE ( 'NONE', *, *, #339, .T. ) ;
#5089 = CARTESIAN_POINT ( 'NONE',  ( 2.146080506467544780, 1.319549473706508769, 0.7010000000000000675 ) ) ;
#5090 = CARTESIAN_POINT ( 'NONE',  ( 2.001595746416104937, 1.466030568956663283, 0.6999999999999999556 ) ) ;
#5091 = AXIS2_PLACEMENT_3D ( 'NONE', #4226, #8034, #10086 ) ;
#5092 =( GEOMETRIC_REPRESENTATION_CONTEXT ( 3 ) GLOBAL_UNCERTAINTY_ASSIGNED_CONTEXT ( ( #2446 ) ) GLOBAL_UNIT_ASSIGNED_CONTEXT ( ( #2709, #6182, #11201 ) ) REPRESENTATION_CONTEXT ( 'NONE', 'WORKASPACE' ) );
#5093 = PRESENTATION_LAYER_ASSIGNMENT (  '', '', ( #1143 ) ) ;
#5094 = LINE ( 'NONE', #6964, #12279 ) ;
#5095 = CARTESIAN_POINT ( 'NONE',  ( 1.013332672324957384, 1.310742303358945149, 0.6999999999999999556 ) ) ;
#5096 =( LENGTH_UNIT ( ) NAMED_UNIT ( * ) SI_UNIT ( .MILLI., .METRE. ) );
#5097 = STYLED_ITEM ( 'NONE', ( #5479 ), #3580 ) ;
#5098 = VECTOR ( 'NONE', #7999, 1000.000000000000000 ) ;
#5099 = LINE ( 'NONE', #5041, #5762 ) ;
#5100 = CARTESIAN_POINT ( 'NONE',  ( 1.945324047985389271, 1.080654694852952069, 0.7010000000000000675 ) ) ;
#5101 = LINE ( 'NONE', #8997, #10672 ) ;
#5102 = CARTESIAN_POINT ( 'NONE',  ( 1.911136807696477646, 1.353819894628077725, 0.7010000000000000675 ) ) ;
#5103 = CARTESIAN_POINT ( 'NONE',  ( 2.425193121523877782, 1.079989249787272731, 0.6999999999999999556 ) ) ;
#5104 = MECHANICAL_DESIGN_GEOMETRIC_PRESENTATION_REPRESENTATION (  '', ( #11489 ), #8512 ) ;
#5105 = EDGE_LOOP ( 'NONE', ( #8206, #5537, #7500, #9033 ) ) ;
#5106 = MECHANICAL_DESIGN_GEOMETRIC_PRESENTATION_REPRESENTATION (  '', ( #1532 ), #6472 ) ;
#5107 = PRESENTATION_LAYER_ASSIGNMENT (  '', '', ( #7297 ) ) ;
#5108 = STYLED_ITEM ( 'NONE', ( #5263 ), #12065 ) ;
#5109 = CARTESIAN_POINT ( 'NONE',  ( 2.197818860384403994, 1.463535149958128612, 0.6999999999999999556 ) ) ;
#5110 = FILL_AREA_STYLE_COLOUR ( '', #4339 ) ;
#5111 = SURFACE_SIDE_STYLE ('',( #8875 ) ) ;
#5112 = SURFACE_STYLE_USAGE ( .BOTH. , #7860 ) ;
#5113 =( LENGTH_UNIT ( ) NAMED_UNIT ( * ) SI_UNIT ( .MILLI., .METRE. ) );
#5114 = PRESENTATION_STYLE_ASSIGNMENT (( #126 ) ) ;
#5115 =( NAMED_UNIT ( * ) SI_UNIT ( $, .STERADIAN. ) SOLID_ANGLE_UNIT ( ) );
#5116 =( GEOMETRIC_REPRESENTATION_CONTEXT ( 3 ) GLOBAL_UNCERTAINTY_ASSIGNED_CONTEXT ( ( #2214 ) ) GLOBAL_UNIT_ASSIGNED_CONTEXT ( ( #6031, #8127, #2390 ) ) REPRESENTATION_CONTEXT ( 'NONE', 'WORKASPACE' ) );
#5117 = EDGE_CURVE ( 'NONE', #11211, #2310, #7082, .T. ) ;
#5118 = MECHANICAL_DESIGN_GEOMETRIC_PRESENTATION_REPRESENTATION (  '', ( #6921 ), #9920 ) ;
#5119 = EDGE_CURVE ( 'NONE', #1756, #157, #2129, .T. ) ;
#5120 = MECHANICAL_DESIGN_GEOMETRIC_PRESENTATION_REPRESENTATION (  '', ( #8323 ), #1320 ) ;
#5121 = VERTEX_POINT ( 'NONE', #8681 ) ;
#5122 = CARTESIAN_POINT ( 'NONE',  ( 2.186256752354823529, 1.086061436018292525, 0.7010000000000000675 ) ) ;
#5123 = DIRECTION ( 'NONE',  ( 0.0000000000000000000, 0.0000000000000000000, 1.000000000000000000 ) ) ;
#5124 = EDGE_CURVE ( 'NONE', #4004, #9598, #3931, .T. ) ;
#5125 = CARTESIAN_POINT ( 'NONE',  ( 1.918747835644118327, 1.092549525416478540, 0.6999999999999999556 ) ) ;
#5126 = MECHANICAL_DESIGN_GEOMETRIC_PRESENTATION_REPRESENTATION (  '', ( #6286 ), #955 ) ;
#5127 = DIRECTION ( 'NONE',  ( -0.0000000000000000000, 0.0000000000000000000, 1.000000000000000000 ) ) ;
#5128 = PRESENTATION_STYLE_ASSIGNMENT (( #11790 ) ) ;
#5129 = STYLED_ITEM ( 'NONE', ( #1850 ), #10932 ) ;
#5130 = UNCERTAINTY_MEASURE_WITH_UNIT (LENGTH_MEASURE( 1.000000000000000082E-05 ), #8201, 'distance_accuracy_value', 'NONE');
#5131 = LINE ( 'NONE', #4319, #10662 ) ;
#5132 = SURFACE_STYLE_USAGE ( .BOTH. , #11530 ) ;
#5133 = ORIENTED_EDGE ( 'NONE', *, *, #4974, .F. ) ;
#5134 = CARTESIAN_POINT ( 'NONE',  ( 2.628652950588699966, 1.105941607377797675, 0.7010000000000000675 ) ) ;
#5135 = EDGE_LOOP ( 'NONE', ( #2711, #1344, #8250, #6562 ) ) ;
#5136 = CARTESIAN_POINT ( 'NONE',  ( 1.999017146783803822, 1.316804512807233207, 0.7010000000000000675 ) ) ;
#5137 = FACE_OUTER_BOUND ( 'NONE', #782, .T. ) ;
#5138 = COLOUR_RGB ( '',1.000000000000000000, 1.000000000000000000, 1.000000000000000000 ) ;
#5139 = EDGE_LOOP ( 'NONE', ( #9413, #11678, #6699, #3966 ) ) ;
#5140 =( GEOMETRIC_REPRESENTATION_CONTEXT ( 3 ) GLOBAL_UNCERTAINTY_ASSIGNED_CONTEXT ( ( #4576 ) ) GLOBAL_UNIT_ASSIGNED_CONTEXT ( ( #11586, #9611, #5769 ) ) REPRESENTATION_CONTEXT ( 'NONE', 'WORKASPACE' ) );
#5141 = SURFACE_STYLE_FILL_AREA ( #1349 ) ;
#5142 = FACE_OUTER_BOUND ( 'NONE', #9735, .T. ) ;
#5143 = CARTESIAN_POINT ( 'NONE',  ( 2.584026540820218099, 1.224141287305309023, 0.7010000000000000675 ) ) ;
#5144 = ORIENTED_EDGE ( 'NONE', *, *, #7171, .T. ) ;
#5145 = EDGE_CURVE ( 'NONE', #10909, #4101, #9672, .T. ) ;
#5146 = CARTESIAN_POINT ( 'NONE',  ( 2.118214994310397614, 1.082401488152591629, 0.6999999999999999556 ) ) ;
#5147 = ADVANCED_FACE ( 'NONE', ( #6901 ), #5887, .T. ) ;
#5148 = CARTESIAN_POINT ( 'NONE',  ( 1.895540438951756279, 1.205425644811862096, 0.6999999999999999556 ) ) ;
#5149 = ORIENTED_EDGE ( 'NONE', *, *, #2337, .F. ) ;
#5150 = SURFACE_STYLE_USAGE ( .BOTH. , #7781 ) ;
#5151 = VECTOR ( 'NONE', #5063, 1000.000000000000000 ) ;
#5152 =( NAMED_UNIT ( * ) PLANE_ANGLE_UNIT ( ) SI_UNIT ( $, .RADIAN. ) );
#5153 = DIRECTION ( 'NONE',  ( 1.000000000000000000, -0.0000000000000000000, -0.0000000000000000000 ) ) ;
#5154 = ORIENTED_EDGE ( 'NONE', *, *, #9289, .F. ) ;
#5155 = CARTESIAN_POINT ( 'NONE',  ( 2.039734066786956568, 1.086560519817557191, 0.6999999999999999556 ) ) ;
#5156 = CARTESIAN_POINT ( 'NONE',  ( -3.249999999999998668, 2.000000000000000000, 0.6999999999999999556 ) ) ;
#5157 = PLANE ( 'NONE',  #7205 ) ;
#5158 = PLANE ( 'NONE',  #9994 ) ;
#5159 = EDGE_CURVE ( 'NONE', #9730, #659, #11705, .T. ) ;
#5160 = CARTESIAN_POINT ( 'NONE',  ( 1.960878826413513298, 1.075414314955142503, 0.7010000000000000675 ) ) ;
#5161 = B_SPLINE_CURVE_WITH_KNOTS ( 'NONE', 3,
 ( #3184, #8989, #283, #5160 ),
 .UNSPECIFIED., .F., .F.,
 ( 4, 4 ),
 ( 3.000000000000000000, 4.000000000000000000 ),
 .UNSPECIFIED. ) ;
#5162 = CARTESIAN_POINT ( 'NONE',  ( 1.344174519300853854, 1.525905132560692490, 0.6999999999999999556 ) ) ;
#5163 = VECTOR ( 'NONE', #4112, 1000.000000000000000 ) ;
#5164 = CARTESIAN_POINT ( 'NONE',  ( 2.142378968285794105, 1.463535149958128612, 0.6999999999999999556 ) ) ;
#5165 = CARTESIAN_POINT ( 'NONE',  ( 2.177813918073971955, 1.019101026207267946, 0.7010000000000000675 ) ) ;
#5166 = DIRECTION ( 'NONE',  ( 1.000000000000000000, -0.0000000000000000000, -0.0000000000000000000 ) ) ;
#5167 = CARTESIAN_POINT ( 'NONE',  ( -3.249999999999998668, -2.000000000000000000, 0.6999999999999999556 ) ) ;
#5168 = MECHANICAL_DESIGN_GEOMETRIC_PRESENTATION_REPRESENTATION (  '', ( #8577 ), #2991 ) ;
#5169 = ORIENTED_EDGE ( 'NONE', *, *, #11173, .F. ) ;
#5170 = DIRECTION ( 'NONE',  ( -0.0000000000000000000, -0.0000000000000000000, -1.000000000000000000 ) ) ;
#5171 = CARTESIAN_POINT ( 'NONE',  ( -2.741205712499112934, -1.613201107017512959, 0.6999999999999999556 ) ) ;
#5172 = SURFACE_SIDE_STYLE ('',( #4187 ) ) ;
#5173 = VECTOR ( 'NONE', #3516, 1000.000000000000000 ) ;
#5174 = DIRECTION ( 'NONE',  ( -1.000000000000000000, -0.0000000000000000000, -0.0000000000000000000 ) ) ;
#5175 = PLANE ( 'NONE',  #4942 ) ;
#5176 = UNCERTAINTY_MEASURE_WITH_UNIT (LENGTH_MEASURE( 1.000000000000000082E-05 ), #8223, 'distance_accuracy_value', 'NONE');
#5177 = AXIS2_PLACEMENT_3D ( 'NONE', #6515, #12081, #11166 ) ;
#5178 = CARTESIAN_POINT ( 'NONE',  ( 2.039858837736773456, 1.156598613060702885, 0.7010000000000000675 ) ) ;
#5179 = ORIENTED_EDGE ( 'NONE', *, *, #9032, .T. ) ;
#5180 = VERTEX_POINT ( 'NONE', #4229 ) ;
#5181 = SURFACE_STYLE_USAGE ( .BOTH. , #11665 ) ;
#5182 = PLANE ( 'NONE',  #3322 ) ;
#5183 = CARTESIAN_POINT ( 'NONE',  ( 2.284742622188141059, 1.460707008425642162, 0.6999999999999999556 ) ) ;
#5184 = SURFACE_SIDE_STYLE ('',( #5370 ) ) ;
#5185 = VECTOR ( 'NONE', #2075, 1000.000000000000000 ) ;
#5186 = EDGE_CURVE ( 'NONE', #6752, #5551, #9342, .T. ) ;
#5187 = CARTESIAN_POINT ( 'NONE',  ( 1.042252415736626636, 1.159202843469491429, 0.6999999999999999556 ) ) ;
#5188 = SURFACE_SIDE_STYLE ('',( #8674 ) ) ;
#5189 = ORIENTED_EDGE ( 'NONE', *, *, #7423, .T. ) ;
#5190 = CARTESIAN_POINT ( 'NONE',  ( 1.970111876710422649, 1.180305093553438711, 0.6999999999999999556 ) ) ;
#5191 = CARTESIAN_POINT ( 'NONE',  ( 1.966784651378118642, 1.335520155300681466, 0.7010000000000000675 ) ) ;
#5192 = ORIENTED_EDGE ( 'NONE', *, *, #8954, .F. ) ;
#5193 = FACE_OUTER_BOUND ( 'NONE', #11120, .T. ) ;
#5194 =( GEOMETRIC_REPRESENTATION_CONTEXT ( 3 ) GLOBAL_UNCERTAINTY_ASSIGNED_CONTEXT ( ( #450 ) ) GLOBAL_UNIT_ASSIGNED_CONTEXT ( ( #5869, #5076, #6830 ) ) REPRESENTATION_CONTEXT ( 'NONE', 'WORKASPACE' ) );
#5195 = EDGE_CURVE ( 'NONE', #320, #10254, #3366, .T. ) ;
#5196 = CARTESIAN_POINT ( 'NONE',  ( 2.079577590140282872, 1.411464073508428951, 0.6999999999999999556 ) ) ;
#5197 = ORIENTED_EDGE ( 'NONE', *, *, #8037, .F. ) ;
#5198 = CARTESIAN_POINT ( 'NONE',  ( 1.899241977134061177, 1.079989249787272731, 0.7010000000000000675 ) ) ;
#5199 =( NAMED_UNIT ( * ) SI_UNIT ( $, .STERADIAN. ) SOLID_ANGLE_UNIT ( ) );
#5200 = CARTESIAN_POINT ( 'NONE',  ( 2.000098495016655598, 1.335520155300681466, 0.6999999999999999556 ) ) ;
#5201 = ORIENTED_EDGE ( 'NONE', *, *, #7488, .T. ) ;
#5202 = DIRECTION ( 'NONE',  ( -0.0000000000000000000, -1.000000000000000000, -0.0000000000000000000 ) ) ;
#5203 = SURFACE_SIDE_STYLE ('',( #4156 ) ) ;
#5204 = AXIS2_PLACEMENT_3D ( 'NONE', #11899, #1440, #1565 ) ;
#5205 = CARTESIAN_POINT ( 'NONE',  ( 1.278237517561414238, 1.177711483665941472, 0.6999999999999999556 ) ) ;
#5206 = DIRECTION ( 'NONE',  ( -0.0000000000000000000, 1.000000000000000000, -0.0000000000000000000 ) ) ;
#5207 = VERTEX_POINT ( 'NONE', #8157 ) ;
#5208 = FILL_AREA_STYLE_COLOUR ( '', #995 ) ;
#5209 =( GEOMETRIC_REPRESENTATION_CONTEXT ( 3 ) GLOBAL_UNCERTAINTY_ASSIGNED_CONTEXT ( ( #1700 ) ) GLOBAL_UNIT_ASSIGNED_CONTEXT ( ( #8123, #6204, #4371 ) ) REPRESENTATION_CONTEXT ( 'NONE', 'WORKASPACE' ) );
#5210 = CARTESIAN_POINT ( 'NONE',  ( 1.523476884324387548, 1.131439850079904774, 0.7010000000000000675 ) ) ;
#5211 = VERTEX_POINT ( 'NONE', #5156 ) ;
#5212 = CARTESIAN_POINT ( 'NONE',  ( 1.991738841369566693, 1.108603387643867011, 0.7010000000000000675 ) ) ;
#5213 = EDGE_CURVE ( 'NONE', #11542, #9496, #2641, .T. ) ;
#5214 = EDGE_CURVE ( 'NONE', #458, #11304, #9910, .T. ) ;
#5215 = VECTOR ( 'NONE', #10800, 1000.000000000000000 ) ;
#5216 = CARTESIAN_POINT ( 'NONE',  ( 2.142378968285794105, 1.463535149958128612, 0.6999999999999999556 ) ) ;
#5217 =( NAMED_UNIT ( * ) PLANE_ANGLE_UNIT ( ) SI_UNIT ( $, .RADIAN. ) );
#5218 = AXIS2_PLACEMENT_3D ( 'NONE', #7801, #2482, #537 ) ;
#5219 = CARTESIAN_POINT ( 'NONE',  ( 1.078112890947402258, 1.432205159494573943, 0.7010000000000000675 ) ) ;
#5220 = PRESENTATION_STYLE_ASSIGNMENT (( #3374 ) ) ;
#5221 = SURFACE_SIDE_STYLE ('',( #9292 ) ) ;
#5222 = STYLED_ITEM ( 'NONE', ( #4457 ), #2392 ) ;
#5223 =( LENGTH_UNIT ( ) NAMED_UNIT ( * ) SI_UNIT ( .MILLI., .METRE. ) );
#5224 = SURFACE_SIDE_STYLE ('',( #7987 ) ) ;
#5225 = CARTESIAN_POINT ( 'NONE',  ( 2.445530786367152043, 1.205425644811862096, 0.6999999999999999556 ) ) ;
#5226 =( GEOMETRIC_REPRESENTATION_CONTEXT ( 3 ) GLOBAL_UNCERTAINTY_ASSIGNED_CONTEXT ( ( #2690 ) ) GLOBAL_UNIT_ASSIGNED_CONTEXT ( ( #8260, #10324, #10200 ) ) REPRESENTATION_CONTEXT ( 'NONE', 'WORKASPACE' ) );
#5227 =( LENGTH_UNIT ( ) NAMED_UNIT ( * ) SI_UNIT ( .MILLI., .METRE. ) );
#5228 = EDGE_CURVE ( 'NONE', #2702, #2704, #350, .T. ) ;
#5229 = CARTESIAN_POINT ( 'NONE',  ( 1.890923913803576051, 1.134722106501922845, 0.6999999999999999556 ) ) ;
#5230 = ORIENTED_EDGE ( 'NONE', *, *, #10277, .F. ) ;
#5231 = FILL_AREA_STYLE_COLOUR ( '', #9620 ) ;
#5232 = CARTESIAN_POINT ( 'NONE',  ( 2.073255862009072636, 1.075331134321934945, 0.7010000000000000675 ) ) ;
#5233 = CARTESIAN_POINT ( 'NONE',  ( 2.118214994310397614, 1.093048609215742761, 0.6999999999999999556 ) ) ;
#5234 = FACE_OUTER_BOUND ( 'NONE', #7183, .T. ) ;
#5235 = PRESENTATION_STYLE_ASSIGNMENT (( #11778 ) ) ;
#5236 =( NAMED_UNIT ( * ) PLANE_ANGLE_UNIT ( ) SI_UNIT ( $, .RADIAN. ) );
#5237 = EDGE_CURVE ( 'NONE', #4145, #6931, #6793, .T. ) ;
#5238 = FILL_AREA_STYLE ('',( #9820 ) ) ;
#5239 = EDGE_LOOP ( 'NONE', ( #6758, #7663, #6232, #8596 ) ) ;
#5240 = ORIENTED_EDGE ( 'NONE', *, *, #11849, .T. ) ;
#5241 = PLANE ( 'NONE',  #10206 ) ;
#5242 = CARTESIAN_POINT ( 'NONE',  ( 1.991738841369566693, 1.108603387643867011, 0.7010000000000000675 ) ) ;
#5243 = SURFACE_STYLE_USAGE ( .BOTH. , #316 ) ;
#5244 = CARTESIAN_POINT ( 'NONE',  ( 2.668454883625423602, 1.061439968560242475, 0.7010000000000000675 ) ) ;
#5245 = PLANE ( 'NONE',  #9359 ) ;
#5246 =( LENGTH_UNIT ( ) NAMED_UNIT ( * ) SI_UNIT ( .MILLI., .METRE. ) );
#5247 = DIRECTION ( 'NONE',  ( -0.0000000000000000000, -0.0000000000000000000, -1.000000000000000000 ) ) ;
#5248 = EDGE_LOOP ( 'NONE', ( #3395, #11929, #10733, #12316 ) ) ;
#5249 = SURFACE_STYLE_USAGE ( .BOTH. , #323 ) ;
#5250 = ORIENTED_EDGE ( 'NONE', *, *, #4904, .F. ) ;
#5251 = SURFACE_STYLE_FILL_AREA ( #2813 ) ;
#5252 = CARTESIAN_POINT ( 'NONE',  ( 2.115927526894335831, 1.107106136244965455, 0.6999999999999999556 ) ) ;
#5253 = B_SPLINE_SURFACE_WITH_KNOTS ( 'NONE', 3, 1, ( 
 ( #8784, #582 ),
 ( #5191, #7951 ),
 ( #8018, #9947 ),
 ( #2227, #10068 ) ),
 .UNSPECIFIED., .F., .F., .F.,
 ( 4, 4 ),
 ( 2, 2 ),
 ( 11.00000000000000000, 12.00000000000000000 ),
 ( 0.0000000000000000000, 1.000000000000000000 ),
 .UNSPECIFIED. ) ;
#5254 = ORIENTED_EDGE ( 'NONE', *, *, #10125, .F. ) ;
#5255 = DIRECTION ( 'NONE',  ( -0.0000000000000000000, -0.0000000000000000000, -1.000000000000000000 ) ) ;
#5256 = CARTESIAN_POINT ( 'NONE',  ( 2.391297013451754605, 1.461455634125646164, 0.7010000000000000675 ) ) ;
#5257 = AXIS2_PLACEMENT_3D ( 'NONE', #3033, #4078, #1214 ) ;
#5258 = SURFACE_STYLE_USAGE ( .BOTH. , #7131 ) ;
#5259 = ORIENTED_EDGE ( 'NONE', *, *, #10801, .T. ) ;
#5260 = FILL_AREA_STYLE_COLOUR ( '', #10300 ) ;
#5261 = CARTESIAN_POINT ( 'NONE',  ( 1.926234092641942786, 1.399070159146746706, 0.7010000000000000675 ) ) ;
#5262 = PRESENTATION_STYLE_ASSIGNMENT (( #4402 ) ) ;
#5263 = PRESENTATION_STYLE_ASSIGNMENT (( #8269 ) ) ;
#5264 = ORIENTED_EDGE ( 'NONE', *, *, #5783, .T. ) ;
#5265 = LINE ( 'NONE', #9967, #10941 ) ;
#5266 = FILL_AREA_STYLE_COLOUR ( '', #140 ) ;
#5267 = VECTOR ( 'NONE', #2685, 1000.000000000000000 ) ;
#5268 = SURFACE_STYLE_USAGE ( .BOTH. , #10889 ) ;
#5269 = ORIENTED_EDGE ( 'NONE', *, *, #336, .F. ) ;
#5270 = CARTESIAN_POINT ( 'NONE',  ( 1.970111876710422649, 1.180305093553438711, 0.7010000000000000675 ) ) ;
#5271 = ADVANCED_FACE ( 'NONE', ( #10089 ), #8862, .F. ) ;
#5272 = LINE ( 'NONE', #7267, #10400 ) ;
#5273 = FILL_AREA_STYLE ('',( #8158 ) ) ;
#5274 = DIRECTION ( 'NONE',  ( -0.0000000000000000000, -0.0000000000000000000, -1.000000000000000000 ) ) ;
#5275 = VECTOR ( 'NONE', #12141, 1000.000000000000000 ) ;
#5276 = PRESENTATION_LAYER_ASSIGNMENT (  '', '', ( #10652 ) ) ;
#5277 = CARTESIAN_POINT ( 'NONE',  ( 1.948443321734113720, 1.112429696775983468, 0.7010000000000000675 ) ) ;
#5278 = EDGE_CURVE ( 'NONE', #12006, #5292, #5293, .T. ) ;
#5279 = PLANE ( 'NONE',  #158 ) ;
#5280 =( NAMED_UNIT ( * ) PLANE_ANGLE_UNIT ( ) SI_UNIT ( $, .RADIAN. ) );
#5281 = PRESENTATION_STYLE_ASSIGNMENT (( #2430 ) ) ;
#5282 = DIRECTION ( 'NONE',  ( -1.000000000000000000, 0.0000000000000000000, 0.0000000000000000000 ) ) ;
#5283 = PRESENTATION_STYLE_ASSIGNMENT (( #6188 ) ) ;
#5284 = CARTESIAN_POINT ( 'NONE',  ( 1.984003042472108458, 1.335520155300681466, 0.6999999999999999556 ) ) ;
#5285 = CARTESIAN_POINT ( 'NONE',  ( 1.345331291386396622, 1.456497748373132950, 0.6999999999999999556 ) ) ;
#5286 = STYLED_ITEM ( 'NONE', ( #10009 ), #7685 ) ;
#5287 = VECTOR ( 'NONE', #2055, 1000.000000000000000 ) ;
#5288 = DIRECTION ( 'NONE',  ( -0.0000000000000000000, -1.000000000000000000, -0.0000000000000000000 ) ) ;
#5289 = ORIENTED_EDGE ( 'NONE', *, *, #473, .T. ) ;
#5290 =( LENGTH_UNIT ( ) NAMED_UNIT ( * ) SI_UNIT ( .MILLI., .METRE. ) );
#5291 = CARTESIAN_POINT ( 'NONE',  ( 2.645247486934169778, 1.061439968560242475, 0.7010000000000000675 ) ) ;
#5292 = VERTEX_POINT ( 'NONE', #465 ) ;
#5293 = B_SPLINE_CURVE_WITH_KNOTS ( 'NONE', 3,
 ( #4282, #10213, #4531, #8350 ),
 .UNSPECIFIED., .F., .F.,
 ( 4, 4 ),
 ( 1.000000000000000000, 2.000000000000000000 ),
 .UNSPECIFIED. ) ;
#5294 = CARTESIAN_POINT ( 'NONE',  ( 1.428620161237295516, 1.116401548203548089, 0.6999999999999999556 ) ) ;
#5295 = MECHANICAL_DESIGN_GEOMETRIC_PRESENTATION_REPRESENTATION (  '', ( #5684 ), #10479 ) ;
#5296 = EDGE_CURVE ( 'NONE', #7702, #2111, #9779, .T. ) ;
#5297 = AXIS2_PLACEMENT_3D ( 'NONE', #9437, #877, #10469 ) ;
#5298 =( NAMED_UNIT ( * ) SI_UNIT ( $, .STERADIAN. ) SOLID_ANGLE_UNIT ( ) );
#5299 = ADVANCED_FACE ( 'NONE', ( #4648 ), #3501, .T. ) ;
#5300 = CARTESIAN_POINT ( 'NONE',  ( 1.980966949356598450, 1.316804512807233207, 0.7010000000000000675 ) ) ;
#5301 =( GEOMETRIC_REPRESENTATION_CONTEXT ( 3 ) GLOBAL_UNCERTAINTY_ASSIGNED_CONTEXT ( ( #12325 ) ) GLOBAL_UNIT_ASSIGNED_CONTEXT ( ( #5633, #2853, #8354 ) ) REPRESENTATION_CONTEXT ( 'NONE', 'WORKASPACE' ) );
#5302 = FACE_OUTER_BOUND ( 'NONE', #3661, .T. ) ;
#5303 = LINE ( 'NONE', #1824, #2364 ) ;
#5304 = EDGE_LOOP ( 'NONE', ( #9680, #11997 ) ) ;
#5305 = VERTEX_POINT ( 'NONE', #8415 ) ;
#5306 = CLOSED_SHELL ( 'NONE', ( #1264, #11599, #3545, #3477, #7946, #1674, #5640, #11330, #2841, #6025, #3909, #2717, #2032, #11556, #7796, #11996, #11344 ) ) ;
#5307 =( NAMED_UNIT ( * ) SI_UNIT ( $, .STERADIAN. ) SOLID_ANGLE_UNIT ( ) );
#5308 = DIRECTION ( 'NONE',  ( 0.0000000000000000000, 1.000000000000000000, 0.0000000000000000000 ) ) ;
#5309 = EDGE_CURVE ( 'NONE', #11897, #10909, #5395, .T. ) ;
#5310 = CARTESIAN_POINT ( 'NONE',  ( 2.597584984049067014, 1.191950382216223403, 0.6999999999999999556 ) ) ;
#5311 = MECHANICAL_DESIGN_GEOMETRIC_PRESENTATION_REPRESENTATION (  '', ( #8528 ), #7100 ) ;
#5312 = VECTOR ( 'NONE', #3958, 1000.000000000000000 ) ;
#5313 = DIRECTION ( 'NONE',  ( -1.000000000000000000, 0.0000000000000000000, -0.0000000000000000000 ) ) ;
#5314 = ORIENTED_EDGE ( 'NONE', *, *, #8101, .F. ) ;
#5315 = STYLED_ITEM ( 'NONE', ( #341 ), #11996 ) ;
#5316 = CARTESIAN_POINT ( 'NONE',  ( 2.045639891751560580, 1.127901294570894830, 0.6999999999999999556 ) ) ;
#5317 = SURFACE_STYLE_FILL_AREA ( #1522 ) ;
#5318 = ORIENTED_EDGE ( 'NONE', *, *, #7839, .F. ) ;
#5319 = B_SPLINE_CURVE_WITH_KNOTS ( 'NONE', 3,
 ( #5043, #8941, #5225, #9108 ),
 .UNSPECIFIED., .F., .F.,
 ( 4, 4 ),
 ( 5.000000000000000000, 6.000000000000000000 ),
 .UNSPECIFIED. ) ;
#5320 = PLANE ( 'NONE',  #603 ) ;
#5321 = DIRECTION ( 'NONE',  ( -0.0000000000000000000, -0.0000000000000000000, -1.000000000000000000 ) ) ;
#5322 = EDGE_LOOP ( 'NONE', ( #3475, #8582, #9, #9580 ) ) ;
#5323 = FILL_AREA_STYLE_COLOUR ( '', #3253 ) ;
#5324 = CARTESIAN_POINT ( 'NONE',  ( 2.393043806751394165, 1.452305764461394144, 0.6999999999999999556 ) ) ;
#5325 = ORIENTED_EDGE ( 'NONE', *, *, #1316, .F. ) ;
#5326 = VECTOR ( 'NONE', #12004, 1000.000000000000000 ) ;
#5327 = SURFACE_STYLE_USAGE ( .BOTH. , #8083 ) ;
#5328 = CARTESIAN_POINT ( 'NONE',  ( 2.380275579539156361, 1.482250792451576649, 0.6999999999999999556 ) ) ;
#5329 = SURFACE_STYLE_USAGE ( .BOTH. , #8146 ) ;
#5330 = ORIENTED_EDGE ( 'NONE', *, *, #3333, .F. ) ;
#5331 =( LENGTH_UNIT ( ) NAMED_UNIT ( * ) SI_UNIT ( .MILLI., .METRE. ) );
#5332 = CARTESIAN_POINT ( 'NONE',  ( 2.142378968285794105, 1.482250792451576649, 0.6999999999999999556 ) ) ;
#5333 = CARTESIAN_POINT ( 'NONE',  ( 2.269811698510213915, 1.355067604127344172, 0.7010000000000000675 ) ) ;
#5334 = ORIENTED_EDGE ( 'NONE', *, *, #5378, .T. ) ;
#5335 = FILL_AREA_STYLE ('',( #8274 ) ) ;
#5336 = STYLED_ITEM ( 'NONE', ( #8767 ), #10998 ) ;
#5337 = CARTESIAN_POINT ( 'NONE',  ( 2.000098495016655598, 1.335520155300681466, 0.7010000000000000675 ) ) ;
#5338 = LINE ( 'NONE', #10159, #623 ) ;
#5339 = CARTESIAN_POINT ( 'NONE',  ( 2.402734350531517293, 1.482250792451576649, 0.7010000000000000675 ) ) ;
#5340 =( NAMED_UNIT ( * ) SI_UNIT ( $, .STERADIAN. ) SOLID_ANGLE_UNIT ( ) );
#5341 = SURFACE_STYLE_USAGE ( .BOTH. , #2303 ) ;
#5342 = EDGE_CURVE ( 'NONE', #7765, #6683, #12305, .T. ) ;
#5343 =( LENGTH_UNIT ( ) NAMED_UNIT ( * ) SI_UNIT ( .MILLI., .METRE. ) );
#5344 = FACE_OUTER_BOUND ( 'NONE', #12083, .T. ) ;
#5345 = CARTESIAN_POINT ( 'NONE',  ( 2.045639891751560580, 1.127901294570894830, 0.7010000000000000675 ) ) ;
#5346 = CARTESIAN_POINT ( 'NONE',  ( 2.402734350531517293, 1.482250792451576649, 0.7010000000000000675 ) ) ;
#5347 = CARTESIAN_POINT ( 'NONE',  ( 2.222398737524740930, 1.463535149958128612, 0.7010000000000000675 ) ) ;
#5348 = EDGE_CURVE ( 'NONE', #4312, #2478, #7232, .T. ) ;
#5349 = COLOUR_RGB ( '',1.000000000000000000, 1.000000000000000000, 1.000000000000000000 ) ;
#5350 = EDGE_LOOP ( 'NONE', ( #8723, #224, #9439, #9937, #894, #5254, #9780 ) ) ;
#5351 = SURFACE_SIDE_STYLE ('',( #3513 ) ) ;
#5352 = CARTESIAN_POINT ( 'NONE',  ( 2.133021147039069199, 1.026504102571883514, 0.7010000000000000675 ) ) ;
#5353 = CARTESIAN_POINT ( 'NONE',  ( 1.293275775309741249, 1.525905132560692490, 0.7010000000000000675 ) ) ;
#5354 = CARTESIAN_POINT ( 'NONE',  ( 2.061277850812887724, 1.075331134321934945, 0.6999999999999999556 ) ) ;
#5355 =( NAMED_UNIT ( * ) PLANE_ANGLE_UNIT ( ) SI_UNIT ( $, .RADIAN. ) );
#5356 = CARTESIAN_POINT ( 'NONE',  ( 0.0000000000000000000, 0.0000000000000000000, 0.7010000000000000675 ) ) ;
#5357 = B_SPLINE_SURFACE_WITH_KNOTS ( 'NONE', 3, 1, ( 
 ( #4865, #9052 ),
 ( #9985, #11833 ),
 ( #2435, #480 ),
 ( #7223, #6192 ) ),
 .UNSPECIFIED., .F., .F., .F.,
 ( 4, 4 ),
 ( 2, 2 ),
 ( 4.000000000000000000, 5.000000000000000000 ),
 ( 0.0000000000000000000, 1.000000000000000000 ),
 .UNSPECIFIED. ) ;
#5358 = VECTOR ( 'NONE', #6677, 1000.000000000000000 ) ;
#5359 = VECTOR ( 'NONE', #9964, 1000.000000000000000 ) ;
#5360 = EDGE_CURVE ( 'NONE', #1816, #5920, #2726, .T. ) ;
#5361 = ORIENTED_EDGE ( 'NONE', *, *, #1705, .F. ) ;
#5362 = ORIENTED_EDGE ( 'NONE', *, *, #7173, .F. ) ;
#5363 =( LENGTH_UNIT ( ) NAMED_UNIT ( * ) SI_UNIT ( .MILLI., .METRE. ) );
#5364 = FACE_OUTER_BOUND ( 'NONE', #8152, .T. ) ;
#5365 = CARTESIAN_POINT ( 'NONE',  ( 1.983171236139447569, 1.065599000225207815, 0.6999999999999999556 ) ) ;
#5366 = STYLED_ITEM ( 'NONE', ( #6912 ), #10416 ) ;
#5367 = CARTESIAN_POINT ( 'NONE',  ( 2.628652950588699966, 1.105941607377797675, 0.6999999999999999556 ) ) ;
#5368 = STYLED_ITEM ( 'NONE', ( #7031 ), #9589 ) ;
#5369 = SURFACE_STYLE_FILL_AREA ( #2514 ) ;
#5370 = SURFACE_STYLE_FILL_AREA ( #6276 ) ;
#5371 = UNCERTAINTY_MEASURE_WITH_UNIT (LENGTH_MEASURE( 1.000000000000000082E-05 ), #4773, 'distance_accuracy_value', 'NONE');
#5372 = PLANE ( 'NONE',  #2132 ) ;
#5373 = ORIENTED_EDGE ( 'NONE', *, *, #5159, .T. ) ;
#5374 = CARTESIAN_POINT ( 'NONE',  ( 2.049466200883683697, 1.122827275939505265, 0.7010000000000000675 ) ) ;
#5375 = CARTESIAN_POINT ( 'NONE',  ( 2.039734066786956568, 1.065515819591999369, 0.6999999999999999556 ) ) ;
#5376 = UNCERTAINTY_MEASURE_WITH_UNIT (LENGTH_MEASURE( 1.000000000000000082E-05 ), #6426, 'distance_accuracy_value', 'NONE');
#5377 = EDGE_LOOP ( 'NONE', ( #9263, #774, #5001, #5230, #4452, #11336, #5768, #5990, #2240, #73, #8475, #370, #1402, #11902 ) ) ;
#5378 = EDGE_CURVE ( 'NONE', #1169, #11194, #6928, .T. ) ;
#5379 = COLOUR_RGB ( '',1.000000000000000000, 1.000000000000000000, 1.000000000000000000 ) ;
#5380 = CARTESIAN_POINT ( 'NONE',  ( 2.164005932944939037, 1.006707111844477032, 0.6999999999999999556 ) ) ;
#5381 = ORIENTED_EDGE ( 'NONE', *, *, #8682, .F. ) ;
#5382 =( NAMED_UNIT ( * ) SI_UNIT ( $, .STERADIAN. ) SOLID_ANGLE_UNIT ( ) );
#5383 = CARTESIAN_POINT ( 'NONE',  ( 2.026009262291684987, 1.346416818264573267, 0.6999999999999999556 ) ) ;
#5384 = ORIENTED_EDGE ( 'NONE', *, *, #11682, .T. ) ;
#5385 =( GEOMETRIC_REPRESENTATION_CONTEXT ( 3 ) GLOBAL_UNCERTAINTY_ASSIGNED_CONTEXT ( ( #3463 ) ) GLOBAL_UNIT_ASSIGNED_CONTEXT ( ( #4857, #2998, #11587 ) ) REPRESENTATION_CONTEXT ( 'NONE', 'WORKASPACE' ) );
#5386 = CARTESIAN_POINT ( 'NONE',  ( 1.945324047985389271, 1.080654694852952069, 0.7010000000000000675 ) ) ;
#5387 = PRESENTATION_STYLE_ASSIGNMENT (( #8990 ) ) ;
#5388 = LINE ( 'NONE', #12000, #6005 ) ;
#5389 = CARTESIAN_POINT ( 'NONE',  ( 1.098935108410403982, 1.184652226498163596, 0.6999999999999999556 ) ) ;
#5390 = ORIENTED_EDGE ( 'NONE', *, *, #3019, .T. ) ;
#5391 = DIRECTION ( 'NONE',  ( -0.0000000000000000000, 1.000000000000000000, -0.0000000000000000000 ) ) ;
#5392 = FILL_AREA_STYLE_COLOUR ( '', #2705 ) ;
#5393 = ORIENTED_EDGE ( 'NONE', *, *, #6573, .F. ) ;
#5394 = CARTESIAN_POINT ( 'NONE',  ( 2.045639891751560580, 1.127901294570894830, 0.7010000000000000675 ) ) ;
#5395 = LINE ( 'NONE', #7527, #8805 ) ;
#5396 = DIRECTION ( 'NONE',  ( -0.0000000000000000000, -0.0000000000000000000, -1.000000000000000000 ) ) ;
#5397 = PRESENTATION_LAYER_ASSIGNMENT (  '', '', ( #11577 ) ) ;
#5398 =( GEOMETRIC_REPRESENTATION_CONTEXT ( 3 ) GLOBAL_UNCERTAINTY_ASSIGNED_CONTEXT ( ( #7587 ) ) GLOBAL_UNIT_ASSIGNED_CONTEXT ( ( #6061, #11819, #11638 ) ) REPRESENTATION_CONTEXT ( 'NONE', 'WORKASPACE' ) );
#5399 = VECTOR ( 'NONE', #8774, 1000.000000000000000 ) ;
#5400 = MECHANICAL_DESIGN_GEOMETRIC_PRESENTATION_REPRESENTATION (  '', ( #8414 ), #9213 ) ;
#5401 = AXIS2_PLACEMENT_3D ( 'NONE', #9482, #1884, #6312 ) ;
#5402 = PRESENTATION_STYLE_ASSIGNMENT (( #3440 ) ) ;
#5403 = CARTESIAN_POINT ( 'NONE',  ( 1.215770832076939589, 1.053934884783088721, 0.6999999999999999556 ) ) ;
#5404 = CARTESIAN_POINT ( 'NONE',  ( 1.811735950896735892, 1.319549473706508769, 0.7010000000000000675 ) ) ;
#5405 = DIRECTION ( 'NONE',  ( -0.0000000000000000000, -0.0000000000000000000, -1.000000000000000000 ) ) ;
#5406 = CARTESIAN_POINT ( 'NONE',  ( 2.473105166307505431, 1.190120408283372955, 0.7010000000000000675 ) ) ;
#5407 = CARTESIAN_POINT ( 'NONE',  ( 1.926234092641942786, 1.399070159146746706, 0.6999999999999999556 ) ) ;
#5408 =( GEOMETRIC_REPRESENTATION_CONTEXT ( 3 ) GLOBAL_UNCERTAINTY_ASSIGNED_CONTEXT ( ( #5657 ) ) GLOBAL_UNIT_ASSIGNED_CONTEXT ( ( #7085, #7394, #3562 ) ) REPRESENTATION_CONTEXT ( 'NONE', 'WORKASPACE' ) );
#5409 = VERTEX_POINT ( 'NONE', #10270 ) ;
#5410 = LINE ( 'NONE', #669, #2631 ) ;
#5411 =( NAMED_UNIT ( * ) SI_UNIT ( $, .STERADIAN. ) SOLID_ANGLE_UNIT ( ) );
#5412 = PRESENTATION_LAYER_ASSIGNMENT (  '', '', ( #3036 ) ) ;
#5413 = SURFACE_STYLE_FILL_AREA ( #3455 ) ;
#5414 = CARTESIAN_POINT ( 'NONE',  ( 1.983004874872476897, 1.084896907152239853, 0.6999999999999999556 ) ) ;
#5415 = PLANE ( 'NONE',  #598 ) ;
#5416 = CARTESIAN_POINT ( 'NONE',  ( 2.105114044564763809, 1.067928057957318488, 0.7010000000000000675 ) ) ;
#5417 = EDGE_CURVE ( 'NONE', #11316, #2959, #6498, .T. ) ;
#5418 = CARTESIAN_POINT ( 'NONE',  ( 2.592885278268235449, 1.194612162481179629, 0.7010000000000000675 ) ) ;
#5419 = SURFACE_STYLE_USAGE ( .BOTH. , #8378 ) ;
#5420 = UNCERTAINTY_MEASURE_WITH_UNIT (LENGTH_MEASURE( 1.000000000000000082E-05 ), #11521, 'distance_accuracy_value', 'NONE');
#5421 = CARTESIAN_POINT ( 'NONE',  ( 1.129011645970521283, 1.362797841499060025, 0.7010000000000000675 ) ) ;
#5422 = EDGE_LOOP ( 'NONE', ( #4839, #3222, #4361, #3730 ) ) ;
#5423 = ORIENTED_EDGE ( 'NONE', *, *, #3259, .F. ) ;
#5424 = CARTESIAN_POINT ( 'NONE',  ( 2.283328551422453057, 1.079989249787272731, 0.7010000000000000675 ) ) ;
#5425 = VECTOR ( 'NONE', #10328, 1000.000000000000000 ) ;
#5426 = CARTESIAN_POINT ( 'NONE',  ( 1.563964569228308843, 1.374365672672346106, 0.6999999999999999556 ) ) ;
#5427 = CARTESIAN_POINT ( 'NONE',  ( 2.012118096529444511, 1.136219357900824178, 0.7010000000000000675 ) ) ;
#5428 = LINE ( 'NONE', #9257, #1698 ) ;
#5429 = EDGE_CURVE ( 'NONE', #3195, #7765, #7266, .T. ) ;
#5430 = EDGE_CURVE ( 'NONE', #12128, #8803, #5572, .T. ) ;
#5431 =( LENGTH_UNIT ( ) NAMED_UNIT ( * ) SI_UNIT ( .MILLI., .METRE. ) );
#5432 = VERTEX_POINT ( 'NONE', #10157 ) ;
#5433 = PRESENTATION_STYLE_ASSIGNMENT (( #3478 ) ) ;
#5434 = VERTEX_POINT ( 'NONE', #10571 ) ;
#5435 = ORIENTED_EDGE ( 'NONE', *, *, #11837, .F. ) ;
#5436 = DIRECTION ( 'NONE',  ( 0.0000000000000000000, -0.0000000000000000000, -1.000000000000000000 ) ) ;
#5437 = DIRECTION ( 'NONE',  ( -0.0000000000000000000, 0.0000000000000000000, 1.000000000000000000 ) ) ;
#5438 = CARTESIAN_POINT ( 'NONE',  ( 1.983004874872476897, 1.084896907152239853, 0.7010000000000000675 ) ) ;
#5439 = ORIENTED_EDGE ( 'NONE', *, *, #4458, .T. ) ;
#5440 = PRESENTATION_STYLE_ASSIGNMENT (( #7320 ) ) ;
#5441 = CARTESIAN_POINT ( 'NONE',  ( 1.931557653172965683, 1.364134293158385747, 0.7010000000000000675 ) ) ;
#5442 = B_SPLINE_CURVE_WITH_KNOTS ( 'NONE', 3,
 ( #4542, #9739, #7603, #4972 ),
 .UNSPECIFIED., .F., .F.,
 ( 4, 4 ),
 ( 8.000000000000000000, 9.000000000000000000 ),
 .UNSPECIFIED. ) ;
#5443 = SURFACE_SIDE_STYLE ('',( #2365 ) ) ;
#5444 = SURFACE_SIDE_STYLE ('',( #3358 ) ) ;
#5445 = EDGE_CURVE ( 'NONE', #5941, #9251, #979, .T. ) ;
#5446 = DIRECTION ( 'NONE',  ( 1.000000000000000000, 1.334402673828313586E-16, 0.0000000000000000000 ) ) ;
#5447 = EDGE_LOOP ( 'NONE', ( #3172, #9000, #1683, #1218 ) ) ;
#5448 = EDGE_CURVE ( 'NONE', #6028, #3332, #4031, .T. ) ;
#5449 = UNCERTAINTY_MEASURE_WITH_UNIT (LENGTH_MEASURE( 1.000000000000000082E-05 ), #8371, 'distance_accuracy_value', 'NONE');
#5450 = FILL_AREA_STYLE ('',( #5266 ) ) ;
#5451 = ORIENTED_EDGE ( 'NONE', *, *, #5644, .T. ) ;
#5452 = DIRECTION ( 'NONE',  ( -0.0000000000000000000, -0.0000000000000000000, -1.000000000000000000 ) ) ;
#5453 = CARTESIAN_POINT ( 'NONE',  ( 2.391297013451754161, 1.461455634125646164, 0.7010000000000000675 ) ) ;
#5454 = VERTEX_POINT ( 'NONE', #1096 ) ;
#5455 = PRESENTATION_STYLE_ASSIGNMENT (( #4413 ) ) ;
#5456 = CARTESIAN_POINT ( 'NONE',  ( 2.133021147039069199, 1.008370724510909255, 0.6999999999999999556 ) ) ;
#5457 = EDGE_CURVE ( 'NONE', #3800, #10573, #3971, .T. ) ;
#5458 = STYLED_ITEM ( 'NONE', ( #443 ), #6982 ) ;
#5459 = VERTEX_POINT ( 'NONE', #3043 ) ;
#5460 = CARTESIAN_POINT ( 'NONE',  ( 2.085109102254885993, 1.058695007660964693, 0.6999999999999999556 ) ) ;
#5461 = CARTESIAN_POINT ( 'NONE',  ( 2.223230543859060493, 1.482250792451576649, 0.7010000000000000675 ) ) ;
#5462 = ORIENTED_EDGE ( 'NONE', *, *, #11849, .F. ) ;
#5463 = CARTESIAN_POINT ( 'NONE',  ( 0.0000000000000000000, 0.0000000000000000000, 0.6999999999999999556 ) ) ;
#5464 = LINE ( 'NONE', #7345, #5955 ) ;
#5465 = PRESENTATION_LAYER_ASSIGNMENT (  '', '', ( #5071 ) ) ;
#5466 = ORIENTED_EDGE ( 'NONE', *, *, #2947, .F. ) ;
#5467 = DIRECTION ( 'NONE',  ( -0.0000000000000000000, 1.000000000000000000, -0.0000000000000000000 ) ) ;
#5468 = DIRECTION ( 'NONE',  ( -0.0000000000000000000, 1.000000000000000000, -0.0000000000000000000 ) ) ;
#5469 = FACE_OUTER_BOUND ( 'NONE', #1929, .T. ) ;
#5470 = SURFACE_STYLE_USAGE ( .BOTH. , #9991 ) ;
#5471 = PLANE ( 'NONE',  #7684 ) ;
#5472 = MECHANICAL_DESIGN_GEOMETRIC_PRESENTATION_REPRESENTATION (  '', ( #9876 ), #1504 ) ;
#5473 = FILL_AREA_STYLE ('',( #2502 ) ) ;
#5474 = LINE ( 'NONE', #742, #3723 ) ;
#5475 = CARTESIAN_POINT ( 'NONE',  ( -0.3999999999999988565, -1.700000000000000178, 0.0000000000000000000 ) ) ;
#5476 = FILL_AREA_STYLE_COLOUR ( '', #11394 ) ;
#5477 = ORIENTED_EDGE ( 'NONE', *, *, #8037, .T. ) ;
#5478 = ORIENTED_EDGE ( 'NONE', *, *, #6224, .T. ) ;
#5479 = PRESENTATION_STYLE_ASSIGNMENT (( #7301 ) ) ;
#5480 =( GEOMETRIC_REPRESENTATION_CONTEXT ( 3 ) GLOBAL_UNCERTAINTY_ASSIGNED_CONTEXT ( ( #2278 ) ) GLOBAL_UNIT_ASSIGNED_CONTEXT ( ( #11859, #8249, #1459 ) ) REPRESENTATION_CONTEXT ( 'NONE', 'WORKASPACE' ) );
#5481 =( GEOMETRIC_REPRESENTATION_CONTEXT ( 3 ) GLOBAL_UNCERTAINTY_ASSIGNED_CONTEXT ( ( #10811 ) ) GLOBAL_UNIT_ASSIGNED_CONTEXT ( ( #10060, #11245, #573 ) ) REPRESENTATION_CONTEXT ( 'NONE', 'WORKASPACE' ) );
#5482 = FILL_AREA_STYLE_COLOUR ( '', #928 ) ;
#5483 = STYLED_ITEM ( 'NONE', ( #5745 ), #12302 ) ;
#5484 = FILL_AREA_STYLE_COLOUR ( '', #6063 ) ;
#5485 =( LENGTH_UNIT ( ) NAMED_UNIT ( * ) SI_UNIT ( .MILLI., .METRE. ) );
#5486 = CARTESIAN_POINT ( 'NONE',  ( 1.941372967903455704, 1.084148281452231632, 0.6999999999999999556 ) ) ;
#5487 = UNCERTAINTY_MEASURE_WITH_UNIT (LENGTH_MEASURE( 1.000000000000000082E-05 ), #6322, 'distance_accuracy_value', 'NONE');
#5488 = ORIENTED_EDGE ( 'NONE', *, *, #544, .T. ) ;
#5489 = EDGE_CURVE ( 'NONE', #6218, #7002, #3798, .T. ) ;
#5490 = VECTOR ( 'NONE', #7220, 1000.000000000000000 ) ;
#5491 = FILL_AREA_STYLE_COLOUR ( '', #8947 ) ;
#5492 = PRESENTATION_LAYER_ASSIGNMENT (  '', '', ( #10883 ) ) ;
#5493 = VERTEX_POINT ( 'NONE', #6878 ) ;
#5494 = ORIENTED_EDGE ( 'NONE', *, *, #7338, .F. ) ;
#5495 = EDGE_CURVE ( 'NONE', #7867, #157, #3241, .T. ) ;
#5496 = VERTEX_POINT ( 'NONE', #3856 ) ;
#5497 = CARTESIAN_POINT ( 'NONE',  ( 2.112641891879190492, 1.175147894287726480, 0.7010000000000000675 ) ) ;
#5498 = CARTESIAN_POINT ( 'NONE',  ( 1.945324047985389271, 1.080654694852952069, 0.7010000000000000675 ) ) ;
#5499 = EDGE_CURVE ( 'NONE', #10074, #9028, #7828, .T. ) ;
#5500 = CARTESIAN_POINT ( 'NONE',  ( 1.563964569228308843, 1.374365672672346106, 0.6999999999999999556 ) ) ;
#5501 = ORIENTED_EDGE ( 'NONE', *, *, #6455, .F. ) ;
#5502 = CARTESIAN_POINT ( 'NONE',  ( 2.441496525651999150, 1.319549473706508769, 0.7010000000000000675 ) ) ;
#5503 = SURFACE_STYLE_USAGE ( .BOTH. , #6423 ) ;
#5504 = SURFACE_STYLE_FILL_AREA ( #4702 ) ;
#5505 = SURFACE_STYLE_USAGE ( .BOTH. , #2719 ) ;
#5506 = EDGE_LOOP ( 'NONE', ( #7724, #8793, #5169, #10318 ) ) ;
#5507 = CARTESIAN_POINT ( 'NONE',  ( 2.085109102254885993, 1.180305093553438711, 0.7010000000000000675 ) ) ;
#5508 =( LENGTH_UNIT ( ) NAMED_UNIT ( * ) SI_UNIT ( .MILLI., .METRE. ) );
#5509 = FACE_OUTER_BOUND ( 'NONE', #2542, .T. ) ;
#5510 = ORIENTED_EDGE ( 'NONE', *, *, #261, .F. ) ;
#5511 = CARTESIAN_POINT ( 'NONE',  ( 1.523476884324387548, 1.131439850079904774, 0.6999999999999999556 ) ) ;
#5512 = VERTEX_POINT ( 'NONE', #6824 ) ;
#5513 = PRESENTATION_LAYER_ASSIGNMENT (  '', '', ( #6500 ) ) ;
#5514 = EDGE_CURVE ( 'NONE', #10427, #10627, #6757, .T. ) ;
#5515 = EDGE_CURVE ( 'NONE', #10609, #882, #10958, .T. ) ;
#5516 = ORIENTED_EDGE ( 'NONE', *, *, #6245, .F. ) ;
#5517 = VECTOR ( 'NONE', #11235, 1000.000000000000114 ) ;
#5518 = CARTESIAN_POINT ( 'NONE',  ( 1.570905289995409904, 1.134910210464008307, 0.6999999999999999556 ) ) ;
#5519 = CARTESIAN_POINT ( 'NONE',  ( 2.071259526809804186, 1.058695007660964693, 0.6999999999999999556 ) ) ;
#5520 = PRESENTATION_LAYER_ASSIGNMENT (  '', '', ( #6302 ) ) ;
#5521 = SURFACE_STYLE_USAGE ( .BOTH. , #11227 ) ;
#5522 = ORIENTED_EDGE ( 'NONE', *, *, #9795, .T. ) ;
#5523 = CARTESIAN_POINT ( 'NONE',  ( 2.072382465359252635, 1.180305093553438711, 0.6999999999999999556 ) ) ;
#5524 = CARTESIAN_POINT ( 'NONE',  ( 2.597584984049067014, 1.191950382216223403, 0.7010000000000000675 ) ) ;
#5525 = EDGE_CURVE ( 'NONE', #3344, #11700, #8135, .T. ) ;
#5526 = PRESENTATION_LAYER_ASSIGNMENT (  '', '', ( #751 ) ) ;
#5528 = CARTESIAN_POINT ( 'NONE',  ( 1.918747835644118327, 1.092549525416478540, 0.7010000000000000675 ) ) ;
#5527 =( GEOMETRIC_REPRESENTATION_CONTEXT ( 3 ) GLOBAL_UNCERTAINTY_ASSIGNED_CONTEXT ( ( #6093 ) ) GLOBAL_UNIT_ASSIGNED_CONTEXT ( ( #9125, #1448, #6264 ) ) REPRESENTATION_CONTEXT ( 'NONE', 'WORKASPACE' ) );
#5529 =( LENGTH_UNIT ( ) NAMED_UNIT ( * ) SI_UNIT ( .MILLI., .METRE. ) );
#5530 = LINE ( 'NONE', #4300, #2407 ) ;
#5531 = FILL_AREA_STYLE ('',( #6393 ) ) ;
#5532 = CARTESIAN_POINT ( 'NONE',  ( 2.488493583469202353, 1.202597503279374980, 0.6999999999999999556 ) ) ;
#5533 = CARTESIAN_POINT ( 'NONE',  ( 2.513031870295155290, 1.119666411873068812, 0.6999999999999999556 ) ) ;
#5534 = CARTESIAN_POINT ( 'NONE',  ( 2.451644562914782721, 1.224141287305309023, 0.6999999999999999556 ) ) ;
#5535 = UNCERTAINTY_MEASURE_WITH_UNIT (LENGTH_MEASURE( 1.000000000000000082E-05 ), #11117, 'distance_accuracy_value', 'NONE');
#5536 = SURFACE_STYLE_USAGE ( .BOTH. , #58 ) ;
#5537 = ORIENTED_EDGE ( 'NONE', *, *, #418, .F. ) ;
#5538 = ORIENTED_EDGE ( 'NONE', *, *, #11252, .F. ) ;
#5539 = CARTESIAN_POINT ( 'NONE',  ( 2.390007713635883491, 1.456547976760678154, 0.6999999999999999556 ) ) ;
#5540 = FILL_AREA_STYLE ('',( #12034 ) ) ;
#5541 = PRESENTATION_STYLE_ASSIGNMENT (( #3013 ) ) ;
#5542 = CARTESIAN_POINT ( 'NONE',  ( 1.926234092641942786, 1.379605890953294445, 0.7010000000000000675 ) ) ;
#5543 = FILL_AREA_STYLE ('',( #8457 ) ) ;
#5544 = B_SPLINE_CURVE_WITH_KNOTS ( 'NONE', 3,
 ( #3968, #3039, #5861, #1159 ),
 .UNSPECIFIED., .F., .F.,
 ( 4, 4 ),
 ( 3.000000000000000000, 4.000000000000000000 ),
 .UNSPECIFIED. ) ;
#5545 = AXIS2_PLACEMENT_3D ( 'NONE', #10919, #4835, #8827 ) ;
#5546 = DIRECTION ( 'NONE',  ( -0.0000000000000000000, -0.0000000000000000000, -1.000000000000000000 ) ) ;
#5547 = VERTEX_POINT ( 'NONE', #5629 ) ;
#5548 = CARTESIAN_POINT ( 'NONE',  ( 2.057867444847376159, 1.117670076673799473, 0.6999999999999999556 ) ) ;
#5549 = ORIENTED_EDGE ( 'NONE', *, *, #10529, .T. ) ;
#5550 = LINE ( 'NONE', #9393, #2814 ) ;
#5551 = VERTEX_POINT ( 'NONE', #9656 ) ;
#5552 = ORIENTED_EDGE ( 'NONE', *, *, #4847, .F. ) ;
#5553 = CARTESIAN_POINT ( 'NONE',  ( 1.563964569228308843, 1.374365672672346106, 0.7010000000000000675 ) ) ;
#5554 = PRESENTATION_LAYER_ASSIGNMENT (  '', '', ( #5366 ) ) ;
#5555 = CARTESIAN_POINT ( 'NONE',  ( 1.462167081245532740, 1.060875693806251796, 0.6999999999999999556 ) ) ;
#5556 = VECTOR ( 'NONE', #8317, 1000.000000000000000 ) ;
#5557 = VERTEX_POINT ( 'NONE', #84 ) ;
#5558 = SURFACE_STYLE_USAGE ( .BOTH. , #9459 ) ;
#5559 = DIRECTION ( 'NONE',  ( 0.0000000000000000000, -1.000000000000000000, 0.0000000000000000000 ) ) ;
#5560 = DIRECTION ( 'NONE',  ( 1.000000000000000000, 1.172110456741085828E-16, -0.0000000000000000000 ) ) ;
#5561 = PRESENTATION_STYLE_ASSIGNMENT (( #8534 ) ) ;
#5562 = VERTEX_POINT ( 'NONE', #8725 ) ;
#5563 = CARTESIAN_POINT ( 'NONE',  ( 2.380275579539156361, 1.482250792451576649, 0.7010000000000000675 ) ) ;
#5564 = EDGE_CURVE ( 'NONE', #3648, #6120, #10363, .T. ) ;
#5565 = UNCERTAINTY_MEASURE_WITH_UNIT (LENGTH_MEASURE( 1.000000000000000082E-05 ), #10915, 'distance_accuracy_value', 'NONE');
#5566 =( GEOMETRIC_REPRESENTATION_CONTEXT ( 3 ) GLOBAL_UNCERTAINTY_ASSIGNED_CONTEXT ( ( #4754 ) ) GLOBAL_UNIT_ASSIGNED_CONTEXT ( ( #5343, #12013, #4350 ) ) REPRESENTATION_CONTEXT ( 'NONE', 'WORKASPACE' ) );
#5567 = SURFACE_STYLE_FILL_AREA ( #12319 ) ;
#5568 = MECHANICAL_DESIGN_GEOMETRIC_PRESENTATION_REPRESENTATION (  '', ( #8589 ), #8389 ) ;
#5569 = DIRECTION ( 'NONE',  ( -0.0000000000000000000, -0.0000000000000000000, -1.000000000000000000 ) ) ;
#5570 = ORIENTED_EDGE ( 'NONE', *, *, #10090, .F. ) ;
#5571 = LINE ( 'NONE', #7453, #2912 ) ;
#5572 = LINE ( 'NONE', #9164, #6557 ) ;
#5573 = UNCERTAINTY_MEASURE_WITH_UNIT (LENGTH_MEASURE( 1.000000000000000082E-05 ), #4718, 'distance_accuracy_value', 'NONE');
#5574 = ORIENTED_EDGE ( 'NONE', *, *, #6970, .F. ) ;
#5575 = AXIS2_PLACEMENT_3D ( 'NONE', #9972, #1421, #9044 ) ;
#5576 = FACE_OUTER_BOUND ( 'NONE', #10423, .T. ) ;
#5577 =( NAMED_UNIT ( * ) SI_UNIT ( $, .STERADIAN. ) SOLID_ANGLE_UNIT ( ) );
#5578 = LINE ( 'NONE', #12190, #5022 ) ;
#5579 = PRESENTATION_STYLE_ASSIGNMENT (( #3803 ) ) ;
#5580 = CARTESIAN_POINT ( 'NONE',  ( 2.247893601633720539, 1.482250792451576649, 0.6999999999999999556 ) ) ;
#5581 = CARTESIAN_POINT ( 'NONE',  ( 1.215770832076939589, 1.053934884783088721, 0.6999999999999999556 ) ) ;
#5582 = ORIENTED_EDGE ( 'NONE', *, *, #8614, .F. ) ;
#5583 = CARTESIAN_POINT ( 'NONE',  ( 1.523476884324387548, 1.131439850079904774, 0.6999999999999999556 ) ) ;
#5584 = CARTESIAN_POINT ( 'NONE',  ( 1.529260877134530183, 1.440302685443794140, 0.7010000000000000675 ) ) ;
#5585 = ADVANCED_FACE ( 'NONE', ( #1997 ), #172, .F. ) ;
#5586 =( GEOMETRIC_REPRESENTATION_CONTEXT ( 3 ) GLOBAL_UNCERTAINTY_ASSIGNED_CONTEXT ( ( #4307 ) ) GLOBAL_UNIT_ASSIGNED_CONTEXT ( ( #7007, #8965, #10017 ) ) REPRESENTATION_CONTEXT ( 'NONE', 'WORKASPACE' ) );
#5587 = EDGE_CURVE ( 'NONE', #506, #7457, #3223, .T. ) ;
#5588 = SURFACE_STYLE_FILL_AREA ( #1820 ) ;
#5589 = CARTESIAN_POINT ( 'NONE',  ( -2.949999999999998845, 1.700000000000000178, -0.1000000000000000056 ) ) ;
#5590 = ORIENTED_EDGE ( 'NONE', *, *, #432, .T. ) ;
#5591 = SURFACE_STYLE_USAGE ( .BOTH. , #3683 ) ;
#5592 = DIRECTION ( 'NONE',  ( -0.0000000000000000000, -0.0000000000000000000, -1.000000000000000000 ) ) ;
#5593 =( GEOMETRIC_REPRESENTATION_CONTEXT ( 3 ) GLOBAL_UNCERTAINTY_ASSIGNED_CONTEXT ( ( #209 ) ) GLOBAL_UNIT_ASSIGNED_CONTEXT ( ( #2061, #859, #7459 ) ) REPRESENTATION_CONTEXT ( 'NONE', 'WORKASPACE' ) );
#5594 = VECTOR ( 'NONE', #169, 1000.000000000000114 ) ;
#5595 = PLANE ( 'NONE',  #8816 ) ;
#5596 = CARTESIAN_POINT ( 'NONE',  ( 1.918747835644118327, 1.114259670708837024, 0.7010000000000000675 ) ) ;
#5597 = STYLED_ITEM ( 'NONE', ( #10304 ), #5961 ) ;
#5598 = CARTESIAN_POINT ( 'NONE',  ( 1.205359750925734996, 1.480790331735134302, 0.7010000000000000675 ) ) ;
#5599 = PRESENTATION_LAYER_ASSIGNMENT (  '', '', ( #4414 ) ) ;
#5600 = EDGE_CURVE ( 'NONE', #6782, #506, #9775, .T. ) ;
#5601 = CARTESIAN_POINT ( 'NONE',  ( -3.249999999999998668, 2.000000000000000000, 0.0000000000000000000 ) ) ;
#5602 = FILL_AREA_STYLE_COLOUR ( '', #11991 ) ;
#5603 = STYLED_ITEM ( 'NONE', ( #2362 ), #6102 ) ;
#5604 = FILL_AREA_STYLE ('',( #9492 ) ) ;
#5605 = ORIENTED_EDGE ( 'NONE', *, *, #10682, .T. ) ;
#5606 = ORIENTED_EDGE ( 'NONE', *, *, #7350, .F. ) ;
#5607 =( LENGTH_UNIT ( ) NAMED_UNIT ( * ) SI_UNIT ( .MILLI., .METRE. ) );
#5608 = CARTESIAN_POINT ( 'NONE',  ( 1.082740056512518256, 1.140694203274155383, 0.6999999999999999556 ) ) ;
#5609 = CARTESIAN_POINT ( 'NONE',  ( 2.513031870295155290, 1.119666411873068812, 0.7010000000000000675 ) ) ;
#5610 = CARTESIAN_POINT ( 'NONE',  ( 1.963291064779387307, 1.484995753350852210, 0.6999999999999999556 ) ) ;
#5611 =( LENGTH_UNIT ( ) NAMED_UNIT ( * ) SI_UNIT ( .MILLI., .METRE. ) );
#5612 = EDGE_CURVE ( 'NONE', #895, #8073, #10874, .T. ) ;
#5613 = LINE ( 'NONE', #5730, #7086 ) ;
#5614 = CARTESIAN_POINT ( 'NONE',  ( 1.042252415736626636, 1.159202843469491429, 0.7010000000000000675 ) ) ;
#5615 = EDGE_LOOP ( 'NONE', ( #9596, #1280, #8470, #4087, #5361, #1507, #4880, #3556 ) ) ;
#5616 = ORIENTED_EDGE ( 'NONE', *, *, #6226, .T. ) ;
#5617 = VERTEX_POINT ( 'NONE', #1219 ) ;
#5618 = SURFACE_STYLE_FILL_AREA ( #10323 ) ;
#5619 = CARTESIAN_POINT ( 'NONE',  ( 1.607922570388302441, 1.082854716450815324, 0.6999999999999999556 ) ) ;
#5620 = EDGE_LOOP ( 'NONE', ( #2437, #3717, #7692, #698 ) ) ;
#5621 = FILL_AREA_STYLE ('',( #770 ) ) ;
#5622 = CARTESIAN_POINT ( 'NONE',  ( 2.111394182379369155, 1.112263335509567685, 0.7010000000000000675 ) ) ;
#5623 = PRESENTATION_STYLE_ASSIGNMENT (( #6491 ) ) ;
#5624 = EDGE_LOOP ( 'NONE', ( #6079, #8730, #10581, #5687, #2054, #1715, #6098 ) ) ;
#5625 = LINE ( 'NONE', #9530, #2016 ) ;
#5626 = DIRECTION ( 'NONE',  ( 1.000000000000000000, 0.0000000000000000000, 0.0000000000000000000 ) ) ;
#5627 = ORIENTED_EDGE ( 'NONE', *, *, #9790, .T. ) ;
#5628 = DIRECTION ( 'NONE',  ( -0.0000000000000000000, 1.000000000000000000, -0.0000000000000000000 ) ) ;
#5629 = CARTESIAN_POINT ( 'NONE',  ( 0.9890400503509301222, 1.118715180629586525, 0.6999999999999999556 ) ) ;
#5630 = VERTEX_POINT ( 'NONE', #389 ) ;
#5631 = CARTESIAN_POINT ( 'NONE',  ( 1.904191224815638073, 1.373450524087949987, 0.7010000000000000675 ) ) ;
#5632 = PLANE ( 'NONE',  #21 ) ;
#5633 =( LENGTH_UNIT ( ) NAMED_UNIT ( * ) SI_UNIT ( .MILLI., .METRE. ) );
#5634 = CARTESIAN_POINT ( 'NONE',  ( 3.250000000000000444, 2.000000000000000888, 0.0000000000000000000 ) ) ;
#5635 = ORIENTED_EDGE ( 'NONE', *, *, #6951, .F. ) ;
#5636 = PRESENTATION_STYLE_ASSIGNMENT (( #1752 ) ) ;
#5637 =( NAMED_UNIT ( * ) SI_UNIT ( $, .STERADIAN. ) SOLID_ANGLE_UNIT ( ) );
#5638 = VERTEX_POINT ( 'NONE', #9835 ) ;
#5639 = CARTESIAN_POINT ( 'NONE',  ( 2.133021147039069199, 1.026504102571883514, 0.7010000000000000675 ) ) ;
#5640 = ADVANCED_FACE ( 'NONE', ( #5137 ), #266, .F. ) ;
#5641 = SURFACE_STYLE_USAGE ( .BOTH. , #926 ) ;
#5642 = EDGE_CURVE ( 'NONE', #6053, #4713, #4111, .T. ) ;
#5643 = CARTESIAN_POINT ( 'NONE',  ( 1.832739060806250597, 1.205425644811862096, 0.6999999999999999556 ) ) ;
#5644 = EDGE_CURVE ( 'NONE', #882, #6683, #8138, .T. ) ;
#5645 =( NAMED_UNIT ( * ) SI_UNIT ( $, .STERADIAN. ) SOLID_ANGLE_UNIT ( ) );
#5646 =( GEOMETRIC_REPRESENTATION_CONTEXT ( 3 ) GLOBAL_UNCERTAINTY_ASSIGNED_CONTEXT ( ( #3071 ) ) GLOBAL_UNIT_ASSIGNED_CONTEXT ( ( #10189, #10131, #1589 ) ) REPRESENTATION_CONTEXT ( 'NONE', 'WORKASPACE' ) );
#5647 = FILL_AREA_STYLE_COLOUR ( '', #8302 ) ;
#5648 =( NAMED_UNIT ( * ) PLANE_ANGLE_UNIT ( ) SI_UNIT ( $, .RADIAN. ) );
#5649 =( NAMED_UNIT ( * ) PLANE_ANGLE_UNIT ( ) SI_UNIT ( $, .RADIAN. ) );
#5650 =( NAMED_UNIT ( * ) SI_UNIT ( $, .STERADIAN. ) SOLID_ANGLE_UNIT ( ) );
#5651 = DIRECTION ( 'NONE',  ( 0.0000000000000000000, 1.000000000000000000, -0.0000000000000000000 ) ) ;
#5652 = CARTESIAN_POINT ( 'NONE',  ( 1.516536163556732930, 1.311899031315902242, 0.7010000000000000675 ) ) ;
#5653 = B_SPLINE_SURFACE_WITH_KNOTS ( 'NONE', 3, 1, ( 
 ( #1555, #4594 ),
 ( #6507, #2857 ),
 ( #6438, #3867 ),
 ( #10345, #3922 ) ),
 .UNSPECIFIED., .F., .F., .F.,
 ( 4, 4 ),
 ( 2, 2 ),
 ( 4.000000000000000000, 5.000000000000000000 ),
 ( 0.0000000000000000000, 1.000000000000000000 ),
 .UNSPECIFIED. ) ;
#5654 = FILL_AREA_STYLE ('',( #5602 ) ) ;
#5655 = VECTOR ( 'NONE', #562, 1000.000000000000000 ) ;
#5656 = CARTESIAN_POINT ( 'NONE',  ( 1.904191224815638073, 1.397822449646370480, 0.7010000000000000675 ) ) ;
#5657 = UNCERTAINTY_MEASURE_WITH_UNIT (LENGTH_MEASURE( 1.000000000000000082E-05 ), #7085, 'distance_accuracy_value', 'NONE');
#5658 = DIRECTION ( 'NONE',  ( -0.0000000000000000000, -0.0000000000000000000, -1.000000000000000000 ) ) ;
#5659 = ORIENTED_EDGE ( 'NONE', *, *, #5278, .T. ) ;
#5660 = EDGE_CURVE ( 'NONE', #3284, #1854, #5924, .T. ) ;
#5661 = EDGE_CURVE ( 'NONE', #10975, #1644, #11799, .T. ) ;
#5662 = FACE_OUTER_BOUND ( 'NONE', #5850, .T. ) ;
#5663 =( GEOMETRIC_REPRESENTATION_CONTEXT ( 3 ) GLOBAL_UNCERTAINTY_ASSIGNED_CONTEXT ( ( #5981 ) ) GLOBAL_UNIT_ASSIGNED_CONTEXT ( ( #2741, #12077, #5708 ) ) REPRESENTATION_CONTEXT ( 'NONE', 'WORKASPACE' ) );
#5664 = CARTESIAN_POINT ( 'NONE',  ( 2.473562659791269436, 1.096958098981078544, 0.7010000000000000675 ) ) ;
#5665 =( NAMED_UNIT ( * ) PLANE_ANGLE_UNIT ( ) SI_UNIT ( $, .RADIAN. ) );
#5666 = PRESENTATION_LAYER_ASSIGNMENT (  '', '', ( #5081 ) ) ;
#5667 =( NAMED_UNIT ( * ) SI_UNIT ( $, .STERADIAN. ) SOLID_ANGLE_UNIT ( ) );
#5668 = DIRECTION ( 'NONE',  ( -1.000000000000000000, 0.0000000000000000000, 0.0000000000000000000 ) ) ;
#5669 = SURFACE_STYLE_FILL_AREA ( #11498 ) ;
#5670 = ORIENTED_EDGE ( 'NONE', *, *, #2036, .T. ) ;
#5671 = VECTOR ( 'NONE', #8345, 1000.000000000000000 ) ;
#5672 = VECTOR ( 'NONE', #1518, 1000.000000000000000 ) ;
#5673 = STYLED_ITEM ( 'NONE', ( #3429 ), #4591 ) ;
#5674 = CARTESIAN_POINT ( 'NONE',  ( 2.346129929567404737, 1.205425644811862096, 0.7010000000000000675 ) ) ;
#5675 = ORIENTED_EDGE ( 'NONE', *, *, #2114, .T. ) ;
#5676 = ORIENTED_EDGE ( 'NONE', *, *, #5948, .T. ) ;
#5677 =( NAMED_UNIT ( * ) PLANE_ANGLE_UNIT ( ) SI_UNIT ( $, .RADIAN. ) );
#5678 = ADVANCED_FACE ( 'NONE', ( #1278 ), #10937, .F. ) ;
#5679 = PRESENTATION_LAYER_ASSIGNMENT (  '', '', ( #11654 ) ) ;
#5680 = ORIENTED_EDGE ( 'NONE', *, *, #4241, .F. ) ;
#5681 = FILL_AREA_STYLE ('',( #1917 ) ) ;
#5682 = CARTESIAN_POINT ( 'NONE',  ( 1.987662990337809354, 1.466030568956663283, 0.7010000000000000675 ) ) ;
#5683 = PLANE ( 'NONE',  #5257 ) ;
#5684 = STYLED_ITEM ( 'NONE', ( #241 ), #3707 ) ;
#5685 = VECTOR ( 'NONE', #3759, 1000.000000000000000 ) ;
#5686 = PRESENTATION_STYLE_ASSIGNMENT (( #5505 ) ) ;
#5687 = ORIENTED_EDGE ( 'NONE', *, *, #4216, .F. ) ;
#5688 = FILL_AREA_STYLE_COLOUR ( '', #7970 ) ;
#5689 = SURFACE_SIDE_STYLE ('',( #528 ) ) ;
#5690 = COLOUR_RGB ( '',1.000000000000000000, 1.000000000000000000, 1.000000000000000000 ) ;
#5691 = ORIENTED_EDGE ( 'NONE', *, *, #5360, .F. ) ;
#5692 = SURFACE_STYLE_USAGE ( .BOTH. , #12248 ) ;
#5693 = SURFACE_STYLE_USAGE ( .BOTH. , #1928 ) ;
#5694 = ORIENTED_EDGE ( 'NONE', *, *, #2581, .T. ) ;
#5695 = COLOUR_RGB ( '',1.000000000000000000, 1.000000000000000000, 1.000000000000000000 ) ;
#5696 = ORIENTED_EDGE ( 'NONE', *, *, #943, .T. ) ;
#5697 =( NAMED_UNIT ( * ) PLANE_ANGLE_UNIT ( ) SI_UNIT ( $, .RADIAN. ) );
#5698 = MECHANICAL_DESIGN_GEOMETRIC_PRESENTATION_REPRESENTATION (  '', ( #10894 ), #318 ) ;
#5699 =( NAMED_UNIT ( * ) SI_UNIT ( $, .STERADIAN. ) SOLID_ANGLE_UNIT ( ) );
#5700 = CARTESIAN_POINT ( 'NONE',  ( 3.250000000000000000, -2.000000000000000000, 0.6999999999999999556 ) ) ;
#5701 = VECTOR ( 'NONE', #10399, 1000.000000000000000 ) ;
#5702 = VECTOR ( 'NONE', #11625, 1000.000000000000000 ) ;
#5703 =( LENGTH_UNIT ( ) NAMED_UNIT ( * ) SI_UNIT ( .MILLI., .METRE. ) );
#5704 = ORIENTED_EDGE ( 'NONE', *, *, #7591, .F. ) ;
#5705 = CARTESIAN_POINT ( 'NONE',  ( 1.606765754174732441, 1.221669440697902953, 0.6999999999999999556 ) ) ;
#5706 = MECHANICAL_DESIGN_GEOMETRIC_PRESENTATION_REPRESENTATION (  '', ( #11684 ), #9521 ) ;
#5707 = COLOUR_RGB ( '',1.000000000000000000, 1.000000000000000000, 1.000000000000000000 ) ;
#5708 =( NAMED_UNIT ( * ) SI_UNIT ( $, .STERADIAN. ) SOLID_ANGLE_UNIT ( ) );
#5709 = ORIENTED_EDGE ( 'NONE', *, *, #5792, .F. ) ;
#5710 = FILL_AREA_STYLE ('',( #10586 ) ) ;
#5711 = CARTESIAN_POINT ( 'NONE',  ( 2.490947412151131246, 1.123991804805564376, 0.7010000000000000675 ) ) ;
#5712 = COLOUR_RGB ( '',1.000000000000000000, 1.000000000000000000, 1.000000000000000000 ) ;
#5713 = CARTESIAN_POINT ( 'NONE',  ( 2.269354205026444582, 1.448229913429640581, 0.6999999999999999556 ) ) ;
#5714 =( LENGTH_UNIT ( ) NAMED_UNIT ( * ) SI_UNIT ( .MILLI., .METRE. ) );
#5715 = PRESENTATION_LAYER_ASSIGNMENT (  '', '', ( #11118 ) ) ;
#5716 = EDGE_CURVE ( 'NONE', #7203, #210, #8399, .T. ) ;
#5717 = EDGE_CURVE ( 'NONE', #593, #568, #9331, .T. ) ;
#5718 = CARTESIAN_POINT ( 'NONE',  ( 2.026009262291685431, 1.478341302686243974, 0.6999999999999999556 ) ) ;
#5719 = CARTESIAN_POINT ( 'NONE',  ( 2.221566931192634264, 1.319549473706508769, 0.7010000000000000675 ) ) ;
#5720 = LINE ( 'NONE', #4549, #5685 ) ;
#5721 = B_SPLINE_CURVE_WITH_KNOTS ( 'NONE', 3,
 ( #5818, #8084, #395, #216 ),
 .UNSPECIFIED., .F., .F.,
 ( 4, 4 ),
 ( 6.000000000000000000, 7.000000000000000000 ),
 .UNSPECIFIED. ) ;
#5722 = EDGE_CURVE ( 'NONE', #5211, #8022, #1527, .T. ) ;
#5723 = CARTESIAN_POINT ( 'NONE',  ( 1.895540438951756279, 1.224141287305309023, 0.6999999999999999556 ) ) ;
#5724 = ORIENTED_EDGE ( 'NONE', *, *, #5661, .T. ) ;
#5725 = LINE ( 'NONE', #10543, #4703 ) ;
#5726 = CARTESIAN_POINT ( 'NONE',  ( 1.926234092641942786, 1.419532594939834746, 0.6999999999999999556 ) ) ;
#5727 = SURFACE_STYLE_FILL_AREA ( #7556 ) ;
#5728 = PRESENTATION_STYLE_ASSIGNMENT (( #4814 ) ) ;
#5729 = STYLED_ITEM ( 'NONE', ( #4228 ), #11203 ) ;
#5730 = CARTESIAN_POINT ( 'NONE',  ( 1.991738841369566693, 1.119749592507385039, 0.7010000000000000675 ) ) ;
#5731 = ADVANCED_FACE ( 'NONE', ( #10251 ), #646, .F. ) ;
#5732 = CARTESIAN_POINT ( 'NONE',  ( 2.092054685135732228, 1.102115298245675667, 0.6999999999999999556 ) ) ;
#5733 = UNCERTAINTY_MEASURE_WITH_UNIT (LENGTH_MEASURE( 1.000000000000000082E-05 ), #7766, 'distance_accuracy_value', 'NONE');
#5734 = ORIENTED_EDGE ( 'NONE', *, *, #11971, .F. ) ;
#5735 = SURFACE_STYLE_FILL_AREA ( #7506 ) ;
#5736 = ORIENTED_EDGE ( 'NONE', *, *, #4162, .T. ) ;
#5737 = EDGE_LOOP ( 'NONE', ( #911, #6919, #9282, #10083 ) ) ;
#5738 = CARTESIAN_POINT ( 'NONE',  ( 2.039734066786956568, 1.086560519817556969, 0.6999999999999999556 ) ) ;
#5739 = CARTESIAN_POINT ( 'NONE',  ( 2.014363973628903626, 1.462869704891335054, 0.7010000000000000675 ) ) ;
#5740 = ORIENTED_EDGE ( 'NONE', *, *, #8590, .F. ) ;
#5741 = VECTOR ( 'NONE', #6563, 1000.000000000000000 ) ;
#5742 = LINE ( 'NONE', #8656, #2549 ) ;
#5743 = PRESENTATION_STYLE_ASSIGNMENT (( #6488 ) ) ;
#5744 = STYLED_ITEM ( 'NONE', ( #6159 ), #8777 ) ;
#5745 = PRESENTATION_STYLE_ASSIGNMENT (( #1988 ) ) ;
#5746 = ORIENTED_EDGE ( 'NONE', *, *, #11091, .F. ) ;
#5747 = FACE_OUTER_BOUND ( 'NONE', #3467, .T. ) ;
#5748 = EDGE_CURVE ( 'NONE', #1644, #6056, #8325, .T. ) ;
#5749 = SURFACE_STYLE_FILL_AREA ( #6615 ) ;
#5750 = EDGE_LOOP ( 'NONE', ( #10560, #1276, #11149, #5812 ) ) ;
#5751 = SURFACE_STYLE_USAGE ( .BOTH. , #6684 ) ;
#5752 = MECHANICAL_DESIGN_GEOMETRIC_PRESENTATION_REPRESENTATION (  '', ( #1194 ), #3602 ) ;
#5753 = VECTOR ( 'NONE', #8050, 1000.000000000000000 ) ;
#5754 = CARTESIAN_POINT ( 'NONE',  ( 2.401569821665459070, 1.205425644811862096, 0.7010000000000000675 ) ) ;
#5755 = ORIENTED_EDGE ( 'NONE', *, *, #4610, .T. ) ;
#5756 = FACE_OUTER_BOUND ( 'NONE', #1098, .T. ) ;
#5757 = VERTEX_POINT ( 'NONE', #3482 ) ;
#5758 = CARTESIAN_POINT ( 'NONE',  ( 2.268397627743416578, 1.327118911337542340, 0.6999999999999999556 ) ) ;
#5759 = FACE_OUTER_BOUND ( 'NONE', #11531, .T. ) ;
#5760 = CARTESIAN_POINT ( 'NONE',  ( 2.181972949738937739, 1.090303648316471641, 0.7010000000000000675 ) ) ;
#5761 = PRODUCT ( 'SEMI-SMD_TBU-CA085-200-WH', 'SEMI-SMD_TBU-CA085-200-WH', '', ( #11192 ) ) ;
#5762 = VECTOR ( 'NONE', #6011, 1000.000000000000000 ) ;
#5763 = DIRECTION ( 'NONE',  ( -1.000000000000000000, 0.0000000000000000000, 0.0000000000000000000 ) ) ;
#5764 = ORIENTED_EDGE ( 'NONE', *, *, #9051, .F. ) ;
#5765 =( NAMED_UNIT ( * ) SI_UNIT ( $, .STERADIAN. ) SOLID_ANGLE_UNIT ( ) );
#5766 = CARTESIAN_POINT ( 'NONE',  ( 2.283328551422453057, 1.153354568362160437, 0.7010000000000000675 ) ) ;
#5767 = SURFACE_STYLE_USAGE ( .BOTH. , #8619 ) ;
#5768 = ORIENTED_EDGE ( 'NONE', *, *, #2693, .F. ) ;
#5769 =( NAMED_UNIT ( * ) SI_UNIT ( $, .STERADIAN. ) SOLID_ANGLE_UNIT ( ) );
#5770 = DIRECTION ( 'NONE',  ( -0.0000000000000000000, -1.000000000000000000, -0.0000000000000000000 ) ) ;
#5771 = FILL_AREA_STYLE_COLOUR ( '', #3336 ) ;
#5772 = DIRECTION ( 'NONE',  ( -0.0000000000000000000, -0.0000000000000000000, -1.000000000000000000 ) ) ;
#5773 = DIRECTION ( 'NONE',  ( -0.0000000000000000000, -0.0000000000000000000, -1.000000000000000000 ) ) ;
#5774 = DIRECTION ( 'NONE',  ( 0.0000000000000000000, 1.000000000000000000, -0.0000000000000000000 ) ) ;
#5775 = ORIENTED_EDGE ( 'NONE', *, *, #7730, .F. ) ;
#5776 = FACE_OUTER_BOUND ( 'NONE', #11219, .T. ) ;
#5777 = CARTESIAN_POINT ( 'NONE',  ( 2.389134316986063489, 1.452721667628555924, 0.6999999999999999556 ) ) ;
#5778 = STYLED_ITEM ( 'NONE', ( #1283 ), #1960 ) ;
#5779 = DIRECTION ( 'NONE',  ( -0.0000000000000000000, -0.0000000000000000000, -1.000000000000000000 ) ) ;
#5780 = COLOUR_RGB ( '',1.000000000000000000, 1.000000000000000000, 1.000000000000000000 ) ;
#5781 = CARTESIAN_POINT ( 'NONE',  ( 2.401569821665459070, 1.205425644811862096, 0.7010000000000000675 ) ) ;
#5782 = VERTEX_POINT ( 'NONE', #6476 ) ;
#5783 = EDGE_CURVE ( 'NONE', #10871, #10401, #5550, .T. ) ;
#5784 = STYLED_ITEM ( 'NONE', ( #469 ), #1655 ) ;
#5785 = DIRECTION ( 'NONE',  ( -0.2524218971878333106, 0.9676172723861924396, -0.0000000000000000000 ) ) ;
#5786 = CARTESIAN_POINT ( 'NONE',  ( 2.401569821665459070, 1.205425644811862096, 0.7010000000000000675 ) ) ;
#5787 = CARTESIAN_POINT ( 'NONE',  ( 1.469107802013187136, 1.197376895947374287, 0.6999999999999999556 ) ) ;
#5788 = FACE_OUTER_BOUND ( 'NONE', #5239, .T. ) ;
#5789 = SURFACE_SIDE_STYLE ('',( #3775 ) ) ;
#5790 = FILL_AREA_STYLE ('',( #5491 ) ) ;
#5791 = ORIENTED_EDGE ( 'NONE', *, *, #185, .T. ) ;
#5792 = EDGE_CURVE ( 'NONE', #10975, #7887, #11198, .T. ) ;
#5793 = UNCERTAINTY_MEASURE_WITH_UNIT (LENGTH_MEASURE( 1.000000000000000082E-05 ), #11532, 'distance_accuracy_value', 'NONE');
#5794 = EDGE_CURVE ( 'NONE', #7632, #5914, #7369, .T. ) ;
#5795 = VECTOR ( 'NONE', #11850, 1000.000000000000000 ) ;
#5796 = CARTESIAN_POINT ( 'NONE',  ( 2.142378968285794105, 1.463535149958128612, 0.7010000000000000675 ) ) ;
#5797 = VERTEX_POINT ( 'NONE', #7246 ) ;
#5798 = CARTESIAN_POINT ( 'NONE',  ( 1.943327712786121042, 1.447980371530009025, 0.7010000000000000675 ) ) ;
#5799 =( GEOMETRIC_REPRESENTATION_CONTEXT ( 3 ) GLOBAL_UNCERTAINTY_ASSIGNED_CONTEXT ( ( #945 ) ) GLOBAL_UNIT_ASSIGNED_CONTEXT ( ( #11155, #12327, #857 ) ) REPRESENTATION_CONTEXT ( 'NONE', 'WORKASPACE' ) );
#5800 = CARTESIAN_POINT ( 'NONE',  ( 2.039734066786956568, 1.086560519817556969, 0.7010000000000000675 ) ) ;
#5801 = EDGE_CURVE ( 'NONE', #7373, #3824, #2589, .T. ) ;
#5802 = VERTEX_POINT ( 'NONE', #9699 ) ;
#5803 = LINE ( 'NONE', #15, #8921 ) ;
#5804 = MECHANICAL_DESIGN_GEOMETRIC_PRESENTATION_REPRESENTATION (  '', ( #12187 ), #6187 ) ;
#5805 = ORIENTED_EDGE ( 'NONE', *, *, #1342, .F. ) ;
#5806 = STYLED_ITEM ( 'NONE', ( #648 ), #6352 ) ;
#5807 = SURFACE_SIDE_STYLE ('',( #10743 ) ) ;
#5808 = DIRECTION ( 'NONE',  ( 1.000000000000000000, -0.0000000000000000000, -0.0000000000000000000 ) ) ;
#5809 = EDGE_LOOP ( 'NONE', ( #12155, #3351, #2707, #1064 ) ) ;
#5810 = DIRECTION ( 'NONE',  ( -0.0000000000000000000, -0.0000000000000000000, -1.000000000000000000 ) ) ;
#5811 = CARTESIAN_POINT ( 'NONE',  ( 2.111394182379369155, 1.112263335509567685, 0.7010000000000000675 ) ) ;
#5812 = ORIENTED_EDGE ( 'NONE', *, *, #3652, .T. ) ;
#5813 = ORIENTED_EDGE ( 'NONE', *, *, #12161, .F. ) ;
#5814 = SURFACE_SIDE_STYLE ('',( #4894 ) ) ;
#5815 = VECTOR ( 'NONE', #3519, 1000.000000000000000 ) ;
#5816 = ADVANCED_FACE ( 'NONE', ( #2765 ), #4937, .F. ) ;
#5817 = CARTESIAN_POINT ( 'NONE',  ( 1.971276405576475321, 1.058695007660964693, 0.6999999999999999556 ) ) ;
#5818 = CARTESIAN_POINT ( 'NONE',  ( 2.052918197165804592, 1.171072043255974915, 0.6999999999999999556 ) ) ;
#5819 =( LENGTH_UNIT ( ) NAMED_UNIT ( * ) SI_UNIT ( .MILLI., .METRE. ) );
#5820 = EDGE_LOOP ( 'NONE', ( #8416, #1231, #1148, #12101 ) ) ;
#5821 = CARTESIAN_POINT ( 'NONE',  ( 1.307157238909066876, 1.111774459862482134, 0.7010000000000000675 ) ) ;
#5822 = CARTESIAN_POINT ( 'NONE',  ( 0.9404548836258183053, 1.244805235427459023, 0.6999999999999999556 ) ) ;
#5823 = LINE ( 'NONE', #9669, #1707 ) ;
#5824 = EDGE_LOOP ( 'NONE', ( #1795, #4135, #1020, #6215 ) ) ;
#5825 = DIRECTION ( 'NONE',  ( -1.000000000000000000, -0.0000000000000000000, -0.0000000000000000000 ) ) ;
#5826 = CARTESIAN_POINT ( 'NONE',  ( 2.472148589025581433, 1.216987752840328563, 0.6999999999999999556 ) ) ;
#5827 = EDGE_CURVE ( 'NONE', #1341, #757, #1852, .T. ) ;
#5828 = LINE ( 'NONE', #9676, #1327 ) ;
#5829 = SURFACE_STYLE_FILL_AREA ( #4976 ) ;
#5830 = FILL_AREA_STYLE ('',( #2080 ) ) ;
#5831 = LINE ( 'NONE', #5893, #11754 ) ;
#5832 = PRESENTATION_STYLE_ASSIGNMENT (( #10297 ) ) ;
#5833 = VERTEX_POINT ( 'NONE', #4756 ) ;
#5834 = PRESENTATION_STYLE_ASSIGNMENT (( #3006 ) ) ;
#5835 = CARTESIAN_POINT ( 'NONE',  ( 2.187504461854089755, 1.090137287050050530, 0.6999999999999999556 ) ) ;
#5836 = CARTESIAN_POINT ( 'NONE',  ( 1.526947288835968530, 1.060875693806251796, 0.6999999999999999556 ) ) ;
#5838 = PLANE ( 'NONE',  #5218 ) ;
#5837 = STYLED_ITEM ( 'NONE', ( #5728 ), #7028 ) ;
#5839 = ORIENTED_EDGE ( 'NONE', *, *, #8122, .F. ) ;
#5840 = DIRECTION ( 'NONE',  ( -0.0000000000000000000, -0.0000000000000000000, -1.000000000000000000 ) ) ;
#5841 = CARTESIAN_POINT ( 'NONE',  ( 2.067058904827680177, 1.159426754593186892, 0.7010000000000000675 ) ) ;
#5842 = CARTESIAN_POINT ( 'NONE',  ( 2.060861947646282388, 1.148114188464350871, 0.7010000000000000675 ) ) ;
#5843 = LINE ( 'NONE', #10792, #353 ) ;
#5844 = B_SPLINE_SURFACE_WITH_KNOTS ( 'NONE', 3, 1, ( 
 ( #7581, #9590 ),
 ( #7108, #11726 ),
 ( #430, #7168 ),
 ( #4251, #9928 ) ),
 .UNSPECIFIED., .F., .F., .F.,
 ( 4, 4 ),
 ( 2, 2 ),
 ( 1.000000000000000000, 2.000000000000000000 ),
 ( 0.0000000000000000000, 1.000000000000000000 ),
 .UNSPECIFIED. ) ;
#5845 = ORIENTED_EDGE ( 'NONE', *, *, #2735, .T. ) ;
#5846 = SURFACE_STYLE_USAGE ( .BOTH. , #7868 ) ;
#5848 = SURFACE_STYLE_FILL_AREA ( #7694 ) ;
#5847 =( GEOMETRIC_REPRESENTATION_CONTEXT ( 3 ) GLOBAL_UNCERTAINTY_ASSIGNED_CONTEXT ( ( #9137 ) ) GLOBAL_UNIT_ASSIGNED_CONTEXT ( ( #2994, #7783, #11583 ) ) REPRESENTATION_CONTEXT ( 'NONE', 'WORKASPACE' ) );
#5849 = COLOUR_RGB ( '',1.000000000000000000, 1.000000000000000000, 1.000000000000000000 ) ;
#5850 = EDGE_LOOP ( 'NONE', ( #3572, #11937, #2976, #6456 ) ) ;
#5851 = CARTESIAN_POINT ( 'NONE',  ( 1.607922570388302441, 1.082854716450815324, 0.6999999999999999556 ) ) ;
#5852 = SURFACE_STYLE_USAGE ( .BOTH. , #5918 ) ;
#5853 = EDGE_CURVE ( 'NONE', #2492, #11503, #11504, .T. ) ;
#5854 =( NAMED_UNIT ( * ) SI_UNIT ( $, .STERADIAN. ) SOLID_ANGLE_UNIT ( ) );
#5855 = EDGE_CURVE ( 'NONE', #8107, #832, #8769, .T. ) ;
#5856 = SURFACE_STYLE_FILL_AREA ( #9770 ) ;
#5857 = VERTEX_POINT ( 'NONE', #8708 ) ;
#5858 =( GEOMETRIC_REPRESENTATION_CONTEXT ( 3 ) GLOBAL_UNCERTAINTY_ASSIGNED_CONTEXT ( ( #1785 ) ) GLOBAL_UNIT_ASSIGNED_CONTEXT ( ( #8601, #1992, #7825 ) ) REPRESENTATION_CONTEXT ( 'NONE', 'WORKASPACE' ) );
#5859 = CARTESIAN_POINT ( 'NONE',  ( 1.428620161237295516, 1.456497748373132950, 0.7010000000000000675 ) ) ;
#5860 = MECHANICAL_DESIGN_GEOMETRIC_PRESENTATION_REPRESENTATION (  '', ( #2706 ), #8097 ) ;
#5861 = CARTESIAN_POINT ( 'NONE',  ( 2.490947412151131246, 1.123991804805564376, 0.7010000000000000675 ) ) ;
#5862 = ORIENTED_EDGE ( 'NONE', *, *, #665, .T. ) ;
#5863 = PRESENTATION_STYLE_ASSIGNMENT (( #4840 ) ) ;
#5864 = ADVANCED_FACE ( 'NONE', ( #11377 ), #1019, .F. ) ;
#5865 = CARTESIAN_POINT ( 'NONE',  ( 1.443658418985069414, 1.062032465891237676, 0.6999999999999999556 ) ) ;
#5866 = ORIENTED_EDGE ( 'NONE', *, *, #6081, .T. ) ;
#5867 = PRESENTATION_STYLE_ASSIGNMENT (( #6881 ) ) ;
#5868 = ORIENTED_EDGE ( 'NONE', *, *, #3726, .T. ) ;
#5869 =( LENGTH_UNIT ( ) NAMED_UNIT ( * ) SI_UNIT ( .MILLI., .METRE. ) );
#5870 = VERTEX_POINT ( 'NONE', #4822 ) ;
#5871 =( GEOMETRIC_REPRESENTATION_CONTEXT ( 3 ) GLOBAL_UNCERTAINTY_ASSIGNED_CONTEXT ( ( #304 ) ) GLOBAL_UNIT_ASSIGNED_CONTEXT ( ( #5607, #10184, #12294 ) ) REPRESENTATION_CONTEXT ( 'NONE', 'WORKASPACE' ) );
#5872 = SURFACE_STYLE_USAGE ( .BOTH. , #10577 ) ;
#5873 = PRESENTATION_LAYER_ASSIGNMENT (  '', '', ( #11069 ) ) ;
#5874 =( GEOMETRIC_REPRESENTATION_CONTEXT ( 3 ) GLOBAL_UNCERTAINTY_ASSIGNED_CONTEXT ( ( #7066 ) ) GLOBAL_UNIT_ASSIGNED_CONTEXT ( ( #3198, #1254, #9688 ) ) REPRESENTATION_CONTEXT ( 'NONE', 'WORKASPACE' ) );
#5875 = MECHANICAL_DESIGN_GEOMETRIC_PRESENTATION_REPRESENTATION (  '', ( #5483 ), #10472 ) ;
#5876 = AXIS2_PLACEMENT_3D ( 'NONE', #9014, #11917, #6995 ) ;
#5877 = DIRECTION ( 'NONE',  ( 0.0000000000000000000, -1.000000000000000000, 0.0000000000000000000 ) ) ;
#5878 = VERTEX_POINT ( 'NONE', #5674 ) ;
#5879 =( GEOMETRIC_REPRESENTATION_CONTEXT ( 3 ) GLOBAL_UNCERTAINTY_ASSIGNED_CONTEXT ( ( #6686 ) ) GLOBAL_UNIT_ASSIGNED_CONTEXT ( ( #3828, #5665, #3771 ) ) REPRESENTATION_CONTEXT ( 'NONE', 'WORKASPACE' ) );
#5880 = FILL_AREA_STYLE ('',( #2241 ) ) ;
#5881 = LINE ( 'NONE', #7019, #1966 ) ;
#5882 = CARTESIAN_POINT ( 'NONE',  ( 1.635685497585844583, 1.112931231947474675, 0.6999999999999999556 ) ) ;
#5883 = ORIENTED_EDGE ( 'NONE', *, *, #8196, .F. ) ;
#5884 = LINE ( 'NONE', #5639, #7513 ) ;
#5885 = FILL_AREA_STYLE_COLOUR ( '', #3182 ) ;
#5886 = EDGE_CURVE ( 'NONE', #5459, #2059, #11557, .T. ) ;
#5887 = PLANE ( 'NONE',  #3217 ) ;
#5888 = ADVANCED_FACE ( 'NONE', ( #5913 ), #9951, .F. ) ;
#5889 = VECTOR ( 'NONE', #11473, 1000.000000000000000 ) ;
#5890 = DIRECTION ( 'NONE',  ( -0.0000000000000000000, -0.0000000000000000000, -1.000000000000000000 ) ) ;
#5891 = VECTOR ( 'NONE', #3631, 1000.000000000000000 ) ;
#5892 = CARTESIAN_POINT ( 'NONE',  ( 2.111394182379369155, 1.112263335509567685, 0.7010000000000000675 ) ) ;
#5893 = CARTESIAN_POINT ( 'NONE',  ( 2.426981505140121786, 1.224141287305309023, 0.7010000000000000675 ) ) ;
#5894 = STYLED_ITEM ( 'NONE', ( #9710 ), #12291 ) ;
#5895 = MECHANICAL_DESIGN_GEOMETRIC_PRESENTATION_REPRESENTATION (  '', ( #9727 ), #7915 ) ;
#5896 = CARTESIAN_POINT ( 'NONE',  ( 1.307157238909066876, 1.103676922881259514, 0.6999999999999999556 ) ) ;
#5897 = DIRECTION ( 'NONE',  ( -0.0000000000000000000, -1.000000000000000000, -0.0000000000000000000 ) ) ;
#5898 =( NAMED_UNIT ( * ) SI_UNIT ( $, .STERADIAN. ) SOLID_ANGLE_UNIT ( ) );
#5899 = FILL_AREA_STYLE ('',( #4119 ) ) ;
#5900 = EDGE_CURVE ( 'NONE', #2360, #5207, #6027, .T. ) ;
#5901 = CARTESIAN_POINT ( 'NONE',  ( 1.991738841369566693, 1.119749592507385039, 0.7010000000000000675 ) ) ;
#5902 = ORIENTED_EDGE ( 'NONE', *, *, #6226, .F. ) ;
#5903 = COLOUR_RGB ( '',1.000000000000000000, 1.000000000000000000, 1.000000000000000000 ) ;
#5905 =( LENGTH_UNIT ( ) NAMED_UNIT ( * ) SI_UNIT ( .MILLI., .METRE. ) );
#5904 = PRESENTATION_LAYER_ASSIGNMENT (  '', '', ( #11317 ) ) ;
#5906 = CARTESIAN_POINT ( 'NONE',  ( 2.950000000000001066, -1.700000000000000178, -0.1000000000000000056 ) ) ;
#5907 = DIRECTION ( 'NONE',  ( 0.3493954794691447319, -0.9369753459544848395, -0.0000000000000000000 ) ) ;
#5908 = LINE ( 'NONE', #5842, #8879 ) ;
#5909 =( GEOMETRIC_REPRESENTATION_CONTEXT ( 3 ) GLOBAL_UNCERTAINTY_ASSIGNED_CONTEXT ( ( #10210 ) ) GLOBAL_UNIT_ASSIGNED_CONTEXT ( ( #2497, #2440, #5298 ) ) REPRESENTATION_CONTEXT ( 'NONE', 'WORKASPACE' ) );
#5910 =( GEOMETRIC_REPRESENTATION_CONTEXT ( 3 ) GLOBAL_UNCERTAINTY_ASSIGNED_CONTEXT ( ( #3658 ) ) GLOBAL_UNIT_ASSIGNED_CONTEXT ( ( #9946, #2520, #9073 ) ) REPRESENTATION_CONTEXT ( 'NONE', 'WORKASPACE' ) );
#5911 = CARTESIAN_POINT ( 'NONE',  ( 2.522056969007373528, 1.061439968560242475, 0.6999999999999999556 ) ) ;
#5912 = UNCERTAINTY_MEASURE_WITH_UNIT (LENGTH_MEASURE( 1.000000000000000082E-05 ), #8817, 'distance_accuracy_value', 'NONE');
#5913 = FACE_OUTER_BOUND ( 'NONE', #3484, .T. ) ;
#5914 = VERTEX_POINT ( 'NONE', #7937 ) ;
#5915 = SURFACE_SIDE_STYLE ('',( #1981 ) ) ;
#5916 = CARTESIAN_POINT ( 'NONE',  ( 2.026009262291684987, 1.456381615494256820, 0.7010000000000000675 ) ) ;
#5917 =( NAMED_UNIT ( * ) PLANE_ANGLE_UNIT ( ) SI_UNIT ( $, .RADIAN. ) );
#5918 = SURFACE_SIDE_STYLE ('',( #10863 ) ) ;
#5919 = DIRECTION ( 'NONE',  ( -0.0000000000000000000, -0.0000000000000000000, 1.000000000000000000 ) ) ;
#5920 = VERTEX_POINT ( 'NONE', #11660 ) ;
#5921 = ORIENTED_EDGE ( 'NONE', *, *, #3079, .F. ) ;
#5922 = PRESENTATION_STYLE_ASSIGNMENT (( #5751 ) ) ;
#5923 = VECTOR ( 'NONE', #1237, 1000.000000000000000 ) ;
#5924 = LINE ( 'NONE', #7885, #2627 ) ;
#5925 = B_SPLINE_SURFACE_WITH_KNOTS ( 'NONE', 3, 1, ( 
 ( #124, #12023 ),
 ( #3517, #4188 ),
 ( #7289, #6088 ),
 ( #5416, #3321 ) ),
 .UNSPECIFIED., .F., .F., .F.,
 ( 4, 4 ),
 ( 2, 2 ),
 ( 18.00000000000000000, 19.00000000000000000 ),
 ( 0.0000000000000000000, 1.000000000000000000 ),
 .UNSPECIFIED. ) ;
#5926 = UNCERTAINTY_MEASURE_WITH_UNIT (LENGTH_MEASURE( 1.000000000000000082E-05 ), #8211, 'distance_accuracy_value', 'NONE');
#5927 = EDGE_LOOP ( 'NONE', ( #8713, #10271, #4491, #8092 ) ) ;
#5928 = DIRECTION ( 'NONE',  ( -0.0000000000000000000, 0.0000000000000000000, -1.000000000000000000 ) ) ;
#5929 = STYLED_ITEM ( 'NONE', ( #4288 ), #9673 ) ;
#5930 =( NAMED_UNIT ( * ) PLANE_ANGLE_UNIT ( ) SI_UNIT ( $, .RADIAN. ) );
#5931 = FILL_AREA_STYLE ('',( #3976 ) ) ;
#5932 = ORIENTED_EDGE ( 'NONE', *, *, #2466, .T. ) ;
#5933 = FILL_AREA_STYLE ('',( #2118 ) ) ;
#5934 = SURFACE_STYLE_USAGE ( .BOTH. , #11873 ) ;
#5935 = EDGE_CURVE ( 'NONE', #11757, #9140, #2156, .T. ) ;
#5936 = LINE ( 'NONE', #7836, #8979 ) ;
#5937 = VERTEX_POINT ( 'NONE', #3145 ) ;
#5938 = CARTESIAN_POINT ( 'NONE',  ( 2.039734066786956568, 1.086560519817557191, 0.7010000000000000675 ) ) ;
#5939 = STYLED_ITEM ( 'NONE', ( #9503 ), #9345 ) ;
#5940 = SURFACE_STYLE_FILL_AREA ( #9609 ) ;
#5941 = VERTEX_POINT ( 'NONE', #4252 ) ;
#5942 = CARTESIAN_POINT ( 'NONE',  ( 2.071176346176035743, 1.162338076758885785, 0.7010000000000000675 ) ) ;
#5943 = DIRECTION ( 'NONE',  ( -0.0000000000000000000, -1.000000000000000000, -0.0000000000000000000 ) ) ;
#5944 = SURFACE_STYLE_FILL_AREA ( #2189 ) ;
#5945 = CARTESIAN_POINT ( 'NONE',  ( 2.262325441512390789, 1.061439968560242475, 0.7010000000000000675 ) ) ;
#5946 = MECHANICAL_DESIGN_GEOMETRIC_PRESENTATION_REPRESENTATION (  '', ( #10556 ), #11744 ) ;
#5947 =( LENGTH_UNIT ( ) NAMED_UNIT ( * ) SI_UNIT ( .MILLI., .METRE. ) );
#5948 = EDGE_CURVE ( 'NONE', #454, #7190, #11405, .T. ) ;
#5949 = CARTESIAN_POINT ( 'NONE',  ( 2.309280909012984662, 1.402979648912079158, 0.7010000000000000675 ) ) ;
#5950 = ADVANCED_FACE ( 'NONE', ( #7112 ), #1324, .F. ) ;
#5951 = CARTESIAN_POINT ( 'NONE',  ( 2.098085281050710016, 1.122494553405553042, 0.6999999999999999556 ) ) ;
#5952 = EDGE_CURVE ( 'NONE', #5920, #4855, #2691, .T. ) ;
#5953 = CARTESIAN_POINT ( 'NONE',  ( 2.071176346176035743, 1.162338076758885785, 0.6999999999999999556 ) ) ;
#5954 = LINE ( 'NONE', #9799, #8282 ) ;
#5955 = VECTOR ( 'NONE', #929, 1000.000000000000000 ) ;
#5956 = SURFACE_STYLE_FILL_AREA ( #7739 ) ;
#5957 = DIRECTION ( 'NONE',  ( -0.0000000000000000000, -0.0000000000000000000, -1.000000000000000000 ) ) ;
#5958 = CARTESIAN_POINT ( 'NONE',  ( 2.257459374462916557, 1.458461131326739046, 0.6999999999999999556 ) ) ;
#5959 = ORIENTED_EDGE ( 'NONE', *, *, #10179, .F. ) ;
#5960 = CARTESIAN_POINT ( 'NONE',  ( 2.242112547618933416, 1.338098754933535917, 0.7010000000000000675 ) ) ;
#5961 = ADVANCED_FACE ( 'NONE', ( #9317 ), #10622, .F. ) ;
#5962 = SURFACE_STYLE_FILL_AREA ( #11722 ) ;
#5963 = CARTESIAN_POINT ( 'NONE',  ( 1.190321493177406875, 1.345445995451615806, 0.7010000000000000675 ) ) ;
#5964 = DIRECTION ( 'NONE',  ( -1.000000000000000000, 0.0000000000000000000, 0.0000000000000000000 ) ) ;
#5965 = DIRECTION ( 'NONE',  ( 0.0000000000000000000, 0.0000000000000000000, 1.000000000000000000 ) ) ;
#5966 = MECHANICAL_DESIGN_GEOMETRIC_PRESENTATION_REPRESENTATION (  '', ( #4596 ), #1428 ) ;
#5967 =( LENGTH_UNIT ( ) NAMED_UNIT ( * ) SI_UNIT ( .MILLI., .METRE. ) );
#5968 = ORIENTED_EDGE ( 'NONE', *, *, #3570, .T. ) ;
#5969 = CARTESIAN_POINT ( 'NONE',  ( 2.085109102254885993, 1.180305093553438711, 0.7010000000000000675 ) ) ;
#5970 = PRESENTATION_LAYER_ASSIGNMENT (  '', '', ( #416 ) ) ;
#5971 = CARTESIAN_POINT ( 'NONE',  ( 2.363805814144614992, 1.382434032485780895, 0.7010000000000000675 ) ) ;
#5972 = EDGE_LOOP ( 'NONE', ( #334, #9537, #1027, #7903 ) ) ;
#5973 = B_SPLINE_CURVE_WITH_KNOTS ( 'NONE', 3,
 ( #658, #12060, #3555, #2607 ),
 .UNSPECIFIED., .F., .F.,
 ( 4, 4 ),
 ( 13.00000000000000000, 14.00000000000000000 ),
 .UNSPECIFIED. ) ;
#5974 = STYLED_ITEM ( 'NONE', ( #7679 ), #6025 ) ;
#5975 = ADVANCED_FACE ( 'NONE', ( #9249 ), #9192, .T. ) ;
#5976 = DIRECTION ( 'NONE',  ( 1.000000000000000000, -0.0000000000000000000, -0.0000000000000000000 ) ) ;
#5977 = LINE ( 'NONE', #255, #4497 ) ;
#5978 = VECTOR ( 'NONE', #11773, 1000.000000000000000 ) ;
#5979 = CARTESIAN_POINT ( 'NONE',  ( 2.137762443137059876, 1.411464073508428951, 0.7010000000000000675 ) ) ;
#5980 =( LENGTH_UNIT ( ) NAMED_UNIT ( * ) SI_UNIT ( .MILLI., .METRE. ) );
#5981 = UNCERTAINTY_MEASURE_WITH_UNIT (LENGTH_MEASURE( 1.000000000000000082E-05 ), #2741, 'distance_accuracy_value', 'NONE');
#5982 = CARTESIAN_POINT ( 'NONE',  ( 2.026009262291685431, 1.326287105004327449, 0.7010000000000000675 ) ) ;
#5983 = ORIENTED_EDGE ( 'NONE', *, *, #5278, .F. ) ;
#5984 = VECTOR ( 'NONE', #4480, 1000.000000000000000 ) ;
#5985 = CARTESIAN_POINT ( 'NONE',  ( 0.9948240321290651167, 1.376679249938345562, 0.7010000000000000675 ) ) ;
#5986 = CARTESIAN_POINT ( 'NONE',  ( 2.079577590140282872, 1.463535149958128612, 0.7010000000000000675 ) ) ;
#5987 = EDGE_LOOP ( 'NONE', ( #11871, #6818, #3832, #6661 ) ) ;
#5988 = CARTESIAN_POINT ( 'NONE',  ( 2.026009262291684987, 1.326287105004327449, 0.6999999999999999556 ) ) ;
#5989 = SURFACE_SIDE_STYLE ('',( #2408 ) ) ;
#5990 = ORIENTED_EDGE ( 'NONE', *, *, #10529, .F. ) ;
#5991 = CARTESIAN_POINT ( 'NONE',  ( 1.980966949356598450, 1.316804512807233207, 0.7010000000000000675 ) ) ;
#5992 = DIRECTION ( 'NONE',  ( -1.000000000000000000, -0.0000000000000000000, -0.0000000000000000000 ) ) ;
#5993 = COLOUR_RGB ( '',1.000000000000000000, 1.000000000000000000, 1.000000000000000000 ) ;
#5994 = ORIENTED_EDGE ( 'NONE', *, *, #9493, .F. ) ;
#5995 = CARTESIAN_POINT ( 'NONE',  ( 1.428620161237295516, 1.096736157986126337, 0.6999999999999999556 ) ) ;
#5996 = FILL_AREA_STYLE_COLOUR ( '', #8734 ) ;
#5997 = CARTESIAN_POINT ( 'NONE',  ( 2.079577590140282872, 1.338098754933535917, 0.6999999999999999556 ) ) ;
#5998 = VECTOR ( 'NONE', #1281, 1000.000000000000000 ) ;
#5999 = EDGE_LOOP ( 'NONE', ( #7233, #10320, #5883, #7554 ) ) ;
#6000 =( NAMED_UNIT ( * ) SI_UNIT ( $, .STERADIAN. ) SOLID_ANGLE_UNIT ( ) );
#6001 =( NAMED_UNIT ( * ) PLANE_ANGLE_UNIT ( ) SI_UNIT ( $, .RADIAN. ) );
#6002 = EDGE_LOOP ( 'NONE', ( #9260, #4182, #7957, #5088 ) ) ;
#6003 = CARTESIAN_POINT ( 'NONE',  ( 1.082740056512518256, 1.140694203274155383, 0.6999999999999999556 ) ) ;
#6004 =( NAMED_UNIT ( * ) PLANE_ANGLE_UNIT ( ) SI_UNIT ( $, .RADIAN. ) );
#6005 = VECTOR ( 'NONE', #9035, 1000.000000000000000 ) ;
#6006 = DIRECTION ( 'NONE',  ( 0.0000000000000000000, -0.0000000000000000000, 1.000000000000000000 ) ) ;
#6007 = CARTESIAN_POINT ( 'NONE',  ( 1.987662990337809354, 1.466030568956663283, 0.6999999999999999556 ) ) ;
#6008 = DIRECTION ( 'NONE',  ( 0.0000000000000000000, 1.000000000000000000, -0.0000000000000000000 ) ) ;
#6009 = CARTESIAN_POINT ( 'NONE',  ( 2.301087616632872201, 1.446316758863579466, 0.6999999999999999556 ) ) ;
#6010 = EDGE_CURVE ( 'NONE', #4330, #4778, #745, .T. ) ;
#6011 = DIRECTION ( 'NONE',  ( -0.0000000000000000000, -0.0000000000000000000, -1.000000000000000000 ) ) ;
#6012 =( LENGTH_UNIT ( ) NAMED_UNIT ( * ) SI_UNIT ( .MILLI., .METRE. ) );
#6013 = CARTESIAN_POINT ( 'NONE',  ( 2.269811698510213915, 1.355067604127344172, 0.6999999999999999556 ) ) ;
#6014 =( LENGTH_UNIT ( ) NAMED_UNIT ( * ) SI_UNIT ( .MILLI., .METRE. ) );
#6015 = CARTESIAN_POINT ( 'NONE',  ( -3.249999999999998668, 2.000000000000000000, 0.0000000000000000000 ) ) ;
#6016 = EDGE_CURVE ( 'NONE', #11519, #10876, #10214, .T. ) ;
#6017 = UNCERTAINTY_MEASURE_WITH_UNIT (LENGTH_MEASURE( 1.000000000000000082E-05 ), #10817, 'distance_accuracy_value', 'NONE');
#6018 = VERTEX_POINT ( 'NONE', #10180 ) ;
#6019 = FILL_AREA_STYLE_COLOUR ( '', #11082 ) ;
#6020 = LINE ( 'NONE', #10846, #10666 ) ;
#6021 = CARTESIAN_POINT ( 'NONE',  ( 2.287196450871179287, 1.402397384478496489, 0.7010000000000000675 ) ) ;
#6022 = CARTESIAN_POINT ( 'NONE',  ( 1.930101992090114349, 1.149694620496459763, 0.6999999999999999556 ) ) ;
#6023 = B_SPLINE_SURFACE_WITH_KNOTS ( 'NONE', 3, 1, ( 
 ( #10637, #3111 ),
 ( #4045, #2126 ),
 ( #7907, #1176 ),
 ( #10699, #8676 ) ),
 .UNSPECIFIED., .F., .F., .F.,
 ( 4, 4 ),
 ( 2, 2 ),
 ( 4.000000000000000000, 5.000000000000000000 ),
 ( 0.0000000000000000000, 1.000000000000000000 ),
 .UNSPECIFIED. ) ;
#6024 = CARTESIAN_POINT ( 'NONE',  ( 2.133021147039069199, 1.008370724510909255, 0.7010000000000000675 ) ) ;
#6025 = ADVANCED_FACE ( 'NONE', ( #10239 ), #8766, .F. ) ;
#6026 = EDGE_CURVE ( 'NONE', #6657, #1528, #3946, .T. ) ;
#6027 = LINE ( 'NONE', #9998, #8207 ) ;
#6028 = VERTEX_POINT ( 'NONE', #5781 ) ;
#6029 = ADVANCED_FACE ( 'NONE', ( #7743 ), #1839, .F. ) ;
#6030 = VERTEX_POINT ( 'NONE', #9379 ) ;
#6031 =( LENGTH_UNIT ( ) NAMED_UNIT ( * ) SI_UNIT ( .MILLI., .METRE. ) );
#6032 = DIRECTION ( 'NONE',  ( -0.0000000000000000000, -0.0000000000000000000, -1.000000000000000000 ) ) ;
#6033 = VECTOR ( 'NONE', #1783, 1000.000000000000000 ) ;
#6034 =( LENGTH_UNIT ( ) NAMED_UNIT ( * ) SI_UNIT ( .MILLI., .METRE. ) );
#6035 = CARTESIAN_POINT ( 'NONE',  ( 2.595962961699245675, 1.197939387814038081, 0.6999999999999999556 ) ) ;
#6036 =( LENGTH_UNIT ( ) NAMED_UNIT ( * ) SI_UNIT ( .MILLI., .METRE. ) );
#6037 = ORIENTED_EDGE ( 'NONE', *, *, #1028, .T. ) ;
#6038 = CARTESIAN_POINT ( 'NONE',  ( 0.9404548836258183053, 1.244805235427459023, 0.7010000000000000675 ) ) ;
#6039 = ORIENTED_EDGE ( 'NONE', *, *, #5054, .T. ) ;
#6040 = MECHANICAL_DESIGN_GEOMETRIC_PRESENTATION_REPRESENTATION (  '', ( #307 ), #7675 ) ;
#6041 = EDGE_CURVE ( 'NONE', #4215, #12321, #74, .T. ) ;
#6042 = STYLED_ITEM ( 'NONE', ( #6856 ), #7038 ) ;
#6043 = DIRECTION ( 'NONE',  ( 0.0000000000000000000, -0.0000000000000000000, -1.000000000000000000 ) ) ;
#6044 = UNCERTAINTY_MEASURE_WITH_UNIT (LENGTH_MEASURE( 1.000000000000000082E-05 ), #8453, 'distance_accuracy_value', 'NONE');
#6045 = ORIENTED_EDGE ( 'NONE', *, *, #9884, .T. ) ;
#6046 = DIRECTION ( 'NONE',  ( -0.0000000000000000000, -0.0000000000000000000, -1.000000000000000000 ) ) ;
#6047 = DIRECTION ( 'NONE',  ( -0.0000000000000000000, 1.000000000000000000, -0.0000000000000000000 ) ) ;
#6048 = CARTESIAN_POINT ( 'NONE',  ( 1.257415311130420044, 1.202004072544497815, 0.6999999999999999556 ) ) ;
#6049 = ORIENTED_EDGE ( 'NONE', *, *, #9963, .F. ) ;
#6050 = SURFACE_SIDE_STYLE ('',( #10816 ) ) ;
#6051 =( LENGTH_UNIT ( ) NAMED_UNIT ( * ) SI_UNIT ( .MILLI., .METRE. ) );
#6052 = PRESENTATION_LAYER_ASSIGNMENT (  '', '', ( #2889 ) ) ;
#6053 = VERTEX_POINT ( 'NONE', #7623 ) ;
#6054 = DIRECTION ( 'NONE',  ( -1.000000000000000000, -0.0000000000000000000, -0.0000000000000000000 ) ) ;
#6055 = CARTESIAN_POINT ( 'NONE',  ( 2.079577590140282872, 1.392831611648191581, 0.7010000000000000675 ) ) ;
#6056 = VERTEX_POINT ( 'NONE', #5723 ) ;
#6057 = LINE ( 'NONE', #4280, #329 ) ;
#6058 =( GEOMETRIC_REPRESENTATION_CONTEXT ( 3 ) GLOBAL_UNCERTAINTY_ASSIGNED_CONTEXT ( ( #9933 ) ) GLOBAL_UNIT_ASSIGNED_CONTEXT ( ( #8366, #8234, #8435 ) ) REPRESENTATION_CONTEXT ( 'NONE', 'WORKASPACE' ) );
#6059 = VECTOR ( 'NONE', #4500, 1000.000000000000000 ) ;
#6060 = MECHANICAL_DESIGN_GEOMETRIC_PRESENTATION_REPRESENTATION (  '', ( #5673 ), #4899 ) ;
#6061 =( LENGTH_UNIT ( ) NAMED_UNIT ( * ) SI_UNIT ( .MILLI., .METRE. ) );
#6062 = AXIS2_PLACEMENT_3D ( 'NONE', #2823, #6408, #755 ) ;
#6063 = COLOUR_RGB ( '',1.000000000000000000, 1.000000000000000000, 1.000000000000000000 ) ;
#6064 =( GEOMETRIC_REPRESENTATION_CONTEXT ( 3 ) GLOBAL_UNCERTAINTY_ASSIGNED_CONTEXT ( ( #4712 ) ) GLOBAL_UNIT_ASSIGNED_CONTEXT ( ( #201, #3964, #4020 ) ) REPRESENTATION_CONTEXT ( 'NONE', 'WORKASPACE' ) );
#6065 = CARTESIAN_POINT ( 'NONE',  ( 1.955014591765512622, 1.114758754508100580, 0.6999999999999999556 ) ) ;
#6066 =( NAMED_UNIT ( * ) SI_UNIT ( $, .STERADIAN. ) SOLID_ANGLE_UNIT ( ) );
#6067 = LINE ( 'NONE', #9917, #2553 ) ;
#6068 =( LENGTH_UNIT ( ) NAMED_UNIT ( * ) SI_UNIT ( .MILLI., .METRE. ) );
#6069 = CARTESIAN_POINT ( 'NONE',  ( 1.127854851821517679, 1.432205159494573943, 0.7010000000000000675 ) ) ;
#6070 = MECHANICAL_DESIGN_GEOMETRIC_PRESENTATION_REPRESENTATION (  '', ( #121 ), #10881 ) ;
#6071 = PRESENTATION_LAYER_ASSIGNMENT (  '', '', ( #12267 ) ) ;
#6072 = PRESENTATION_LAYER_ASSIGNMENT (  '', '', ( #8916 ) ) ;
#6073 = CARTESIAN_POINT ( 'NONE',  ( 2.089268133920406001, 1.075331134321934945, 0.7010000000000000675 ) ) ;
#6074 = FILL_AREA_STYLE_COLOUR ( '', #1296 ) ;
#6075 = SURFACE_SIDE_STYLE ('',( #1249 ) ) ;
#6076 = PRESENTATION_LAYER_ASSIGNMENT (  '', '', ( #2925 ) ) ;
#6077 = SURFACE_STYLE_USAGE ( .BOTH. , #2259 ) ;
#6078 = VECTOR ( 'NONE', #6227, 999.9999999999998863 ) ;
#6079 = ORIENTED_EDGE ( 'NONE', *, *, #5448, .F. ) ;
#6080 = ADVANCED_FACE ( 'NONE', ( #9561 ), #1007, .T. ) ;
#6081 = EDGE_CURVE ( 'NONE', #11015, #10975, #9973, .T. ) ;
#6082 = VECTOR ( 'NONE', #3549, 1000.000000000000000 ) ;
#6083 = MECHANICAL_DESIGN_GEOMETRIC_PRESENTATION_REPRESENTATION (  '', ( #6694 ), #3143 ) ;
#6084 = FILL_AREA_STYLE ('',( #424 ) ) ;
#6085 =( GEOMETRIC_REPRESENTATION_CONTEXT ( 3 ) GLOBAL_UNCERTAINTY_ASSIGNED_CONTEXT ( ( #3448 ) ) GLOBAL_UNIT_ASSIGNED_CONTEXT ( ( #5947, #10709, #4234 ) ) REPRESENTATION_CONTEXT ( 'NONE', 'WORKASPACE' ) );
#6086 = CARTESIAN_POINT ( 'NONE',  ( 2.092054685135732228, 1.102115298245675667, 0.7010000000000000675 ) ) ;
#6087 = MECHANICAL_DESIGN_GEOMETRIC_PRESENTATION_REPRESENTATION (  '', ( #10694 ), #11694 ) ;
#6088 = CARTESIAN_POINT ( 'NONE',  ( 2.096421668384277126, 1.061772691093084697, 0.6999999999999999556 ) ) ;
#6089 = EDGE_CURVE ( 'NONE', #9834, #9065, #5272, .T. ) ;
#6090 = CARTESIAN_POINT ( 'NONE',  ( 2.281249035588861052, 1.437998695533650784, 0.7010000000000000675 ) ) ;
#6091 = LINE ( 'NONE', #7169, #2923 ) ;
#6092 = FACE_BOUND ( 'NONE', #482, .T. ) ;
#6093 = UNCERTAINTY_MEASURE_WITH_UNIT (LENGTH_MEASURE( 1.000000000000000082E-05 ), #9125, 'distance_accuracy_value', 'NONE');
#6094 = MECHANICAL_DESIGN_GEOMETRIC_PRESENTATION_REPRESENTATION (  '', ( #6500 ), #543 ) ;
#6095 = STYLED_ITEM ( 'NONE', ( #10260 ), #467 ) ;
#6096 = CARTESIAN_POINT ( 'NONE',  ( 2.039858837736773456, 1.156598613060702885, 0.6999999999999999556 ) ) ;
#6097 = VERTEX_POINT ( 'NONE', #3367 ) ;
#6098 = ORIENTED_EDGE ( 'NONE', *, *, #9932, .F. ) ;
#6099 = PLANE ( 'NONE',  #2827 ) ;
#6100 = DIRECTION ( 'NONE',  ( -0.0000000000000000000, -0.0000000000000000000, -1.000000000000000000 ) ) ;
#6101 = VECTOR ( 'NONE', #2092, 1000.000000000000000 ) ;
#6102 = ADVANCED_FACE ( 'NONE', ( #1549 ), #5838, .F. ) ;
#6103 = STYLED_ITEM ( 'NONE', ( #1404 ), #10918 ) ;
#6104 = EDGE_CURVE ( 'NONE', #8134, #3659, #12007, .T. ) ;
#6105 = CARTESIAN_POINT ( 'NONE',  ( 1.944325880385757710, 1.058695007660964693, 0.6999999999999999556 ) ) ;
#6106 = ORIENTED_EDGE ( 'NONE', *, *, #6726, .T. ) ;
#6107 = SURFACE_SIDE_STYLE ('',( #4262 ) ) ;
#6108 = CARTESIAN_POINT ( 'NONE',  ( 2.462000551761694300, 1.085645532851132966, 0.7010000000000000675 ) ) ;
#6109 = ORIENTED_EDGE ( 'NONE', *, *, #622, .F. ) ;
#6110 = SURFACE_STYLE_FILL_AREA ( #326 ) ;
#6111 = CARTESIAN_POINT ( 'NONE',  ( 1.895540438951756279, 1.205425644811862096, 0.7010000000000000675 ) ) ;
#6112 = EDGE_LOOP ( 'NONE', ( #1613, #11078, #3972, #8485 ) ) ;
#6113 = PRESENTATION_LAYER_ASSIGNMENT (  '', '', ( #1370 ) ) ;
#6114 = DIRECTION ( 'NONE',  ( 1.000000000000000000, 1.172110456741085828E-16, 0.0000000000000000000 ) ) ;
#6115 = VERTEX_POINT ( 'NONE', #5216 ) ;
#6116 = DIRECTION ( 'NONE',  ( -0.0000000000000000000, -0.0000000000000000000, -1.000000000000000000 ) ) ;
#6117 = CARTESIAN_POINT ( 'NONE',  ( 1.226181979420744916, 1.217042330292825936, 0.7010000000000000675 ) ) ;
#6118 = ADVANCED_FACE ( 'NONE', ( #3433 ), #5157, .F. ) ;
#6119 = LINE ( 'NONE', #10885, #1548 ) ;
#6120 = VERTEX_POINT ( 'NONE', #2787 ) ;
#6121 = CARTESIAN_POINT ( 'NONE',  ( 1.930101992090114127, 1.149694620496459763, 0.7010000000000000675 ) ) ;
#6122 = CARTESIAN_POINT ( 'NONE',  ( 2.389134316986063489, 1.452721667628555924, 0.7010000000000000675 ) ) ;
#6123 = PRESENTATION_STYLE_ASSIGNMENT (( #9907 ) ) ;
#6124 = VERTEX_POINT ( 'NONE', #6369 ) ;
#6125 = CARTESIAN_POINT ( 'NONE',  ( 2.391297013451754605, 1.461455634125646164, 0.7010000000000000675 ) ) ;
#6126 = DIRECTION ( 'NONE',  ( 1.000000000000000000, -0.0000000000000000000, -0.0000000000000000000 ) ) ;
#6127 = PLANE ( 'NONE',  #10389 ) ;
#6128 = B_SPLINE_SURFACE_WITH_KNOTS ( 'NONE', 3, 1, ( 
 ( #7948, #4202 ),
 ( #3923, #11739 ),
 ( #7001, #6105 ),
 ( #6700, #7598 ) ),
 .UNSPECIFIED., .F., .F., .F.,
 ( 4, 4 ),
 ( 2, 2 ),
 ( 7.000000000000000000, 8.000000000000000000 ),
 ( 0.0000000000000000000, 1.000000000000000000 ),
 .UNSPECIFIED. ) ;
#6129 = CARTESIAN_POINT ( 'NONE',  ( 2.003009817182348495, 1.484995753350852210, 0.6999999999999999556 ) ) ;
#6130 = ADVANCED_FACE ( 'NONE', ( #783 ), #4589, .T. ) ;
#6131 = STYLED_ITEM ( 'NONE', ( #4000 ), #8894 ) ;
#6132 = CARTESIAN_POINT ( 'NONE',  ( 2.185009042854447081, 1.080737875486165844, 0.7010000000000000675 ) ) ;
#6133 = FACE_OUTER_BOUND ( 'NONE', #251, .T. ) ;
#6134 = PRESENTATION_STYLE_ASSIGNMENT (( #2369 ) ) ;
#6135 = LINE ( 'NONE', #10283, #3300 ) ;
#6136 = CARTESIAN_POINT ( 'NONE',  ( 2.597584984049067014, 1.191950382216223403, 0.7010000000000000675 ) ) ;
#6137 = CARTESIAN_POINT ( 'NONE',  ( 2.522056969007373528, 1.061439968560242475, 0.6999999999999999556 ) ) ;
#6138 = CARTESIAN_POINT ( 'NONE',  ( 1.918747835644118327, 1.114259670708837024, 0.7010000000000000675 ) ) ;
#6139 = UNCERTAINTY_MEASURE_WITH_UNIT (LENGTH_MEASURE( 1.000000000000000082E-05 ), #1030, 'distance_accuracy_value', 'NONE');
#6140 = EDGE_LOOP ( 'NONE', ( #3480, #11322, #7330, #961 ) ) ;
#6141 = VECTOR ( 'NONE', #8169, 1000.000000000000000 ) ;
#6142 = CARTESIAN_POINT ( 'NONE',  ( 2.221442160242816932, 1.338098754933535917, 0.6999999999999999556 ) ) ;
#6143 = LINE ( 'NONE', #1314, #11169 ) ;
#6144 =( NAMED_UNIT ( * ) SI_UNIT ( $, .STERADIAN. ) SOLID_ANGLE_UNIT ( ) );
#6145 = PRESENTATION_LAYER_ASSIGNMENT (  '', '', ( #8988 ) ) ;
#6146 = FILL_AREA_STYLE ('',( #2379 ) ) ;
#6147 = PRESENTATION_STYLE_ASSIGNMENT (( #7170 ) ) ;
#6148 = B_SPLINE_CURVE_WITH_KNOTS ( 'NONE', 3,
 ( #6769, #10582, #11792, #3273 ),
 .UNSPECIFIED., .F., .F.,
 ( 4, 4 ),
 ( 3.000000000000000000, 4.000000000000000000 ),
 .UNSPECIFIED. ) ;
#6149 = VECTOR ( 'NONE', #10957, 999.9999999999998863 ) ;
#6150 = SURFACE_STYLE_FILL_AREA ( #250 ) ;
#6151 = VERTEX_POINT ( 'NONE', #6558 ) ;
#6152 = ORIENTED_EDGE ( 'NONE', *, *, #7178, .T. ) ;
#6153 = CARTESIAN_POINT ( 'NONE',  ( 2.185424946020503079, 1.082900571952965185, 0.7010000000000000675 ) ) ;
#6154 = PRESENTATION_STYLE_ASSIGNMENT (( #5181 ) ) ;
#6155 = FILL_AREA_STYLE ('',( #8958 ) ) ;
#6156 = CARTESIAN_POINT ( 'NONE',  ( 2.039734066786956568, 1.086560519817557191, 0.7010000000000000675 ) ) ;
#6157 = VERTEX_POINT ( 'NONE', #12252 ) ;
#6158 = ADVANCED_FACE ( 'NONE', ( #11274 ), #1811, .F. ) ;
#6159 = PRESENTATION_STYLE_ASSIGNMENT (( #1275 ) ) ;
#6160 = ORIENTED_EDGE ( 'NONE', *, *, #6081, .F. ) ;
#6161 = CARTESIAN_POINT ( 'NONE',  ( 1.980966949356598450, 1.316804512807233207, 0.6999999999999999556 ) ) ;
#6162 = AXIS2_PLACEMENT_3D ( 'NONE', #7760, #9704, #7639 ) ;
#6163 = FILL_AREA_STYLE_COLOUR ( '', #4808 ) ;
#6164 = ADVANCED_FACE ( 'NONE', ( #5576 ), #4714, .F. ) ;
#6165 = ORIENTED_EDGE ( 'NONE', *, *, #11569, .F. ) ;
#6166 = VECTOR ( 'NONE', #4490, 1000.000000000000000 ) ;
#6167 = ORIENTED_EDGE ( 'NONE', *, *, #3404, .T. ) ;
#6168 = PLANE ( 'NONE',  #6478 ) ;
#6169 = CARTESIAN_POINT ( 'NONE',  ( 1.098935108410403982, 1.184652226498163596, 0.7010000000000000675 ) ) ;
#6170 = VECTOR ( 'NONE', #6223, 1000.000000000000000 ) ;
#6171 = CARTESIAN_POINT ( 'NONE',  ( 1.464480625416062498, 1.132596622164890876, 0.6999999999999999556 ) ) ;
#6172 = DIRECTION ( 'NONE',  ( -0.0000000000000000000, 1.000000000000000000, 0.0000000000000000000 ) ) ;
#6173 = ORIENTED_EDGE ( 'NONE', *, *, #4002, .T. ) ;
#6174 = CARTESIAN_POINT ( 'NONE',  ( 1.127854851821517679, 1.432205159494573943, 0.6999999999999999556 ) ) ;
#6175 = CARTESIAN_POINT ( 'NONE',  ( 2.464703922344361864, 1.319549473706508769, 0.6999999999999999556 ) ) ;
#6176 = ORIENTED_EDGE ( 'NONE', *, *, #8434, .T. ) ;
#6177 = FILL_AREA_STYLE ('',( #8275 ) ) ;
#6178 = SURFACE_STYLE_USAGE ( .BOTH. , #6961 ) ;
#6179 =( GEOMETRIC_REPRESENTATION_CONTEXT ( 3 ) GLOBAL_UNCERTAINTY_ASSIGNED_CONTEXT ( ( #2230 ) ) GLOBAL_UNIT_ASSIGNED_CONTEXT ( ( #1530, #7960, #5199 ) ) REPRESENTATION_CONTEXT ( 'NONE', 'WORKASPACE' ) );
#6180 =( NAMED_UNIT ( * ) SI_UNIT ( $, .STERADIAN. ) SOLID_ANGLE_UNIT ( ) );
#6181 = ADVANCED_FACE ( 'NONE', ( #4954 ), #10446, .F. ) ;
#6182 =( NAMED_UNIT ( * ) PLANE_ANGLE_UNIT ( ) SI_UNIT ( $, .RADIAN. ) );
#6183 = SURFACE_SIDE_STYLE ('',( #7395 ) ) ;
#6184 = AXIS2_PLACEMENT_3D ( 'NONE', #1980, #1024, #7758 ) ;
#6185 = CARTESIAN_POINT ( 'NONE',  ( 1.944824964185577043, 1.108936110176710343, 0.7010000000000000675 ) ) ;
#6186 = LINE ( 'NONE', #5164, #2964 ) ;
#6187 =( GEOMETRIC_REPRESENTATION_CONTEXT ( 3 ) GLOBAL_UNCERTAINTY_ASSIGNED_CONTEXT ( ( #11571 ) ) GLOBAL_UNIT_ASSIGNED_CONTEXT ( ( #10378, #4568, #2710 ) ) REPRESENTATION_CONTEXT ( 'NONE', 'WORKASPACE' ) );
#6188 = SURFACE_STYLE_USAGE ( .BOTH. , #11955 ) ;
#6189 = DIRECTION ( 'NONE',  ( 0.1333547648937652708, -0.9910683662997868959, 0.0000000000000000000 ) ) ;
#6190 = VECTOR ( 'NONE', #2688, 1000.000000000000000 ) ;
#6191 = SURFACE_STYLE_FILL_AREA ( #3508 ) ;
#6192 = CARTESIAN_POINT ( 'NONE',  ( 1.127854851821517679, 1.432205159494573943, 0.6999999999999999556 ) ) ;
#6193 = ADVANCED_FACE ( 'NONE', ( #5756 ), #2112, .T. ) ;
#6194 = ORIENTED_EDGE ( 'NONE', *, *, #784, .T. ) ;
#6195 =( NAMED_UNIT ( * ) PLANE_ANGLE_UNIT ( ) SI_UNIT ( $, .RADIAN. ) );
#6196 = CARTESIAN_POINT ( 'NONE',  ( 1.966784651378118642, 1.335520155300681466, 0.7010000000000000675 ) ) ;
#6197 = ORIENTED_EDGE ( 'NONE', *, *, #5348, .T. ) ;
#6198 =( NAMED_UNIT ( * ) PLANE_ANGLE_UNIT ( ) SI_UNIT ( $, .RADIAN. ) );
#6199 = CARTESIAN_POINT ( 'NONE',  ( 2.146163687101306561, 1.006707111844477032, 0.7010000000000000675 ) ) ;
#6200 = SURFACE_STYLE_USAGE ( .BOTH. , #11178 ) ;
#6201 = FILL_AREA_STYLE_COLOUR ( '', #8271 ) ;
#6202 = SURFACE_SIDE_STYLE ('',( #10115 ) ) ;
#6203 = CARTESIAN_POINT ( 'NONE',  ( 1.895540438951756279, 1.224141287305309023, 0.7010000000000000675 ) ) ;
#6204 =( NAMED_UNIT ( * ) PLANE_ANGLE_UNIT ( ) SI_UNIT ( $, .RADIAN. ) );
#6205 = ORIENTED_EDGE ( 'NONE', *, *, #11612, .T. ) ;
#6206 = ORIENTED_EDGE ( 'NONE', *, *, #1600, .T. ) ;
#6207 = LINE ( 'NONE', #1326, #4723 ) ;
#6208 = CARTESIAN_POINT ( 'NONE',  ( 1.991738841369566693, 1.079406985353685400, 0.7010000000000000675 ) ) ;
#6209 = CARTESIAN_POINT ( 'NONE',  ( 1.955596856198538624, 1.058695007660964693, 0.6999999999999999556 ) ) ;
#6210 = SURFACE_STYLE_FILL_AREA ( #4140 ) ;
#6211 = CARTESIAN_POINT ( 'NONE',  ( 0.9948240321290651167, 1.376679249938345562, 0.6999999999999999556 ) ) ;
#6212 = CARTESIAN_POINT ( 'NONE',  ( 2.595047974733924789, 1.203346128978269869, 0.6999999999999999556 ) ) ;
#6213 = UNCERTAINTY_MEASURE_WITH_UNIT (LENGTH_MEASURE( 1.000000000000000082E-05 ), #2358, 'distance_accuracy_value', 'NONE');
#6214 = SURFACE_STYLE_FILL_AREA ( #4260 ) ;
#6215 = ORIENTED_EDGE ( 'NONE', *, *, #1490, .T. ) ;
#6216 = CARTESIAN_POINT ( 'NONE',  ( 1.941622509803084151, 1.176728326320945150, 0.7010000000000000675 ) ) ;
#6217 = DIRECTION ( 'NONE',  ( -0.0000000000000000000, -0.0000000000000000000, -1.000000000000000000 ) ) ;
#6218 = VERTEX_POINT ( 'NONE', #11930 ) ;
#6219 =( NAMED_UNIT ( * ) SI_UNIT ( $, .STERADIAN. ) SOLID_ANGLE_UNIT ( ) );
#6220 = B_SPLINE_SURFACE_WITH_KNOTS ( 'NONE', 3, 1, ( 
 ( #2103, #3590 ),
 ( #6405, #11981 ),
 ( #3529, #10127 ),
 ( #686, #6211 ) ),
 .UNSPECIFIED., .F., .F., .F.,
 ( 4, 4 ),
 ( 2, 2 ),
 ( 5.000000000000000000, 6.000000000000000000 ),
 ( 0.0000000000000000000, 1.000000000000000000 ),
 .UNSPECIFIED. ) ;
#6221 = VERTEX_POINT ( 'NONE', #7193 ) ;
#6222 = FACE_OUTER_BOUND ( 'NONE', #6425, .T. ) ;
#6223 = DIRECTION ( 'NONE',  ( 9.566489757225038109E-17, 1.000000000000000000, -0.0000000000000000000 ) ) ;
#6224 = EDGE_CURVE ( 'NONE', #6399, #3073, #7083, .T. ) ;
#6225 = ORIENTED_EDGE ( 'NONE', *, *, #1131, .T. ) ;
#6226 = EDGE_CURVE ( 'NONE', #6221, #3791, #8023, .T. ) ;
#6227 = DIRECTION ( 'NONE',  ( 0.3493954794973236910, -0.9369753459439770227, -0.0000000000000000000 ) ) ;
#6228 = CARTESIAN_POINT ( 'NONE',  ( 2.473562659791269436, 1.096958098981078544, 0.7010000000000000675 ) ) ;
#6229 =( NAMED_UNIT ( * ) PLANE_ANGLE_UNIT ( ) SI_UNIT ( $, .RADIAN. ) );
#6230 = B_SPLINE_CURVE_WITH_KNOTS ( 'NONE', 3,
 ( #6510, #12261, #10452, #7722 ),
 .UNSPECIFIED., .F., .F.,
 ( 4, 4 ),
 ( 7.000000000000000000, 8.000000000000000000 ),
 .UNSPECIFIED. ) ;
#6231 = DIRECTION ( 'NONE',  ( 0.0000000000000000000, -0.0000000000000000000, 1.000000000000000000 ) ) ;
#6232 = ORIENTED_EDGE ( 'NONE', *, *, #11098, .F. ) ;
#6233 = SURFACE_STYLE_FILL_AREA ( #527 ) ;
#6234 = EDGE_CURVE ( 'NONE', #493, #3848, #7068, .T. ) ;
#6235 = LINE ( 'NONE', #4464, #3948 ) ;
#6236 = FACE_OUTER_BOUND ( 'NONE', #9771, .T. ) ;
#6237 = ORIENTED_EDGE ( 'NONE', *, *, #8358, .F. ) ;
#6238 = DIRECTION ( 'NONE',  ( -0.0000000000000000000, 1.000000000000000000, -0.0000000000000000000 ) ) ;
#6239 = DIRECTION ( 'NONE',  ( -0.0000000000000000000, -0.0000000000000000000, -1.000000000000000000 ) ) ;
#6240 = MECHANICAL_DESIGN_GEOMETRIC_PRESENTATION_REPRESENTATION (  '', ( #2889 ), #10457 ) ;
#6241 = CARTESIAN_POINT ( 'NONE',  ( 0.9404548836258183053, 1.244805235427459023, 0.6999999999999999556 ) ) ;
#6242 = SURFACE_SIDE_STYLE ('',( #9853 ) ) ;
#6243 = EDGE_CURVE ( 'NONE', #6355, #3920, #8908, .T. ) ;
#6244 = CARTESIAN_POINT ( 'NONE',  ( 1.935383962305082584, 1.061772691093084697, 0.7010000000000000675 ) ) ;
#6245 = EDGE_CURVE ( 'NONE', #2708, #5782, #10217, .T. ) ;
#6246 = CARTESIAN_POINT ( 'NONE',  ( 2.000098495016655598, 1.335520155300681466, 0.6999999999999999556 ) ) ;
#6247 = COLOUR_RGB ( '',1.000000000000000000, 1.000000000000000000, 1.000000000000000000 ) ;
#6248 = MECHANICAL_DESIGN_GEOMETRIC_PRESENTATION_REPRESENTATION (  '', ( #11285 ), #1125 ) ;
#6249 = VECTOR ( 'NONE', #11271, 1000.000000000000000 ) ;
#6250 = CARTESIAN_POINT ( 'NONE',  ( 2.257459374462916557, 1.458461131326739046, 0.7010000000000000675 ) ) ;
#6251 = B_SPLINE_CURVE_WITH_KNOTS ( 'NONE', 3,
 ( #8738, #159, #3982, #11580 ),
 .UNSPECIFIED., .F., .F.,
 ( 4, 4 ),
 ( 8.000000000000000000, 9.000000000000000000 ),
 .UNSPECIFIED. ) ;
#6252 = VECTOR ( 'NONE', #1846, 1000.000000000000000 ) ;
#6253 = ORIENTED_EDGE ( 'NONE', *, *, #7039, .F. ) ;
#6254 =( NAMED_UNIT ( * ) SI_UNIT ( $, .STERADIAN. ) SOLID_ANGLE_UNIT ( ) );
#6255 = CARTESIAN_POINT ( 'NONE',  ( 2.112641891879190492, 1.175147894287726480, 0.7010000000000000675 ) ) ;
#6256 = CARTESIAN_POINT ( 'NONE',  ( 2.118214994310397614, 1.093048609215742761, 0.7010000000000000675 ) ) ;
#6257 = PLANE ( 'NONE',  #12070 ) ;
#6258 = FACE_OUTER_BOUND ( 'NONE', #8775, .T. ) ;
#6259 = PRESENTATION_LAYER_ASSIGNMENT (  '', '', ( #3912 ) ) ;
#6260 = VECTOR ( 'NONE', #4924, 1000.000000000000000 ) ;
#6261 = FACE_OUTER_BOUND ( 'NONE', #1676, .T. ) ;
#6262 = EDGE_CURVE ( 'NONE', #11102, #10427, #1467, .T. ) ;
#6263 = STYLED_ITEM ( 'NONE', ( #4944 ), #585 ) ;
#6264 =( NAMED_UNIT ( * ) SI_UNIT ( $, .STERADIAN. ) SOLID_ANGLE_UNIT ( ) );
#6265 =( GEOMETRIC_REPRESENTATION_CONTEXT ( 3 ) GLOBAL_UNCERTAINTY_ASSIGNED_CONTEXT ( ( #3078 ) ) GLOBAL_UNIT_ASSIGNED_CONTEXT ( ( #3687, #10355, #5411 ) ) REPRESENTATION_CONTEXT ( 'NONE', 'WORKASPACE' ) );
#6266 = STYLED_ITEM ( 'NONE', ( #2750 ), #3082 ) ;
#6267 = ORIENTED_EDGE ( 'NONE', *, *, #11831, .T. ) ;
#6268 = ORIENTED_EDGE ( 'NONE', *, *, #6879, .F. ) ;
#6270 = DIRECTION ( 'NONE',  ( -0.0000000000000000000, -0.0000000000000000000, -1.000000000000000000 ) ) ;
#6269 = VECTOR ( 'NONE', #5919, 1000.000000000000000 ) ;
#6271 = CLOSED_SHELL ( 'NONE', ( #499, #1337, #8968, #9353, #386, #379, #4368, #4362, #8496, #6158, #2547, #11780, #2322, #11269, #3636, #4677 ) ) ;
#6272 = PRESENTATION_STYLE_ASSIGNMENT (( #9195 ) ) ;
#6273 = FACE_OUTER_BOUND ( 'NONE', #214, .T. ) ;
#6274 = CARTESIAN_POINT ( 'NONE',  ( 2.622164861191624396, 1.124324527338406599, 0.6999999999999999556 ) ) ;
#6275 =( NAMED_UNIT ( * ) PLANE_ANGLE_UNIT ( ) SI_UNIT ( $, .RADIAN. ) );
#6276 = FILL_AREA_STYLE ('',( #2515 ) ) ;
#6277 = COLOUR_RGB ( '',1.000000000000000000, 1.000000000000000000, 1.000000000000000000 ) ;
#6278 = MECHANICAL_DESIGN_GEOMETRIC_PRESENTATION_REPRESENTATION (  '', ( #7721 ), #5092 ) ;
#6279 = EDGE_LOOP ( 'NONE', ( #8139, #9462, #2649, #9785 ) ) ;
#6280 =( GEOMETRIC_REPRESENTATION_CONTEXT ( 3 ) GLOBAL_UNCERTAINTY_ASSIGNED_CONTEXT ( ( #6017 ) ) GLOBAL_UNIT_ASSIGNED_CONTEXT ( ( #10817, #2533, #9273 ) ) REPRESENTATION_CONTEXT ( 'NONE', 'WORKASPACE' ) );
#6281 = DIRECTION ( 'NONE',  ( -0.3416038306902455246, 0.9398440417738199715, 0.0000000000000000000 ) ) ;
#6282 = VERTEX_POINT ( 'NONE', #2469 ) ;
#6283 = SURFACE_STYLE_USAGE ( .BOTH. , #809 ) ;
#6284 = ORIENTED_EDGE ( 'NONE', *, *, #10092, .T. ) ;
#6285 = FILL_AREA_STYLE_COLOUR ( '', #4836 ) ;
#6286 = STYLED_ITEM ( 'NONE', ( #9618 ), #11616 ) ;
#6287 = SURFACE_STYLE_FILL_AREA ( #3355 ) ;
#6288 = ORIENTED_EDGE ( 'NONE', *, *, #1638, .F. ) ;
#6289 = VECTOR ( 'NONE', #6297, 1000.000000000000000 ) ;
#6290 = CARTESIAN_POINT ( 'NONE',  ( 2.176815750474334177, 1.319549473706508769, 0.7010000000000000675 ) ) ;
#6291 = DIRECTION ( 'NONE',  ( -0.0000000000000000000, -0.0000000000000000000, -1.000000000000000000 ) ) ;
#6292 =( NAMED_UNIT ( * ) SI_UNIT ( $, .STERADIAN. ) SOLID_ANGLE_UNIT ( ) );
#6293 = CARTESIAN_POINT ( 'NONE',  ( 1.987455038754229797, 1.484995753350852210, 0.7010000000000000675 ) ) ;
#6294 = ORIENTED_EDGE ( 'NONE', *, *, #11770, .F. ) ;
#6295 = PRESENTATION_STYLE_ASSIGNMENT (( #8148 ) ) ;
#6296 = PRODUCT_DEFINITION_CONTEXT ( 'detailed design', #162, 'design' ) ;
#6297 = DIRECTION ( 'NONE',  ( -1.000000000000000000, 0.0000000000000000000, 0.0000000000000000000 ) ) ;
#6298 =( LENGTH_UNIT ( ) NAMED_UNIT ( * ) SI_UNIT ( .MILLI., .METRE. ) );
#6299 = COLOUR_RGB ( '',1.000000000000000000, 1.000000000000000000, 1.000000000000000000 ) ;
#6300 = ORIENTED_EDGE ( 'NONE', *, *, #5342, .T. ) ;
#6301 = DIRECTION ( 'NONE',  ( 0.0000000000000000000, -0.0000000000000000000, 1.000000000000000000 ) ) ;
#6302 = STYLED_ITEM ( 'NONE', ( #5433 ), #10931 ) ;
#6303 =( NAMED_UNIT ( * ) PLANE_ANGLE_UNIT ( ) SI_UNIT ( $, .RADIAN. ) );
#6304 = CARTESIAN_POINT ( 'NONE',  ( 2.281249035588861052, 1.437998695533650784, 0.6999999999999999556 ) ) ;
#6305 = B_SPLINE_CURVE_WITH_KNOTS ( 'NONE', 3,
 ( #1970, #822, #5486, #12301 ),
 .UNSPECIFIED., .F., .F.,
 ( 4, 4 ),
 ( 2.000000000000000000, 3.000000000000000000 ),
 .UNSPECIFIED. ) ;
#6306 = CARTESIAN_POINT ( 'NONE',  ( 2.067058904827680177, 1.159426754593186892, 0.7010000000000000675 ) ) ;
#6307 = EDGE_CURVE ( 'NONE', #12111, #12198, #9181, .T. ) ;
#6308 = FACE_OUTER_BOUND ( 'NONE', #3277, .T. ) ;
#6309 =( NAMED_UNIT ( * ) SI_UNIT ( $, .STERADIAN. ) SOLID_ANGLE_UNIT ( ) );
#6310 = DIRECTION ( 'NONE',  ( 1.000000000000000000, 0.0000000000000000000, 0.0000000000000000000 ) ) ;
#6311 = LINE ( 'NONE', #11027, #10348 ) ;
#6312 = DIRECTION ( 'NONE',  ( 1.000000000000000000, 0.0000000000000000000, -0.0000000000000000000 ) ) ;
#6313 = VERTEX_POINT ( 'NONE', #452 ) ;
#6314 = SURFACE_STYLE_USAGE ( .BOTH. , #5351 ) ;
#6315 = EDGE_CURVE ( 'NONE', #5432, #7300, #1607, .T. ) ;
#6316 = FILL_AREA_STYLE ('',( #7284 ) ) ;
#6317 = ADVANCED_FACE ( 'NONE', ( #6222 ), #11685, .F. ) ;
#6318 =( GEOMETRIC_REPRESENTATION_CONTEXT ( 3 ) GLOBAL_UNCERTAINTY_ASSIGNED_CONTEXT ( ( #7238 ) ) GLOBAL_UNIT_ASSIGNED_CONTEXT ( ( #6014, #239, #11715 ) ) REPRESENTATION_CONTEXT ( 'NONE', 'WORKASPACE' ) );
#6319 = CARTESIAN_POINT ( 'NONE',  ( 1.344174519300853854, 1.525905132560692490, 0.7010000000000000675 ) ) ;
#6320 = CARTESIAN_POINT ( 'NONE',  ( 2.039734066786956568, 1.086560519817557191, 0.6999999999999999556 ) ) ;
#6321 = B_SPLINE_CURVE_WITH_KNOTS ( 'NONE', 3,
 ( #5270, #4165, #9848, #531 ),
 .UNSPECIFIED., .F., .F.,
 ( 4, 4 ),
 ( 0.0000000000000000000, 1.000000000000000000 ),
 .UNSPECIFIED. ) ;
#6322 =( LENGTH_UNIT ( ) NAMED_UNIT ( * ) SI_UNIT ( .MILLI., .METRE. ) );
#6323 = FILL_AREA_STYLE_COLOUR ( '', #3092 ) ;
#6324 = FACE_OUTER_BOUND ( 'NONE', #2612, .T. ) ;
#6325 = SURFACE_STYLE_FILL_AREA ( #12095 ) ;
#6326 = B_SPLINE_SURFACE_WITH_KNOTS ( 'NONE', 3, 1, ( 
 ( #3085, #4141 ),
 ( #375, #3032 ),
 ( #1153, #6866 ),
 ( #9942, #6934 ) ),
 .UNSPECIFIED., .F., .F., .F.,
 ( 4, 4 ),
 ( 2, 2 ),
 ( 17.00000000000000000, 18.00000000000000000 ),
 ( 0.0000000000000000000, 1.000000000000000000 ),
 .UNSPECIFIED. ) ;
#6327 = CARTESIAN_POINT ( 'NONE',  ( 2.584026540820218099, 1.224141287305309023, 0.6999999999999999556 ) ) ;
#6328 =( GEOMETRIC_REPRESENTATION_CONTEXT ( 3 ) GLOBAL_UNCERTAINTY_ASSIGNED_CONTEXT ( ( #4389 ) ) GLOBAL_UNIT_ASSIGNED_CONTEXT ( ( #10822, #4043, #5028 ) ) REPRESENTATION_CONTEXT ( 'NONE', 'WORKASPACE' ) );
#6329 = STYLED_ITEM ( 'NONE', ( #12038 ), #9248 ) ;
#6330 = DIRECTION ( 'NONE',  ( -0.3416038306902455246, 0.9398440417738199715, 0.0000000000000000000 ) ) ;
#6331 = ORIENTED_EDGE ( 'NONE', *, *, #8818, .F. ) ;
#6332 = VERTEX_POINT ( 'NONE', #10752 ) ;
#6333 = SURFACE_STYLE_USAGE ( .BOTH. , #7425 ) ;
#6334 = ADVANCED_FACE ( 'NONE', ( #11748 ), #2287, .F. ) ;
#6335 = CARTESIAN_POINT ( 'NONE',  ( 1.811735950896735892, 1.482250792451576649, 0.7010000000000000675 ) ) ;
#6336 = EDGE_CURVE ( 'NONE', #1035, #11989, #1857, .T. ) ;
#6337 = CARTESIAN_POINT ( 'NONE',  ( 2.268397627743416578, 1.475097257987704857, 0.6999999999999999556 ) ) ;
#6338 = STYLED_ITEM ( 'NONE', ( #52 ), #9512 ) ;
#6339 = CARTESIAN_POINT ( 'NONE',  ( 1.570905289995409904, 1.134910210464008307, 0.7010000000000000675 ) ) ;
#6340 =( NAMED_UNIT ( * ) PLANE_ANGLE_UNIT ( ) SI_UNIT ( $, .RADIAN. ) );
#6341 = UNCERTAINTY_MEASURE_WITH_UNIT (LENGTH_MEASURE( 1.000000000000000082E-05 ), #1001, 'distance_accuracy_value', 'NONE');
#6342 = FILL_AREA_STYLE ('',( #3474 ) ) ;
#6343 = EDGE_LOOP ( 'NONE', ( #12292, #2800, #1415, #9212 ) ) ;
#6344 =( NAMED_UNIT ( * ) SI_UNIT ( $, .STERADIAN. ) SOLID_ANGLE_UNIT ( ) );
#6345 =( NAMED_UNIT ( * ) SI_UNIT ( $, .STERADIAN. ) SOLID_ANGLE_UNIT ( ) );
#6346 = EDGE_LOOP ( 'NONE', ( #8904, #11053, #868, #5522 ) ) ;
#6347 = CARTESIAN_POINT ( 'NONE',  ( 1.606765754174732441, 1.221669440697902953, 0.7010000000000000675 ) ) ;
#6348 = B_SPLINE_CURVE_WITH_KNOTS ( 'NONE', 3,
 ( #8864, #9915, #9744, #7790 ),
 .UNSPECIFIED., .F., .F.,
 ( 4, 4 ),
 ( 0.0000000000000000000, 1.000000000000000000 ),
 .UNSPECIFIED. ) ;
#6349 = ORIENTED_EDGE ( 'NONE', *, *, #6619, .F. ) ;
#6350 = B_SPLINE_CURVE_WITH_KNOTS ( 'NONE', 3,
 ( #9003, #9925, #11777, #9692 ),
 .UNSPECIFIED., .F., .F.,
 ( 4, 4 ),
 ( 3.000000000000000000, 4.000000000000000000 ),
 .UNSPECIFIED. ) ;
#6351 = FACE_OUTER_BOUND ( 'NONE', #9390, .T. ) ;
#6352 = ADVANCED_FACE ( 'NONE', ( #6351 ), #8060, .F. ) ;
#6353 = FACE_BOUND ( 'NONE', #11004, .T. ) ;
#6354 = CARTESIAN_POINT ( 'NONE',  ( 2.000098495016655598, 1.335520155300681466, 0.7010000000000000675 ) ) ;
#6355 = VERTEX_POINT ( 'NONE', #589 ) ;
#6356 = STYLED_ITEM ( 'NONE', ( #3297 ), #5271 ) ;
#6357 = FILL_AREA_STYLE_COLOUR ( '', #9527 ) ;
#6358 = FILL_AREA_STYLE_COLOUR ( '', #4917 ) ;
#6359 = DIRECTION ( 'NONE',  ( -0.0000000000000000000, -1.000000000000000000, -0.0000000000000000000 ) ) ;
#6360 = VERTEX_POINT ( 'NONE', #8208 ) ;
#6361 = CARTESIAN_POINT ( 'NONE',  ( 1.954265966065510396, 1.163752147525683123, 0.7010000000000000675 ) ) ;
#6362 = LINE ( 'NONE', #1542, #3561 ) ;
#6363 = CARTESIAN_POINT ( 'NONE',  ( 2.283328551422453057, 1.134722106501922845, 0.7010000000000000675 ) ) ;
#6364 = ORIENTED_EDGE ( 'NONE', *, *, #3783, .T. ) ;
#6365 = CARTESIAN_POINT ( 'NONE',  ( 2.057867444847376159, 1.117670076673799473, 0.7010000000000000675 ) ) ;
#6366 = AXIS2_PLACEMENT_3D ( 'NONE', #4393, #8205, #3660 ) ;
#6367 = CARTESIAN_POINT ( 'NONE',  ( 2.081449154389739764, 1.108520207010653236, 0.6999999999999999556 ) ) ;
#6368 = ORIENTED_EDGE ( 'NONE', *, *, #10856, .F. ) ;
#6369 = CARTESIAN_POINT ( 'NONE',  ( 1.082740056512518256, 1.140694203274155383, 0.7010000000000000675 ) ) ;
#6370 = FILL_AREA_STYLE_COLOUR ( '', #1635 ) ;
#6371 = AXIS2_PLACEMENT_3D ( 'NONE', #8792, #9896, #6114 ) ;
#6372 = PRESENTATION_LAYER_ASSIGNMENT (  '', '', ( #1844 ) ) ;
#6373 = ORIENTED_EDGE ( 'NONE', *, *, #10405, .T. ) ;
#6374 = CARTESIAN_POINT ( 'NONE',  ( 1.927689753724234345, 1.461039730958485716, 0.6999999999999999556 ) ) ;
#6375 = B_SPLINE_CURVE_WITH_KNOTS ( 'NONE', 3,
 ( #4624, #2033, #1845, #12219 ),
 .UNSPECIFIED., .F., .F.,
 ( 4, 4 ),
 ( 2.000000000000000000, 3.000000000000000000 ),
 .UNSPECIFIED. ) ;
#6376 = LINE ( 'NONE', #2739, #1717 ) ;
#6377 = FILL_AREA_STYLE_COLOUR ( '', #8379 ) ;
#6378 = CARTESIAN_POINT ( 'NONE',  ( 2.085109102254885993, 1.180305093553438711, 0.6999999999999999556 ) ) ;
#6379 = ORIENTED_EDGE ( 'NONE', *, *, #9724, .T. ) ;
#6380 = CARTESIAN_POINT ( 'NONE',  ( 1.977223820857683556, 1.078575179020469621, 0.7010000000000000675 ) ) ;
#6381 = CARTESIAN_POINT ( 'NONE',  ( -2.909910007915382568, -1.613201107017512959, 0.5999999999999999778 ) ) ;
#6382 = COLOUR_RGB ( '',1.000000000000000000, 1.000000000000000000, 1.000000000000000000 ) ;
#6383 = ORIENTED_EDGE ( 'NONE', *, *, #185, .F. ) ;
#6384 = DIRECTION ( 'NONE',  ( 1.913297951445007375E-16, 1.000000000000000000, 0.0000000000000000000 ) ) ;
#6385 = PRESENTATION_STYLE_ASSIGNMENT (( #8494 ) ) ;
#6386 =( GEOMETRIC_REPRESENTATION_CONTEXT ( 3 ) GLOBAL_UNCERTAINTY_ASSIGNED_CONTEXT ( ( #3094 ) ) GLOBAL_UNIT_ASSIGNED_CONTEXT ( ( #7832, #5697, #1168 ) ) REPRESENTATION_CONTEXT ( 'NONE', 'WORKASPACE' ) );
#6387 = CARTESIAN_POINT ( 'NONE',  ( 2.012118096529444511, 1.165665302091744238, 0.7010000000000000675 ) ) ;
#6388 = EDGE_CURVE ( 'NONE', #10439, #10508, #12048, .T. ) ;
#6389 = SURFACE_STYLE_FILL_AREA ( #11964 ) ;
#6390 = DIRECTION ( 'NONE',  ( 0.0000000000000000000, 0.0000000000000000000, 1.000000000000000000 ) ) ;
#6391 = CARTESIAN_POINT ( 'NONE',  ( 1.957634781714417294, 1.316804512807233207, 0.7010000000000000675 ) ) ;
#6392 = STYLED_ITEM ( 'NONE', ( #9894 ), #6317 ) ;
#6393 = FILL_AREA_STYLE_COLOUR ( '', #11167 ) ;
#6394 = CARTESIAN_POINT ( 'NONE',  ( 1.931557653172965683, 1.364134293158385747, 0.6999999999999999556 ) ) ;
#6395 = CARTESIAN_POINT ( 'NONE',  ( 2.513031870295155290, 1.144870143764706194, 0.6999999999999999556 ) ) ;
#6396 = ADVANCED_FACE ( 'NONE', ( #3544 ), #3183, .F. ) ;
#6397 = CARTESIAN_POINT ( 'NONE',  ( 1.190321493177406875, 1.345445995451615806, 0.7010000000000000675 ) ) ;
#6398 = ORIENTED_EDGE ( 'NONE', *, *, #10174, .F. ) ;
#6399 = VERTEX_POINT ( 'NONE', #963 ) ;
#6400 = DIRECTION ( 'NONE',  ( -0.0000000000000000000, -0.0000000000000000000, -1.000000000000000000 ) ) ;
#6401 = VECTOR ( 'NONE', #2754, 1000.000000000000000 ) ;
#6402 = CARTESIAN_POINT ( 'NONE',  ( 1.082740056512518256, 1.140694203274155383, 0.7010000000000000675 ) ) ;
#6403 = PRESENTATION_STYLE_ASSIGNMENT (( #1648 ) ) ;
#6404 =( NAMED_UNIT ( * ) SI_UNIT ( $, .STERADIAN. ) SOLID_ANGLE_UNIT ( ) );
#6405 = CARTESIAN_POINT ( 'NONE',  ( 1.078112890947402258, 1.432205159494573943, 0.7010000000000000675 ) ) ;
#6406 = FILL_AREA_STYLE ('',( #7014 ) ) ;
#6407 = FILL_AREA_STYLE_COLOUR ( '', #83 ) ;
#6408 = DIRECTION ( 'NONE',  ( 0.0000000000000000000, 0.0000000000000000000, 1.000000000000000000 ) ) ;
#6409 = ORIENTED_EDGE ( 'NONE', *, *, #6518, .F. ) ;
#6410 = ADVANCED_FACE ( 'NONE', ( #1082 ), #11438, .F. ) ;
#6411 = CARTESIAN_POINT ( 'NONE',  ( 2.081449154389739764, 1.108520207010653236, 0.6999999999999999556 ) ) ;
#6412 = EDGE_CURVE ( 'NONE', #10954, #10783, #9702, .T. ) ;
#6413 = ORIENTED_EDGE ( 'NONE', *, *, #4181, .T. ) ;
#6414 =( NAMED_UNIT ( * ) PLANE_ANGLE_UNIT ( ) SI_UNIT ( $, .RADIAN. ) );
#6415 = VERTEX_POINT ( 'NONE', #12310 ) ;
#6416 = ORIENTED_EDGE ( 'NONE', *, *, #640, .T. ) ;
#6417 = SURFACE_STYLE_FILL_AREA ( #2654 ) ;
#6418 = SURFACE_STYLE_FILL_AREA ( #1794 ) ;
#6419 = DIRECTION ( 'NONE',  ( -0.0000000000000000000, -0.0000000000000000000, -1.000000000000000000 ) ) ;
#6420 = VERTEX_POINT ( 'NONE', #2890 ) ;
#6421 = LINE ( 'NONE', #2774, #941 ) ;
#6422 = DIRECTION ( 'NONE',  ( 0.0000000000000000000, 0.0000000000000000000, 1.000000000000000000 ) ) ;
#6423 = SURFACE_SIDE_STYLE ('',( #8407 ) ) ;
#6424 = CARTESIAN_POINT ( 'NONE',  ( 1.944824964185577043, 1.108936110176710343, 0.7010000000000000675 ) ) ;
#6425 = EDGE_LOOP ( 'NONE', ( #6880, #2596, #9319, #11267 ) ) ;
#6426 =( LENGTH_UNIT ( ) NAMED_UNIT ( * ) SI_UNIT ( .MILLI., .METRE. ) );
#6427 = UNCERTAINTY_MEASURE_WITH_UNIT (LENGTH_MEASURE( 1.000000000000000082E-05 ), #6036, 'distance_accuracy_value', 'NONE');
#6428 = EDGE_CURVE ( 'NONE', #11634, #10254, #1150, .T. ) ;
#6429 = LINE ( 'NONE', #7451, #2130 ) ;
#6430 = VERTEX_POINT ( 'NONE', #8653 ) ;
#6431 = CARTESIAN_POINT ( 'NONE',  ( 1.930101992090114349, 1.149694620496459763, 0.6999999999999999556 ) ) ;
#6432 = CARTESIAN_POINT ( 'NONE',  ( 2.473562659791269436, 1.096958098981078544, 0.6999999999999999556 ) ) ;
#6433 = ORIENTED_EDGE ( 'NONE', *, *, #11393, .T. ) ;
#6434 = FILL_AREA_STYLE ('',( #9357 ) ) ;
#6435 = FACE_OUTER_BOUND ( 'NONE', #4046, .T. ) ;
#6436 = CARTESIAN_POINT ( 'NONE',  ( 1.235436266422391238, 1.074757135341556369, 0.6999999999999999556 ) ) ;
#6437 = EDGE_LOOP ( 'NONE', ( #7464, #1726, #11063, #8177 ) ) ;
#6438 = CARTESIAN_POINT ( 'NONE',  ( 1.977223820857683556, 1.078575179020469621, 0.7010000000000000675 ) ) ;
#6439 = CARTESIAN_POINT ( 'NONE',  ( 1.129011645970521283, 1.362797841499060025, 0.6999999999999999556 ) ) ;
#6440 = CARTESIAN_POINT ( 'NONE',  ( 2.401569821665459070, 1.205425644811862096, 0.6999999999999999556 ) ) ;
#6441 = CARTESIAN_POINT ( 'NONE',  ( 2.242112547618933416, 1.338098754933535917, 0.6999999999999999556 ) ) ;
#6442 = ORIENTED_EDGE ( 'NONE', *, *, #11425, .T. ) ;
#6443 = CARTESIAN_POINT ( 'NONE',  ( 2.061652163662894388, 1.177227410121318707, 0.6999999999999999556 ) ) ;
#6444 = MECHANICAL_DESIGN_GEOMETRIC_PRESENTATION_REPRESENTATION (  '', ( #8692 ), #2900 ) ;
#6445 = COLOUR_RGB ( '',1.000000000000000000, 1.000000000000000000, 1.000000000000000000 ) ;
#6446 = CARTESIAN_POINT ( 'NONE',  ( 1.931599243490124351, 1.126903126971263269, 0.6999999999999999556 ) ) ;
#6447 = CARTESIAN_POINT ( 'NONE',  ( 1.191478265262949865, 0.9845275888515911955, 0.6999999999999999556 ) ) ;
#6448 = CARTESIAN_POINT ( 'NONE',  ( 2.309280909012984662, 1.402979648912079158, 0.7010000000000000675 ) ) ;
#6449 = CARTESIAN_POINT ( 'NONE',  ( 2.068306614327502402, 1.134638925868715509, 0.6999999999999999556 ) ) ;
#6450 = CARTESIAN_POINT ( 'NONE',  ( 2.073255862009072636, 1.075331134321934945, 0.6999999999999999556 ) ) ;
#6451 = PRESENTATION_LAYER_ASSIGNMENT (  '', '', ( #6871 ) ) ;
#6452 = CARTESIAN_POINT ( 'NONE',  ( 2.424901989307639560, 1.364051112525174858, 0.6999999999999999556 ) ) ;
#6453 = CARTESIAN_POINT ( 'NONE',  ( 2.391297013451754605, 1.461455634125646164, 0.6999999999999999556 ) ) ;
#6454 = CARTESIAN_POINT ( 'NONE',  ( -2.572501417082843744, -1.613201107017512959, 0.6999999999999999556 ) ) ;
#6455 = EDGE_CURVE ( 'NONE', #7017, #6933, #10516, .T. ) ;
#6456 = ORIENTED_EDGE ( 'NONE', *, *, #4970, .T. ) ;
#6457 = EDGE_LOOP ( 'NONE', ( #3521, #9604, #11007, #2042 ) ) ;
#6458 = CARTESIAN_POINT ( 'NONE',  ( 2.390797929652491050, 1.461455634125646164, 0.7010000000000000675 ) ) ;
#6459 = MECHANICAL_DESIGN_GEOMETRIC_PRESENTATION_REPRESENTATION (  '', ( #7892 ), #3318 ) ;
#6460 = DIRECTION ( 'NONE',  ( -1.000000000000000000, 1.084202172485504311E-16, 0.0000000000000000000 ) ) ;
#6461 = VECTOR ( 'NONE', #10976, 1000.000000000000000 ) ;
#6462 = EDGE_CURVE ( 'NONE', #3920, #7688, #10432, .T. ) ;
#6463 = CARTESIAN_POINT ( 'NONE',  ( 1.677329954575310644, 1.292233596970450593, 0.6999999999999999556 ) ) ;
#6464 = COLOUR_RGB ( '',1.000000000000000000, 1.000000000000000000, 1.000000000000000000 ) ;
#6465 = CARTESIAN_POINT ( 'NONE',  ( 1.980966949356598450, 1.316804512807233207, 0.6999999999999999556 ) ) ;
#6466 = VECTOR ( 'NONE', #3827, 1000.000000000000000 ) ;
#6467 = DIRECTION ( 'NONE',  ( -0.3416038306815446512, 0.9398440417769825528, 0.0000000000000000000 ) ) ;
#6468 = LINE ( 'NONE', #953, #6033 ) ;
#6469 = UNCERTAINTY_MEASURE_WITH_UNIT (LENGTH_MEASURE( 1.000000000000000082E-05 ), #2318, 'distance_accuracy_value', 'NONE');
#6470 =( NAMED_UNIT ( * ) PLANE_ANGLE_UNIT ( ) SI_UNIT ( $, .RADIAN. ) );
#6471 = VERTEX_POINT ( 'NONE', #9491 ) ;
#6472 =( GEOMETRIC_REPRESENTATION_CONTEXT ( 3 ) GLOBAL_UNCERTAINTY_ASSIGNED_CONTEXT ( ( #9696 ) ) GLOBAL_UNIT_ASSIGNED_CONTEXT ( ( #3751, #10412, #5898 ) ) REPRESENTATION_CONTEXT ( 'NONE', 'WORKASPACE' ) );
#6473 =( GEOMETRIC_REPRESENTATION_CONTEXT ( 3 ) GLOBAL_UNCERTAINTY_ASSIGNED_CONTEXT ( ( #2343 ) ) GLOBAL_UNIT_ASSIGNED_CONTEXT ( ( #7805, #8370, #4482 ) ) REPRESENTATION_CONTEXT ( 'NONE', 'WORKASPACE' ) );
#6474 = ORIENTED_EDGE ( 'NONE', *, *, #4314, .F. ) ;
#6475 = AXIS2_PLACEMENT_3D ( 'NONE', #10645, #10461, #6578 ) ;
#6476 = CARTESIAN_POINT ( 'NONE',  ( 2.118214994310397614, 1.093048609215742761, 0.7010000000000000675 ) ) ;
#6477 = ORIENTED_EDGE ( 'NONE', *, *, #473, .F. ) ;
#6478 = AXIS2_PLACEMENT_3D ( 'NONE', #11008, #9151, #1603 ) ;
#6479 = VERTEX_POINT ( 'NONE', #12096 ) ;
#6480 = FILL_AREA_STYLE_COLOUR ( '', #6701 ) ;
#6481 = CARTESIAN_POINT ( 'NONE',  ( 2.079577590140282872, 1.338098754933535917, 0.7010000000000000675 ) ) ;
#6482 = CARTESIAN_POINT ( 'NONE',  ( 1.443658418985069414, 1.062032465891237676, 0.6999999999999999556 ) ) ;
#6483 = ADVANCED_FACE ( 'NONE', ( #9377 ), #3077, .F. ) ;
#6484 = VERTEX_POINT ( 'NONE', #1835 ) ;
#6485 = COLOUR_RGB ( '',1.000000000000000000, 1.000000000000000000, 1.000000000000000000 ) ;
#6486 = EDGE_CURVE ( 'NONE', #10216, #346, #808, .T. ) ;
#6487 = CARTESIAN_POINT ( 'NONE',  ( 1.926234092641942786, 1.419532594939834746, 0.7010000000000000675 ) ) ;
#6488 = SURFACE_STYLE_USAGE ( .BOTH. , #2895 ) ;
#6489 = PRESENTATION_LAYER_ASSIGNMENT (  '', '', ( #2334 ) ) ;
#6490 =( LENGTH_UNIT ( ) NAMED_UNIT ( * ) SI_UNIT ( .MILLI., .METRE. ) );
#6491 = SURFACE_STYLE_USAGE ( .BOTH. , #12177 ) ;
#6492 = VECTOR ( 'NONE', #7446, 1000.000000000000000 ) ;
#6493 = VECTOR ( 'NONE', #1045, 1000.000000000000000 ) ;
#6494 = LINE ( 'NONE', #1732, #2154 ) ;
#6495 = ORIENTED_EDGE ( 'NONE', *, *, #10404, .T. ) ;
#6496 =( NAMED_UNIT ( * ) SI_UNIT ( $, .STERADIAN. ) SOLID_ANGLE_UNIT ( ) );
#6497 = VERTEX_POINT ( 'NONE', #6454 ) ;
#6498 = LINE ( 'NONE', #1740, #3012 ) ;
#6499 = ORIENTED_EDGE ( 'NONE', *, *, #5145, .T. ) ;
#6500 = STYLED_ITEM ( 'NONE', ( #8801 ), #10584 ) ;
#6501 =( LENGTH_UNIT ( ) NAMED_UNIT ( * ) SI_UNIT ( .MILLI., .METRE. ) );
#6502 = CARTESIAN_POINT ( 'NONE',  ( 2.247311337200140091, 1.319549473706508769, 0.7010000000000000675 ) ) ;
#6503 = EDGE_CURVE ( 'NONE', #8527, #4540, #8501, .T. ) ;
#6504 = SURFACE_SIDE_STYLE ('',( #4783 ) ) ;
#6505 = CARTESIAN_POINT ( 'NONE',  ( 1.235436266422391238, 1.074757135341556369, 0.7010000000000000675 ) ) ;
#6506 = ORIENTED_EDGE ( 'NONE', *, *, #10388, .T. ) ;
#6507 = CARTESIAN_POINT ( 'NONE',  ( 1.969820744493629316, 1.075414314955142503, 0.7010000000000000675 ) ) ;
#6508 = CARTESIAN_POINT ( 'NONE',  ( 1.957634781714417294, 1.316804512807233207, 0.6999999999999999556 ) ) ;
#6509 =( GEOMETRIC_REPRESENTATION_CONTEXT ( 3 ) GLOBAL_UNCERTAINTY_ASSIGNED_CONTEXT ( ( #5733 ) ) GLOBAL_UNIT_ASSIGNED_CONTEXT ( ( #7766, #11675, #3220 ) ) REPRESENTATION_CONTEXT ( 'NONE', 'WORKASPACE' ) );
#6510 = CARTESIAN_POINT ( 'NONE',  ( 1.928729511641029903, 1.067844877324111152, 0.6999999999999999556 ) ) ;
#6511 = FACE_OUTER_BOUND ( 'NONE', #4154, .T. ) ;
#6512 = ORIENTED_EDGE ( 'NONE', *, *, #1011, .F. ) ;
#6513 = CARTESIAN_POINT ( 'NONE',  ( 1.899241977134061177, 1.061439968560242475, 0.6999999999999999556 ) ) ;
#6514 = PRESENTATION_STYLE_ASSIGNMENT (( #491 ) ) ;
#6515 = CARTESIAN_POINT ( 'NONE',  ( 1.811735950896735892, 1.319549473706508769, 0.7010000000000000675 ) ) ;
#6516 =( LENGTH_UNIT ( ) NAMED_UNIT ( * ) SI_UNIT ( .MILLI., .METRE. ) );
#6517 = SURFACE_STYLE_USAGE ( .BOTH. , #4481 ) ;
#6518 = EDGE_CURVE ( 'NONE', #4855, #11376, #10359, .T. ) ;
#6519 = CARTESIAN_POINT ( 'NONE',  ( 1.245847391702179952, 1.509710076526220135, 0.7010000000000000675 ) ) ;
#6520 =( NAMED_UNIT ( * ) SI_UNIT ( $, .STERADIAN. ) SOLID_ANGLE_UNIT ( ) );
#6521 = CARTESIAN_POINT ( 'NONE',  ( 1.987455038754229797, 1.484995753350852210, 0.7010000000000000675 ) ) ;
#6522 = CARTESIAN_POINT ( 'NONE',  ( 2.513031870295155290, 1.144870143764706194, 0.6999999999999999556 ) ) ;
#6523 =( NAMED_UNIT ( * ) PLANE_ANGLE_UNIT ( ) SI_UNIT ( $, .RADIAN. ) );
#6524 = VERTEX_POINT ( 'NONE', #12210 ) ;
#6525 = ORIENTED_EDGE ( 'NONE', *, *, #3008, .F. ) ;
#6526 =( NAMED_UNIT ( * ) PLANE_ANGLE_UNIT ( ) SI_UNIT ( $, .RADIAN. ) );
#6527 = FILL_AREA_STYLE_COLOUR ( '', #1434 ) ;
#6528 = DIRECTION ( 'NONE',  ( 0.0000000000000000000, 0.0000000000000000000, 1.000000000000000000 ) ) ;
#6529 = DIRECTION ( 'NONE',  ( 1.000000000000000000, -0.0000000000000000000, -0.0000000000000000000 ) ) ;
#6530 =( LENGTH_UNIT ( ) NAMED_UNIT ( * ) SI_UNIT ( .MILLI., .METRE. ) );
#6531 = COLOUR_RGB ( '',1.000000000000000000, 1.000000000000000000, 1.000000000000000000 ) ;
#6532 = CARTESIAN_POINT ( 'NONE',  ( 2.079577590140282872, 1.411464073508428951, 0.7010000000000000675 ) ) ;
#6533 = ORIENTED_EDGE ( 'NONE', *, *, #9444, .T. ) ;
#6534 = EDGE_LOOP ( 'NONE', ( #11205, #3676, #12251, #6536 ) ) ;
#6535 = B_SPLINE_SURFACE_WITH_KNOTS ( 'NONE', 3, 1, ( 
 ( #1300, #477 ),
 ( #11713, #10836 ),
 ( #6073, #8867 ),
 ( #234, #9854 ) ),
 .UNSPECIFIED., .F., .F., .F.,
 ( 4, 4 ),
 ( 2, 2 ),
 ( 1.000000000000000000, 2.000000000000000000 ),
 ( 0.0000000000000000000, 1.000000000000000000 ),
 .UNSPECIFIED. ) ;
#6536 = ORIENTED_EDGE ( 'NONE', *, *, #12317, .T. ) ;
#6537 = PRESENTATION_STYLE_ASSIGNMENT (( #10033 ) ) ;
#6538 = MECHANICAL_DESIGN_GEOMETRIC_PRESENTATION_REPRESENTATION (  '', ( #3398 ), #5566 ) ;
#6539 = COLOUR_RGB ( '',1.000000000000000000, 1.000000000000000000, 1.000000000000000000 ) ;
#6540 = EDGE_LOOP ( 'NONE', ( #10936, #5494, #11133, #6870 ) ) ;
#6541 =( NAMED_UNIT ( * ) SI_UNIT ( $, .STERADIAN. ) SOLID_ANGLE_UNIT ( ) );
#6542 = SURFACE_STYLE_FILL_AREA ( #11509 ) ;
#6543 = CARTESIAN_POINT ( 'NONE',  ( 2.380566711756506137, 1.224141287305309023, 0.6999999999999999556 ) ) ;
#6544 = VECTOR ( 'NONE', #6977, 1000.000000000000000 ) ;
#6545 = EDGE_CURVE ( 'NONE', #8259, #789, #2573, .T. ) ;
#6546 = ORIENTED_EDGE ( 'NONE', *, *, #1199, .F. ) ;
#6547 = SURFACE_STYLE_USAGE ( .BOTH. , #8471 ) ;
#6548 = B_SPLINE_CURVE_WITH_KNOTS ( 'NONE', 3,
 ( #11430, #8700, #11549, #889 ),
 .UNSPECIFIED., .F., .F.,
 ( 4, 4 ),
 ( 15.00000000000000000, 16.00000000000000000 ),
 .UNSPECIFIED. ) ;
#6549 = PRESENTATION_LAYER_ASSIGNMENT (  '', '', ( #10367 ) ) ;
#6550 = CARTESIAN_POINT ( 'NONE',  ( 1.498027545424300611, 1.392874312867685260, 0.6999999999999999556 ) ) ;
#6551 = MECHANICAL_DESIGN_GEOMETRIC_PRESENTATION_REPRESENTATION (  '', ( #10541 ), #6328 ) ;
#6552 = CARTESIAN_POINT ( 'NONE',  ( 2.222398737524740930, 1.463535149958128612, 0.6999999999999999556 ) ) ;
#6553 = EDGE_LOOP ( 'NONE', ( #1858, #7160, #3841, #11515 ) ) ;
#6554 = EDGE_CURVE ( 'NONE', #7830, #895, #2204, .T. ) ;
#6555 = DIRECTION ( 'NONE',  ( 1.000000000000000000, -0.0000000000000000000, -0.0000000000000000000 ) ) ;
#6556 = ORIENTED_EDGE ( 'NONE', *, *, #12082, .F. ) ;
#6557 = VECTOR ( 'NONE', #8224, 1000.000000000000000 ) ;
#6558 = CARTESIAN_POINT ( 'NONE',  ( 1.811735950896735892, 1.482250792451576649, 0.6999999999999999556 ) ) ;
#6559 = FILL_AREA_STYLE ('',( #2791 ) ) ;
#6560 =( NAMED_UNIT ( * ) SI_UNIT ( $, .STERADIAN. ) SOLID_ANGLE_UNIT ( ) );
#6561 = PRESENTATION_STYLE_ASSIGNMENT (( #985 ) ) ;
#6562 = ORIENTED_EDGE ( 'NONE', *, *, #7435, .T. ) ;
#6563 = DIRECTION ( 'NONE',  ( -0.0000000000000000000, -0.0000000000000000000, -1.000000000000000000 ) ) ;
#6564 = PRESENTATION_STYLE_ASSIGNMENT (( #723 ) ) ;
#6565 = VECTOR ( 'NONE', #10684, 1000.000000000000000 ) ;
#6566 = FILL_AREA_STYLE_COLOUR ( '', #1156 ) ;
#6567 = ORIENTED_EDGE ( 'NONE', *, *, #2356, .F. ) ;
#6568 = LINE ( 'NONE', #3059, #4722 ) ;
#6569 = PLANE ( 'NONE',  #2977 ) ;
#6570 = EDGE_CURVE ( 'NONE', #4540, #2702, #3760, .T. ) ;
#6571 = CARTESIAN_POINT ( 'NONE',  ( 1.185694316580283347, 1.466908851588353713, 0.7010000000000000675 ) ) ;
#6572 = EDGE_CURVE ( 'NONE', #9270, #8079, #12027, .T. ) ;
#6573 = EDGE_CURVE ( 'NONE', #5292, #7231, #4489, .T. ) ;
#6574 = MECHANICAL_DESIGN_GEOMETRIC_PRESENTATION_REPRESENTATION (  '', ( #11577 ), #5593 ) ;
#6575 = SURFACE_STYLE_FILL_AREA ( #2077 ) ;
#6576 = COLOUR_RGB ( '',1.000000000000000000, 1.000000000000000000, 1.000000000000000000 ) ;
#6577 = COLOUR_RGB ( '',1.000000000000000000, 1.000000000000000000, 1.000000000000000000 ) ;
#6578 = DIRECTION ( 'NONE',  ( -0.3315284183576436283, -0.9434452330799489861, 0.0000000000000000000 ) ) ;
#6579 = PRESENTATION_STYLE_ASSIGNMENT (( #8440 ) ) ;
#6580 = SURFACE_SIDE_STYLE ('',( #2809 ) ) ;
#6581 = LINE ( 'NONE', #8688, #11745 ) ;
#6582 =( GEOMETRIC_REPRESENTATION_CONTEXT ( 3 ) GLOBAL_UNCERTAINTY_ASSIGNED_CONTEXT ( ( #1220 ) ) GLOBAL_UNIT_ASSIGNED_CONTEXT ( ( #10202, #7194, #1666 ) ) REPRESENTATION_CONTEXT ( 'NONE', 'WORKASPACE' ) );
#6583 =( LENGTH_UNIT ( ) NAMED_UNIT ( * ) SI_UNIT ( .MILLI., .METRE. ) );
#6584 = SURFACE_STYLE_FILL_AREA ( #2870 ) ;
#6585 = CARTESIAN_POINT ( 'NONE',  ( 2.584026540820218099, 1.224141287305309023, 0.6999999999999999556 ) ) ;
#6586 = CARTESIAN_POINT ( 'NONE',  ( 2.165461594027785264, 1.040561629599990656, 0.7010000000000000675 ) ) ;
#6587 =( GEOMETRIC_REPRESENTATION_CONTEXT ( 3 ) GLOBAL_UNCERTAINTY_ASSIGNED_CONTEXT ( ( #9316 ) ) GLOBAL_UNIT_ASSIGNED_CONTEXT ( ( #7212, #10897, #6180 ) ) REPRESENTATION_CONTEXT ( 'NONE', 'WORKASPACE' ) );
#6588 = DIRECTION ( 'NONE',  ( 9.566489757225038109E-17, 1.000000000000000000, -0.0000000000000000000 ) ) ;
#6589 = EDGE_CURVE ( 'NONE', #1702, #6053, #7357, .T. ) ;
#6590 = CARTESIAN_POINT ( 'NONE',  ( 1.987662990337809354, 1.466030568956663283, 0.7010000000000000675 ) ) ;
#6591 = PRESENTATION_STYLE_ASSIGNMENT (( #5536 ) ) ;
#6592 = ORIENTED_EDGE ( 'NONE', *, *, #1656, .F. ) ;
#6593 = AXIS2_PLACEMENT_3D ( 'NONE', #4396, #11804, #7070 ) ;
#6594 = ORIENTED_EDGE ( 'NONE', *, *, #5119, .T. ) ;
#6595 = CARTESIAN_POINT ( 'NONE',  ( 2.389134316986063489, 1.452721667628555924, 0.7010000000000000675 ) ) ;
#6596 = STYLED_ITEM ( 'NONE', ( #7293 ), #6483 ) ;
#6597 = DIRECTION ( 'NONE',  ( 0.5048830486499222836, -0.8631877589412167984, 0.0000000000000000000 ) ) ;
#6598 = PLANE ( 'NONE',  #3542 ) ;
#6599 = FILL_AREA_STYLE ('',( #6407 ) ) ;
#6600 = DIRECTION ( 'NONE',  ( 0.0000000000000000000, 1.000000000000000000, -0.0000000000000000000 ) ) ;
#6601 = B_SPLINE_CURVE_WITH_KNOTS ( 'NONE', 3,
 ( #3879, #7481, #1769, #6453 ),
 .UNSPECIFIED., .F., .F.,
 ( 4, 4 ),
 ( 1.000000000000000000, 2.000000000000000000 ),
 .UNSPECIFIED. ) ;
#6602 = CARTESIAN_POINT ( 'NONE',  ( 1.082740056512518256, 1.140694203274155383, 0.7010000000000000675 ) ) ;
#6603 = UNCERTAINTY_MEASURE_WITH_UNIT (LENGTH_MEASURE( 1.000000000000000082E-05 ), #2256, 'distance_accuracy_value', 'NONE');
#6604 = ORIENTED_EDGE ( 'NONE', *, *, #8954, .T. ) ;
#6605 = EDGE_LOOP ( 'NONE', ( #4986, #1100, #3266, #763 ) ) ;
#6606 = VERTEX_POINT ( 'NONE', #2636 ) ;
#6607 = CARTESIAN_POINT ( 'NONE',  ( 0.9404548836258183053, 1.244805235427459023, 0.7010000000000000675 ) ) ;
#6608 = CARTESIAN_POINT ( 'NONE',  ( 2.262325441512390789, 1.224141287305309023, 0.6999999999999999556 ) ) ;
#6609 = ORIENTED_EDGE ( 'NONE', *, *, #5661, .F. ) ;
#6610 = CARTESIAN_POINT ( 'NONE',  ( 1.918747835644118327, 1.082151946252963404, 0.7010000000000000675 ) ) ;
#6611 = CARTESIAN_POINT ( 'NONE',  ( 1.811735950896735892, 1.319549473706508769, 0.6999999999999999556 ) ) ;
#6612 = ORIENTED_EDGE ( 'NONE', *, *, #10631, .T. ) ;
#6613 = CARTESIAN_POINT ( 'NONE',  ( 1.154461006934623724, 1.429891582228573377, 0.6999999999999999556 ) ) ;
#6614 =( NAMED_UNIT ( * ) PLANE_ANGLE_UNIT ( ) SI_UNIT ( $, .RADIAN. ) );
#6615 = FILL_AREA_STYLE ('',( #206 ) ) ;
#6616 = VERTEX_POINT ( 'NONE', #6395 ) ;
#6617 = PLANE ( 'NONE',  #12057 ) ;
#6618 =( NAMED_UNIT ( * ) PLANE_ANGLE_UNIT ( ) SI_UNIT ( $, .RADIAN. ) );
#6619 = EDGE_CURVE ( 'NONE', #832, #8035, #1697, .T. ) ;
#6620 = ORIENTED_EDGE ( 'NONE', *, *, #11821, .T. ) ;
#6621 = ORIENTED_EDGE ( 'NONE', *, *, #10628, .T. ) ;
#6622 = SURFACE_STYLE_USAGE ( .BOTH. , #982 ) ;
#6623 =( LENGTH_UNIT ( ) NAMED_UNIT ( * ) SI_UNIT ( .MILLI., .METRE. ) );
#6624 = EDGE_CURVE ( 'NONE', #10497, #5547, #11554, .T. ) ;
#6625 = ORIENTED_EDGE ( 'NONE', *, *, #2566, .F. ) ;
#6626 = CARTESIAN_POINT ( 'NONE',  ( 1.100000000000001643, 1.700000000000000844, 0.0000000000000000000 ) ) ;
#6627 = PLANE ( 'NONE',  #3915 ) ;
#6628 = DIRECTION ( 'NONE',  ( -0.0000000000000000000, -0.0000000000000000000, -1.000000000000000000 ) ) ;
#6629 = FILL_AREA_STYLE_COLOUR ( '', #3105 ) ;
#6630 = ORIENTED_EDGE ( 'NONE', *, *, #6957, .T. ) ;
#6631 = CARTESIAN_POINT ( 'NONE',  ( 1.925069563775328785, 1.339013741899961030, 0.6999999999999999556 ) ) ;
#6632 = SURFACE_STYLE_FILL_AREA ( #11533 ) ;
#6633 = CARTESIAN_POINT ( 'NONE',  ( 2.045639891751560580, 1.127901294570894830, 0.6999999999999999556 ) ) ;
#6634 =( NAMED_UNIT ( * ) PLANE_ANGLE_UNIT ( ) SI_UNIT ( $, .RADIAN. ) );
#6635 = SURFACE_STYLE_FILL_AREA ( #7668 ) ;
#6636 = EDGE_CURVE ( 'NONE', #1149, #32, #5388, .T. ) ;
#6637 = DIRECTION ( 'NONE',  ( 1.000000000000000000, -0.0000000000000000000, -0.0000000000000000000 ) ) ;
#6638 = SURFACE_STYLE_FILL_AREA ( #6716 ) ;
#6639 = SURFACE_SIDE_STYLE ('',( #6584 ) ) ;
#6640 = PLANE ( 'NONE',  #5297 ) ;
#6641 = B_SPLINE_SURFACE_WITH_KNOTS ( 'NONE', 3, 1, ( 
 ( #7291, #624 ),
 ( #3581, #12208 ),
 ( #12151, #7416 ),
 ( #7480, #11238 ) ),
 .UNSPECIFIED., .F., .F., .F.,
 ( 4, 4 ),
 ( 2, 2 ),
 ( 4.000000000000000000, 5.000000000000000000 ),
 ( 0.0000000000000000000, 1.000000000000000000 ),
 .UNSPECIFIED. ) ;
#6642 = LINE ( 'NONE', #1004, #1135 ) ;
#6643 = VECTOR ( 'NONE', #9682, 999.9999999999998863 ) ;
#6644 =( NAMED_UNIT ( * ) PLANE_ANGLE_UNIT ( ) SI_UNIT ( $, .RADIAN. ) );
#6645 = FACE_OUTER_BOUND ( 'NONE', #6861, .T. ) ;
#6646 =( NAMED_UNIT ( * ) PLANE_ANGLE_UNIT ( ) SI_UNIT ( $, .RADIAN. ) );
#6647 = EDGE_LOOP ( 'NONE', ( #10971, #9847, #3899, #7255 ) ) ;
#6648 = CARTESIAN_POINT ( 'NONE',  ( 1.983878271522296899, 1.163752147525683123, 0.6999999999999999556 ) ) ;
#6649 = EDGE_CURVE ( 'NONE', #4632, #10987, #701, .T. ) ;
#6650 =( NAMED_UNIT ( * ) SI_UNIT ( $, .STERADIAN. ) SOLID_ANGLE_UNIT ( ) );
#6651 = MANIFOLD_SOLID_BREP ( '切除-拉伸1', #6903 ) ;
#6652 = AXIS2_PLACEMENT_3D ( 'NONE', #4174, #10037, #7154 ) ;
#6653 = CARTESIAN_POINT ( 'NONE',  ( 1.943369303102723933, 1.477010412553765750, 0.6999999999999999556 ) ) ;
#6654 = FACE_OUTER_BOUND ( 'NONE', #11319, .T. ) ;
#6655 = PRESENTATION_STYLE_ASSIGNMENT (( #12303 ) ) ;
#6656 = CARTESIAN_POINT ( 'NONE',  ( 2.088561098537006888, 1.105026620411373450, 0.7010000000000000675 ) ) ;
#6657 = VERTEX_POINT ( 'NONE', #9154 ) ;
#6658 = VECTOR ( 'NONE', #5569, 1000.000000000000000 ) ;
#6659 = AXIS2_PLACEMENT_3D ( 'NONE', #10436, #8595, #8531 ) ;
#6660 =( GEOMETRIC_REPRESENTATION_CONTEXT ( 3 ) GLOBAL_UNCERTAINTY_ASSIGNED_CONTEXT ( ( #4258 ) ) GLOBAL_UNIT_ASSIGNED_CONTEXT ( ( #7560, #6470, #1971 ) ) REPRESENTATION_CONTEXT ( 'NONE', 'WORKASPACE' ) );
#6661 = ORIENTED_EDGE ( 'NONE', *, *, #8971, .T. ) ;
#6662 = VERTEX_POINT ( 'NONE', #10946 ) ;
#6663 = PRESENTATION_STYLE_ASSIGNMENT (( #8836 ) ) ;
#6664 =( NAMED_UNIT ( * ) SI_UNIT ( $, .STERADIAN. ) SOLID_ANGLE_UNIT ( ) );
#6665 = STYLED_ITEM ( 'NONE', ( #578 ), #8946 ) ;
#6666 =( GEOMETRIC_REPRESENTATION_CONTEXT ( 3 ) GLOBAL_UNCERTAINTY_ASSIGNED_CONTEXT ( ( #1871 ) ) GLOBAL_UNIT_ASSIGNED_CONTEXT ( ( #2455, #10862, #2394 ) ) REPRESENTATION_CONTEXT ( 'NONE', 'WORKASPACE' ) );
#6667 = DIRECTION ( 'NONE',  ( 0.0000000000000000000, 0.0000000000000000000, 1.000000000000000000 ) ) ;
#6668 = PRESENTATION_LAYER_ASSIGNMENT (  '', '', ( #6263 ) ) ;
#6669 = B_SPLINE_CURVE_WITH_KNOTS ( 'NONE', 3,
 ( #197, #8526, #5739, #1025 ),
 .UNSPECIFIED., .F., .F.,
 ( 4, 4 ),
 ( 7.000000000000000000, 8.000000000000000000 ),
 .UNSPECIFIED. ) ;
#6670 = ORIENTED_EDGE ( 'NONE', *, *, #4970, .F. ) ;
#6671 = PLANE ( 'NONE',  #2917 ) ;
#6672 = DIRECTION ( 'NONE',  ( -1.000000000000000000, -0.0000000000000000000, -0.0000000000000000000 ) ) ;
#6673 = AXIS2_PLACEMENT_3D ( 'NONE', #4190, #10726, #5965 ) ;
#6674 = STYLED_ITEM ( 'NONE', ( #7627 ), #2790 ) ;
#6675 = SURFACE_SIDE_STYLE ('',( #5856 ) ) ;
#6676 = EDGE_LOOP ( 'NONE', ( #7522, #5691, #2527, #390, #8543, #9575, #2995, #10690, #1177, #1563, #4941, #6409 ) ) ;
#6677 = DIRECTION ( 'NONE',  ( -0.0000000000000000000, -0.0000000000000000000, -1.000000000000000000 ) ) ;
#6678 = UNCERTAINTY_MEASURE_WITH_UNIT (LENGTH_MEASURE( 1.000000000000000082E-05 ), #11051, 'distance_accuracy_value', 'NONE');
#6679 = MANIFOLD_SOLID_BREP ( '凸台-拉伸3[11]', #7505 ) ;
#6680 = PRESENTATION_LAYER_ASSIGNMENT (  '', '', ( #1137 ) ) ;
#6681 = CARTESIAN_POINT ( 'NONE',  ( 1.428620161237295516, 1.456497748373132950, 0.6999999999999999556 ) ) ;
#6682 =( GEOMETRIC_REPRESENTATION_CONTEXT ( 3 ) GLOBAL_UNCERTAINTY_ASSIGNED_CONTEXT ( ( #9173 ) ) GLOBAL_UNIT_ASSIGNED_CONTEXT ( ( #10078, #10944, #7198 ) ) REPRESENTATION_CONTEXT ( 'NONE', 'WORKASPACE' ) );
#6683 = VERTEX_POINT ( 'NONE', #6171 ) ;
#6684 = SURFACE_SIDE_STYLE ('',( #7649 ) ) ;
#6685 = CARTESIAN_POINT ( 'NONE',  ( 1.466794169586594254, 1.132596622164890876, 0.7010000000000000675 ) ) ;
#6686 = UNCERTAINTY_MEASURE_WITH_UNIT (LENGTH_MEASURE( 1.000000000000000082E-05 ), #3828, 'distance_accuracy_value', 'NONE');
#6687 = ORIENTED_EDGE ( 'NONE', *, *, #1699, .T. ) ;
#6688 = VECTOR ( 'NONE', #2495, 1000.000000000000000 ) ;
#6689 =( NAMED_UNIT ( * ) PLANE_ANGLE_UNIT ( ) SI_UNIT ( $, .RADIAN. ) );
#6690 = ORIENTED_EDGE ( 'NONE', *, *, #2949, .F. ) ;
#6691 = CARTESIAN_POINT ( 'NONE',  ( 1.402014006123635026, 1.525905132560692490, 0.7010000000000000675 ) ) ;
#6692 = MECHANICAL_DESIGN_GEOMETRIC_PRESENTATION_REPRESENTATION (  '', ( #7297 ), #4515 ) ;
#6693 = PRESENTATION_STYLE_ASSIGNMENT (( #11456 ) ) ;
#6694 = STYLED_ITEM ( 'NONE', ( #5561 ), #12133 ) ;
#6695 =( NAMED_UNIT ( * ) PLANE_ANGLE_UNIT ( ) SI_UNIT ( $, .RADIAN. ) );
#6696 = PLANE ( 'NONE',  #11887 ) ;
#6697 = STYLED_ITEM ( 'NONE', ( #4218 ), #379 ) ;
#6698 = VECTOR ( 'NONE', #3168, 1000.000000000000000 ) ;
#6699 = ORIENTED_EDGE ( 'NONE', *, *, #6089, .T. ) ;
#6700 = CARTESIAN_POINT ( 'NONE',  ( 1.955596856198538624, 1.058695007660964693, 0.7010000000000000675 ) ) ;
#6701 = COLOUR_RGB ( '',1.000000000000000000, 1.000000000000000000, 1.000000000000000000 ) ;
#6702 = CARTESIAN_POINT ( 'NONE',  ( -2.949999999999998845, 1.700000000000000178, -0.1000000000000000056 ) ) ;
#6703 = DIRECTION ( 'NONE',  ( 0.9369753459544848395, 0.3493954794691446764, -0.0000000000000000000 ) ) ;
#6704 = ORIENTED_EDGE ( 'NONE', *, *, #11030, .F. ) ;
#6705 = CARTESIAN_POINT ( 'NONE',  ( 2.363805814144614992, 1.382434032485781117, 0.6999999999999999556 ) ) ;
#6706 = MECHANICAL_DESIGN_GEOMETRIC_PRESENTATION_REPRESENTATION (  '', ( #12088 ), #11691 ) ;
#6707 = CARTESIAN_POINT ( 'NONE',  ( 2.039858837736773456, 1.139130680066523293, 0.7010000000000000675 ) ) ;
#6708 = ADVANCED_FACE ( 'NONE', ( #8085 ), #11874, .F. ) ;
#6709 = DIRECTION ( 'NONE',  ( 0.0000000000000000000, 0.0000000000000000000, -1.000000000000000000 ) ) ;
#6710 = PRESENTATION_STYLE_ASSIGNMENT (( #2929 ) ) ;
#6711 = LINE ( 'NONE', #1058, #10676 ) ;
#6712 = VECTOR ( 'NONE', #8865, 1000.000000000000000 ) ;
#6713 =( GEOMETRIC_REPRESENTATION_CONTEXT ( 3 ) GLOBAL_UNCERTAINTY_ASSIGNED_CONTEXT ( ( #7372 ) ) GLOBAL_UNIT_ASSIGNED_CONTEXT ( ( #8200, #4386, #6344 ) ) REPRESENTATION_CONTEXT ( 'NONE', 'WORKASPACE' ) );
#6714 = CARTESIAN_POINT ( 'NONE',  ( 2.309280909012984662, 1.377775917020444219, 0.7010000000000000675 ) ) ;
#6715 =( NAMED_UNIT ( * ) PLANE_ANGLE_UNIT ( ) SI_UNIT ( $, .RADIAN. ) );
#6716 = FILL_AREA_STYLE ('',( #7614 ) ) ;
#6717 = DIRECTION ( 'NONE',  ( 0.0000000000000000000, 0.0000000000000000000, 1.000000000000000000 ) ) ;
#6718 = EDGE_CURVE ( 'NONE', #9705, #3023, #1862, .T. ) ;
#6719 = ORIENTED_EDGE ( 'NONE', *, *, #1182, .F. ) ;
#6720 = PLANE ( 'NONE',  #7979 ) ;
#6721 = SURFACE_SIDE_STYLE ('',( #5956 ) ) ;
#6722 = B_SPLINE_CURVE_WITH_KNOTS ( 'NONE', 3,
 ( #218, #6954, #4039, #6890 ),
 .UNSPECIFIED., .F., .F.,
 ( 4, 4 ),
 ( 12.00000000000000000, 13.00000000000000000 ),
 .UNSPECIFIED. ) ;
#6723 = CARTESIAN_POINT ( 'NONE',  ( 2.059198334980410827, 1.058695007660964693, 0.7010000000000000675 ) ) ;
#6724 =( LENGTH_UNIT ( ) NAMED_UNIT ( * ) SI_UNIT ( .MILLI., .METRE. ) );
#6725 =( GEOMETRIC_REPRESENTATION_CONTEXT ( 3 ) GLOBAL_UNCERTAINTY_ASSIGNED_CONTEXT ( ( #11074 ) ) GLOBAL_UNIT_ASSIGNED_CONTEXT ( ( #12010, #4236, #2429 ) ) REPRESENTATION_CONTEXT ( 'NONE', 'WORKASPACE' ) );
#6726 = EDGE_CURVE ( 'NONE', #7457, #1499, #10500, .T. ) ;
#6727 = EDGE_CURVE ( 'NONE', #8356, #2982, #8899, .T. ) ;
#6728 = SURFACE_SIDE_STYLE ('',( #4867 ) ) ;
#6729 = ORIENTED_EDGE ( 'NONE', *, *, #5855, .T. ) ;
#6730 = CARTESIAN_POINT ( 'NONE',  ( 1.991738841369566249, 1.135304370935510176, 0.6999999999999999556 ) ) ;
#6731 = DIRECTION ( 'NONE',  ( 0.0000000000000000000, 0.0000000000000000000, -1.000000000000000000 ) ) ;
#6732 = CARTESIAN_POINT ( 'NONE',  ( 1.970111876710422649, 1.180305093553438711, 0.6999999999999999556 ) ) ;
#6733 = DIRECTION ( 'NONE',  ( -0.3416038306815446512, 0.9398440417769825528, 0.0000000000000000000 ) ) ;
#6734 =( NAMED_UNIT ( * ) PLANE_ANGLE_UNIT ( ) SI_UNIT ( $, .RADIAN. ) );
#6735 = MECHANICAL_DESIGN_GEOMETRIC_PRESENTATION_REPRESENTATION (  '', ( #9734 ), #9158 ) ;
#6736 = CARTESIAN_POINT ( 'NONE',  ( 1.471421346183718004, 1.131439850079904774, 0.6999999999999999556 ) ) ;
#6737 = ORIENTED_EDGE ( 'NONE', *, *, #3816, .F. ) ;
#6738 = EDGE_CURVE ( 'NONE', #9638, #7300, #969, .T. ) ;
#6739 = ORIENTED_EDGE ( 'NONE', *, *, #784, .F. ) ;
#6740 = CARTESIAN_POINT ( 'NONE',  ( 1.960878826413513298, 1.075414314955142503, 0.7010000000000000675 ) ) ;
#6741 = PRESENTATION_STYLE_ASSIGNMENT (( #10612 ) ) ;
#6742 =( LENGTH_UNIT ( ) NAMED_UNIT ( * ) SI_UNIT ( .MILLI., .METRE. ) );
#6743 = EDGE_LOOP ( 'NONE', ( #2848, #5197, #2113, #11615 ) ) ;
#6744 = STYLED_ITEM ( 'NONE', ( #10725 ), #10162 ) ;
#6745 = PRESENTATION_STYLE_ASSIGNMENT (( #3150 ) ) ;
#6746 =( NAMED_UNIT ( * ) SI_UNIT ( $, .STERADIAN. ) SOLID_ANGLE_UNIT ( ) );
#6747 = AXIS2_PLACEMENT_3D ( 'NONE', #3479, #12284, #11988 ) ;
#6748 = DIRECTION ( 'NONE',  ( 0.0000000000000000000, -0.0000000000000000000, -1.000000000000000000 ) ) ;
#6749 = LINE ( 'NONE', #10741, #6269 ) ;
#6750 = VERTEX_POINT ( 'NONE', #3670 ) ;
#6751 = CARTESIAN_POINT ( 'NONE',  ( 0.9404548836258183053, 1.244805235427459023, 0.6999999999999999556 ) ) ;
#6752 = VERTEX_POINT ( 'NONE', #10384 ) ;
#6753 =( NAMED_UNIT ( * ) PLANE_ANGLE_UNIT ( ) SI_UNIT ( $, .RADIAN. ) );
#6754 =( GEOMETRIC_REPRESENTATION_CONTEXT ( 3 ) GLOBAL_UNCERTAINTY_ASSIGNED_CONTEXT ( ( #3 ) ) GLOBAL_UNIT_ASSIGNED_CONTEXT ( ( #5113, #5236, #1446 ) ) REPRESENTATION_CONTEXT ( 'NONE', 'WORKASPACE' ) );
#6755 = EDGE_CURVE ( 'NONE', #9516, #9471, #2715, .T. ) ;
#6756 = VECTOR ( 'NONE', #2237, 1000.000000000000000 ) ;
#6757 = LINE ( 'NONE', #10621, #4399 ) ;
#6758 = ORIENTED_EDGE ( 'NONE', *, *, #7499, .T. ) ;
#6759 = PRESENTATION_STYLE_ASSIGNMENT (( #1166 ) ) ;
#6760 = EDGE_LOOP ( 'NONE', ( #78, #4819, #4390, #5488 ) ) ;
#6761 = CARTESIAN_POINT ( 'NONE',  ( 1.457539904648408990, 1.503926127844107397, 0.6999999999999999556 ) ) ;
#6762 = CARTESIAN_POINT ( 'NONE',  ( 1.464480625416062498, 1.132596622164890876, 0.7010000000000000675 ) ) ;
#6763 = LINE ( 'NONE', #5760, #6493 ) ;
#6764 = VECTOR ( 'NONE', #9749, 1000.000000000000000 ) ;
#6765 = PRESENTATION_LAYER_ASSIGNMENT (  '', '', ( #3202 ) ) ;
#6766 = SURFACE_SIDE_STYLE ('',( #220 ) ) ;
#6767 = EDGE_LOOP ( 'NONE', ( #4272, #6811, #8759, #9454 ) ) ;
#6768 = DIRECTION ( 'NONE',  ( -0.0000000000000000000, -0.0000000000000000000, -1.000000000000000000 ) ) ;
#6769 = CARTESIAN_POINT ( 'NONE',  ( 1.927689753724234345, 1.461039730958485716, 0.6999999999999999556 ) ) ;
#6770 = ORIENTED_EDGE ( 'NONE', *, *, #4905, .F. ) ;
#6771 = PLANE ( 'NONE',  #10893 ) ;
#6772 = SURFACE_STYLE_USAGE ( .BOTH. , #1111 ) ;
#6773 = VECTOR ( 'NONE', #3685, 1000.000000000000000 ) ;
#6774 = FILL_AREA_STYLE_COLOUR ( '', #3627 ) ;
#6775 = FILL_AREA_STYLE_COLOUR ( '', #8410 ) ;
#6776 = CARTESIAN_POINT ( 'NONE',  ( -0.3999999999999988565, -1.700000000000000178, -0.1000000000000000056 ) ) ;
#6777 = LINE ( 'NONE', #8747, #3937 ) ;
#6778 = COLOUR_RGB ( '',1.000000000000000000, 1.000000000000000000, 1.000000000000000000 ) ;
#6779 = CARTESIAN_POINT ( 'NONE',  ( 1.466794169586594254, 1.132596622164890876, 0.7010000000000000675 ) ) ;
#6780 = FACE_BOUND ( 'NONE', #1713, .T. ) ;
#6781 = CARTESIAN_POINT ( 'NONE',  ( 2.488493583469202353, 1.084231462085445408, 0.7010000000000000675 ) ) ;
#6782 = VERTEX_POINT ( 'NONE', #9461 ) ;
#6783 = CARTESIAN_POINT ( 'NONE',  ( 2.103949515698704698, 1.160924005993198227, 0.6999999999999999556 ) ) ;
#6784 = LINE ( 'NONE', #9559, #11093 ) ;
#6785 = PRESENTATION_LAYER_ASSIGNMENT (  '', '', ( #2633 ) ) ;
#6786 = CARTESIAN_POINT ( 'NONE',  ( 1.904191224815638073, 1.397822449646370480, 0.6999999999999999556 ) ) ;
#6787 = SURFACE_STYLE_USAGE ( .BOTH. , #10540 ) ;
#6788 = VECTOR ( 'NONE', #1662, 1000.000000000000114 ) ;
#6789 = ORIENTED_EDGE ( 'NONE', *, *, #7953, .T. ) ;
#6790 = EDGE_CURVE ( 'NONE', #11154, #1133, #10793, .T. ) ;
#6791 = FACE_OUTER_BOUND ( 'NONE', #5820, .T. ) ;
#6792 = ADVANCED_FACE ( 'NONE', ( #11265 ), #9061, .F. ) ;
#6793 = B_SPLINE_CURVE_WITH_KNOTS ( 'NONE', 3,
 ( #11704, #2425, #2297, #11018 ),
 .UNSPECIFIED., .F., .F.,
 ( 4, 4 ),
 ( 3.000000000000000000, 4.000000000000000000 ),
 .UNSPECIFIED. ) ;
#6794 = COLOUR_RGB ( '',1.000000000000000000, 1.000000000000000000, 1.000000000000000000 ) ;
#6795 = LINE ( 'NONE', #8823, #510 ) ;
#6796 = AXIS2_PLACEMENT_3D ( 'NONE', #1777, #9321, #9383 ) ;
#6797 = PRESENTATION_STYLE_ASSIGNMENT (( #11652 ) ) ;
#6798 = CARTESIAN_POINT ( 'NONE',  ( 2.060861947646282388, 1.148114188464350871, 0.6999999999999999556 ) ) ;
#6799 = EDGE_CURVE ( 'NONE', #3005, #210, #9403, .T. ) ;
#6800 = STYLED_ITEM ( 'NONE', ( #6591 ), #6029 ) ;
#6801 = CARTESIAN_POINT ( 'NONE',  ( 1.606765754174732441, 1.221669440697902953, 0.7010000000000000675 ) ) ;
#6802 = AXIS2_PLACEMENT_3D ( 'NONE', #7225, #2849, #10972 ) ;
#6803 = UNCERTAINTY_MEASURE_WITH_UNIT (LENGTH_MEASURE( 1.000000000000000082E-05 ), #3348, 'distance_accuracy_value', 'NONE');
#6804 =( NAMED_UNIT ( * ) SI_UNIT ( $, .STERADIAN. ) SOLID_ANGLE_UNIT ( ) );
#6805 = VERTEX_POINT ( 'NONE', #12241 ) ;
#6806 = ORIENTED_EDGE ( 'NONE', *, *, #7245, .T. ) ;
#6807 = CARTESIAN_POINT ( 'NONE',  ( 1.991738841369566693, 1.119749592507385039, 0.6999999999999999556 ) ) ;
#6808 = VECTOR ( 'NONE', #6126, 1000.000000000000000 ) ;
#6809 = SURFACE_SIDE_STYLE ('',( #5848 ) ) ;
#6810 = FILL_AREA_STYLE ('',( #3028 ) ) ;
#6811 = ORIENTED_EDGE ( 'NONE', *, *, #9641, .F. ) ;
#6812 = CARTESIAN_POINT ( 'NONE',  ( 1.983878271522296899, 1.163752147525683123, 0.6999999999999999556 ) ) ;
#6813 = FILL_AREA_STYLE ('',( #2276 ) ) ;
#6814 = DIRECTION ( 'NONE',  ( 0.3315284183504002002, 0.9434452330824943944, -0.0000000000000000000 ) ) ;
#6815 = ADVANCED_FACE ( 'NONE', ( #3721 ), #5683, .T. ) ;
#6816 = ADVANCED_FACE ( 'NONE', ( #3216 ), #4066, .T. ) ;
#6817 =( NAMED_UNIT ( * ) SI_UNIT ( $, .STERADIAN. ) SOLID_ANGLE_UNIT ( ) );
#6818 = ORIENTED_EDGE ( 'NONE', *, *, #665, .F. ) ;
#6819 = EDGE_CURVE ( 'NONE', #7143, #3210, #257, .T. ) ;
#6820 = STYLED_ITEM ( 'NONE', ( #6741 ), #6410 ) ;
#6821 = CARTESIAN_POINT ( 'NONE',  ( 1.145206675804391949, 1.124499085183668479, 0.7010000000000000675 ) ) ;
#6822 = CARTESIAN_POINT ( 'NONE',  ( 2.092054685135732228, 1.102115298245675667, 0.7010000000000000675 ) ) ;
#6823 = ORIENTED_EDGE ( 'NONE', *, *, #1727, .T. ) ;
#6824 = CARTESIAN_POINT ( 'NONE',  ( 2.052918197165804592, 1.171072043255974915, 0.6999999999999999556 ) ) ;
#6825 = UNCERTAINTY_MEASURE_WITH_UNIT (LENGTH_MEASURE( 1.000000000000000082E-05 ), #11976, 'distance_accuracy_value', 'NONE');
#6826 = ORIENTED_EDGE ( 'NONE', *, *, #4167, .F. ) ;
#6827 = SURFACE_STYLE_FILL_AREA ( #12189 ) ;
#6828 = ORIENTED_EDGE ( 'NONE', *, *, #1705, .T. ) ;
#6829 = FILL_AREA_STYLE_COLOUR ( '', #9231 ) ;
#6830 =( NAMED_UNIT ( * ) SI_UNIT ( $, .STERADIAN. ) SOLID_ANGLE_UNIT ( ) );
#6831 = ORIENTED_EDGE ( 'NONE', *, *, #8436, .F. ) ;
#6832 = CARTESIAN_POINT ( 'NONE',  ( 1.272453546814732661, 1.456497748373132950, 0.6999999999999999556 ) ) ;
#6833 = EDGE_CURVE ( 'NONE', #11700, #9642, #139, .T. ) ;
#6834 = CARTESIAN_POINT ( 'NONE',  ( 2.197818860384403994, 1.338098754933535917, 0.7010000000000000675 ) ) ;
#6835 = VERTEX_POINT ( 'NONE', #10739 ) ;
#6836 =( NAMED_UNIT ( * ) PLANE_ANGLE_UNIT ( ) SI_UNIT ( $, .RADIAN. ) );
#6837 = CARTESIAN_POINT ( 'NONE',  ( 2.513031870295155290, 1.144870143764706194, 0.6999999999999999556 ) ) ;
#6838 = EDGE_LOOP ( 'NONE', ( #7585, #4868, #10327, #7325 ) ) ;
#6839 = CARTESIAN_POINT ( 'NONE',  ( 2.622164861191624396, 1.124324527338406599, 0.7010000000000000675 ) ) ;
#6840 = PRESENTATION_STYLE_ASSIGNMENT (( #9612 ) ) ;
#6841 = DIRECTION ( 'NONE',  ( 0.3315284183576436283, 0.9434452330799490971, -0.0000000000000000000 ) ) ;
#6842 = B_SPLINE_SURFACE_WITH_KNOTS ( 'NONE', 3, 1, ( 
 ( #6458, #1842 ),
 ( #4554, #5539 ),
 ( #6595, #683 ),
 ( #4442, #9382 ) ),
 .UNSPECIFIED., .F., .F., .F.,
 ( 4, 4 ),
 ( 2, 2 ),
 ( 3.000000000000000000, 4.000000000000000000 ),
 ( 0.0000000000000000000, 1.000000000000000000 ),
 .UNSPECIFIED. ) ;
#6843 = SURFACE_SIDE_STYLE ('',( #2078 ) ) ;
#6844 = CARTESIAN_POINT ( 'NONE',  ( 2.284742622188141059, 1.342340967231710813, 0.7010000000000000675 ) ) ;
#6845 = DIRECTION ( 'NONE',  ( 1.000000000000000000, 0.0000000000000000000, 0.0000000000000000000 ) ) ;
#6846 = CARTESIAN_POINT ( 'NONE',  ( 2.146163687101306561, 1.006707111844477032, 0.7010000000000000675 ) ) ;
#6847 = PRESENTATION_STYLE_ASSIGNMENT (( #7795 ) ) ;
#6848 = CARTESIAN_POINT ( 'NONE',  ( 1.925069563775328785, 1.339013741899961030, 0.6999999999999999556 ) ) ;
#6849 =( NAMED_UNIT ( * ) SI_UNIT ( $, .STERADIAN. ) SOLID_ANGLE_UNIT ( ) );
#6850 = ORIENTED_EDGE ( 'NONE', *, *, #10404, .F. ) ;
#6851 = CARTESIAN_POINT ( 'NONE',  ( 1.968198722144361756, 1.163752147525683123, 0.7010000000000000675 ) ) ;
#6852 = B_SPLINE_CURVE_WITH_KNOTS ( 'NONE', 3,
 ( #1416, #3361, #10950, #7386 ),
 .UNSPECIFIED., .F., .F.,
 ( 4, 4 ),
 ( 3.000000000000000000, 4.000000000000000000 ),
 .UNSPECIFIED. ) ;
#6853 = SURFACE_STYLE_FILL_AREA ( #9862 ) ;
#6854 = LINE ( 'NONE', #4008, #7751 ) ;
#6855 = FILL_AREA_STYLE ('',( #9756 ) ) ;
#6856 = PRESENTATION_STYLE_ASSIGNMENT (( #10605 ) ) ;
#6857 = SURFACE_SIDE_STYLE ('',( #1144 ) ) ;
#6858 = SURFACE_SIDE_STYLE ('',( #6150 ) ) ;
#6859 = ORIENTED_EDGE ( 'NONE', *, *, #5159, .F. ) ;
#6860 = ADVANCED_FACE ( 'NONE', ( #3155 ), #2222, .F. ) ;
#6861 = EDGE_LOOP ( 'NONE', ( #5373, #437, #8662, #5477 ) ) ;
#6862 = STYLED_ITEM ( 'NONE', ( #8980 ), #8516 ) ;
#6863 =( GEOMETRIC_REPRESENTATION_CONTEXT ( 3 ) GLOBAL_UNCERTAINTY_ASSIGNED_CONTEXT ( ( #5010 ) ) GLOBAL_UNIT_ASSIGNED_CONTEXT ( ( #11765, #2486, #1299 ) ) REPRESENTATION_CONTEXT ( 'NONE', 'WORKASPACE' ) );
#6864 = VERTEX_POINT ( 'NONE', #8247 ) ;
#6865 = DIRECTION ( 'NONE',  ( 0.0000000000000000000, -1.000000000000000000, 0.0000000000000000000 ) ) ;
#6866 = CARTESIAN_POINT ( 'NONE',  ( 2.118214994310397614, 1.082401488152591629, 0.6999999999999999556 ) ) ;
#6867 = SURFACE_STYLE_FILL_AREA ( #1155 ) ;
#6868 = UNCERTAINTY_MEASURE_WITH_UNIT (LENGTH_MEASURE( 1.000000000000000082E-05 ), #11348, 'distance_accuracy_value', 'NONE');
#6869 = CARTESIAN_POINT ( 'NONE',  ( 2.039734066786956568, 1.065515819591999369, 0.7010000000000000675 ) ) ;
#6870 = ORIENTED_EDGE ( 'NONE', *, *, #7809, .T. ) ;
#6871 = STYLED_ITEM ( 'NONE', ( #8412 ), #8666 ) ;
#6872 = STYLED_ITEM ( 'NONE', ( #641 ), #7726 ) ;
#6873 = CARTESIAN_POINT ( 'NONE',  ( 2.142378968285794105, 1.463535149958128612, 0.7010000000000000675 ) ) ;
#6874 = ORIENTED_EDGE ( 'NONE', *, *, #9748, .F. ) ;
#6875 = DIRECTION ( 'NONE',  ( -1.000000000000000000, 0.0000000000000000000, 0.0000000000000000000 ) ) ;
#6876 = COLOUR_RGB ( '',1.000000000000000000, 1.000000000000000000, 1.000000000000000000 ) ;
#6877 = VECTOR ( 'NONE', #7874, 1000.000000000000000 ) ;
#6878 = CARTESIAN_POINT ( 'NONE',  ( 2.223230543859060493, 1.482250792451576649, 0.6999999999999999556 ) ) ;
#6879 = EDGE_CURVE ( 'NONE', #3163, #4325, #5428, .T. ) ;
#6880 = ORIENTED_EDGE ( 'NONE', *, *, #9534, .T. ) ;
#6881 = SURFACE_STYLE_USAGE ( .BOTH. , #8669 ) ;
#6882 = EDGE_CURVE ( 'NONE', #1524, #9765, #12103, .T. ) ;
#6883 = FACE_OUTER_BOUND ( 'NONE', #7072, .T. ) ;
#6884 = CARTESIAN_POINT ( 'NONE',  ( 2.026009262291684987, 1.346416818264573267, 0.7010000000000000675 ) ) ;
#6885 = ORIENTED_EDGE ( 'NONE', *, *, #10179, .T. ) ;
#6886 =( GEOMETRIC_REPRESENTATION_CONTEXT ( 3 ) GLOBAL_UNCERTAINTY_ASSIGNED_CONTEXT ( ( #10054 ) ) GLOBAL_UNIT_ASSIGNED_CONTEXT ( ( #8874, #9117, #9001 ) ) REPRESENTATION_CONTEXT ( 'NONE', 'WORKASPACE' ) );
#6887 = DIRECTION ( 'NONE',  ( -0.0000000000000000000, -0.0000000000000000000, -1.000000000000000000 ) ) ;
#6888 = MECHANICAL_DESIGN_GEOMETRIC_PRESENTATION_REPRESENTATION (  '', ( #12267 ), #7699 ) ;
#6889 = CIRCLE ( 'NONE', #9698, 0.1687042954162695507 ) ;
#6890 = CARTESIAN_POINT ( 'NONE',  ( 2.067058904827680177, 1.159426754593186892, 0.6999999999999999556 ) ) ;
#6891 = VECTOR ( 'NONE', #10342, 1000.000000000000000 ) ;
#6892 = SURFACE_STYLE_USAGE ( .BOTH. , #9603 ) ;
#6893 = EDGE_LOOP ( 'NONE', ( #8233, #1801, #6831, #11250 ) ) ;
#6894 = STYLED_ITEM ( 'NONE', ( #11372 ), #769 ) ;
#6895 = SURFACE_STYLE_USAGE ( .BOTH. , #3235 ) ;
#6896 = ORIENTED_EDGE ( 'NONE', *, *, #4507, .F. ) ;
#6897 = DIRECTION ( 'NONE',  ( -0.0000000000000000000, -1.000000000000000000, -0.0000000000000000000 ) ) ;
#6898 = SURFACE_STYLE_USAGE ( .BOTH. , #8983 ) ;
#6899 = MECHANICAL_DESIGN_GEOMETRIC_PRESENTATION_REPRESENTATION (  '', ( #4512 ), #3136 ) ;
#6900 = PRESENTATION_LAYER_ASSIGNMENT (  '', '', ( #6266 ) ) ;
#6901 = FACE_OUTER_BOUND ( 'NONE', #4958, .T. ) ;
#6902 = EDGE_CURVE ( 'NONE', #10954, #3163, #2399, .T. ) ;
#6903 = CLOSED_SHELL ( 'NONE', ( #1493, #8658, #957, #4770, #2624, #12133, #4224, #1975, #7685, #12063, #10482, #7140, #1567, #5271, #10998, #9184, #6193, #1655, #2183, #11020, #6317, #2928, #8894, #7104 ) ) ;
#6904 =( GEOMETRIC_REPRESENTATION_CONTEXT ( 3 ) GLOBAL_UNCERTAINTY_ASSIGNED_CONTEXT ( ( #1998 ) ) GLOBAL_UNIT_ASSIGNED_CONTEXT ( ( #455, #840, #6541 ) ) REPRESENTATION_CONTEXT ( 'NONE', 'WORKASPACE' ) );
#6905 = SURFACE_STYLE_USAGE ( .BOTH. , #3118 ) ;
#6906 = CARTESIAN_POINT ( 'NONE',  ( 1.948443321734113720, 1.112429696775983468, 0.6999999999999999556 ) ) ;
#6907 = VECTOR ( 'NONE', #9425, 1000.000000000000000 ) ;
#6908 = PRESENTATION_LAYER_ASSIGNMENT (  '', '', ( #12288 ) ) ;
#6909 = CARTESIAN_POINT ( 'NONE',  ( 2.098085281050710016, 1.122494553405553042, 0.7010000000000000675 ) ) ;
#6910 = CARTESIAN_POINT ( 'NONE',  ( 1.065388210465627150, 1.362797841499060025, 0.7010000000000000675 ) ) ;
#6911 = SURFACE_STYLE_USAGE ( .BOTH. , #9747 ) ;
#6912 = PRESENTATION_STYLE_ASSIGNMENT (( #3126 ) ) ;
#6913 = DIRECTION ( 'NONE',  ( 0.0000000000000000000, 1.000000000000000000, -0.0000000000000000000 ) ) ;
#6914 =( LENGTH_UNIT ( ) NAMED_UNIT ( * ) SI_UNIT ( .MILLI., .METRE. ) );
#6915 = LINE ( 'NONE', #9684, #8972 ) ;
#6916 =( NAMED_UNIT ( * ) PLANE_ANGLE_UNIT ( ) SI_UNIT ( $, .RADIAN. ) );
#6917 = UNCERTAINTY_MEASURE_WITH_UNIT (LENGTH_MEASURE( 1.000000000000000082E-05 ), #5611, 'distance_accuracy_value', 'NONE');
#6918 = EDGE_CURVE ( 'NONE', #1703, #9650, #7542, .T. ) ;
#6919 = ORIENTED_EDGE ( 'NONE', *, *, #10872, .F. ) ;
#6920 =( GEOMETRIC_REPRESENTATION_CONTEXT ( 3 ) GLOBAL_UNCERTAINTY_ASSIGNED_CONTEXT ( ( #9464 ) ) GLOBAL_UNIT_ASSIGNED_CONTEXT ( ( #9851, #230, #10773 ) ) REPRESENTATION_CONTEXT ( 'NONE', 'WORKASPACE' ) );
#6922 = CARTESIAN_POINT ( 'NONE',  ( 1.964538774278659528, 1.116089644641684142, 0.7010000000000000675 ) ) ;
#6921 = STYLED_ITEM ( 'NONE', ( #9479 ), #10545 ) ;
#6923 = PRESENTATION_STYLE_ASSIGNMENT (( #242 ) ) ;
#6924 = CARTESIAN_POINT ( 'NONE',  ( 2.065312111528040617, 1.137300706134778405, 0.6999999999999999556 ) ) ;
#6925 = CARTESIAN_POINT ( 'NONE',  ( 1.991738841369566249, 1.108603387643867011, 0.6999999999999999556 ) ) ;
#6926 = LINE ( 'NONE', #2211, #9370 ) ;
#6927 =( NAMED_UNIT ( * ) SI_UNIT ( $, .STERADIAN. ) SOLID_ANGLE_UNIT ( ) );
#6928 = B_SPLINE_CURVE_WITH_KNOTS ( 'NONE', 3,
 ( #6432, #662, #10394, #2668 ),
 .UNSPECIFIED., .F., .F.,
 ( 4, 4 ),
 ( 3.000000000000000000, 4.000000000000000000 ),
 .UNSPECIFIED. ) ;
#6929 = PRESENTATION_STYLE_ASSIGNMENT (( #10794 ) ) ;
#6930 = ORIENTED_EDGE ( 'NONE', *, *, #1825, .F. ) ;
#6931 = VERTEX_POINT ( 'NONE', #8071 ) ;
#6932 = FILL_AREA_STYLE ('',( #496 ) ) ;
#6933 = VERTEX_POINT ( 'NONE', #1457 ) ;
#6934 = CARTESIAN_POINT ( 'NONE',  ( 2.118214994310397614, 1.093048609215742761, 0.6999999999999999556 ) ) ;
#6935 =( LENGTH_UNIT ( ) NAMED_UNIT ( * ) SI_UNIT ( .MILLI., .METRE. ) );
#6936 =( NAMED_UNIT ( * ) PLANE_ANGLE_UNIT ( ) SI_UNIT ( $, .RADIAN. ) );
#6937 = CARTESIAN_POINT ( 'NONE',  ( 1.523476884324387548, 1.131439850079904774, 0.6999999999999999556 ) ) ;
#6938 = VERTEX_POINT ( 'NONE', #3530 ) ;
#6939 = CARTESIAN_POINT ( 'NONE',  ( 2.473562659791269436, 1.096958098981078544, 0.7010000000000000675 ) ) ;
#6940 = VERTEX_POINT ( 'NONE', #10865 ) ;
#6941 = FILL_AREA_STYLE ('',( #6163 ) ) ;
#6942 = B_SPLINE_SURFACE_WITH_KNOTS ( 'NONE', 3, 1, ( 
 ( #11689, #2347 ),
 ( #2116, #5019 ),
 ( #7071, #10814 ),
 ( #2174, #3098 ) ),
 .UNSPECIFIED., .F., .F., .F.,
 ( 4, 4 ),
 ( 2, 2 ),
 ( 8.000000000000000000, 9.000000000000000000 ),
 ( 0.0000000000000000000, 1.000000000000000000 ),
 .UNSPECIFIED. ) ;
#6943 = B_SPLINE_CURVE_WITH_KNOTS ( 'NONE', 3,
 ( #3960, #3083, #11666, #10669 ),
 .UNSPECIFIED., .F., .F.,
 ( 4, 4 ),
 ( 8.000000000000000000, 9.000000000000000000 ),
 .UNSPECIFIED. ) ;
#6944 = ORIENTED_EDGE ( 'NONE', *, *, #12044, .T. ) ;
#6945 = DIRECTION ( 'NONE',  ( -1.000000000000000000, 1.275531967630004752E-16, 0.0000000000000000000 ) ) ;
#6946 = VECTOR ( 'NONE', #9605, 1000.000000000000000 ) ;
#6947 = CARTESIAN_POINT ( 'NONE',  ( 1.832739060806250597, 1.079989249787272731, 0.6999999999999999556 ) ) ;
#6948 = VECTOR ( 'NONE', #11676, 1000.000000000000000 ) ;
#6949 = SURFACE_STYLE_FILL_AREA ( #4214 ) ;
#6950 = VERTEX_POINT ( 'NONE', #9017 ) ;
#6951 = EDGE_CURVE ( 'NONE', #2704, #6332, #8751, .T. ) ;
#6952 = CARTESIAN_POINT ( 'NONE',  ( 1.428620161237295516, 1.116401548203548089, 0.6999999999999999556 ) ) ;
#6953 = DIRECTION ( 'NONE',  ( -0.0000000000000000000, -0.0000000000000000000, -1.000000000000000000 ) ) ;
#6954 = CARTESIAN_POINT ( 'NONE',  ( 2.060861947646282388, 1.152772303928579545, 0.6999999999999999556 ) ) ;
#6955 = ORIENTED_EDGE ( 'NONE', *, *, #2693, .T. ) ;
#6956 = DIRECTION ( 'NONE',  ( -0.0000000000000000000, -0.0000000000000000000, -1.000000000000000000 ) ) ;
#6957 = EDGE_CURVE ( 'NONE', #3709, #10886, #3684, .T. ) ;
#6958 = AXIS2_PLACEMENT_3D ( 'NONE', #7448, #11268, #1802 ) ;
#6959 = EDGE_LOOP ( 'NONE', ( #2157, #5393, #5983, #10430 ) ) ;
#6960 = LINE ( 'NONE', #5089, #8728 ) ;
#6961 = SURFACE_SIDE_STYLE ('',( #3240 ) ) ;
#6962 = COLOUR_RGB ( '',1.000000000000000000, 1.000000000000000000, 1.000000000000000000 ) ;
#6963 =( GEOMETRIC_REPRESENTATION_CONTEXT ( 3 ) GLOBAL_UNCERTAINTY_ASSIGNED_CONTEXT ( ( #754 ) ) GLOBAL_UNIT_ASSIGNED_CONTEXT ( ( #559, #2684, #8372 ) ) REPRESENTATION_CONTEXT ( 'NONE', 'WORKASPACE' ) );
#6964 = CARTESIAN_POINT ( 'NONE',  ( 0.4000000000000014655, 1.700000000000000622, -0.1000000000000000056 ) ) ;
#6965 = B_SPLINE_CURVE_WITH_KNOTS ( 'NONE', 3,
 ( #11088, #8163, #10036, #1488 ),
 .UNSPECIFIED., .F., .F.,
 ( 4, 4 ),
 ( 9.000000000000000000, 10.00000000000000000 ),
 .UNSPECIFIED. ) ;
#6966 = DIRECTION ( 'NONE',  ( 0.0000000000000000000, 0.0000000000000000000, 1.000000000000000000 ) ) ;
#6967 = CARTESIAN_POINT ( 'NONE',  ( 2.472148589025581433, 1.069009406190170264, 0.7010000000000000675 ) ) ;
#6968 = EDGE_CURVE ( 'NONE', #6282, #2669, #9344, .T. ) ;
#6969 = STYLED_ITEM ( 'NONE', ( #1897 ), #4749 ) ;
#6970 = EDGE_CURVE ( 'NONE', #2669, #8739, #10993, .T. ) ;
#6971 = CARTESIAN_POINT ( 'NONE',  ( 1.307157238909066876, 1.100206562497149543, 0.6999999999999999556 ) ) ;
#6972 = DIRECTION ( 'NONE',  ( -0.0000000000000000000, -1.000000000000000000, -0.0000000000000000000 ) ) ;
#6973 = EDGE_CURVE ( 'NONE', #3210, #6097, #3473, .T. ) ;
#6974 = LINE ( 'NONE', #5167, #3734 ) ;
#6975 = SURFACE_SIDE_STYLE ('',( #4178 ) ) ;
#6976 = MECHANICAL_DESIGN_GEOMETRIC_PRESENTATION_REPRESENTATION (  '', ( #5929 ), #1618 ) ;
#6977 = DIRECTION ( 'NONE',  ( 1.000000000000000000, -0.0000000000000000000, -0.0000000000000000000 ) ) ;
#6978 = B_SPLINE_CURVE_WITH_KNOTS ( 'NONE', 3,
 ( #5233, #1573, #3386, #9185 ),
 .UNSPECIFIED., .F., .F.,
 ( 4, 4 ),
 ( 16.00000000000000000, 17.00000000000000000 ),
 .UNSPECIFIED. ) ;
#6979 = ORIENTED_EDGE ( 'NONE', *, *, #10495, .F. ) ;
#6980 = FACE_OUTER_BOUND ( 'NONE', #10374, .T. ) ;
#6981 = FILL_AREA_STYLE_COLOUR ( '', #11085 ) ;
#6982 = MANIFOLD_SOLID_BREP ( '凸台-拉伸3[1]', #1749 ) ;
#6983 = CARTESIAN_POINT ( 'NONE',  ( 2.060861947646282388, 1.143456072999012196, 0.7010000000000000675 ) ) ;
#6984 =( NAMED_UNIT ( * ) SI_UNIT ( $, .STERADIAN. ) SOLID_ANGLE_UNIT ( ) );
#6985 = EDGE_CURVE ( 'NONE', #8270, #11989, #6305, .T. ) ;
#6986 = CARTESIAN_POINT ( 'NONE',  ( 2.363805814144614992, 1.382434032485780895, 0.7010000000000000675 ) ) ;
#6987 = CARTESIAN_POINT ( 'NONE',  ( 1.145206675804391949, 1.073600319128541480, 0.6999999999999999556 ) ) ;
#6988 = DIRECTION ( 'NONE',  ( -0.0000000000000000000, -0.0000000000000000000, -1.000000000000000000 ) ) ;
#6989 = CARTESIAN_POINT ( 'NONE',  ( 2.073255862009072636, 1.075331134321934945, 0.6999999999999999556 ) ) ;
#6990 = ORIENTED_EDGE ( 'NONE', *, *, #4385, .T. ) ;
#6991 = ORIENTED_EDGE ( 'NONE', *, *, #12295, .T. ) ;
#6992 = SURFACE_STYLE_USAGE ( .BOTH. , #4255 ) ;
#6993 = VECTOR ( 'NONE', #4345, 1000.000000000000000 ) ;
#6994 = STYLED_ITEM ( 'NONE', ( #6929 ), #5950 ) ;
#6995 = DIRECTION ( 'NONE',  ( 0.0000000000000000000, -0.0000000000000000000, 1.000000000000000000 ) ) ;
#6996 = CARTESIAN_POINT ( 'NONE',  ( 2.426149698806905786, 1.205425644811862096, 0.7010000000000000675 ) ) ;
#6997 = B_SPLINE_CURVE_WITH_KNOTS ( 'NONE', 3,
 ( #7531, #5631, #9114, #2730 ),
 .UNSPECIFIED., .F., .F.,
 ( 4, 4 ),
 ( 2.000000000000000000, 3.000000000000000000 ),
 .UNSPECIFIED. ) ;
#6998 = DIRECTION ( 'NONE',  ( 1.000000000000000000, 0.0000000000000000000, 0.0000000000000000000 ) ) ;
#6999 = UNCERTAINTY_MEASURE_WITH_UNIT (LENGTH_MEASURE( 1.000000000000000082E-05 ), #2824, 'distance_accuracy_value', 'NONE');
#7000 = CARTESIAN_POINT ( 'NONE',  ( 1.272453546814732661, 1.456497748373132950, 0.6999999999999999556 ) ) ;
#7001 = CARTESIAN_POINT ( 'NONE',  ( 1.944325880385757710, 1.058695007660964693, 0.7010000000000000675 ) ) ;
#7002 = VERTEX_POINT ( 'NONE', #11050 ) ;
#7003 = COLOUR_RGB ( '',1.000000000000000000, 1.000000000000000000, 1.000000000000000000 ) ;
#7004 = ORIENTED_EDGE ( 'NONE', *, *, #5145, .F. ) ;
#7005 = FACE_OUTER_BOUND ( 'NONE', #971, .T. ) ;
#7006 = AXIS2_PLACEMENT_3D ( 'NONE', #10396, #3618, #8417 ) ;
#7007 =( LENGTH_UNIT ( ) NAMED_UNIT ( * ) SI_UNIT ( .MILLI., .METRE. ) );
#7008 = ORIENTED_EDGE ( 'NONE', *, *, #1210, .T. ) ;
#7009 = SURFACE_STYLE_FILL_AREA ( #7129 ) ;
#7010 = CARTESIAN_POINT ( 'NONE',  ( 2.391297013451754605, 1.461455634125646164, 0.6999999999999999556 ) ) ;
#7011 = EDGE_LOOP ( 'NONE', ( #6630, #4788, #2768, #981, #10949, #7, #9544, #9453, #4016, #10407, #8427, #10805, #10925, #1252, #9074, #2146, #10121, #268, #10825, #1936, #4581 ) ) ;
#7012 = FILL_AREA_STYLE ('',( #7073 ) ) ;
#7013 = FILL_AREA_STYLE_COLOUR ( '', #3144 ) ;
#7014 = FILL_AREA_STYLE_COLOUR ( '', #11160 ) ;
#7015 =( GEOMETRIC_REPRESENTATION_CONTEXT ( 3 ) GLOBAL_UNCERTAINTY_ASSIGNED_CONTEXT ( ( #292 ) ) GLOBAL_UNIT_ASSIGNED_CONTEXT ( ( #10019, #11803, #4269 ) ) REPRESENTATION_CONTEXT ( 'NONE', 'WORKASPACE' ) );
#7016 = CARTESIAN_POINT ( 'NONE',  ( 1.191478287326965146, 1.217042330292825936, 0.7010000000000000675 ) ) ;
#7017 = VERTEX_POINT ( 'NONE', #890 ) ;
#7018 = FILL_AREA_STYLE_COLOUR ( '', #11151 ) ;
#7019 = CARTESIAN_POINT ( 'NONE',  ( 2.176815750474334177, 1.482250792451576649, 0.7010000000000000675 ) ) ;
#7020 = FACE_OUTER_BOUND ( 'NONE', #1033, .T. ) ;
#7021 = ORIENTED_EDGE ( 'NONE', *, *, #8985, .T. ) ;
#7022 = CARTESIAN_POINT ( 'NONE',  ( 1.191478287326965146, 1.217042330292825936, 0.6999999999999999556 ) ) ;
#7023 = ADVANCED_FACE ( 'NONE', ( #6654 ), #7498, .F. ) ;
#7024 =( NAMED_UNIT ( * ) SI_UNIT ( $, .STERADIAN. ) SOLID_ANGLE_UNIT ( ) );
#7025 = EDGE_CURVE ( 'NONE', #10252, #8079, #6468, .T. ) ;
#7026 =( NAMED_UNIT ( * ) PLANE_ANGLE_UNIT ( ) SI_UNIT ( $, .RADIAN. ) );
#7027 = CARTESIAN_POINT ( 'NONE',  ( 2.283328551422453057, 1.205425644811862096, 0.6999999999999999556 ) ) ;
#7028 = ADVANCED_FACE ( 'NONE', ( #7629 ), #3829, .F. ) ;
#7029 = DIRECTION ( 'NONE',  ( -0.0000000000000000000, -0.0000000000000000000, 1.000000000000000000 ) ) ;
#7030 = DIRECTION ( 'NONE',  ( 1.000000000000000000, 1.172110456741085828E-16, -0.0000000000000000000 ) ) ;
#7031 = PRESENTATION_STYLE_ASSIGNMENT (( #8866 ) ) ;
#7032 = CARTESIAN_POINT ( 'NONE',  ( 2.176815750474334177, 1.319549473706508769, 0.7010000000000000675 ) ) ;
#7033 =( NAMED_UNIT ( * ) PLANE_ANGLE_UNIT ( ) SI_UNIT ( $, .RADIAN. ) );
#7034 = SURFACE_STYLE_USAGE ( .BOTH. , #2371 ) ;
#7035 = CARTESIAN_POINT ( 'NONE',  ( 2.262325441512390789, 1.061439968560242475, 0.6999999999999999556 ) ) ;
#7036 = UNCERTAINTY_MEASURE_WITH_UNIT (LENGTH_MEASURE( 1.000000000000000082E-05 ), #671, 'distance_accuracy_value', 'NONE');
#7037 = ORIENTED_EDGE ( 'NONE', *, *, #3476, .F. ) ;
#7038 = ADVANCED_FACE ( 'NONE', ( #9504 ), #1181, .T. ) ;
#7039 = EDGE_CURVE ( 'NONE', #6415, #4019, #5908, .T. ) ;
#7040 = EDGE_CURVE ( 'NONE', #6750, #1756, #1285, .T. ) ;
#7041 = MANIFOLD_SOLID_BREP ( '凸台-拉伸3[13]', #10103 ) ;
#7042 = CARTESIAN_POINT ( 'NONE',  ( 2.058574480230774828, 1.482250792451576649, 0.7010000000000000675 ) ) ;
#7043 =( NAMED_UNIT ( * ) PLANE_ANGLE_UNIT ( ) SI_UNIT ( $, .RADIAN. ) );
#7044 = CARTESIAN_POINT ( 'NONE',  ( 1.516536163556732930, 1.311899031315902242, 0.6999999999999999556 ) ) ;
#7045 = B_SPLINE_SURFACE_WITH_KNOTS ( 'NONE', 3, 1, ( 
 ( #6590, #8446 ),
 ( #11926, #10420 ),
 ( #3412, #12211 ),
 ( #7187, #10070 ) ),
 .UNSPECIFIED., .F., .F., .F.,
 ( 4, 4 ),
 ( 2, 2 ),
 ( 7.000000000000000000, 8.000000000000000000 ),
 ( 0.0000000000000000000, 1.000000000000000000 ),
 .UNSPECIFIED. ) ;
#7046 = UNCERTAINTY_MEASURE_WITH_UNIT (LENGTH_MEASURE( 1.000000000000000082E-05 ), #5905, 'distance_accuracy_value', 'NONE');
#7047 = CARTESIAN_POINT ( 'NONE',  ( 2.039858837736773456, 1.146284214531503753, 0.6999999999999999556 ) ) ;
#7048 = ORIENTED_EDGE ( 'NONE', *, *, #5948, .F. ) ;
#7049 = ORIENTED_EDGE ( 'NONE', *, *, #6755, .T. ) ;
#7050 = CARTESIAN_POINT ( 'NONE',  ( 1.081583229266936730, 1.063189282105363676, 0.7010000000000000675 ) ) ;
#7051 = ADVANCED_FACE ( 'NONE', ( #5788 ), #5925, .F. ) ;
#7052 = LINE ( 'NONE', #3212, #5795 ) ;
#7053 =( NAMED_UNIT ( * ) PLANE_ANGLE_UNIT ( ) SI_UNIT ( $, .RADIAN. ) );
#7054 = FILL_AREA_STYLE_COLOUR ( '', #8099 ) ;
#7055 = STYLED_ITEM ( 'NONE', ( #4628 ), #7023 ) ;
#7056 = FILL_AREA_STYLE ('',( #9943 ) ) ;
#7057 = SURFACE_SIDE_STYLE ('',( #1269 ) ) ;
#7058 = CARTESIAN_POINT ( 'NONE',  ( 1.272453546814732661, 1.456497748373132950, 0.7010000000000000675 ) ) ;
#7059 = DIRECTION ( 'NONE',  ( 1.000000000000000000, -0.0000000000000000000, -0.0000000000000000000 ) ) ;
#7060 = ORIENTED_EDGE ( 'NONE', *, *, #824, .F. ) ;
#7061 = CARTESIAN_POINT ( 'NONE',  ( 2.445863508899988936, 1.079989249787272731, 0.7010000000000000675 ) ) ;
#7062 = ORIENTED_EDGE ( 'NONE', *, *, #10163, .F. ) ;
#7063 = PRESENTATION_STYLE_ASSIGNMENT (( #3278 ) ) ;
#7064 =( GEOMETRIC_REPRESENTATION_CONTEXT ( 3 ) GLOBAL_UNCERTAINTY_ASSIGNED_CONTEXT ( ( #9505 ) ) GLOBAL_UNIT_ASSIGNED_CONTEXT ( ( #10661, #4130, #6984 ) ) REPRESENTATION_CONTEXT ( 'NONE', 'WORKASPACE' ) );
#7065 = DIRECTION ( 'NONE',  ( -0.0000000000000000000, 1.000000000000000000, -0.0000000000000000000 ) ) ;
#7066 = UNCERTAINTY_MEASURE_WITH_UNIT (LENGTH_MEASURE( 1.000000000000000082E-05 ), #3198, 'distance_accuracy_value', 'NONE');
#7067 = EDGE_LOOP ( 'NONE', ( #4159, #4148, #3381, #12106 ) ) ;
#7068 = LINE ( 'NONE', #3226, #11593 ) ;
#7069 = ADVANCED_FACE ( 'NONE', ( #11113 ), #7998, .F. ) ;
#7070 = DIRECTION ( 'NONE',  ( 1.000000000000000000, 0.0000000000000000000, -0.0000000000000000000 ) ) ;
#7071 = CARTESIAN_POINT ( 'NONE',  ( 1.045722754056161108, 1.072443591171578836, 0.7010000000000000675 ) ) ;
#7072 = EDGE_LOOP ( 'NONE', ( #5384, #11181, #3858, #5670 ) ) ;
#7073 = FILL_AREA_STYLE_COLOUR ( '', #526 ) ;
#7074 = CARTESIAN_POINT ( 'NONE',  ( 1.205359750925734996, 1.480790331735134302, 0.7010000000000000675 ) ) ;
#7075 = ORIENTED_EDGE ( 'NONE', *, *, #9636, .T. ) ;
#7076 = CARTESIAN_POINT ( 'NONE',  ( 2.146163687101306561, 1.006707111844477032, 0.6999999999999999556 ) ) ;
#7077 = CARTESIAN_POINT ( 'NONE',  ( 2.390797929652491494, 1.461455634125646164, 0.7010000000000000675 ) ) ;
#7078 = LINE ( 'NONE', #599, #11650 ) ;
#7079 = ORIENTED_EDGE ( 'NONE', *, *, #3179, .F. ) ;
#7080 = CARTESIAN_POINT ( 'NONE',  ( 1.098935108410403982, 1.184652226498163596, 0.6999999999999999556 ) ) ;
#7081 = CARTESIAN_POINT ( 'NONE',  ( 2.014363973628903626, 1.462869704891335054, 0.6999999999999999556 ) ) ;
#7082 = B_SPLINE_CURVE_WITH_KNOTS ( 'NONE', 3,
 ( #4050, #8623, #3060, #7843, #10525, #10588 ),
 .UNSPECIFIED., .F., .F.,
 ( 4, 2, 4 ),
 ( 2.000000000000000000, 3.000000000000000000, 4.000000000000000000 ),
 .UNSPECIFIED. ) ;
#7083 = B_SPLINE_CURVE_WITH_KNOTS ( 'NONE', 3,
 ( #4088, #330, #5074, #10075 ),
 .UNSPECIFIED., .F., .F.,
 ( 4, 4 ),
 ( 4.000000000000000000, 5.000000000000000000 ),
 .UNSPECIFIED. ) ;
#7084 = MECHANICAL_DESIGN_GEOMETRIC_PRESENTATION_REPRESENTATION (  '', ( #3912 ), #6886 ) ;
#7085 =( LENGTH_UNIT ( ) NAMED_UNIT ( * ) SI_UNIT ( .MILLI., .METRE. ) );
#7086 = VECTOR ( 'NONE', #1015, 1000.000000000000000 ) ;
#7087 = DIRECTION ( 'NONE',  ( -0.0000000000000000000, -1.000000000000000000, -0.0000000000000000000 ) ) ;
#7088 = MECHANICAL_DESIGN_GEOMETRIC_PRESENTATION_REPRESENTATION (  '', ( #7884 ), #514 ) ;
#7089 = CARTESIAN_POINT ( 'NONE',  ( 2.349831467749714964, 1.079989249787272731, 0.7010000000000000675 ) ) ;
#7090 = FACE_OUTER_BOUND ( 'NONE', #3947, .T. ) ;
#7091 = DIRECTION ( 'NONE',  ( -0.0000000000000000000, -0.0000000000000000000, -1.000000000000000000 ) ) ;
#7092 = PRESENTATION_LAYER_ASSIGNMENT (  '', '', ( #11659 ) ) ;
#7093 = FILL_AREA_STYLE_COLOUR ( '', #2393 ) ;
#7094 = CARTESIAN_POINT ( 'NONE',  ( 3.250000000000000000, -2.000000000000000000, 0.6999999999999999556 ) ) ;
#7095 = CARTESIAN_POINT ( 'NONE',  ( 2.079577590140282872, 1.338098754933535917, 0.6999999999999999556 ) ) ;
#7096 = CARTESIAN_POINT ( 'NONE',  ( 2.473562659791269436, 1.096958098981078544, 0.6999999999999999556 ) ) ;
#7097 = AXIS2_PLACEMENT_3D ( 'NONE', #4513, #9400, #2712 ) ;
#7098 = EDGE_LOOP ( 'NONE', ( #4466, #4810, #986, #8789 ) ) ;
#7099 = CARTESIAN_POINT ( 'NONE',  ( 1.942204774236117260, 1.352655365762020612, 0.7010000000000000675 ) ) ;
#7100 =( GEOMETRIC_REPRESENTATION_CONTEXT ( 3 ) GLOBAL_UNCERTAINTY_ASSIGNED_CONTEXT ( ( #11555 ) ) GLOBAL_UNIT_ASSIGNED_CONTEXT ( ( #1624, #3507, #667 ) ) REPRESENTATION_CONTEXT ( 'NONE', 'WORKASPACE' ) );
#7101 = PRESENTATION_LAYER_ASSIGNMENT (  '', '', ( #10894 ) ) ;
#7102 = EDGE_CURVE ( 'NONE', #2344, #4383, #560, .T. ) ;
#7103 = AXIS2_PLACEMENT_3D ( 'NONE', #457, #6172, #6231 ) ;
#7104 = ADVANCED_FACE ( 'NONE', ( #11966 ), #8235, .T. ) ;
#7105 = MANIFOLD_SOLID_BREP ( '凸台-拉伸3[4]', #11875 ) ;
#7106 = PRESENTATION_LAYER_ASSIGNMENT (  '', '', ( #6697 ) ) ;
#7107 = FILL_AREA_STYLE ('',( #11841 ) ) ;
#7108 = CARTESIAN_POINT ( 'NONE',  ( 1.941248196953083260, 1.105442523578539671, 0.7010000000000000675 ) ) ;
#7109 = FILL_AREA_STYLE_COLOUR ( '', #11461 ) ;
#7110 = EDGE_CURVE ( 'NONE', #11810, #3706, #4613, .T. ) ;
#7111 = STYLED_ITEM ( 'NONE', ( #9465 ), #10787 ) ;
#7112 = FACE_OUTER_BOUND ( 'NONE', #8519, .T. ) ;
#7113 = ORIENTED_EDGE ( 'NONE', *, *, #2699, .F. ) ;
#7114 = ORIENTED_EDGE ( 'NONE', *, *, #5900, .T. ) ;
#7115 = CARTESIAN_POINT ( 'NONE',  ( 1.983004874872476897, 1.084896907152239853, 0.6999999999999999556 ) ) ;
#7116 = SURFACE_SIDE_STYLE ('',( #9875 ) ) ;
#7117 = FACE_OUTER_BOUND ( 'NONE', #7438, .T. ) ;
#7118 = CARTESIAN_POINT ( 'NONE',  ( 2.594548890933551455, 1.203346128978269869, 0.6999999999999999556 ) ) ;
#7119 = MECHANICAL_DESIGN_GEOMETRIC_PRESENTATION_REPRESENTATION (  '', ( #4342 ), #8333 ) ;
#7120 = UNCERTAINTY_MEASURE_WITH_UNIT (LENGTH_MEASURE( 1.000000000000000082E-05 ), #5223, 'distance_accuracy_value', 'NONE');
#7121 = SURFACE_STYLE_USAGE ( .BOTH. , #12039 ) ;
#7122 = ORIENTED_EDGE ( 'NONE', *, *, #7454, .T. ) ;
#7123 = EDGE_CURVE ( 'NONE', #7780, #11428, #7228, .T. ) ;
#7124 = ORIENTED_EDGE ( 'NONE', *, *, #10168, .T. ) ;
#7125 = FILL_AREA_STYLE_COLOUR ( '', #1312 ) ;
#7126 = DIRECTION ( 'NONE',  ( -0.0000000000000000000, -0.0000000000000000000, -1.000000000000000000 ) ) ;
#7127 = STYLED_ITEM ( 'NONE', ( #862 ), #11908 ) ;
#7128 = ORIENTED_EDGE ( 'NONE', *, *, #10125, .T. ) ;
#7129 = FILL_AREA_STYLE ('',( #5323 ) ) ;
#7130 = SURFACE_SIDE_STYLE ('',( #3283 ) ) ;
#7131 = SURFACE_SIDE_STYLE ('',( #6287 ) ) ;
#7132 = ORIENTED_EDGE ( 'NONE', *, *, #3951, .F. ) ;
#7133 = CARTESIAN_POINT ( 'NONE',  ( 2.113848011061852716, 1.074000244189454722, 0.6999999999999999556 ) ) ;
#7134 = FACE_OUTER_BOUND ( 'NONE', #4355, .T. ) ;
#7135 = SURFACE_STYLE_USAGE ( .BOTH. , #5444 ) ;
#7136 = FACE_OUTER_BOUND ( 'NONE', #5620, .T. ) ;
#7137 = VERTEX_POINT ( 'NONE', #8565 ) ;
#7138 = SURFACE_SIDE_STYLE ('',( #2540 ) ) ;
#7139 = PRESENTATION_LAYER_ASSIGNMENT (  '', '', ( #1585 ) ) ;
#7140 = ADVANCED_FACE ( 'NONE', ( #805 ), #674, .F. ) ;
#7141 = CARTESIAN_POINT ( 'NONE',  ( 1.345331291386396622, 1.456497748373132950, 0.7010000000000000675 ) ) ;
#7142 = CARTESIAN_POINT ( 'NONE',  ( 2.281415396856392608, 1.366296989624078195, 0.7010000000000000675 ) ) ;
#7143 = VERTEX_POINT ( 'NONE', #9487 ) ;
#7144 = CARTESIAN_POINT ( 'NONE',  ( 2.425317892474804449, 1.061439968560242697, 0.7010000000000000675 ) ) ;
#7145 = PRESENTATION_LAYER_ASSIGNMENT (  '', '', ( #5744 ) ) ;
#7146 = CARTESIAN_POINT ( 'NONE',  ( 1.890923913803576051, 1.153354568362160437, 0.7010000000000000675 ) ) ;
#7147 = SURFACE_SIDE_STYLE ('',( #5618 ) ) ;
#7148 = DIRECTION ( 'NONE',  ( -0.0000000000000000000, -0.0000000000000000000, -1.000000000000000000 ) ) ;
#7149 = B_SPLINE_SURFACE_WITH_KNOTS ( 'NONE', 3, 1, ( 
 ( #11446, #8721 ),
 ( #144, #10507 ),
 ( #2843, #9773 ),
 ( #10568, #9712 ) ),
 .UNSPECIFIED., .F., .F., .F.,
 ( 4, 4 ),
 ( 2, 2 ),
 ( 10.00000000000000000, 11.00000000000000000 ),
 ( 0.0000000000000000000, 1.000000000000000000 ),
 .UNSPECIFIED. ) ;
#7150 = CARTESIAN_POINT ( 'NONE',  ( 2.950000000000001066, -1.700000000000000178, -0.0000000000000000000 ) ) ;
#7151 = COLOUR_RGB ( '',1.000000000000000000, 1.000000000000000000, 1.000000000000000000 ) ;
#7152 = VECTOR ( 'NONE', #7628, 1000.000000000000000 ) ;
#7153 = FILL_AREA_STYLE ('',( #9048 ) ) ;
#7154 = DIRECTION ( 'NONE',  ( 0.8863488427958624571, 0.4630180653866927676, 0.0000000000000000000 ) ) ;
#7155 = SURFACE_SIDE_STYLE ('',( #10226 ) ) ;
#7156 = CARTESIAN_POINT ( 'NONE',  ( 2.349831467749714964, 1.061439968560242475, 0.7010000000000000675 ) ) ;
#7157 =( LENGTH_UNIT ( ) NAMED_UNIT ( * ) SI_UNIT ( .MILLI., .METRE. ) );
#7158 = CARTESIAN_POINT ( 'NONE',  ( 1.530417649220071841, 1.060875693806251796, 0.7010000000000000675 ) ) ;
#7159 = DIRECTION ( 'NONE',  ( -0.0000000000000000000, -1.000000000000000000, -0.0000000000000000000 ) ) ;
#7160 = ORIENTED_EDGE ( 'NONE', *, *, #9483, .F. ) ;
#7161 = CARTESIAN_POINT ( 'NONE',  ( 2.287196450871179287, 1.402397384478496489, 0.7010000000000000675 ) ) ;
#7162 = VERTEX_POINT ( 'NONE', #9311 ) ;
#7163 = CARTESIAN_POINT ( 'NONE',  ( 2.065312111528040617, 1.137300706134778405, 0.7010000000000000675 ) ) ;
#7164 = CARTESIAN_POINT ( 'NONE',  ( 2.073255862009072636, 1.075331134321934945, 0.6999999999999999556 ) ) ;
#7165 = CARTESIAN_POINT ( 'NONE',  ( 2.380566711756506137, 1.224141287305309023, 0.6999999999999999556 ) ) ;
#7166 = FILL_AREA_STYLE ('',( #6201 ) ) ;
#7167 = AXIS2_PLACEMENT_3D ( 'NONE', #6702, #2069, #3811 ) ;
#7168 = CARTESIAN_POINT ( 'NONE',  ( 1.939418223020783927, 1.100534866213565888, 0.6999999999999999556 ) ) ;
#7169 = CARTESIAN_POINT ( 'NONE',  ( 2.318306007727422013, 1.319549473706508769, 0.7010000000000000675 ) ) ;
#7170 = SURFACE_STYLE_USAGE ( .BOTH. , #433 ) ;
#7171 = EDGE_CURVE ( 'NONE', #9834, #8655, #4485, .T. ) ;
#7172 = UNCERTAINTY_MEASURE_WITH_UNIT (LENGTH_MEASURE( 1.000000000000000082E-05 ), #2896, 'distance_accuracy_value', 'NONE');
#7173 = EDGE_CURVE ( 'NONE', #10228, #3648, #938, .T. ) ;
#7174 = SURFACE_STYLE_FILL_AREA ( #4439 ) ;
#7175 = EDGE_LOOP ( 'NONE', ( #8222, #1626, #8401, #4661 ) ) ;
#7176 = ORIENTED_EDGE ( 'NONE', *, *, #11718, .F. ) ;
#7177 = CARTESIAN_POINT ( 'NONE',  ( 2.184468368738579080, 1.080737875486165844, 0.7010000000000000675 ) ) ;
#7178 = EDGE_CURVE ( 'NONE', #9440, #12111, #9315, .T. ) ;
#7179 = CARTESIAN_POINT ( 'NONE',  ( 2.067058904827680177, 1.159426754593186892, 0.7010000000000000675 ) ) ;
#7180 = CARTESIAN_POINT ( 'NONE',  ( 1.971276405576475321, 1.058695007660964693, 0.7010000000000000675 ) ) ;
#7181 = COLOUR_RGB ( '',1.000000000000000000, 1.000000000000000000, 1.000000000000000000 ) ;
#7182 = DIRECTION ( 'NONE',  ( 0.0000000000000000000, -0.0000000000000000000, -1.000000000000000000 ) ) ;
#7183 = EDGE_LOOP ( 'NONE', ( #11378, #8173, #5077, #12118 ) ) ;
#7184 = CARTESIAN_POINT ( 'NONE',  ( 1.918747835644118327, 1.092549525416478540, 0.7010000000000000675 ) ) ;
#7185 = CARTESIAN_POINT ( 'NONE',  ( 2.425193121523877782, 1.079989249787272731, 0.6999999999999999556 ) ) ;
#7186 = ORIENTED_EDGE ( 'NONE', *, *, #237, .F. ) ;
#7187 = CARTESIAN_POINT ( 'NONE',  ( 2.026009262291684987, 1.456381615494256820, 0.7010000000000000675 ) ) ;
#7188 = COLOUR_RGB ( '',1.000000000000000000, 1.000000000000000000, 1.000000000000000000 ) ;
#7189 = DIRECTION ( 'NONE',  ( -0.0000000000000000000, 1.000000000000000000, -0.0000000000000000000 ) ) ;
#7190 = VERTEX_POINT ( 'NONE', #6450 ) ;
#7191 = B_SPLINE_CURVE_WITH_KNOTS ( 'NONE', 3,
 ( #2677, #6441, #9364, #1234 ),
 .UNSPECIFIED., .F., .F.,
 ( 4, 4 ),
 ( 2.000000000000000000, 3.000000000000000000 ),
 .UNSPECIFIED. ) ;
#7192 = VECTOR ( 'NONE', #6330, 1000.000000000000114 ) ;
#7193 = CARTESIAN_POINT ( 'NONE',  ( 2.142378968285794105, 1.482250792451576649, 0.7010000000000000675 ) ) ;
#7194 =( NAMED_UNIT ( * ) PLANE_ANGLE_UNIT ( ) SI_UNIT ( $, .RADIAN. ) );
#7195 = ADVANCED_FACE ( 'NONE', ( #2632 ), #5471, .F. ) ;
#7196 = ORIENTED_EDGE ( 'NONE', *, *, #9032, .F. ) ;
#7197 = EDGE_CURVE ( 'NONE', #10609, #7765, #233, .T. ) ;
#7198 =( NAMED_UNIT ( * ) SI_UNIT ( $, .STERADIAN. ) SOLID_ANGLE_UNIT ( ) );
#7199 =( NAMED_UNIT ( * ) SI_UNIT ( $, .STERADIAN. ) SOLID_ANGLE_UNIT ( ) );
#7200 = EDGE_CURVE ( 'NONE', #6950, #6028, #5954, .T. ) ;
#7201 = STYLED_ITEM ( 'NONE', ( #12050 ), #2032 ) ;
#7202 = CARTESIAN_POINT ( 'NONE',  ( 1.098935108410403982, 1.184652226498163596, 0.7010000000000000675 ) ) ;
#7203 = VERTEX_POINT ( 'NONE', #4056 ) ;
#7204 =( NAMED_UNIT ( * ) PLANE_ANGLE_UNIT ( ) SI_UNIT ( $, .RADIAN. ) );
#7205 = AXIS2_PLACEMENT_3D ( 'NONE', #2614, #7337, #663 ) ;
#7206 = UNCERTAINTY_MEASURE_WITH_UNIT (LENGTH_MEASURE( 1.000000000000000082E-05 ), #8892, 'distance_accuracy_value', 'NONE');
#7207 = FACE_OUTER_BOUND ( 'NONE', #1786, .T. ) ;
#7208 =( NAMED_UNIT ( * ) PLANE_ANGLE_UNIT ( ) SI_UNIT ( $, .RADIAN. ) );
#7209 = ORIENTED_EDGE ( 'NONE', *, *, #1423, .F. ) ;
#7210 = DIRECTION ( 'NONE',  ( 0.0000000000000000000, -0.0000000000000000000, -1.000000000000000000 ) ) ;
#7211 = CARTESIAN_POINT ( 'NONE',  ( 2.402734350531517293, 1.482250792451576649, 0.6999999999999999556 ) ) ;
#7212 =( LENGTH_UNIT ( ) NAMED_UNIT ( * ) SI_UNIT ( .MILLI., .METRE. ) );
#7213 = SURFACE_STYLE_USAGE ( .BOTH. , #3434 ) ;
#7214 = VECTOR ( 'NONE', #1913, 1000.000000000000000 ) ;
#7215 = EDGE_CURVE ( 'NONE', #2492, #6120, #9556, .T. ) ;
#7216 = SURFACE_STYLE_FILL_AREA ( #11950 ) ;
#7217 = CARTESIAN_POINT ( 'NONE',  ( 1.966784651378118642, 1.335520155300681466, 0.6999999999999999556 ) ) ;
#7218 = DIRECTION ( 'NONE',  ( -0.0000000000000000000, -0.0000000000000000000, -1.000000000000000000 ) ) ;
#7219 = FILL_AREA_STYLE ('',( #6074 ) ) ;
#7220 = DIRECTION ( 'NONE',  ( -0.3283461648125119425, 0.9445574604294408871, -0.0000000000000000000 ) ) ;
#7221 =( GEOMETRIC_REPRESENTATION_CONTEXT ( 3 ) GLOBAL_UNCERTAINTY_ASSIGNED_CONTEXT ( ( #5535 ) ) GLOBAL_UNIT_ASSIGNED_CONTEXT ( ( #11117, #9247, #9438 ) ) REPRESENTATION_CONTEXT ( 'NONE', 'WORKASPACE' ) );
#7222 = CARTESIAN_POINT ( 'NONE',  ( 2.567556775426779847, 1.124324527338406599, 0.6999999999999999556 ) ) ;
#7223 = CARTESIAN_POINT ( 'NONE',  ( 1.127854851821517679, 1.432205159494573943, 0.7010000000000000675 ) ) ;
#7224 = ORIENTED_EDGE ( 'NONE', *, *, #11612, .F. ) ;
#7225 = CARTESIAN_POINT ( 'NONE',  ( 2.349831467749714964, 1.079989249787272731, 0.7010000000000000675 ) ) ;
#7226 = ORIENTED_EDGE ( 'NONE', *, *, #7977, .F. ) ;
#7227 =( LENGTH_UNIT ( ) NAMED_UNIT ( * ) SI_UNIT ( .MILLI., .METRE. ) );
#7228 = LINE ( 'NONE', #1695, #2300 ) ;
#7229 = LINE ( 'NONE', #4366, #7257 ) ;
#7230 = FILL_AREA_STYLE_COLOUR ( '', #11909 ) ;
#7231 = VERTEX_POINT ( 'NONE', #8632 ) ;
#7232 = B_SPLINE_CURVE_WITH_KNOTS ( 'NONE', 3,
 ( #3497, #10334, #3615, #9230 ),
 .UNSPECIFIED., .F., .F.,
 ( 4, 4 ),
 ( 22.00000000000000000, 23.00000000000000000 ),
 .UNSPECIFIED. ) ;
#7233 = ORIENTED_EDGE ( 'NONE', *, *, #806, .T. ) ;
#7234 = CARTESIAN_POINT ( 'NONE',  ( 2.187504461854089755, 1.090137287050050530, 0.6999999999999999556 ) ) ;
#7235 = CARTESIAN_POINT ( 'NONE',  ( 2.593758674916945228, 1.198438471613301637, 0.7010000000000000675 ) ) ;
#7236 = CARTESIAN_POINT ( 'NONE',  ( 2.060861947646282388, 1.148114188464350871, 0.7010000000000000675 ) ) ;
#7237 = CARTESIAN_POINT ( 'NONE',  ( 1.983171236139447569, 1.065599000225207815, 0.7010000000000000675 ) ) ;
#7238 = UNCERTAINTY_MEASURE_WITH_UNIT (LENGTH_MEASURE( 1.000000000000000082E-05 ), #6014, 'distance_accuracy_value', 'NONE');
#7239 = DIRECTION ( 'NONE',  ( 0.0000000000000000000, -1.000000000000000000, 0.0000000000000000000 ) ) ;
#7240 = EDGE_LOOP ( 'NONE', ( #12169, #7648, #5570, #5675 ) ) ;
#7241 = DIRECTION ( 'NONE',  ( -1.000000000000000000, -0.0000000000000000000, -0.0000000000000000000 ) ) ;
#7242 = CARTESIAN_POINT ( 'NONE',  ( 2.059198334980410827, 1.058695007660964693, 0.6999999999999999556 ) ) ;
#7243 = ORIENTED_EDGE ( 'NONE', *, *, #6503, .T. ) ;
#7244 = FACE_OUTER_BOUND ( 'NONE', #6767, .T. ) ;
#7245 = EDGE_CURVE ( 'NONE', #2228, #8270, #12115, .T. ) ;
#7246 = CARTESIAN_POINT ( 'NONE',  ( 2.269811698510213915, 1.355067604127344172, 0.7010000000000000675 ) ) ;
#7247 = B_SPLINE_SURFACE_WITH_KNOTS ( 'NONE', 3, 1, ( 
 ( #11001, #1464 ),
 ( #2465, #7622 ),
 ( #512, #5534 ),
 ( #12355, #3762 ) ),
 .UNSPECIFIED., .F., .F., .F.,
 ( 4, 4 ),
 ( 2, 2 ),
 ( 2.000000000000000000, 3.000000000000000000 ),
 ( 0.0000000000000000000, 1.000000000000000000 ),
 .UNSPECIFIED. ) ;
#7248 = ORIENTED_EDGE ( 'NONE', *, *, #10263, .F. ) ;
#7249 = DIRECTION ( 'NONE',  ( 0.0000000000000000000, -1.000000000000000000, 0.0000000000000000000 ) ) ;
#7250 = FACE_OUTER_BOUND ( 'NONE', #7437, .T. ) ;
#7251 = VECTOR ( 'NONE', #10064, 1000.000000000000000 ) ;
#7252 = ORIENTED_EDGE ( 'NONE', *, *, #5378, .F. ) ;
#7253 = CARTESIAN_POINT ( 'NONE',  ( 2.097295065034097572, 1.091052274016473422, 0.6999999999999999556 ) ) ;
#7254 = CARTESIAN_POINT ( 'NONE',  ( 1.991738841369566249, 1.135304370935510176, 0.7010000000000000675 ) ) ;
#7255 = ORIENTED_EDGE ( 'NONE', *, *, #8590, .T. ) ;
#7256 = DIRECTION ( 'NONE',  ( -0.0000000000000000000, -0.0000000000000000000, -1.000000000000000000 ) ) ;
#7257 = VECTOR ( 'NONE', #11969, 1000.000000000000000 ) ;
#7258 = DIRECTION ( 'NONE',  ( -0.0000000000000000000, -0.0000000000000000000, -1.000000000000000000 ) ) ;
#7259 = MECHANICAL_DESIGN_GEOMETRIC_PRESENTATION_REPRESENTATION (  '', ( #6042 ), #7862 ) ;
#7260 = FILL_AREA_STYLE ('',( #11014 ) ) ;
#7261 = ORIENTED_EDGE ( 'NONE', *, *, #6973, .F. ) ;
#7262 = PRESENTATION_STYLE_ASSIGNMENT (( #11079 ) ) ;
#7263 = EDGE_CURVE ( 'NONE', #6933, #5857, #8439, .T. ) ;
#7264 = PLANE ( 'NONE',  #11725 ) ;
#7265 = EDGE_CURVE ( 'NONE', #11316, #4456, #1742, .T. ) ;
#7266 = LINE ( 'NONE', #5511, #4799 ) ;
#7267 = CARTESIAN_POINT ( 'NONE',  ( 2.222398737524740930, 1.463535149958128612, 0.7010000000000000675 ) ) ;
#7268 = LINE ( 'NONE', #10273, #7797 ) ;
#7269 = VECTOR ( 'NONE', #99, 1000.000000000000000 ) ;
#7270 =( GEOMETRIC_REPRESENTATION_CONTEXT ( 3 ) GLOBAL_UNCERTAINTY_ASSIGNED_CONTEXT ( ( #7120 ) ) GLOBAL_UNIT_ASSIGNED_CONTEXT ( ( #5223, #3442, #476 ) ) REPRESENTATION_CONTEXT ( 'NONE', 'WORKASPACE' ) );
#7271 = CARTESIAN_POINT ( 'NONE',  ( 1.663448468912525513, 1.143007747444127364, 0.6999999999999999556 ) ) ;
#7272 = CARTESIAN_POINT ( 'NONE',  ( 0.9404548836258183053, 1.198533645968347106, 0.6999999999999999556 ) ) ;
#7273 =( NAMED_UNIT ( * ) SI_UNIT ( $, .STERADIAN. ) SOLID_ANGLE_UNIT ( ) );
#7274 = DIRECTION ( 'NONE',  ( -0.0000000000000000000, 0.0000000000000000000, 1.000000000000000000 ) ) ;
#7275 = STYLED_ITEM ( 'NONE', ( #7584 ), #8658 ) ;
#7276 =( GEOMETRIC_REPRESENTATION_CONTEXT ( 3 ) GLOBAL_UNCERTAINTY_ASSIGNED_CONTEXT ( ( #7812 ) ) GLOBAL_UNIT_ASSIGNED_CONTEXT ( ( #8773, #3896, #7757 ) ) REPRESENTATION_CONTEXT ( 'NONE', 'WORKASPACE' ) );
#7277 = CARTESIAN_POINT ( 'NONE',  ( 2.184468368738579080, 1.080737875486165844, 0.7010000000000000675 ) ) ;
#7278 = ADVANCED_FACE ( 'NONE', ( #1244 ), #4802, .F. ) ;
#7279 = MECHANICAL_DESIGN_GEOMETRIC_PRESENTATION_REPRESENTATION (  '', ( #5286 ), #10466 ) ;
#7280 = SURFACE_STYLE_USAGE ( .BOTH. , #3509 ) ;
#7281 = ORIENTED_EDGE ( 'NONE', *, *, #8334, .F. ) ;
#7282 = PLANE ( 'NONE',  #2836 ) ;
#7283 = LINE ( 'NONE', #2680, #3444 ) ;
#7284 = FILL_AREA_STYLE_COLOUR ( '', #936 ) ;
#7285 =( NAMED_UNIT ( * ) PLANE_ANGLE_UNIT ( ) SI_UNIT ( $, .RADIAN. ) );
#7286 = VECTOR ( 'NONE', #2818, 1000.000000000000000 ) ;
#7287 = AXIS2_PLACEMENT_3D ( 'NONE', #9188, #4303, #625 ) ;
#7288 = AXIS2_PLACEMENT_3D ( 'NONE', #2950, #2876, #6731 ) ;
#7289 = CARTESIAN_POINT ( 'NONE',  ( 2.096421668384277126, 1.061772691093084697, 0.7010000000000000675 ) ) ;
#7290 = COLOUR_RGB ( '',1.000000000000000000, 1.000000000000000000, 1.000000000000000000 ) ;
#7291 = CARTESIAN_POINT ( 'NONE',  ( 2.284742622188141059, 1.342340967231710813, 0.7010000000000000675 ) ) ;
#7292 = VECTOR ( 'NONE', #3719, 1000.000000000000000 ) ;
#7293 = PRESENTATION_STYLE_ASSIGNMENT (( #5419 ) ) ;
#7294 = ADVANCED_FACE ( 'NONE', ( #7850 ), #11643, .F. ) ;
#7295 = UNCERTAINTY_MEASURE_WITH_UNIT (LENGTH_MEASURE( 1.000000000000000082E-05 ), #11716, 'distance_accuracy_value', 'NONE');
#7296 = STYLED_ITEM ( 'NONE', ( #9303 ), #3909 ) ;
#7297 = STYLED_ITEM ( 'NONE', ( #5387 ), #3231 ) ;
#7298 = CARTESIAN_POINT ( 'NONE',  ( 2.622164861191624396, 1.124324527338406599, 0.7010000000000000675 ) ) ;
#7299 = ORIENTED_EDGE ( 'NONE', *, *, #7197, .T. ) ;
#7300 = VERTEX_POINT ( 'NONE', #8100 ) ;
#7301 = SURFACE_STYLE_USAGE ( .BOTH. , #8507 ) ;
#7302 = CARTESIAN_POINT ( 'NONE',  ( 1.529260877134530183, 1.440302685443794140, 0.6999999999999999556 ) ) ;
#7303 = LINE ( 'NONE', #4448, #7496 ) ;
#7304 =( LENGTH_UNIT ( ) NAMED_UNIT ( * ) SI_UNIT ( .MILLI., .METRE. ) );
#7305 = CARTESIAN_POINT ( 'NONE',  ( 0.4000000000000014655, 1.700000000000000622, -0.1000000000000000056 ) ) ;
#7306 = CARTESIAN_POINT ( 'NONE',  ( 2.144583255068088334, 1.024175044838656401, 0.6999999999999999556 ) ) ;
#7307 = COLOUR_RGB ( '',0.1019607843137254888, 0.1019607843137254888, 0.1019607843137254888 ) ;
#7308 = ORIENTED_EDGE ( 'NONE', *, *, #3476, .T. ) ;
#7309 = VECTOR ( 'NONE', #595, 1000.000000000000000 ) ;
#7310 = SURFACE_SIDE_STYLE ('',( #2587 ) ) ;
#7311 = SURFACE_STYLE_USAGE ( .BOTH. , #3761 ) ;
#7312 = ORIENTED_EDGE ( 'NONE', *, *, #8, .T. ) ;
#7313 = CARTESIAN_POINT ( 'NONE',  ( 2.187629232803906643, 1.043888854932849108, 0.6999999999999999556 ) ) ;
#7314 = ORIENTED_EDGE ( 'NONE', *, *, #11770, .T. ) ;
#7315 = SURFACE_STYLE_FILL_AREA ( #4566 ) ;
#7316 = STYLED_ITEM ( 'NONE', ( #3877 ), #11686 ) ;
#7317 = CARTESIAN_POINT ( 'NONE',  ( 2.141048078152759437, 1.006707111844477032, 0.7010000000000000675 ) ) ;
#7318 = ORIENTED_EDGE ( 'NONE', *, *, #5429, .T. ) ;
#7319 =( GEOMETRIC_REPRESENTATION_CONTEXT ( 3 ) GLOBAL_UNCERTAINTY_ASSIGNED_CONTEXT ( ( #3891 ) ) GLOBAL_UNIT_ASSIGNED_CONTEXT ( ( #3597, #2763, #12168 ) ) REPRESENTATION_CONTEXT ( 'NONE', 'WORKASPACE' ) );
#7320 = SURFACE_STYLE_USAGE ( .BOTH. , #8335 ) ;
#7321 = CARTESIAN_POINT ( 'NONE',  ( 2.380566711756506137, 1.061439968560242475, 0.7010000000000000675 ) ) ;
#7322 = CARTESIAN_POINT ( 'NONE',  ( 2.049466200883683697, 1.122827275939505265, 0.6999999999999999556 ) ) ;
#7323 =( LENGTH_UNIT ( ) NAMED_UNIT ( * ) SI_UNIT ( .MILLI., .METRE. ) );
#7324 = SURFACE_STYLE_FILL_AREA ( #1920 ) ;
#7325 = ORIENTED_EDGE ( 'NONE', *, *, #7660, .T. ) ;
#7326 = CARTESIAN_POINT ( 'NONE',  ( 2.136639504587610983, 1.007289376278064141, 0.6999999999999999556 ) ) ;
#7327 = SURFACE_SIDE_STYLE ('',( #2663 ) ) ;
#7328 = CARTESIAN_POINT ( 'NONE',  ( 2.048717575183680584, 1.061024065393082916, 0.6999999999999999556 ) ) ;
#7329 =( GEOMETRIC_REPRESENTATION_CONTEXT ( 3 ) GLOBAL_UNCERTAINTY_ASSIGNED_CONTEXT ( ( #7582 ) ) GLOBAL_UNIT_ASSIGNED_CONTEXT ( ( #1046, #1230, #156 ) ) REPRESENTATION_CONTEXT ( 'NONE', 'WORKASPACE' ) );
#7330 = ORIENTED_EDGE ( 'NONE', *, *, #10242, .F. ) ;
#7331 =( LENGTH_UNIT ( ) NAMED_UNIT ( * ) SI_UNIT ( .MILLI., .METRE. ) );
#7332 = PRESENTATION_LAYER_ASSIGNMENT (  '', '', ( #12323 ) ) ;
#7333 = PRESENTATION_STYLE_ASSIGNMENT (( #12064 ) ) ;
#7334 = CARTESIAN_POINT ( 'NONE',  ( 2.287196450871179287, 1.422693459005163197, 0.6999999999999999556 ) ) ;
#7335 = EDGE_LOOP ( 'NONE', ( #11043, #7398, #5501, #2945 ) ) ;
#7336 = EDGE_CURVE ( 'NONE', #7588, #10755, #4238, .T. ) ;
#7337 = DIRECTION ( 'NONE',  ( -0.0000000000000000000, 0.0000000000000000000, -1.000000000000000000 ) ) ;
#7338 = EDGE_CURVE ( 'NONE', #2539, #3543, #608, .T. ) ;
#7339 = STYLED_ITEM ( 'NONE', ( #7333 ), #11328 ) ;
#7340 = CARTESIAN_POINT ( 'NONE',  ( 0.9578067296721536339, 1.153418828595335066, 0.7010000000000000675 ) ) ;
#7341 = CARTESIAN_POINT ( 'NONE',  ( 1.150990646551073748, 1.362797841499060025, 0.6999999999999999556 ) ) ;
#7342 = LINE ( 'NONE', #11096, #1203 ) ;
#7343 = CARTESIAN_POINT ( 'NONE',  ( 2.488493583469202353, 1.202597503279374980, 0.7010000000000000675 ) ) ;
#7344 = CARTESIAN_POINT ( 'NONE',  ( 2.146080506467544780, 1.338098754933535917, 0.7010000000000000675 ) ) ;
#7345 = CARTESIAN_POINT ( 'NONE',  ( 1.501497905808405031, 1.465752062954798651, 0.7010000000000000675 ) ) ;
#7346 = ORIENTED_EDGE ( 'NONE', *, *, #6234, .T. ) ;
#7347 = CARTESIAN_POINT ( 'NONE',  ( 1.081583229266936730, 1.063189282105363676, 0.6999999999999999556 ) ) ;
#7348 = VECTOR ( 'NONE', #6281, 1000.000000000000114 ) ;
#7349 = CARTESIAN_POINT ( 'NONE',  ( 2.012118096529444955, 1.136219357900824400, 0.7010000000000000675 ) ) ;
#7350 = EDGE_CURVE ( 'NONE', #3023, #815, #7512, .T. ) ;
#7351 = PLANE ( 'NONE',  #10910 ) ;
#7352 = EDGE_CURVE ( 'NONE', #12114, #5914, #11891, .T. ) ;
#7353 = PRESENTATION_STYLE_ASSIGNMENT (( #10113 ) ) ;
#7354 = CARTESIAN_POINT ( 'NONE',  ( 1.939002319854179923, 1.324207589171845667, 0.7010000000000000675 ) ) ;
#7355 =( NAMED_UNIT ( * ) SI_UNIT ( $, .STERADIAN. ) SOLID_ANGLE_UNIT ( ) );
#7356 = B_SPLINE_SURFACE_WITH_KNOTS ( 'NONE', 3, 1, ( 
 ( #8339, #7384 ),
 ( #11210, #8469 ),
 ( #2660, #10264 ),
 ( #1271, #3087 ) ),
 .UNSPECIFIED., .F., .F., .F.,
 ( 4, 4 ),
 ( 2, 2 ),
 ( 3.000000000000000000, 4.000000000000000000 ),
 ( 0.0000000000000000000, 1.000000000000000000 ),
 .UNSPECIFIED. ) ;
#7357 = LINE ( 'NONE', #11179, #2659 ) ;
#7358 =( GEOMETRIC_REPRESENTATION_CONTEXT ( 3 ) GLOBAL_UNCERTAINTY_ASSIGNED_CONTEXT ( ( #380 ) ) GLOBAL_UNIT_ASSIGNED_CONTEXT ( ( #5227, #11957, #11100 ) ) REPRESENTATION_CONTEXT ( 'NONE', 'WORKASPACE' ) );
#7359 = EDGE_LOOP ( 'NONE', ( #5574, #9079, #1774, #11913 ) ) ;
#7360 = EDGE_LOOP ( 'NONE', ( #4404, #9025, #8820, #2642 ) ) ;
#7361 = PLANE ( 'NONE',  #2447 ) ;
#7362 = CARTESIAN_POINT ( 'NONE',  ( 1.971276405576475321, 1.058695007660964693, 0.6999999999999999556 ) ) ;
#7363 = PRESENTATION_LAYER_ASSIGNMENT (  '', '', ( #10169 ) ) ;
#7364 = ADVANCED_FACE ( 'NONE', ( #9919 ), #541, .F. ) ;
#7365 =( GEOMETRIC_REPRESENTATION_CONTEXT ( 3 ) GLOBAL_UNCERTAINTY_ASSIGNED_CONTEXT ( ( #8013 ) ) GLOBAL_UNIT_ASSIGNED_CONTEXT ( ( #4994, #10847, #2206 ) ) REPRESENTATION_CONTEXT ( 'NONE', 'WORKASPACE' ) );
#7366 = UNCERTAINTY_MEASURE_WITH_UNIT (LENGTH_MEASURE( 1.000000000000000082E-05 ), #6530, 'distance_accuracy_value', 'NONE');
#7367 = SHAPE_DEFINITION_REPRESENTATION ( #1104, #8946 ) ;
#7368 = ORIENTED_EDGE ( 'NONE', *, *, #9148, .F. ) ;
#7369 = B_SPLINE_CURVE_WITH_KNOTS ( 'NONE', 3,
 ( #11059, #5380, #3541, #7313 ),
 .UNSPECIFIED., .F., .F.,
 ( 4, 4 ),
 ( 1.000000000000000000, 2.000000000000000000 ),
 .UNSPECIFIED. ) ;
#7370 =( GEOMETRIC_REPRESENTATION_CONTEXT ( 3 ) GLOBAL_UNCERTAINTY_ASSIGNED_CONTEXT ( ( #566 ) ) GLOBAL_UNIT_ASSIGNED_CONTEXT ( ( #9075, #6523, #6219 ) ) REPRESENTATION_CONTEXT ( 'NONE', 'WORKASPACE' ) );
#7371 = CARTESIAN_POINT ( 'NONE',  ( 1.345331291386396622, 1.456497748373132950, 0.6999999999999999556 ) ) ;
#7372 = UNCERTAINTY_MEASURE_WITH_UNIT (LENGTH_MEASURE( 1.000000000000000082E-05 ), #8200, 'distance_accuracy_value', 'NONE');
#7373 = VERTEX_POINT ( 'NONE', #10833 ) ;
#7374 = DIRECTION ( 'NONE',  ( 0.0000000000000000000, 0.0000000000000000000, 1.000000000000000000 ) ) ;
#7375 = EDGE_LOOP ( 'NONE', ( #6499, #12215, #7511, #2066 ) ) ;
#7376 = ORIENTED_EDGE ( 'NONE', *, *, #5117, .T. ) ;
#7377 = CARTESIAN_POINT ( 'NONE',  ( 2.141048078152759437, 1.006707111844477032, 0.6999999999999999556 ) ) ;
#7378 = ORIENTED_EDGE ( 'NONE', *, *, #11478, .T. ) ;
#7379 = MECHANICAL_DESIGN_GEOMETRIC_PRESENTATION_REPRESENTATION (  '', ( #4989 ), #11759 ) ;
#7380 =( NAMED_UNIT ( * ) PLANE_ANGLE_UNIT ( ) SI_UNIT ( $, .RADIAN. ) );
#7381 = DIRECTION ( 'NONE',  ( -1.000000000000000000, 0.0000000000000000000, 0.0000000000000000000 ) ) ;
#7382 = CARTESIAN_POINT ( 'NONE',  ( 2.045639891751560580, 1.127901294570894830, 0.6999999999999999556 ) ) ;
#7383 = FILL_AREA_STYLE_COLOUR ( '', #1671 ) ;
#7384 = CARTESIAN_POINT ( 'NONE',  ( 1.945324047985389271, 1.080654694852952069, 0.6999999999999999556 ) ) ;
#7385 = ORIENTED_EDGE ( 'NONE', *, *, #9795, .F. ) ;
#7386 = CARTESIAN_POINT ( 'NONE',  ( 2.488493583469202353, 1.202597503279374980, 0.7010000000000000675 ) ) ;
#7387 = MECHANICAL_DESIGN_GEOMETRIC_PRESENTATION_REPRESENTATION (  '', ( #5778 ), #5194 ) ;
#7388 = CARTESIAN_POINT ( 'NONE',  ( 1.930101992090114349, 1.169491611223866245, 0.7010000000000000675 ) ) ;
#7389 = SURFACE_STYLE_FILL_AREA ( #9349 ) ;
#7390 = EDGE_LOOP ( 'NONE', ( #3766, #6253, #5680, #7564 ) ) ;
#7391 = CARTESIAN_POINT ( 'NONE',  ( 2.402734350531517293, 1.482250792451576649, 0.6999999999999999556 ) ) ;
#7392 = CARTESIAN_POINT ( 'NONE',  ( 1.471421346183718004, 1.131439850079904774, 0.6999999999999999556 ) ) ;
#7393 = ORIENTED_EDGE ( 'NONE', *, *, #2700, .T. ) ;
#7394 =( NAMED_UNIT ( * ) PLANE_ANGLE_UNIT ( ) SI_UNIT ( $, .RADIAN. ) );
#7395 = SURFACE_STYLE_FILL_AREA ( #6434 ) ;
#7396 = CARTESIAN_POINT ( 'NONE',  ( 2.318306007727422013, 1.319549473706508769, 0.6999999999999999556 ) ) ;
#7397 = CARTESIAN_POINT ( 'NONE',  ( 2.133021147039069199, 1.026504102571883514, 0.6999999999999999556 ) ) ;
#7398 = ORIENTED_EDGE ( 'NONE', *, *, #8611, .F. ) ;
#7399 = CARTESIAN_POINT ( 'NONE',  ( 1.190321471113391594, 1.053934884783088721, 0.6999999999999999556 ) ) ;
#7400 = CARTESIAN_POINT ( 'NONE',  ( 1.150990646551073748, 1.362797841499060025, 0.7010000000000000675 ) ) ;
#7401 = ADVANCED_FACE ( 'NONE', ( #413 ), #1485, .F. ) ;
#7402 = VERTEX_POINT ( 'NONE', #3568 ) ;
#7403 = PRESENTATION_LAYER_ASSIGNMENT (  '', '', ( #3844 ) ) ;
#7404 = LINE ( 'NONE', #4662, #3744 ) ;
#7405 = MECHANICAL_DESIGN_GEOMETRIC_PRESENTATION_REPRESENTATION (  '', ( #10786 ), #11209 ) ;
#7406 =( LENGTH_UNIT ( ) NAMED_UNIT ( * ) SI_UNIT ( .MILLI., .METRE. ) );
#7407 = EDGE_CURVE ( 'NONE', #5802, #11455, #2675, .T. ) ;
#7408 = PRESENTATION_LAYER_ASSIGNMENT (  '', '', ( #4029 ) ) ;
#7409 = FACE_OUTER_BOUND ( 'NONE', #7534, .T. ) ;
#7410 = FILL_AREA_STYLE ('',( #7474 ) ) ;
#7411 = PRESENTATION_LAYER_ASSIGNMENT (  '', '', ( #11218 ) ) ;
#7412 = CARTESIAN_POINT ( 'NONE',  ( 2.301087616632872201, 1.357563023126987956, 0.7010000000000000675 ) ) ;
#7413 = LINE ( 'NONE', #51, #5517 ) ;
#7414 = SURFACE_SIDE_STYLE ('',( #3641 ) ) ;
#7415 = PRESENTATION_LAYER_ASSIGNMENT (  '', '', ( #6820 ) ) ;
#7416 = CARTESIAN_POINT ( 'NONE',  ( 2.309280909012984662, 1.377775917020444219, 0.6999999999999999556 ) ) ;
#7417 =( LENGTH_UNIT ( ) NAMED_UNIT ( * ) SI_UNIT ( .MILLI., .METRE. ) );
#7418 = B_SPLINE_CURVE_WITH_KNOTS ( 'NONE', 3,
 ( #11013, #11941, #8221, #11214 ),
 .UNSPECIFIED., .F., .F.,
 ( 4, 4 ),
 ( 35.00000000000000000, 36.00000000000000000 ),
 .UNSPECIFIED. ) ;
#7419 = EDGE_CURVE ( 'NONE', #7590, #2071, #666, .T. ) ;
#7420 = EDGE_CURVE ( 'NONE', #9666, #12122, #11092, .T. ) ;
#7421 = CARTESIAN_POINT ( 'NONE',  ( 1.563964569228308843, 1.374365672672346106, 0.7010000000000000675 ) ) ;
#7422 = ORIENTED_EDGE ( 'NONE', *, *, #11386, .F. ) ;
#7423 = EDGE_CURVE ( 'NONE', #3974, #13, #4595, .T. ) ;
#7424 = ORIENTED_EDGE ( 'NONE', *, *, #466, .T. ) ;
#7425 = SURFACE_SIDE_STYLE ('',( #883 ) ) ;
#7426 = VECTOR ( 'NONE', #2970, 1000.000000000000000 ) ;
#7427 = CARTESIAN_POINT ( 'NONE',  ( 2.488493583469202353, 1.084231462085445408, 0.7010000000000000675 ) ) ;
#7428 = PLANE ( 'NONE',  #1934 ) ;
#7429 = CARTESIAN_POINT ( 'NONE',  ( 1.942204774236117260, 1.352655365762020612, 0.6999999999999999556 ) ) ;
#7430 = CARTESIAN_POINT ( 'NONE',  ( 1.606765754174732441, 1.174241057089788320, 0.7010000000000000675 ) ) ;
#7431 = CARTESIAN_POINT ( 'NONE',  ( 2.380566711756506137, 1.061439968560242475, 0.6999999999999999556 ) ) ;
#7432 = ORIENTED_EDGE ( 'NONE', *, *, #7110, .T. ) ;
#7433 = CARTESIAN_POINT ( 'NONE',  ( 2.388136149386426599, 1.450059887362492139, 0.7010000000000000675 ) ) ;
#7434 = ORIENTED_EDGE ( 'NONE', *, *, #3785, .T. ) ;
#7435 = EDGE_CURVE ( 'NONE', #3284, #10193, #6376, .T. ) ;
#7436 =( NAMED_UNIT ( * ) SI_UNIT ( $, .STERADIAN. ) SOLID_ANGLE_UNIT ( ) );
#7437 = EDGE_LOOP ( 'NONE', ( #10265, #1392, #10815, #9113, #9286, #10140, #3512 ) ) ;
#7438 = EDGE_LOOP ( 'NONE', ( #7314, #7680, #2328, #2419 ) ) ;
#7439 = PRESENTATION_STYLE_ASSIGNMENT (( #3663 ) ) ;
#7440 = SURFACE_SIDE_STYLE ('',( #12049 ) ) ;
#7441 = EDGE_LOOP ( 'NONE', ( #11921, #164, #6850, #7122 ) ) ;
#7442 = CARTESIAN_POINT ( 'NONE',  ( 1.931931966022967906, 1.435835999066849444, 0.7010000000000000675 ) ) ;
#7443 = SURFACE_STYLE_FILL_AREA ( #9582 ) ;
#7444 = CARTESIAN_POINT ( 'NONE',  ( 2.309280909012984662, 1.427102032569759205, 0.7010000000000000675 ) ) ;
#7445 = CARTESIAN_POINT ( 'NONE',  ( 1.928729511641029903, 1.067844877324111152, 0.7010000000000000675 ) ) ;
#7446 = DIRECTION ( 'NONE',  ( -0.0000000000000000000, -0.0000000000000000000, -1.000000000000000000 ) ) ;
#7447 = VERTEX_POINT ( 'NONE', #12260 ) ;
#7448 = CARTESIAN_POINT ( 'NONE',  ( 1.991738841369566693, 1.061439968560242475, 0.7010000000000000675 ) ) ;
#7449 = UNCERTAINTY_MEASURE_WITH_UNIT (LENGTH_MEASURE( 1.000000000000000082E-05 ), #8349, 'distance_accuracy_value', 'NONE');
#7450 = CARTESIAN_POINT ( 'NONE',  ( 1.498027545424300611, 1.392874312867685260, 0.7010000000000000675 ) ) ;
#7451 = CARTESIAN_POINT ( 'NONE',  ( 2.950000000000001510, 1.700000000000001066, -0.1000000000000000056 ) ) ;
#7452 = ORIENTED_EDGE ( 'NONE', *, *, #9869, .T. ) ;
#7453 = CARTESIAN_POINT ( 'NONE',  ( 2.012118096529444955, 1.136219357900824400, 0.6999999999999999556 ) ) ;
#7454 = EDGE_CURVE ( 'NONE', #9243, #7632, #10346, .T. ) ;
#7455 = MECHANICAL_DESIGN_GEOMETRIC_PRESENTATION_REPRESENTATION (  '', ( #5837 ), #10053 ) ;
#7456 = UNCERTAINTY_MEASURE_WITH_UNIT (LENGTH_MEASURE( 1.000000000000000082E-05 ), #1513, 'distance_accuracy_value', 'NONE');
#7457 = VERTEX_POINT ( 'NONE', #11161 ) ;
#7458 = SURFACE_STYLE_FILL_AREA ( #4470 ) ;
#7459 =( NAMED_UNIT ( * ) SI_UNIT ( $, .STERADIAN. ) SOLID_ANGLE_UNIT ( ) );
#7460 = LINE ( 'NONE', #10220, #1425 ) ;
#7461 = B_SPLINE_SURFACE_WITH_KNOTS ( 'NONE', 3, 1, ( 
 ( #5892, #11641 ),
 ( #11538, #3121 ),
 ( #6909, #5951 ),
 ( #11763, #10832 ) ),
 .UNSPECIFIED., .F., .F., .F.,
 ( 4, 4 ),
 ( 2, 2 ),
 ( 15.00000000000000000, 16.00000000000000000 ),
 ( 0.0000000000000000000, 1.000000000000000000 ),
 .UNSPECIFIED. ) ;
#7462 = AXIS2_PLACEMENT_3D ( 'NONE', #8180, #3458, #10848 ) ;
#7463 = CARTESIAN_POINT ( 'NONE',  ( 1.215770832076939589, 1.053934884783088721, 0.7010000000000000675 ) ) ;
#7464 = ORIENTED_EDGE ( 'NONE', *, *, #3079, .T. ) ;
#7465 = CARTESIAN_POINT ( 'NONE',  ( 1.096621498047272603, 1.016917692646252647, 0.6999999999999999556 ) ) ;
#7466 = PLANE ( 'NONE',  #2307 ) ;
#7467 = EDGE_LOOP ( 'NONE', ( #6823, #5058, #3903, #4028 ) ) ;
#7468 = CARTESIAN_POINT ( 'NONE',  ( 2.473105166307505431, 1.190120408283372955, 0.7010000000000000675 ) ) ;
#7469 = CARTESIAN_POINT ( 'NONE',  ( 1.943327712786121042, 1.447980371530009025, 0.6999999999999999556 ) ) ;
#7470 = VECTOR ( 'NONE', #5153, 1000.000000000000000 ) ;
#7471 = PRESENTATION_LAYER_ASSIGNMENT (  '', '', ( #490 ) ) ;
#7472 = CARTESIAN_POINT ( 'NONE',  ( 1.991738841369566693, 1.061439968560242475, 0.7010000000000000675 ) ) ;
#7473 = CARTESIAN_POINT ( 'NONE',  ( 2.140840126569734103, 1.024175044838656401, 0.7010000000000000675 ) ) ;
#7474 = FILL_AREA_STYLE_COLOUR ( '', #3540 ) ;
#7475 = CARTESIAN_POINT ( 'NONE',  ( 2.137762443137059876, 1.411464073508428951, 0.7010000000000000675 ) ) ;
#7476 = CARTESIAN_POINT ( 'NONE',  ( 2.221566931192634264, 1.319549473706508769, 0.6999999999999999556 ) ) ;
#7477 = COLOUR_RGB ( '',1.000000000000000000, 1.000000000000000000, 1.000000000000000000 ) ;
#7478 = STYLED_ITEM ( 'NONE', ( #5114 ), #7865 ) ;
#7479 = PRESENTATION_LAYER_ASSIGNMENT (  '', '', ( #5673 ) ) ;
#7480 = CARTESIAN_POINT ( 'NONE',  ( 2.309280909012984662, 1.402979648912079158, 0.7010000000000000675 ) ) ;
#7481 = CARTESIAN_POINT ( 'NONE',  ( 2.393043806751394165, 1.452305764461394144, 0.6999999999999999556 ) ) ;
#7482 = CARTESIAN_POINT ( 'NONE',  ( 2.488493583469202353, 1.084231462085445408, 0.7010000000000000675 ) ) ;
#7483 = CARTESIAN_POINT ( 'NONE',  ( 1.930101992090114349, 1.169491611223866245, 0.6999999999999999556 ) ) ;
#7484 = VERTEX_POINT ( 'NONE', #2618 ) ;
#7485 = ORIENTED_EDGE ( 'NONE', *, *, #8497, .T. ) ;
#7486 = LINE ( 'NONE', #1776, #11861 ) ;
#7487 = AXIS2_PLACEMENT_3D ( 'NONE', #11369, #10308, #1645 ) ;
#7488 = EDGE_CURVE ( 'NONE', #9923, #6805, #3743, .T. ) ;
#7489 = SURFACE_STYLE_USAGE ( .BOTH. , #1584 ) ;
#7490 = COLOUR_RGB ( '',1.000000000000000000, 1.000000000000000000, 1.000000000000000000 ) ;
#7491 = VECTOR ( 'NONE', #4992, 1000.000000000000000 ) ;
#7492 =( GEOMETRIC_REPRESENTATION_CONTEXT ( 3 ) GLOBAL_UNCERTAINTY_ASSIGNED_CONTEXT ( ( #11681 ) ) GLOBAL_UNIT_ASSIGNED_CONTEXT ( ( #10309, #3651, #4682 ) ) REPRESENTATION_CONTEXT ( 'NONE', 'WORKASPACE' ) );
#7493 = FILL_AREA_STYLE ('',( #3700 ) ) ;
#7494 = LINE ( 'NONE', #9323, #3727 ) ;
#7495 = CARTESIAN_POINT ( 'NONE',  ( 1.926234092641942786, 1.379605890953294445, 0.6999999999999999556 ) ) ;
#7496 = VECTOR ( 'NONE', #11371, 1000.000000000000000 ) ;
#7497 = CARTESIAN_POINT ( 'NONE',  ( 1.013332672324957384, 1.310742303358945149, 0.7010000000000000675 ) ) ;
#7498 = PLANE ( 'NONE',  #1487 ) ;
#7499 = EDGE_CURVE ( 'NONE', #5562, #600, #2459, .T. ) ;
#7500 = ORIENTED_EDGE ( 'NONE', *, *, #4530, .F. ) ;
#7501 = PRESENTATION_LAYER_ASSIGNMENT (  '', '', ( #4512 ) ) ;
#7502 = FACE_BOUND ( 'NONE', #7974, .T. ) ;
#7503 = PRESENTATION_LAYER_ASSIGNMENT (  '', '', ( #8308 ) ) ;
#7504 = ORIENTED_EDGE ( 'NONE', *, *, #2275, .F. ) ;
#7505 = CLOSED_SHELL ( 'NONE', ( #2619, #10932, #3082, #2650, #6483, #3707, #4749, #11203, #1171, #5147, #10416, #4591, #8761, #11171, #8465, #467 ) ) ;
#7506 = FILL_AREA_STYLE ('',( #2828 ) ) ;
#7507 = ORIENTED_EDGE ( 'NONE', *, *, #5827, .F. ) ;
#7508 = STYLED_ITEM ( 'NONE', ( #8913 ), #899 ) ;
#7509 = ORIENTED_EDGE ( 'NONE', *, *, #9435, .F. ) ;
#7510 = SURFACE_SIDE_STYLE ('',( #12112 ) ) ;
#7511 = ORIENTED_EDGE ( 'NONE', *, *, #8895, .F. ) ;
#7512 = B_SPLINE_CURVE_WITH_KNOTS ( 'NONE', 3,
 ( #2368, #7217, #11024, #7985 ),
 .UNSPECIFIED., .F., .F.,
 ( 4, 4 ),
 ( 11.00000000000000000, 12.00000000000000000 ),
 .UNSPECIFIED. ) ;
#7513 = VECTOR ( 'NONE', #7785, 1000.000000000000000 ) ;
#7514 =( NAMED_UNIT ( * ) PLANE_ANGLE_UNIT ( ) SI_UNIT ( $, .RADIAN. ) );
#7515 =( GEOMETRIC_REPRESENTATION_CONTEXT ( 3 ) GLOBAL_UNCERTAINTY_ASSIGNED_CONTEXT ( ( #3955 ) ) GLOBAL_UNIT_ASSIGNED_CONTEXT ( ( #4696, #5677, #70 ) ) REPRESENTATION_CONTEXT ( 'NONE', 'WORKASPACE' ) );
#7516 = CARTESIAN_POINT ( 'NONE',  ( 1.987455038754229797, 1.484995753350852210, 0.6999999999999999556 ) ) ;
#7517 = CARTESIAN_POINT ( 'NONE',  ( 2.488493583469202353, 1.202597503279374980, 0.7010000000000000675 ) ) ;
#7518 = AXIS2_PLACEMENT_3D ( 'NONE', #3671, #3608, #5446 ) ;
#7519 = EDGE_CURVE ( 'NONE', #5459, #12006, #8265, .T. ) ;
#7520 = STYLED_ITEM ( 'NONE', ( #11752 ), #405 ) ;
#7521 =( LENGTH_UNIT ( ) NAMED_UNIT ( * ) SI_UNIT ( .MILLI., .METRE. ) );
#7522 = ORIENTED_EDGE ( 'NONE', *, *, #5952, .F. ) ;
#7523 =( NAMED_UNIT ( * ) PLANE_ANGLE_UNIT ( ) SI_UNIT ( $, .RADIAN. ) );
#7524 = SURFACE_SIDE_STYLE ('',( #10506 ) ) ;
#7525 = ORIENTED_EDGE ( 'NONE', *, *, #1407, .T. ) ;
#7526 = DIRECTION ( 'NONE',  ( 0.0000000000000000000, 0.0000000000000000000, -1.000000000000000000 ) ) ;
#7527 = CARTESIAN_POINT ( 'NONE',  ( 2.185009042854447081, 1.080737875486165844, 0.7010000000000000675 ) ) ;
#7528 = MECHANICAL_DESIGN_GEOMETRIC_PRESENTATION_REPRESENTATION (  '', ( #9742 ), #6920 ) ;
#7529 = ORIENTED_EDGE ( 'NONE', *, *, #12200, .T. ) ;
#7530 = MECHANICAL_DESIGN_GEOMETRIC_PRESENTATION_REPRESENTATION (  '', ( #11317 ), #335 ) ;
#7531 = CARTESIAN_POINT ( 'NONE',  ( 1.904191224815638073, 1.397822449646370480, 0.7010000000000000675 ) ) ;
#7532 = EDGE_CURVE ( 'NONE', #11690, #8324, #3667, .T. ) ;
#7533 = CARTESIAN_POINT ( 'NONE',  ( 1.214614059991950157, 1.144164519529113244, 0.7010000000000000675 ) ) ;
#7534 = EDGE_LOOP ( 'NONE', ( #1841, #11439, #7929, #10306 ) ) ;
#7535 = SURFACE_STYLE_FILL_AREA ( #3742 ) ;
#7536 = CARTESIAN_POINT ( 'NONE',  ( 1.925069563775328785, 1.339013741899961030, 0.6999999999999999556 ) ) ;
#7537 = MECHANICAL_DESIGN_GEOMETRIC_PRESENTATION_REPRESENTATION (  '', ( #6302 ), #5910 ) ;
#7538 = CARTESIAN_POINT ( 'NONE',  ( 1.081583229266936730, 1.063189282105363676, 0.6999999999999999556 ) ) ;
#7539 =( NAMED_UNIT ( * ) PLANE_ANGLE_UNIT ( ) SI_UNIT ( $, .RADIAN. ) );
#7540 = VERTEX_POINT ( 'NONE', #8425 ) ;
#7541 = CARTESIAN_POINT ( 'NONE',  ( -3.249999999999998668, -2.000000000000000000, 0.0000000000000000000 ) ) ;
#7542 = B_SPLINE_CURVE_WITH_KNOTS ( 'NONE', 3,
 ( #4380, #7180, #7237, #10006 ),
 .UNSPECIFIED., .F., .F.,
 ( 4, 4 ),
 ( 6.000000000000000000, 7.000000000000000000 ),
 .UNSPECIFIED. ) ;
#7543 = DIRECTION ( 'NONE',  ( -0.0000000000000000000, -0.0000000000000000000, -1.000000000000000000 ) ) ;
#7544 = LINE ( 'NONE', #2015, #8008 ) ;
#7545 = FILL_AREA_STYLE_COLOUR ( '', #8927 ) ;
#7546 = FILL_AREA_STYLE ('',( #9555 ) ) ;
#7547 = CARTESIAN_POINT ( 'NONE',  ( 1.904191224815638073, 1.397822449646370480, 0.6999999999999999556 ) ) ;
#7548 = CARTESIAN_POINT ( 'NONE',  ( 1.912010204346297870, 1.445069049364312130, 0.7010000000000000675 ) ) ;
#7549 = PRESENTATION_LAYER_ASSIGNMENT (  '', '', ( #764 ) ) ;
#7550 = MECHANICAL_DESIGN_GEOMETRIC_PRESENTATION_REPRESENTATION (  '', ( #10155 ), #9186 ) ;
#7551 = SURFACE_STYLE_USAGE ( .BOTH. , #6728 ) ;
#7552 = ORIENTED_EDGE ( 'NONE', *, *, #3327, .F. ) ;
#7553 = PRESENTATION_LAYER_ASSIGNMENT (  '', '', ( #4764 ) ) ;
#7554 = ORIENTED_EDGE ( 'NONE', *, *, #1747, .T. ) ;
#7555 = CARTESIAN_POINT ( 'NONE',  ( 2.513031870295155290, 1.144870143764706194, 0.7010000000000000675 ) ) ;
#7556 = FILL_AREA_STYLE ('',( #62 ) ) ;
#7557 = CARTESIAN_POINT ( 'NONE',  ( 1.939418223020783927, 1.094213138081801873, 0.7010000000000000675 ) ) ;
#7558 = STYLED_ITEM ( 'NONE', ( #6295 ), #9905 ) ;
#7559 = VECTOR ( 'NONE', #396, 1000.000000000000000 ) ;
#7560 =( LENGTH_UNIT ( ) NAMED_UNIT ( * ) SI_UNIT ( .MILLI., .METRE. ) );
#7561 = EDGE_CURVE ( 'NONE', #3848, #2959, #1272, .T. ) ;
#7562 = VERTEX_POINT ( 'NONE', #10867 ) ;
#7563 = DIRECTION ( 'NONE',  ( -0.0000000000000000000, -0.0000000000000000000, 1.000000000000000000 ) ) ;
#7564 = ORIENTED_EDGE ( 'NONE', *, *, #3499, .T. ) ;
#7565 = B_SPLINE_SURFACE_WITH_KNOTS ( 'NONE', 3, 1, ( 
 ( #7236, #6798 ),
 ( #188, #4687 ),
 ( #3772, #8513 ),
 ( #5841, #10370 ) ),
 .UNSPECIFIED., .F., .F., .F.,
 ( 4, 4 ),
 ( 2, 2 ),
 ( 12.00000000000000000, 13.00000000000000000 ),
 ( 0.0000000000000000000, 1.000000000000000000 ),
 .UNSPECIFIED. ) ;
#7566 = ADVANCED_FACE ( 'NONE', ( #1049 ), #6128, .F. ) ;
#7567 = ORIENTED_EDGE ( 'NONE', *, *, #10531, .F. ) ;
#7568 = DIRECTION ( 'NONE',  ( -1.000000000000000000, 0.0000000000000000000, 0.0000000000000000000 ) ) ;
#7569 = CARTESIAN_POINT ( 'NONE',  ( 0.9601203096969869177, 1.341975568876573766, 0.7010000000000000675 ) ) ;
#7570 = VECTOR ( 'NONE', #11592, 1000.000000000000000 ) ;
#7571 = DIRECTION ( 'NONE',  ( -0.0000000000000000000, -0.0000000000000000000, -1.000000000000000000 ) ) ;
#7572 = B_SPLINE_CURVE_WITH_KNOTS ( 'NONE', 3,
 ( #7164, #5354, #2629, #6320 ),
 .UNSPECIFIED., .F., .F.,
 ( 4, 4 ),
 ( 0.0000000000000000000, 1.000000000000000000 ),
 .UNSPECIFIED. ) ;
#7573 = ORIENTED_EDGE ( 'NONE', *, *, #711, .T. ) ;
#7574 = CARTESIAN_POINT ( 'NONE',  ( 2.141048078152759437, 1.006707111844477032, 0.7010000000000000675 ) ) ;
#7575 = DIRECTION ( 'NONE',  ( 0.0000000000000000000, -0.0000000000000000000, -1.000000000000000000 ) ) ;
#7576 = LINE ( 'NONE', #1031, #3525 ) ;
#7577 =( NAMED_UNIT ( * ) SI_UNIT ( $, .STERADIAN. ) SOLID_ANGLE_UNIT ( ) );
#7578 =( GEOMETRIC_REPRESENTATION_CONTEXT ( 3 ) GLOBAL_UNCERTAINTY_ASSIGNED_CONTEXT ( ( #1450 ) ) GLOBAL_UNIT_ASSIGNED_CONTEXT ( ( #8075, #448, #9889 ) ) REPRESENTATION_CONTEXT ( 'NONE', 'WORKASPACE' ) );
#7579 = DIRECTION ( 'NONE',  ( 1.000000000000000000, -0.0000000000000000000, -0.0000000000000000000 ) ) ;
#7580 = VERTEX_POINT ( 'NONE', #1938 ) ;
#7581 = CARTESIAN_POINT ( 'NONE',  ( 1.944824964185577043, 1.108936110176710343, 0.7010000000000000675 ) ) ;
#7582 = UNCERTAINTY_MEASURE_WITH_UNIT (LENGTH_MEASURE( 1.000000000000000082E-05 ), #1046, 'distance_accuracy_value', 'NONE');
#7583 =( LENGTH_UNIT ( ) NAMED_UNIT ( * ) SI_UNIT ( .MILLI., .METRE. ) );
#7584 = PRESENTATION_STYLE_ASSIGNMENT (( #12121 ) ) ;
#7585 = ORIENTED_EDGE ( 'NONE', *, *, #5296, .T. ) ;
#7586 = FILL_AREA_STYLE ('',( #2904 ) ) ;
#7587 = UNCERTAINTY_MEASURE_WITH_UNIT (LENGTH_MEASURE( 1.000000000000000082E-05 ), #6061, 'distance_accuracy_value', 'NONE');
#7588 = VERTEX_POINT ( 'NONE', #97 ) ;
#7589 = COLOUR_RGB ( '',1.000000000000000000, 1.000000000000000000, 1.000000000000000000 ) ;
#7590 = VERTEX_POINT ( 'NONE', #40 ) ;
#7591 = EDGE_CURVE ( 'NONE', #6662, #8073, #6148, .T. ) ;
#7592 = FACE_OUTER_BOUND ( 'NONE', #2652, .T. ) ;
#7593 = DIRECTION ( 'NONE',  ( -0.0000000000000000000, -0.0000000000000000000, 1.000000000000000000 ) ) ;
#7594 = CARTESIAN_POINT ( 'NONE',  ( 1.890923913803576051, 1.153354568362160437, 0.7010000000000000675 ) ) ;
#7595 = SURFACE_SIDE_STYLE ('',( #9290 ) ) ;
#7596 = ORIENTED_EDGE ( 'NONE', *, *, #3816, .T. ) ;
#7597 = CARTESIAN_POINT ( 'NONE',  ( 2.393834022768007053, 1.450059887362492139, 0.7010000000000000675 ) ) ;
#7598 = CARTESIAN_POINT ( 'NONE',  ( 1.955596856198538624, 1.058695007660964693, 0.6999999999999999556 ) ) ;
#7599 = MECHANICAL_DESIGN_GEOMETRIC_PRESENTATION_REPRESENTATION (  '', ( #2232 ), #9006 ) ;
#7600 = FACE_OUTER_BOUND ( 'NONE', #10491, .T. ) ;
#7601 = ORIENTED_EDGE ( 'NONE', *, *, #7338, .T. ) ;
#7602 = FACE_OUTER_BOUND ( 'NONE', #8309, .T. ) ;
#7603 = CARTESIAN_POINT ( 'NONE',  ( 1.969529612277389541, 1.466030568956663283, 0.6999999999999999556 ) ) ;
#7604 = VECTOR ( 'NONE', #3500, 1000.000000000000000 ) ;
#7605 = ADVANCED_FACE ( 'NONE', ( #1401 ), #6627, .F. ) ;
#7606 =( NAMED_UNIT ( * ) PLANE_ANGLE_UNIT ( ) SI_UNIT ( $, .RADIAN. ) );
#7607 = DIRECTION ( 'NONE',  ( -1.000000000000000000, -0.0000000000000000000, 0.0000000000000000000 ) ) ;
#7608 = PRESENTATION_LAYER_ASSIGNMENT (  '', '', ( #6800 ) ) ;
#7609 = MECHANICAL_DESIGN_GEOMETRIC_PRESENTATION_REPRESENTATION (  '', ( #8178 ), #10782 ) ;
#7610 = DIRECTION ( 'NONE',  ( 1.000000000000000000, 0.0000000000000000000, 0.0000000000000000000 ) ) ;
#7611 = B_SPLINE_CURVE_WITH_KNOTS ( 'NONE', 3,
 ( #11416, #998, #11291, #2807 ),
 .UNSPECIFIED., .F., .F.,
 ( 4, 4 ),
 ( 5.000000000000000000, 6.000000000000000000 ),
 .UNSPECIFIED. ) ;
#7612 =( NAMED_UNIT ( * ) SI_UNIT ( $, .STERADIAN. ) SOLID_ANGLE_UNIT ( ) );
#7613 = PLANE ( 'NONE',  #4934 ) ;
#7614 = FILL_AREA_STYLE_COLOUR ( '', #10171 ) ;
#7615 =( GEOMETRIC_REPRESENTATION_CONTEXT ( 3 ) GLOBAL_UNCERTAINTY_ASSIGNED_CONTEXT ( ( #8967 ) ) GLOBAL_UNIT_ASSIGNED_CONTEXT ( ( #9302, #10291, #1691 ) ) REPRESENTATION_CONTEXT ( 'NONE', 'WORKASPACE' ) );
#7616 = SURFACE_STYLE_USAGE ( .BOTH. , #4669 ) ;
#7617 = PRESENTATION_LAYER_ASSIGNMENT (  '', '', ( #12178 ) ) ;
#7618 = CARTESIAN_POINT ( 'NONE',  ( 2.584026540820218099, 1.224141287305309023, 0.7010000000000000675 ) ) ;
#7619 = DIRECTION ( 'NONE',  ( 0.0000000000000000000, 0.0000000000000000000, 1.000000000000000000 ) ) ;
#7620 = MECHANICAL_DESIGN_GEOMETRIC_PRESENTATION_REPRESENTATION (  '', ( #5603 ), #4233 ) ;
#7621 = CARTESIAN_POINT ( 'NONE',  ( -0.3999999999999985789, 1.700000000000000622, 0.0000000000000000000 ) ) ;
#7622 = CARTESIAN_POINT ( 'NONE',  ( 2.472148589025581433, 1.216987752840328563, 0.6999999999999999556 ) ) ;
#7623 = CARTESIAN_POINT ( 'NONE',  ( 2.112641891879190492, 1.175147894287726480, 0.6999999999999999556 ) ) ;
#7624 = ORIENTED_EDGE ( 'NONE', *, *, #6819, .T. ) ;
#7625 = MECHANICAL_DESIGN_GEOMETRIC_PRESENTATION_REPRESENTATION (  '', ( #3844 ), #6386 ) ;
#7626 = CARTESIAN_POINT ( 'NONE',  ( 2.513031870295155290, 1.168992527423492689, 0.6999999999999999556 ) ) ;
#7627 = PRESENTATION_STYLE_ASSIGNMENT (( #61 ) ) ;
#7628 = DIRECTION ( 'NONE',  ( 1.000000000000000000, 0.0000000000000000000, 0.0000000000000000000 ) ) ;
#7629 = FACE_OUTER_BOUND ( 'NONE', #712, .T. ) ;
#7630 = CARTESIAN_POINT ( 'NONE',  ( 2.070718852693380629, 1.112512877409197243, 0.6999999999999999556 ) ) ;
#7631 = UNCERTAINTY_MEASURE_WITH_UNIT (LENGTH_MEASURE( 1.000000000000000082E-05 ), #9548, 'distance_accuracy_value', 'NONE');
#7632 = VERTEX_POINT ( 'NONE', #10521 ) ;
#7633 = PRESENTATION_LAYER_ASSIGNMENT (  '', '', ( #3468 ) ) ;
#7634 = PRESENTATION_STYLE_ASSIGNMENT (( #1976 ) ) ;
#7635 = ORIENTED_EDGE ( 'NONE', *, *, #8452, .T. ) ;
#7636 = ORIENTED_EDGE ( 'NONE', *, *, #8054, .T. ) ;
#7637 = CARTESIAN_POINT ( 'NONE',  ( 2.104157467281735805, 1.178641480887006043, 0.6999999999999999556 ) ) ;
#7638 =( NAMED_UNIT ( * ) SI_UNIT ( $, .STERADIAN. ) SOLID_ANGLE_UNIT ( ) );
#7639 = DIRECTION ( 'NONE',  ( 0.0000000000000000000, -0.0000000000000000000, -1.000000000000000000 ) ) ;
#7640 = ORIENTED_EDGE ( 'NONE', *, *, #12147, .F. ) ;
#7641 = SURFACE_SIDE_STYLE ('',( #3842 ) ) ;
#7642 =( NAMED_UNIT ( * ) PLANE_ANGLE_UNIT ( ) SI_UNIT ( $, .RADIAN. ) );
#7643 = LINE ( 'NONE', #9583, #8900 ) ;
#7644 = LINE ( 'NONE', #10674, #3939 ) ;
#7645 = ORIENTED_EDGE ( 'NONE', *, *, #6243, .T. ) ;
#7646 = LINE ( 'NONE', #2779, #9955 ) ;
#7647 = EDGE_CURVE ( 'NONE', #10445, #9598, #2008, .T. ) ;
#7648 = ORIENTED_EDGE ( 'NONE', *, *, #152, .F. ) ;
#7649 = SURFACE_STYLE_FILL_AREA ( #9533 ) ;
#7650 = CARTESIAN_POINT ( 'NONE',  ( 2.668454883625423602, 1.061439968560242475, 0.7010000000000000675 ) ) ;
#7651 = ORIENTED_EDGE ( 'NONE', *, *, #12249, .F. ) ;
#7652 = VERTEX_POINT ( 'NONE', #10134 ) ;
#7653 = PLANE ( 'NONE',  #4831 ) ;
#7654 = SURFACE_SIDE_STYLE ('',( #4782 ) ) ;
#7655 = CARTESIAN_POINT ( 'NONE',  ( 2.097295065034097572, 1.095544028215391208, 0.7010000000000000675 ) ) ;
#7656 =( NAMED_UNIT ( * ) SI_UNIT ( $, .STERADIAN. ) SOLID_ANGLE_UNIT ( ) );
#7657 = VERTEX_POINT ( 'NONE', #9071 ) ;
#7658 = CARTESIAN_POINT ( 'NONE',  ( 2.112641891879190492, 1.175147894287726480, 0.7010000000000000675 ) ) ;
#7659 = EDGE_CURVE ( 'NONE', #10573, #8665, #4382, .T. ) ;
#7660 = EDGE_CURVE ( 'NONE', #5434, #7702, #11052, .T. ) ;
#7661 =( NAMED_UNIT ( * ) SI_UNIT ( $, .STERADIAN. ) SOLID_ANGLE_UNIT ( ) );
#7662 = PLANE ( 'NONE',  #2697 ) ;
#7663 = ORIENTED_EDGE ( 'NONE', *, *, #2504, .F. ) ;
#7664 = CARTESIAN_POINT ( 'NONE',  ( 2.424901989307639560, 1.364051112525174858, 0.7010000000000000675 ) ) ;
#7665 = CARTESIAN_POINT ( 'NONE',  ( 2.485166358137453901, 1.108187484477810791, 0.7010000000000000675 ) ) ;
#7666 = B_SPLINE_CURVE_WITH_KNOTS ( 'NONE', 3,
 ( #227, #1424, #4051, #2298 ),
 .UNSPECIFIED., .F., .F.,
 ( 4, 4 ),
 ( 4.000000000000000000, 5.000000000000000000 ),
 .UNSPECIFIED. ) ;
#7667 = PRESENTATION_LAYER_ASSIGNMENT (  '', '', ( #7855 ) ) ;
#7668 = FILL_AREA_STYLE ('',( #7545 ) ) ;
#7669 = CARTESIAN_POINT ( 'NONE',  ( 2.950000000000001510, 1.700000000000001066, 0.0000000000000000000 ) ) ;
#7670 = SURFACE_STYLE_FILL_AREA ( #8750 ) ;
#7671 = EDGE_CURVE ( 'NONE', #10730, #2704, #3343, .T. ) ;
#7672 = DIRECTION ( 'NONE',  ( 1.000000000000000000, -0.0000000000000000000, -0.0000000000000000000 ) ) ;
#7673 = CARTESIAN_POINT ( 'NONE',  ( 2.504838577913932607, 1.188207253717312284, 0.6999999999999999556 ) ) ;
#7674 = B_SPLINE_SURFACE_WITH_KNOTS ( 'NONE', 3, 1, ( 
 ( #958, #7630 ),
 ( #11433, #6411 ),
 ( #6656, #10489 ),
 ( #1973, #5732 ) ),
 .UNSPECIFIED., .F., .F., .F.,
 ( 4, 4 ),
 ( 2, 2 ),
 ( 3.000000000000000000, 4.000000000000000000 ),
 ( 0.0000000000000000000, 1.000000000000000000 ),
 .UNSPECIFIED. ) ;
#7675 =( GEOMETRIC_REPRESENTATION_CONTEXT ( 3 ) GLOBAL_UNCERTAINTY_ASSIGNED_CONTEXT ( ( #11738 ) ) GLOBAL_UNIT_ASSIGNED_CONTEXT ( ( #10116, #1577, #8304 ) ) REPRESENTATION_CONTEXT ( 'NONE', 'WORKASPACE' ) );
#7676 = MECHANICAL_DESIGN_GEOMETRIC_PRESENTATION_REPRESENTATION (  '', ( #9280 ), #11842 ) ;
#7677 = FILL_AREA_STYLE_COLOUR ( '', #4417 ) ;
#7678 = UNCERTAINTY_MEASURE_WITH_UNIT (LENGTH_MEASURE( 1.000000000000000082E-05 ), #11730, 'distance_accuracy_value', 'NONE');
#7679 = PRESENTATION_STYLE_ASSIGNMENT (( #7551 ) ) ;
#7680 = ORIENTED_EDGE ( 'NONE', *, *, #9378, .F. ) ;
#7681 = CARTESIAN_POINT ( 'NONE',  ( 1.991738841369566249, 1.154269555328584662, 0.6999999999999999556 ) ) ;
#7682 =( GEOMETRIC_REPRESENTATION_CONTEXT ( 3 ) GLOBAL_UNCERTAINTY_ASSIGNED_CONTEXT ( ( #4499 ) ) GLOBAL_UNIT_ASSIGNED_CONTEXT ( ( #8048, #7033, #4290 ) ) REPRESENTATION_CONTEXT ( 'NONE', 'WORKASPACE' ) );
#7683 = DIRECTION ( 'NONE',  ( -1.000000000000000000, 0.0000000000000000000, 0.0000000000000000000 ) ) ;
#7684 = AXIS2_PLACEMENT_3D ( 'NONE', #8689, #5774, #6717 ) ;
#7685 = ADVANCED_FACE ( 'NONE', ( #11132 ), #5372, .F. ) ;
#7686 = PRESENTATION_STYLE_ASSIGNMENT (( #892 ) ) ;
#7687 = LINE ( 'NONE', #4998, #8561 ) ;
#7688 = VERTEX_POINT ( 'NONE', #579 ) ;
#7689 = UNCERTAINTY_MEASURE_WITH_UNIT (LENGTH_MEASURE( 1.000000000000000082E-05 ), #10768, 'distance_accuracy_value', 'NONE');
#7690 = VECTOR ( 'NONE', #2579, 1000.000000000000000 ) ;
#7691 = COLOUR_RGB ( '',0.6470588235294117974, 0.6196078431372549211, 0.5882352941176470784 ) ;
#7692 = ORIENTED_EDGE ( 'NONE', *, *, #12213, .F. ) ;
#7693 = CARTESIAN_POINT ( 'NONE',  ( 2.176815750474334177, 1.482250792451576649, 0.7010000000000000675 ) ) ;
#7694 = FILL_AREA_STYLE ('',( #8525 ) ) ;
#7695 = STYLED_ITEM ( 'NONE', ( #8068 ), #692 ) ;
#7696 = VERTEX_POINT ( 'NONE', #1592 ) ;
#7697 = CARTESIAN_POINT ( 'NONE',  ( 1.307157238909066876, 1.100206562497149543, 0.7010000000000000675 ) ) ;
#7698 = FACE_OUTER_BOUND ( 'NONE', #9806, .T. ) ;
#7699 =( GEOMETRIC_REPRESENTATION_CONTEXT ( 3 ) GLOBAL_UNCERTAINTY_ASSIGNED_CONTEXT ( ( #1399 ) ) GLOBAL_UNIT_ASSIGNED_CONTEXT ( ( #6012, #7852, #3127 ) ) REPRESENTATION_CONTEXT ( 'NONE', 'WORKASPACE' ) );
#7700 = COLOUR_RGB ( '',1.000000000000000000, 1.000000000000000000, 1.000000000000000000 ) ;
#7701 = PLANE ( 'NONE',  #8929 ) ;
#7702 = VERTEX_POINT ( 'NONE', #3595 ) ;
#7703 = CLOSED_SHELL ( 'NONE', ( #9565, #4786, #10316, #6708, #5950, #3580, #166, #10314, #8043, #7865, #5975, #2790, #6816, #7726, #692, #9905 ) ) ;
#7704 = PRESENTATION_STYLE_ASSIGNMENT (( #25 ) ) ;
#7705 = ORIENTED_EDGE ( 'NONE', *, *, #12317, .F. ) ;
#7706 = CARTESIAN_POINT ( 'NONE',  ( 1.954265966065510396, 1.163752147525683123, 0.6999999999999999556 ) ) ;
#7707 = UNCERTAINTY_MEASURE_WITH_UNIT (LENGTH_MEASURE( 1.000000000000000082E-05 ), #1029, 'distance_accuracy_value', 'NONE');
#7708 = ORIENTED_EDGE ( 'NONE', *, *, #1806, .F. ) ;
#7709 = SURFACE_STYLE_FILL_AREA ( #4845 ) ;
#7710 = VERTEX_POINT ( 'NONE', #11985 ) ;
#7711 = CARTESIAN_POINT ( 'NONE',  ( 2.085109102254885993, 1.127319030137312827, 0.6999999999999999556 ) ) ;
#7712 = SURFACE_STYLE_USAGE ( .BOTH. , #2850 ) ;
#7713 = VECTOR ( 'NONE', #11266, 1000.000000000000000 ) ;
#7714 = SURFACE_SIDE_STYLE ('',( #1875 ) ) ;
#7715 = PRESENTATION_LAYER_ASSIGNMENT (  '', '', ( #12080 ) ) ;
#7716 = STYLED_ITEM ( 'NONE', ( #6745 ), #1264 ) ;
#7717 = B_SPLINE_CURVE_WITH_KNOTS ( 'NONE', 3,
 ( #10826, #9094, #10766, #6125 ),
 .UNSPECIFIED., .F., .F.,
 ( 4, 4 ),
 ( 1.000000000000000000, 2.000000000000000000 ),
 .UNSPECIFIED. ) ;
#7718 = B_SPLINE_CURVE_WITH_KNOTS ( 'NONE', 3,
 ( #11632, #1108, #4163, #6837 ),
 .UNSPECIFIED., .F., .F.,
 ( 4, 4 ),
 ( 4.000000000000000000, 5.000000000000000000 ),
 .UNSPECIFIED. ) ;
#7719 = DIRECTION ( 'NONE',  ( 1.000000000000000000, 0.0000000000000000000, -0.0000000000000000000 ) ) ;
#7720 = EDGE_LOOP ( 'NONE', ( #7037, #10148, #3466, #629 ) ) ;
#7721 = STYLED_ITEM ( 'NONE', ( #6537 ), #3349 ) ;
#7722 = CARTESIAN_POINT ( 'NONE',  ( 1.955596856198538624, 1.058695007660964693, 0.6999999999999999556 ) ) ;
#7723 = DIRECTION ( 'NONE',  ( -0.0000000000000000000, -0.0000000000000000000, -1.000000000000000000 ) ) ;
#7724 = ORIENTED_EDGE ( 'NONE', *, *, #2804, .T. ) ;
#7725 = CARTESIAN_POINT ( 'NONE',  ( 2.094134200968770010, 1.163752147525683123, 0.6999999999999999556 ) ) ;
#7726 = ADVANCED_FACE ( 'NONE', ( #8133 ), #10192, .T. ) ;
#7727 =( GEOMETRIC_REPRESENTATION_CONTEXT ( 3 ) GLOBAL_UNCERTAINTY_ASSIGNED_CONTEXT ( ( #6139 ) ) GLOBAL_UNIT_ASSIGNED_CONTEXT ( ( #1030, #7514, #6746 ) ) REPRESENTATION_CONTEXT ( 'NONE', 'WORKASPACE' ) );
#7728 = CARTESIAN_POINT ( 'NONE',  ( 2.283328551422453057, 1.153354568362160437, 0.6999999999999999556 ) ) ;
#7729 = CARTESIAN_POINT ( 'NONE',  ( -0.3999999999999988565, -1.700000000000000178, -0.1000000000000000056 ) ) ;
#7730 = EDGE_CURVE ( 'NONE', #5878, #8961, #10995, .T. ) ;
#7731 = LINE ( 'NONE', #6776, #10298 ) ;
#7732 = PRESENTATION_LAYER_ASSIGNMENT (  '', '', ( #9536 ) ) ;
#7733 = COLOUR_RGB ( '',1.000000000000000000, 1.000000000000000000, 1.000000000000000000 ) ;
#7734 = SURFACE_SIDE_STYLE ('',( #5829 ) ) ;
#7735 = FACE_OUTER_BOUND ( 'NONE', #7738, .T. ) ;
#7736 =( LENGTH_UNIT ( ) NAMED_UNIT ( * ) SI_UNIT ( .MILLI., .METRE. ) );
#7737 = CARTESIAN_POINT ( 'NONE',  ( 1.462167081245532740, 1.060875693806251796, 0.7010000000000000675 ) ) ;
#7738 = EDGE_LOOP ( 'NONE', ( #8648, #1167, #3682, #580 ) ) ;
#7739 = FILL_AREA_STYLE ('',( #9800 ) ) ;
#7740 = MECHANICAL_DESIGN_GEOMETRIC_PRESENTATION_REPRESENTATION (  '', ( #1554 ), #6725 ) ;
#7741 = B_SPLINE_CURVE_WITH_KNOTS ( 'NONE', 3,
 ( #7349, #6387, #10232, #557 ),
 .UNSPECIFIED., .F., .F.,
 ( 4, 4 ),
 ( 1.000000000000000000, 2.000000000000000000 ),
 .UNSPECIFIED. ) ;
#7742 = STYLED_ITEM ( 'NONE', ( #3326 ), #11114 ) ;
#7743 = FACE_OUTER_BOUND ( 'NONE', #11846, .T. ) ;
#7744 = ORIENTED_EDGE ( 'NONE', *, *, #486, .F. ) ;
#7745 = CARTESIAN_POINT ( 'NONE',  ( 2.488493583469202353, 1.202597503279374980, 0.6999999999999999556 ) ) ;
#7746 = EDGE_CURVE ( 'NONE', #9065, #2898, #825, .T. ) ;
#7747 = EDGE_CURVE ( 'NONE', #9471, #3848, #2037, .T. ) ;
#7748 = SURFACE_STYLE_FILL_AREA ( #8698 ) ;
#7749 = CARTESIAN_POINT ( 'NONE',  ( 2.606485311813688810, 1.224141287305309023, 0.6999999999999999556 ) ) ;
#7750 = SURFACE_STYLE_USAGE ( .BOTH. , #8701 ) ;
#7751 = VECTOR ( 'NONE', #5907, 999.9999999999998863 ) ;
#7752 = UNCERTAINTY_MEASURE_WITH_UNIT (LENGTH_MEASURE( 1.000000000000000082E-05 ), #1141, 'distance_accuracy_value', 'NONE');
#7753 =( NAMED_UNIT ( * ) SI_UNIT ( $, .STERADIAN. ) SOLID_ANGLE_UNIT ( ) );
#7754 = FACE_OUTER_BOUND ( 'NONE', #5824, .T. ) ;
#7755 = UNCERTAINTY_MEASURE_WITH_UNIT (LENGTH_MEASURE( 1.000000000000000082E-05 ), #8444, 'distance_accuracy_value', 'NONE');
#7756 = ORIENTED_EDGE ( 'NONE', *, *, #1407, .F. ) ;
#7757 =( NAMED_UNIT ( * ) SI_UNIT ( $, .STERADIAN. ) SOLID_ANGLE_UNIT ( ) );
#7758 = DIRECTION ( 'NONE',  ( 0.0000000000000000000, -0.0000000000000000000, -1.000000000000000000 ) ) ;
#7759 = ADVANCED_FACE ( 'NONE', ( #2701 ), #9506, .F. ) ;
#7760 = CARTESIAN_POINT ( 'NONE',  ( 2.058574480230774828, 1.482250792451576649, 0.7010000000000000675 ) ) ;
#7761 = VERTEX_POINT ( 'NONE', #3705 ) ;
#7762 = COLOUR_RGB ( '',0.1019607843137254888, 0.1019607843137254888, 0.1019607843137254888 ) ;
#7763 =( NAMED_UNIT ( * ) SI_UNIT ( $, .STERADIAN. ) SOLID_ANGLE_UNIT ( ) );
#7764 = CARTESIAN_POINT ( 'NONE',  ( 1.606765754174732441, 1.221669440697902953, 0.6999999999999999556 ) ) ;
#7765 = VERTEX_POINT ( 'NONE', #6736 ) ;
#7766 =( LENGTH_UNIT ( ) NAMED_UNIT ( * ) SI_UNIT ( .MILLI., .METRE. ) );
#7767 = VERTEX_POINT ( 'NONE', #6532 ) ;
#7768 = CARTESIAN_POINT ( 'NONE',  ( 2.341513404418675393, 1.134722106501922845, 0.6999999999999999556 ) ) ;
#7769 =( GEOMETRIC_REPRESENTATION_CONTEXT ( 3 ) GLOBAL_UNCERTAINTY_ASSIGNED_CONTEXT ( ( #9142 ) ) GLOBAL_UNIT_ASSIGNED_CONTEXT ( ( #11968, #3460, #10417 ) ) REPRESENTATION_CONTEXT ( 'NONE', 'WORKASPACE' ) );
#7770 =( GEOMETRIC_REPRESENTATION_CONTEXT ( 3 ) GLOBAL_UNCERTAINTY_ASSIGNED_CONTEXT ( ( #12105 ) ) GLOBAL_UNIT_ASSIGNED_CONTEXT ( ( #10188, #821, #3655 ) ) REPRESENTATION_CONTEXT ( 'NONE', 'WORKASPACE' ) );
#7771 = CARTESIAN_POINT ( 'NONE',  ( 1.469107802013187136, 1.197376895947374287, 0.7010000000000000675 ) ) ;
#7772 = ORIENTED_EDGE ( 'NONE', *, *, #6016, .F. ) ;
#7773 = ORIENTED_EDGE ( 'NONE', *, *, #1438, .F. ) ;
#7774 = CARTESIAN_POINT ( 'NONE',  ( 2.068306614327502402, 1.134638925868715509, 0.6999999999999999556 ) ) ;
#7775 = ORIENTED_EDGE ( 'NONE', *, *, #12295, .F. ) ;
#7776 = CARTESIAN_POINT ( 'NONE',  ( 1.983171236139447569, 1.065599000225207815, 0.6999999999999999556 ) ) ;
#7777 = CARTESIAN_POINT ( 'NONE',  ( 2.223230543859060493, 1.482250792451576649, 0.6999999999999999556 ) ) ;
#7778 = B_SPLINE_SURFACE_WITH_KNOTS ( 'NONE', 3, 1, ( 
 ( #5985, #1274 ),
 ( #2052, #5068 ),
 ( #11741, #8901 ),
 ( #6038, #6751 ) ),
 .UNSPECIFIED., .F., .F., .F.,
 ( 4, 4 ),
 ( 2, 2 ),
 ( 6.000000000000000000, 7.000000000000000000 ),
 ( 0.0000000000000000000, 1.000000000000000000 ),
 .UNSPECIFIED. ) ;
#7779 = CARTESIAN_POINT ( 'NONE',  ( 1.257415311130420044, 1.202004072544497815, 0.7010000000000000675 ) ) ;
#7780 = VERTEX_POINT ( 'NONE', #8515 ) ;
#7781 = SURFACE_SIDE_STYLE ('',( #3173 ) ) ;
#7782 = CARTESIAN_POINT ( 'NONE',  ( 0.9601203096969869177, 1.341975568876573766, 0.6999999999999999556 ) ) ;
#7783 =( NAMED_UNIT ( * ) PLANE_ANGLE_UNIT ( ) SI_UNIT ( $, .RADIAN. ) );
#7784 = ORIENTED_EDGE ( 'NONE', *, *, #8392, .T. ) ;
#7785 = DIRECTION ( 'NONE',  ( -0.0000000000000000000, -0.0000000000000000000, -1.000000000000000000 ) ) ;
#7786 = PRESENTATION_STYLE_ASSIGNMENT (( #6772 ) ) ;
#7787 = COLOUR_RGB ( '',1.000000000000000000, 1.000000000000000000, 1.000000000000000000 ) ;
#7788 =( LENGTH_UNIT ( ) NAMED_UNIT ( * ) SI_UNIT ( .MILLI., .METRE. ) );
#7789 =( LENGTH_UNIT ( ) NAMED_UNIT ( * ) SI_UNIT ( .MILLI., .METRE. ) );
#7790 = CARTESIAN_POINT ( 'NONE',  ( 1.944824964185577043, 1.108936110176710343, 0.6999999999999999556 ) ) ;
#7791 =( GEOMETRIC_REPRESENTATION_CONTEXT ( 3 ) GLOBAL_UNCERTAINTY_ASSIGNED_CONTEXT ( ( #1205 ) ) GLOBAL_UNIT_ASSIGNED_CONTEXT ( ( #208, #6618, #9535 ) ) REPRESENTATION_CONTEXT ( 'NONE', 'WORKASPACE' ) );
#7792 = CARTESIAN_POINT ( 'NONE',  ( 2.283328551422453057, 1.153354568362160437, 0.6999999999999999556 ) ) ;
#7793 = PLANE ( 'NONE',  #2604 ) ;
#7794 = PRESENTATION_STYLE_ASSIGNMENT (( #11543 ) ) ;
#7795 = SURFACE_STYLE_USAGE ( .BOTH. , #2872 ) ;
#7796 = ADVANCED_FACE ( 'NONE', ( #9449 ), #1904, .F. ) ;
#7797 = VECTOR ( 'NONE', #5274, 1000.000000000000000 ) ;
#7798 = DIRECTION ( 'NONE',  ( -1.000000000000000000, 0.0000000000000000000, 0.0000000000000000000 ) ) ;
#7799 = UNCERTAINTY_MEASURE_WITH_UNIT (LENGTH_MEASURE( 1.000000000000000082E-05 ), #9640, 'distance_accuracy_value', 'NONE');
#7800 =( GEOMETRIC_REPRESENTATION_CONTEXT ( 3 ) GLOBAL_UNCERTAINTY_ASSIGNED_CONTEXT ( ( #2087 ) ) GLOBAL_UNIT_ASSIGNED_CONTEXT ( ( #2576, #3465, #9127 ) ) REPRESENTATION_CONTEXT ( 'NONE', 'WORKASPACE' ) );
#7801 = CARTESIAN_POINT ( 'NONE',  ( 2.079577590140282872, 1.463535149958128612, 0.7010000000000000675 ) ) ;
#7802 = ORIENTED_EDGE ( 'NONE', *, *, #1825, .T. ) ;
#7803 = SURFACE_STYLE_USAGE ( .BOTH. , #8821 ) ;
#7804 = VECTOR ( 'NONE', #3574, 1000.000000000000000 ) ;
#7805 =( LENGTH_UNIT ( ) NAMED_UNIT ( * ) SI_UNIT ( .MILLI., .METRE. ) );
#7806 = DIRECTION ( 'NONE',  ( 1.000000000000000000, 0.0000000000000000000, 0.0000000000000000000 ) ) ;
#7807 = SURFACE_STYLE_USAGE ( .BOTH. , #5111 ) ;
#7808 = EDGE_CURVE ( 'NONE', #9140, #8019, #7819, .T. ) ;
#7809 = EDGE_CURVE ( 'NONE', #8134, #2101, #5613, .T. ) ;
#7810 = FILL_AREA_STYLE ('',( #1260 ) ) ;
#7811 = VECTOR ( 'NONE', #3165, 1000.000000000000000 ) ;
#7812 = UNCERTAINTY_MEASURE_WITH_UNIT (LENGTH_MEASURE( 1.000000000000000082E-05 ), #8773, 'distance_accuracy_value', 'NONE');
#7813 = B_SPLINE_CURVE_WITH_KNOTS ( 'NONE', 3,
 ( #3488, #8336, #11206, #6228 ),
 .UNSPECIFIED., .F., .F.,
 ( 4, 4 ),
 ( 2.000000000000000000, 3.000000000000000000 ),
 .UNSPECIFIED. ) ;
#7814 = VERTEX_POINT ( 'NONE', #8881 ) ;
#7815 = PRESENTATION_LAYER_ASSIGNMENT (  '', '', ( #6392 ) ) ;
#7816 = ORIENTED_EDGE ( 'NONE', *, *, #6412, .F. ) ;
#7817 = PLANE ( 'NONE',  #12256 ) ;
#7818 = CARTESIAN_POINT ( 'NONE',  ( 1.433247337833865043, 1.258686765217720938, 0.6999999999999999556 ) ) ;
#7819 = B_SPLINE_CURVE_WITH_KNOTS ( 'NONE', 3,
 ( #3830, #954, #4752, #11432 ),
 .UNSPECIFIED., .F., .F.,
 ( 4, 4 ),
 ( 15.00000000000000000, 16.00000000000000000 ),
 .UNSPECIFIED. ) ;
#7820 = CARTESIAN_POINT ( 'NONE',  ( 1.606765754174732441, 1.174241057089788320, 0.6999999999999999556 ) ) ;
#7821 = ORIENTED_EDGE ( 'NONE', *, *, #11971, .T. ) ;
#7822 = STYLED_ITEM ( 'NONE', ( #10146 ), #6651 ) ;
#7823 = ADVANCED_FACE ( 'NONE', ( #10606 ), #2191, .F. ) ;
#7824 = SURFACE_STYLE_USAGE ( .BOTH. , #4026 ) ;
#7825 =( NAMED_UNIT ( * ) SI_UNIT ( $, .STERADIAN. ) SOLID_ANGLE_UNIT ( ) );
#7826 = ORIENTED_EDGE ( 'NONE', *, *, #1552, .T. ) ;
#7827 =( NAMED_UNIT ( * ) PLANE_ANGLE_UNIT ( ) SI_UNIT ( $, .RADIAN. ) );
#7828 = LINE ( 'NONE', #8541, #2808 ) ;
#7829 = UNCERTAINTY_MEASURE_WITH_UNIT (LENGTH_MEASURE( 1.000000000000000082E-05 ), #5290, 'distance_accuracy_value', 'NONE');
#7830 = VERTEX_POINT ( 'NONE', #11781 ) ;
#7831 = CARTESIAN_POINT ( 'NONE',  ( 1.832739060806250597, 1.079989249787272731, 0.7010000000000000675 ) ) ;
#7832 =( LENGTH_UNIT ( ) NAMED_UNIT ( * ) SI_UNIT ( .MILLI., .METRE. ) );
#7833 = LINE ( 'NONE', #5143, #1843 ) ;
#7834 = ORIENTED_EDGE ( 'NONE', *, *, #4663, .T. ) ;
#7835 = FILL_AREA_STYLE ('',( #9899 ) ) ;
#7836 = CARTESIAN_POINT ( 'NONE',  ( 2.341513404418675393, 1.134722106501922845, 0.7010000000000000675 ) ) ;
#7837 = EDGE_LOOP ( 'NONE', ( #11732, #10569, #4862, #1216 ) ) ;
#7838 = CARTESIAN_POINT ( 'NONE',  ( 1.832739060806250597, 1.079989249787272731, 0.7010000000000000675 ) ) ;
#7839 = EDGE_CURVE ( 'NONE', #12122, #9666, #10488, .T. ) ;
#7840 = SURFACE_STYLE_FILL_AREA ( #1109 ) ;
#7841 = ORIENTED_EDGE ( 'NONE', *, *, #10426, .F. ) ;
#7842 = LINE ( 'NONE', #10704, #2749 ) ;
#7843 = CARTESIAN_POINT ( 'NONE',  ( 1.145206675804391949, 1.073600319128541480, 0.7010000000000000675 ) ) ;
#7844 = FILL_AREA_STYLE_COLOUR ( '', #7188 ) ;
#7845 = B_SPLINE_SURFACE_WITH_KNOTS ( 'NONE', 3, 1, ( 
 ( #983, #2732 ),
 ( #861, #4653 ),
 ( #7655, #717 ),
 ( #8612, #12331 ) ),
 .UNSPECIFIED., .F., .F., .F.,
 ( 4, 4 ),
 ( 2, 2 ),
 ( 2.000000000000000000, 3.000000000000000000 ),
 ( 0.0000000000000000000, 1.000000000000000000 ),
 .UNSPECIFIED. ) ;
#7846 = CARTESIAN_POINT ( 'NONE',  ( 1.969529612277389541, 1.466030568956663283, 0.6999999999999999556 ) ) ;
#7847 = CARTESIAN_POINT ( 'NONE',  ( 2.545264365699737130, 1.061439968560242475, 0.7010000000000000675 ) ) ;
#7848 = SURFACE_STYLE_USAGE ( .BOTH. , #4977 ) ;
#7849 = CARTESIAN_POINT ( 'NONE',  ( 1.013332672324957384, 1.247118867853497681, 0.6999999999999999556 ) ) ;
#7850 = FACE_OUTER_BOUND ( 'NONE', #12326, .T. ) ;
#7851 = CARTESIAN_POINT ( 'NONE',  ( 1.307157238909066876, 1.111774459862482134, 0.6999999999999999556 ) ) ;
#7852 =( NAMED_UNIT ( * ) PLANE_ANGLE_UNIT ( ) SI_UNIT ( $, .RADIAN. ) );
#7853 = DIRECTION ( 'NONE',  ( -0.0000000000000000000, 1.000000000000000000, -0.0000000000000000000 ) ) ;
#7854 = FILL_AREA_STYLE_COLOUR ( '', #1010 ) ;
#7855 = STYLED_ITEM ( 'NONE', ( #4945 ), #6815 ) ;
#7856 = VERTEX_POINT ( 'NONE', #1142 ) ;
#7857 = CARTESIAN_POINT ( 'NONE',  ( 1.991738841369566249, 1.135304370935510176, 0.7010000000000000675 ) ) ;
#7858 = CARTESIAN_POINT ( 'NONE',  ( 2.081449154389739764, 1.108520207010653236, 0.7010000000000000675 ) ) ;
#7859 = CARTESIAN_POINT ( 'NONE',  ( 2.283328551422453057, 1.205425644811862096, 0.7010000000000000675 ) ) ;
#7860 = SURFACE_SIDE_STYLE ('',( #1315 ) ) ;
#7861 = B_SPLINE_CURVE_WITH_KNOTS ( 'NONE', 3,
 ( #9284, #3614, #5337, #11080 ),
 .UNSPECIFIED., .F., .F.,
 ( 4, 4 ),
 ( 12.00000000000000000, 13.00000000000000000 ),
 .UNSPECIFIED. ) ;
#7862 =( GEOMETRIC_REPRESENTATION_CONTEXT ( 3 ) GLOBAL_UNCERTAINTY_ASSIGNED_CONTEXT ( ( #3017 ) ) GLOBAL_UNIT_ASSIGNED_CONTEXT ( ( #11724, #4872, #4995 ) ) REPRESENTATION_CONTEXT ( 'NONE', 'WORKASPACE' ) );
#7863 = SURFACE_STYLE_FILL_AREA ( #1319 ) ;
#7864 = UNCERTAINTY_MEASURE_WITH_UNIT (LENGTH_MEASURE( 1.000000000000000082E-05 ), #3205, 'distance_accuracy_value', 'NONE');
#7865 = ADVANCED_FACE ( 'NONE', ( #11552 ), #366, .F. ) ;
#7866 = VERTEX_POINT ( 'NONE', #5052 ) ;
#7867 = VERTEX_POINT ( 'NONE', #6022 ) ;
#7868 = SURFACE_SIDE_STYLE ('',( #10 ) ) ;
#7869 = COLOUR_RGB ( '',1.000000000000000000, 1.000000000000000000, 1.000000000000000000 ) ;
#7870 = FILL_AREA_STYLE ('',( #10002 ) ) ;
#7871 = VECTOR ( 'NONE', #1753, 1000.000000000000000 ) ;
#7872 = EDGE_CURVE ( 'NONE', #8668, #320, #9867, .T. ) ;
#7873 = DIRECTION ( 'NONE',  ( -0.0000000000000000000, -1.000000000000000000, -0.0000000000000000000 ) ) ;
#7874 = DIRECTION ( 'NONE',  ( 1.000000000000000000, -0.0000000000000000000, -0.0000000000000000000 ) ) ;
#7875 = SURFACE_SIDE_STYLE ('',( #6867 ) ) ;
#7876 = UNCERTAINTY_MEASURE_WITH_UNIT (LENGTH_MEASURE( 1.000000000000000082E-05 ), #10966, 'distance_accuracy_value', 'NONE');
#7877 = FILL_AREA_STYLE_COLOUR ( '', #6876 ) ;
#7878 = ORIENTED_EDGE ( 'NONE', *, *, #8812, .T. ) ;
#7879 = MECHANICAL_DESIGN_GEOMETRIC_PRESENTATION_REPRESENTATION (  '', ( #6871 ), #1716 ) ;
#7880 = COLOUR_RGB ( '',1.000000000000000000, 1.000000000000000000, 1.000000000000000000 ) ;
#7881 = VECTOR ( 'NONE', #5628, 1000.000000000000000 ) ;
#7882 = DIRECTION ( 'NONE',  ( -0.0000000000000000000, -0.0000000000000000000, -1.000000000000000000 ) ) ;
#7883 = ORIENTED_EDGE ( 'NONE', *, *, #11815, .T. ) ;
#7884 = STYLED_ITEM ( 'NONE', ( #374 ), #1309 ) ;
#7885 = CARTESIAN_POINT ( 'NONE',  ( 2.146080506467544780, 1.338098754933535917, 0.7010000000000000675 ) ) ;
#7886 = B_SPLINE_CURVE_WITH_KNOTS ( 'NONE', 3,
 ( #3975, #2060, #4781, #10688 ),
 .UNSPECIFIED., .F., .F.,
 ( 4, 4 ),
 ( 4.000000000000000000, 5.000000000000000000 ),
 .UNSPECIFIED. ) ;
#7887 = VERTEX_POINT ( 'NONE', #6203 ) ;
#7888 = SURFACE_STYLE_USAGE ( .BOTH. , #391 ) ;
#7889 = CARTESIAN_POINT ( 'NONE',  ( 1.811735950896735892, 1.224141287305309023, 0.7010000000000000675 ) ) ;
#7890 =( LENGTH_UNIT ( ) NAMED_UNIT ( * ) SI_UNIT ( .MILLI., .METRE. ) );
#7891 = ORIENTED_EDGE ( 'NONE', *, *, #7671, .F. ) ;
#7892 = STYLED_ITEM ( 'NONE', ( #631 ), #3636 ) ;
#7893 = EDGE_CURVE ( 'NONE', #11597, #6018, #6091, .T. ) ;
#7894 = CARTESIAN_POINT ( 'NONE',  ( -1.099999999999998535, 1.700000000000000400, -0.1000000000000000056 ) ) ;
#7895 = CARTESIAN_POINT ( 'NONE',  ( 2.341513404418675393, 1.319549473706508769, 0.7010000000000000675 ) ) ;
#7896 = PRESENTATION_LAYER_ASSIGNMENT (  '', '', ( #307 ) ) ;
#7897 = MECHANICAL_DESIGN_GEOMETRIC_PRESENTATION_REPRESENTATION (  '', ( #6674 ), #8098 ) ;
#7898 = EDGE_CURVE ( 'NONE', #3045, #7767, #1385, .T. ) ;
#7899 = ADVANCED_FACE ( 'NONE', ( #9005, #9929 ), #11038, .F. ) ;
#7900 = CARTESIAN_POINT ( 'NONE',  ( 2.287196450871179287, 1.402397384478496489, 0.7010000000000000675 ) ) ;
#7901 = VECTOR ( 'NONE', #5890, 1000.000000000000000 ) ;
#7902 = FILL_AREA_STYLE_COLOUR ( '', #5138 ) ;
#7903 = ORIENTED_EDGE ( 'NONE', *, *, #10041, .T. ) ;
#7904 =( GEOMETRIC_REPRESENTATION_CONTEXT ( 3 ) GLOBAL_UNCERTAINTY_ASSIGNED_CONTEXT ( ( #9470 ) ) GLOBAL_UNIT_ASSIGNED_CONTEXT ( ( #5485, #12221, #9324 ) ) REPRESENTATION_CONTEXT ( 'NONE', 'WORKASPACE' ) );
#7905 = CARTESIAN_POINT ( 'NONE',  ( 2.174403512108454173, 1.061689510459877583, 0.7010000000000000675 ) ) ;
#7906 = CARTESIAN_POINT ( 'NONE',  ( 0.9404548836258183053, 1.294547185268458023, 0.6999999999999999556 ) ) ;
#7907 = CARTESIAN_POINT ( 'NONE',  ( 2.484999996869922345, 1.179889190386278930, 0.7010000000000000675 ) ) ;
#7908 = EDGE_LOOP ( 'NONE', ( #4888, #3158, #5805, #5694 ) ) ;
#7909 = CARTESIAN_POINT ( 'NONE',  ( 2.187504461854089755, 1.090137287050050530, 0.6999999999999999556 ) ) ;
#7910 = LINE ( 'NONE', #12124, #9941 ) ;
#7911 = VECTOR ( 'NONE', #1190, 1000.000000000000000 ) ;
#7912 = AXIS2_PLACEMENT_3D ( 'NONE', #10831, #6008, #6966 ) ;
#7913 =( NAMED_UNIT ( * ) SI_UNIT ( $, .STERADIAN. ) SOLID_ANGLE_UNIT ( ) );
#7914 =( GEOMETRIC_REPRESENTATION_CONTEXT ( 3 ) GLOBAL_UNCERTAINTY_ASSIGNED_CONTEXT ( ( #9348 ) ) GLOBAL_UNIT_ASSIGNED_CONTEXT ( ( #1089, #10503, #6817 ) ) REPRESENTATION_CONTEXT ( 'NONE', 'WORKASPACE' ) );
#7915 =( GEOMETRIC_REPRESENTATION_CONTEXT ( 3 ) GLOBAL_UNCERTAINTY_ASSIGNED_CONTEXT ( ( #8605 ) ) GLOBAL_UNIT_ASSIGNED_CONTEXT ( ( #6051, #1354, #9726 ) ) REPRESENTATION_CONTEXT ( 'NONE', 'WORKASPACE' ) );
#7916 = EDGE_CURVE ( 'NONE', #9082, #8739, #8237, .T. ) ;
#7917 = CARTESIAN_POINT ( 'NONE',  ( 1.215770832076939589, 1.053934884783088721, 0.7010000000000000675 ) ) ;
#7918 = PLANE ( 'NONE',  #1338 ) ;
#7919 = STYLED_ITEM ( 'NONE', ( #12233 ), #3403 ) ;
#7920 = CARTESIAN_POINT ( 'NONE',  ( 1.954432327331931507, 1.075414314955142503, 0.6999999999999999556 ) ) ;
#7921 = FILL_AREA_STYLE_COLOUR ( '', #10749 ) ;
#7922 = VECTOR ( 'NONE', #2477, 1000.000000000000000 ) ;
#7923 = VECTOR ( 'NONE', #2004, 1000.000000000000000 ) ;
#7924 = CARTESIAN_POINT ( 'NONE',  ( 1.307157238909066876, 1.107147283265363047, 0.6999999999999999556 ) ) ;
#7925 = PRESENTATION_LAYER_ASSIGNMENT (  '', '', ( #7716 ) ) ;
#7926 =( NAMED_UNIT ( * ) PLANE_ANGLE_UNIT ( ) SI_UNIT ( $, .RADIAN. ) );
#7927 = CARTESIAN_POINT ( 'NONE',  ( 2.222398737524740930, 1.463535149958128612, 0.7010000000000000675 ) ) ;
#7928 = PLANE ( 'NONE',  #4193 ) ;
#7929 = ORIENTED_EDGE ( 'NONE', *, *, #7419, .F. ) ;
#7930 = COLOUR_RGB ( '',0.6470588235294117974, 0.6196078431372549211, 0.5882352941176470784 ) ;
#7931 =( LENGTH_UNIT ( ) NAMED_UNIT ( * ) SI_UNIT ( .MILLI., .METRE. ) );
#7932 = CARTESIAN_POINT ( 'NONE',  ( -2.949999999999998845, 1.700000000000000178, 0.0000000000000000000 ) ) ;
#7933 = B_SPLINE_CURVE_WITH_KNOTS ( 'NONE', 3,
 ( #2254, #5953, #3304, #11764 ),
 .UNSPECIFIED., .F., .F.,
 ( 4, 4 ),
 ( 11.00000000000000000, 12.00000000000000000 ),
 .UNSPECIFIED. ) ;
#7934 = FILL_AREA_STYLE ('',( #3018 ) ) ;
#7935 = MECHANICAL_DESIGN_GEOMETRIC_PRESENTATION_REPRESENTATION (  '', ( #751 ), #1781 ) ;
#7936 = UNCERTAINTY_MEASURE_WITH_UNIT (LENGTH_MEASURE( 1.000000000000000082E-05 ), #5363, 'distance_accuracy_value', 'NONE');
#7937 = CARTESIAN_POINT ( 'NONE',  ( 2.187629232803906643, 1.043888854932849108, 0.6999999999999999556 ) ) ;
#7938 = ORIENTED_EDGE ( 'NONE', *, *, #7407, .T. ) ;
#7939 = PRESENTATION_STYLE_ASSIGNMENT (( #6992 ) ) ;
#7940 = DIRECTION ( 'NONE',  ( 0.0000000000000000000, -0.0000000000000000000, 1.000000000000000000 ) ) ;
#7941 = EDGE_LOOP ( 'NONE', ( #7318, #9549, #1157, #5390 ) ) ;
#7942 = MECHANICAL_DESIGN_GEOMETRIC_PRESENTATION_REPRESENTATION (  '', ( #7742 ), #9930 ) ;
#7943 = SURFACE_STYLE_USAGE ( .BOTH. , #10061 ) ;
#7944 = LINE ( 'NONE', #6996, #3729 ) ;
#7945 = DIRECTION ( 'NONE',  ( 1.000000000000000000, 0.0000000000000000000, -0.0000000000000000000 ) ) ;
#7946 = ADVANCED_FACE ( 'NONE', ( #10983 ), #3324, .F. ) ;
#7947 = CARTESIAN_POINT ( 'NONE',  ( 2.595962961699245675, 1.197939387814038081, 0.7010000000000000675 ) ) ;
#7948 = CARTESIAN_POINT ( 'NONE',  ( 1.928729511641029903, 1.067844877324111152, 0.7010000000000000675 ) ) ;
#7949 = ORIENTED_EDGE ( 'NONE', *, *, #4974, .T. ) ;
#7950 = FACE_OUTER_BOUND ( 'NONE', #7335, .T. ) ;
#7951 = CARTESIAN_POINT ( 'NONE',  ( 1.966784651378118642, 1.335520155300681466, 0.6999999999999999556 ) ) ;
#7952 = ORIENTED_EDGE ( 'NONE', *, *, #7245, .F. ) ;
#7953 = EDGE_CURVE ( 'NONE', #6221, #2082, #3390, .T. ) ;
#7954 = SURFACE_STYLE_USAGE ( .BOTH. , #5989 ) ;
#7955 = B_SPLINE_SURFACE_WITH_KNOTS ( 'NONE', 3, 1, ( 
 ( #2262, #1692 ),
 ( #10172, #6446 ),
 ( #5596, #4604 ),
 ( #5528, #9430 ) ),
 .UNSPECIFIED., .F., .F., .F.,
 ( 4, 4 ),
 ( 2, 2 ),
 ( 9.000000000000000000, 10.00000000000000000 ),
 ( 0.0000000000000000000, 1.000000000000000000 ),
 .UNSPECIFIED. ) ;
#7956 = UNCERTAINTY_MEASURE_WITH_UNIT (LENGTH_MEASURE( 1.000000000000000082E-05 ), #3097, 'distance_accuracy_value', 'NONE');
#7957 = ORIENTED_EDGE ( 'NONE', *, *, #4063, .F. ) ;
#7958 = B_SPLINE_CURVE_WITH_KNOTS ( 'NONE', 3,
 ( #1189, #3943, #10716, #4118 ),
 .UNSPECIFIED., .F., .F.,
 ( 4, 4 ),
 ( 5.000000000000000000, 6.000000000000000000 ),
 .UNSPECIFIED. ) ;
#7959 = MECHANICAL_DESIGN_GEOMETRIC_PRESENTATION_REPRESENTATION (  '', ( #3592 ), #11728 ) ;
#7960 =( NAMED_UNIT ( * ) PLANE_ANGLE_UNIT ( ) SI_UNIT ( $, .RADIAN. ) );
#7961 = MECHANICAL_DESIGN_GEOMETRIC_PRESENTATION_REPRESENTATION (  '', ( #1591 ), #4559 ) ;
#7962 =( NAMED_UNIT ( * ) SI_UNIT ( $, .STERADIAN. ) SOLID_ANGLE_UNIT ( ) );
#7963 = EDGE_LOOP ( 'NONE', ( #4715, #1810, #12232, #7075 ) ) ;
#7964 = SURFACE_STYLE_USAGE ( .BOTH. , #5203 ) ;
#7965 = CARTESIAN_POINT ( 'NONE',  ( -1.099999999999998535, 1.700000000000000400, 0.0000000000000000000 ) ) ;
#7966 = EDGE_CURVE ( 'NONE', #11597, #494, #7229, .T. ) ;
#7967 = CARTESIAN_POINT ( 'NONE',  ( 2.197818860384403994, 1.463535149958128612, 0.6999999999999999556 ) ) ;
#7968 = ORIENTED_EDGE ( 'NONE', *, *, #3802, .T. ) ;
#7969 = DIRECTION ( 'NONE',  ( 0.0000000000000000000, 1.000000000000000000, -0.0000000000000000000 ) ) ;
#7970 = COLOUR_RGB ( '',1.000000000000000000, 1.000000000000000000, 1.000000000000000000 ) ;
#7971 = CARTESIAN_POINT ( 'NONE',  ( 1.811735950896735892, 1.224141287305309023, 0.7010000000000000675 ) ) ;
#7972 = PRESENTATION_LAYER_ASSIGNMENT (  '', '', ( #5939 ) ) ;
#7973 = SURFACE_SIDE_STYLE ('',( #2541 ) ) ;
#7974 = EDGE_LOOP ( 'NONE', ( #7821, #4084, #2167, #8524, #5334, #8608, #3662 ) ) ;
#7975 = LINE ( 'NONE', #1293, #1754 ) ;
#7976 =( NAMED_UNIT ( * ) SI_UNIT ( $, .STERADIAN. ) SOLID_ANGLE_UNIT ( ) );
#7977 = EDGE_CURVE ( 'NONE', #5870, #1292, #3461, .T. ) ;
#7978 = SURFACE_STYLE_FILL_AREA ( #1240 ) ;
#7979 = AXIS2_PLACEMENT_3D ( 'NONE', #10535, #5651, #2023 ) ;
#7980 = VECTOR ( 'NONE', #11360, 1000.000000000000000 ) ;
#7981 = SURFACE_SIDE_STYLE ('',( #3120 ) ) ;
#7982 = SURFACE_SIDE_STYLE ('',( #9850 ) ) ;
#7983 = DIRECTION ( 'NONE',  ( -0.0000000000000000000, -0.0000000000000000000, -1.000000000000000000 ) ) ;
#7984 = CARTESIAN_POINT ( 'NONE',  ( 1.013332672324957384, 1.310742303358945149, 0.7010000000000000675 ) ) ;
#7985 = CARTESIAN_POINT ( 'NONE',  ( 1.942204774236117260, 1.352655365762020612, 0.6999999999999999556 ) ) ;
#7986 =( GEOMETRIC_REPRESENTATION_CONTEXT ( 3 ) GLOBAL_UNCERTAINTY_ASSIGNED_CONTEXT ( ( #5912 ) ) GLOBAL_UNIT_ASSIGNED_CONTEXT ( ( #8817, #6916, #10907 ) ) REPRESENTATION_CONTEXT ( 'NONE', 'WORKASPACE' ) );
#7987 = SURFACE_STYLE_FILL_AREA ( #2140 ) ;
#7988 = CARTESIAN_POINT ( 'NONE',  ( 2.026009262291685431, 1.346416818264573267, 0.7010000000000000675 ) ) ;
#7989 = CARTESIAN_POINT ( 'NONE',  ( 1.190321493177406875, 1.345445995451615806, 0.6999999999999999556 ) ) ;
#7990 = EDGE_CURVE ( 'NONE', #1524, #7830, #4844, .T. ) ;
#7991 = CARTESIAN_POINT ( 'NONE',  ( 1.570905289995409904, 1.064346054190355106, 0.7010000000000000675 ) ) ;
#7992 = ORIENTED_EDGE ( 'NONE', *, *, #10682, .F. ) ;
#7993 = DIRECTION ( 'NONE',  ( -0.0000000000000000000, -1.000000000000000000, -0.0000000000000000000 ) ) ;
#7994 = VECTOR ( 'NONE', #4777, 1000.000000000000000 ) ;
#7995 = LINE ( 'NONE', #4127, #3930 ) ;
#7996 = CARTESIAN_POINT ( 'NONE',  ( 1.987662990337809354, 1.466030568956663283, 0.7010000000000000675 ) ) ;
#7997 = CARTESIAN_POINT ( 'NONE',  ( 1.272453546814732661, 1.456497748373132950, 0.7010000000000000675 ) ) ;
#7998 = PLANE ( 'NONE',  #4675 ) ;
#7999 = DIRECTION ( 'NONE',  ( -0.0000000000000000000, 1.000000000000000000, -0.0000000000000000000 ) ) ;
#8000 = VECTOR ( 'NONE', #5321, 1000.000000000000000 ) ;
#8001 = CARTESIAN_POINT ( 'NONE',  ( 2.085109102254885993, 1.058695007660964693, 0.7010000000000000675 ) ) ;
#8002 = DIRECTION ( 'NONE',  ( 0.9345104387417459968, -0.3559357243698775264, 0.0000000000000000000 ) ) ;
#8003 = EDGE_LOOP ( 'NONE', ( #3587, #4340, #10429, #4643 ) ) ;
#8004 = B_SPLINE_CURVE_WITH_KNOTS ( 'NONE', 3,
 ( #1419, #5030, #347, #5212 ),
 .UNSPECIFIED., .F., .F.,
 ( 4, 4 ),
 ( 5.000000000000000000, 6.000000000000000000 ),
 .UNSPECIFIED. ) ;
#8005 = VECTOR ( 'NONE', #6419, 1000.000000000000000 ) ;
#8006 = ORIENTED_EDGE ( 'NONE', *, *, #8434, .F. ) ;
#8007 = CARTESIAN_POINT ( 'NONE',  ( 2.039858837736773456, 1.139130680066523293, 0.6999999999999999556 ) ) ;
#8008 = VECTOR ( 'NONE', #5770, 1000.000000000000000 ) ;
#8009 =( LENGTH_UNIT ( ) NAMED_UNIT ( * ) SI_UNIT ( .MILLI., .METRE. ) );
#8010 = COLOUR_RGB ( '',1.000000000000000000, 1.000000000000000000, 1.000000000000000000 ) ;
#8011 = SURFACE_SIDE_STYLE ('',( #8891 ) ) ;
#8012 = SURFACE_SIDE_STYLE ('',( #1334 ) ) ;
#8013 = UNCERTAINTY_MEASURE_WITH_UNIT (LENGTH_MEASURE( 1.000000000000000082E-05 ), #4994, 'distance_accuracy_value', 'NONE');
#8014 = PRESENTATION_STYLE_ASSIGNMENT (( #5132 ) ) ;
#8015 = EDGE_LOOP ( 'NONE', ( #647, #8727, #2578, #851 ) ) ;
#8016 = MECHANICAL_DESIGN_GEOMETRIC_PRESENTATION_REPRESENTATION (  '', ( #3453 ), #1442 ) ;
#8017 = CARTESIAN_POINT ( 'NONE',  ( 1.498027545424300611, 1.392874312867685260, 0.7010000000000000675 ) ) ;
#8018 = CARTESIAN_POINT ( 'NONE',  ( 1.952851895299268392, 1.341259618998864367, 0.7010000000000000675 ) ) ;
#8019 = VERTEX_POINT ( 'NONE', #8634 ) ;
#8020 = CARTESIAN_POINT ( 'NONE',  ( 2.014031251095505848, 1.319965376872561880, 0.7010000000000000675 ) ) ;
#8021 = DIRECTION ( 'NONE',  ( -0.0000000000000000000, -0.0000000000000000000, -1.000000000000000000 ) ) ;
#8022 = VERTEX_POINT ( 'NONE', #5601 ) ;
#8023 = LINE ( 'NONE', #9954, #5998 ) ;
#8024 = PLANE ( 'NONE',  #6593 ) ;
#8025 = VERTEX_POINT ( 'NONE', #10418 ) ;
#8026 = LINE ( 'NONE', #1472, #4315 ) ;
#8027 = EDGE_CURVE ( 'NONE', #2673, #7652, #810, .T. ) ;
#8028 = LINE ( 'NONE', #2120, #6756 ) ;
#8029 = COLOUR_RGB ( '',1.000000000000000000, 1.000000000000000000, 1.000000000000000000 ) ;
#8030 = CARTESIAN_POINT ( 'NONE',  ( 1.904191224815638073, 1.373450524087949987, 0.6999999999999999556 ) ) ;
#8031 = ORIENTED_EDGE ( 'NONE', *, *, #6799, .T. ) ;
#8032 = PRESENTATION_STYLE_ASSIGNMENT (( #2355 ) ) ;
#8033 = FILL_AREA_STYLE_COLOUR ( '', #1557 ) ;
#8034 = DIRECTION ( 'NONE',  ( 0.0000000000000000000, 1.000000000000000000, -0.0000000000000000000 ) ) ;
#8035 = VERTEX_POINT ( 'NONE', #11296 ) ;
#8036 = DIRECTION ( 'NONE',  ( -0.3315284183504002002, -0.9434452330824943944, 0.0000000000000000000 ) ) ;
#8037 = EDGE_CURVE ( 'NONE', #3281, #9730, #2753, .T. ) ;
#8038 = VECTOR ( 'NONE', #12283, 1000.000000000000114 ) ;
#8039 = EDGE_CURVE ( 'NONE', #4535, #3920, #6601, .T. ) ;
#8040 = DIRECTION ( 'NONE',  ( -0.0000000000000000000, 0.0000000000000000000, -1.000000000000000000 ) ) ;
#8041 = DIRECTION ( 'NONE',  ( 0.3283461648125118870, -0.9445574604294408871, 0.0000000000000000000 ) ) ;
#8042 = CARTESIAN_POINT ( 'NONE',  ( 1.943327712786121042, 1.447980371530009025, 0.7010000000000000675 ) ) ;
#8043 = ADVANCED_FACE ( 'NONE', ( #1894 ), #6640, .F. ) ;
#8044 = CARTESIAN_POINT ( 'NONE',  ( 2.301087616632872201, 1.446316758863579466, 0.7010000000000000675 ) ) ;
#8045 = LINE ( 'NONE', #10774, #3807 ) ;
#8046 = CARTESIAN_POINT ( 'NONE',  ( 1.129011645970521283, 1.362797841499060025, 0.7010000000000000675 ) ) ;
#8047 = CARTESIAN_POINT ( 'NONE',  ( 1.100000000000000977, -1.700000000000000178, 0.0000000000000000000 ) ) ;
#8048 =( LENGTH_UNIT ( ) NAMED_UNIT ( * ) SI_UNIT ( .MILLI., .METRE. ) );
#8049 = FILL_AREA_STYLE ('',( #11026 ) ) ;
#8050 = DIRECTION ( 'NONE',  ( -0.0000000000000000000, -0.0000000000000000000, -1.000000000000000000 ) ) ;
#8051 = EDGE_LOOP ( 'NONE', ( #5289, #59, #1221, #797 ) ) ;
#8052 = LINE ( 'NONE', #9988, #1520 ) ;
#8053 = DIRECTION ( 'NONE',  ( 0.9209172030172760870, -0.3897582650654596859, 0.0000000000000000000 ) ) ;
#8054 = EDGE_CURVE ( 'NONE', #7767, #7457, #12281, .T. ) ;
#8055 = CARTESIAN_POINT ( 'NONE',  ( 1.030684518371847380, 1.412539736182238048, 0.6999999999999999556 ) ) ;
#8056 = EDGE_CURVE ( 'NONE', #8569, #4227, #5720, .T. ) ;
#8057 =( NAMED_UNIT ( * ) SI_UNIT ( $, .STERADIAN. ) SOLID_ANGLE_UNIT ( ) );
#8058 = CARTESIAN_POINT ( 'NONE',  ( 2.287196450871179287, 1.422693459005163197, 0.7010000000000000675 ) ) ;
#8059 = PRESENTATION_STYLE_ASSIGNMENT (( #2572 ) ) ;
#8060 = B_SPLINE_SURFACE_WITH_KNOTS ( 'NONE', 3, 1, ( 
 ( #8402, #8464 ),
 ( #1664, #1722 ),
 ( #10377, #5619 ),
 ( #4395, #12172 ) ),
 .UNSPECIFIED., .F., .F., .F.,
 ( 4, 4 ),
 ( 2, 2 ),
 ( 33.00000000000000000, 34.00000000000000000 ),
 ( 0.0000000000000000000, 1.000000000000000000 ),
 .UNSPECIFIED. ) ;
#8061 = UNCERTAINTY_MEASURE_WITH_UNIT (LENGTH_MEASURE( 1.000000000000000082E-05 ), #10530, 'distance_accuracy_value', 'NONE');
#8062 = ORIENTED_EDGE ( 'NONE', *, *, #8660, .F. ) ;
#8063 = ORIENTED_EDGE ( 'NONE', *, *, #8729, .T. ) ;
#8064 = B_SPLINE_CURVE_WITH_KNOTS ( 'NONE', 3,
 ( #11444, #1735, #4644, #5507 ),
 .UNSPECIFIED., .F., .F.,
 ( 4, 4 ),
 ( 8.000000000000000000, 9.000000000000000000 ),
 .UNSPECIFIED. ) ;
#8065 = DIRECTION ( 'NONE',  ( 0.0000000000000000000, -1.000000000000000000, 0.0000000000000000000 ) ) ;
#8066 = FACE_OUTER_BOUND ( 'NONE', #95, .T. ) ;
#8067 = EDGE_CURVE ( 'NONE', #6616, #4743, #3796, .T. ) ;
#8068 = PRESENTATION_STYLE_ASSIGNMENT (( #11127 ) ) ;
#8069 = VECTOR ( 'NONE', #4257, 1000.000000000000000 ) ;
#8070 =( NAMED_UNIT ( * ) SI_UNIT ( $, .STERADIAN. ) SOLID_ANGLE_UNIT ( ) );
#8071 = CARTESIAN_POINT ( 'NONE',  ( 2.287196450871179287, 1.402397384478496489, 0.6999999999999999556 ) ) ;
#8072 = CARTESIAN_POINT ( 'NONE',  ( -1.099999999999998535, 1.700000000000000400, -0.1000000000000000056 ) ) ;
#8073 = VERTEX_POINT ( 'NONE', #2635 ) ;
#8074 = ORIENTED_EDGE ( 'NONE', *, *, #10405, .F. ) ;
#8075 =( LENGTH_UNIT ( ) NAMED_UNIT ( * ) SI_UNIT ( .MILLI., .METRE. ) );
#8076 = MECHANICAL_DESIGN_GEOMETRIC_PRESENTATION_REPRESENTATION (  '', ( #2108 ), #3696 ) ;
#8077 = CARTESIAN_POINT ( 'NONE',  ( 2.118214994310397614, 1.100701227479988109, 0.6999999999999999556 ) ) ;
#8078 = UNCERTAINTY_MEASURE_WITH_UNIT (LENGTH_MEASURE( 1.000000000000000082E-05 ), #1151, 'distance_accuracy_value', 'NONE');
#8079 = VERTEX_POINT ( 'NONE', #6585 ) ;
#8080 = SURFACE_STYLE_USAGE ( .BOTH. , #1409 ) ;
#8081 = CARTESIAN_POINT ( 'NONE',  ( 2.014114431728712962, 1.339180103166382363, 0.6999999999999999556 ) ) ;
#8082 = ORIENTED_EDGE ( 'NONE', *, *, #1391, .T. ) ;
#8083 = SURFACE_SIDE_STYLE ('',( #10144 ) ) ;
#8084 = CARTESIAN_POINT ( 'NONE',  ( 2.044225820985318354, 1.164833495758527349, 0.6999999999999999556 ) ) ;
#8085 = FACE_OUTER_BOUND ( 'NONE', #2169, .T. ) ;
#8086 = PRESENTATION_LAYER_ASSIGNMENT (  '', '', ( #103 ) ) ;
#8087 = AXIS2_PLACEMENT_3D ( 'NONE', #7032, #8993, #4349 ) ;
#8088 = COLOUR_RGB ( '',1.000000000000000000, 1.000000000000000000, 1.000000000000000000 ) ;
#8089 =( NAMED_UNIT ( * ) PLANE_ANGLE_UNIT ( ) SI_UNIT ( $, .RADIAN. ) );
#8090 = ORIENTED_EDGE ( 'NONE', *, *, #4406, .F. ) ;
#8091 = CARTESIAN_POINT ( 'NONE',  ( 2.128820525056945190, 1.177643313287374705, 0.7010000000000000675 ) ) ;
#8092 = ORIENTED_EDGE ( 'NONE', *, *, #9732, .F. ) ;
#8093 = CARTESIAN_POINT ( 'NONE',  ( 2.591887110667488336, 1.191950382216223403, 0.6999999999999999556 ) ) ;
#8094 = SURFACE_SIDE_STYLE ('',( #11816 ) ) ;
#8095 = CARTESIAN_POINT ( 'NONE',  ( 2.083112767055617542, 1.163752147525683123, 0.7010000000000000675 ) ) ;
#8096 = PRESENTATION_LAYER_ASSIGNMENT (  '', '', ( #5684 ) ) ;
#8097 =( GEOMETRIC_REPRESENTATION_CONTEXT ( 3 ) GLOBAL_UNCERTAINTY_ASSIGNED_CONTEXT ( ( #8132 ) ) GLOBAL_UNIT_ASSIGNED_CONTEXT ( ( #8617, #11404, #9881 ) ) REPRESENTATION_CONTEXT ( 'NONE', 'WORKASPACE' ) );
#8098 =( GEOMETRIC_REPRESENTATION_CONTEXT ( 3 ) GLOBAL_UNCERTAINTY_ASSIGNED_CONTEXT ( ( #1347 ) ) GLOBAL_UNIT_ASSIGNED_CONTEXT ( ( #9499, #951, #4813 ) ) REPRESENTATION_CONTEXT ( 'NONE', 'WORKASPACE' ) );
#8099 = COLOUR_RGB ( '',1.000000000000000000, 1.000000000000000000, 1.000000000000000000 ) ;
#8100 = CARTESIAN_POINT ( 'NONE',  ( 2.284742622188141059, 1.342340967231710813, 0.6999999999999999556 ) ) ;
#8101 = EDGE_CURVE ( 'NONE', #815, #4962, #3192, .T. ) ;
#8102 = EDGE_CURVE ( 'NONE', #11244, #10018, #5474, .T. ) ;
#8103 = COLOUR_RGB ( '',1.000000000000000000, 1.000000000000000000, 1.000000000000000000 ) ;
#8104 = B_SPLINE_CURVE_WITH_KNOTS ( 'NONE', 3,
 ( #8853, #6048, #3166, #269 ),
 .UNSPECIFIED., .F., .F.,
 ( 4, 4 ),
 ( 15.00000000000000000, 16.00000000000000000 ),
 .UNSPECIFIED. ) ;
#8105 = DIRECTION ( 'NONE',  ( -0.9345104387417468850, -0.3559357243698755835, 0.0000000000000000000 ) ) ;
#8106 = EDGE_CURVE ( 'NONE', #8398, #5878, #12209, .T. ) ;
#8107 = VERTEX_POINT ( 'NONE', #11645 ) ;
#8108 = PLANE ( 'NONE',  #5204 ) ;
#8109 = CARTESIAN_POINT ( 'NONE',  ( 2.269811698510213915, 1.355067604127344172, 0.6999999999999999556 ) ) ;
#8110 = CIRCLE ( 'NONE', #2740, 0.1687042954162695507 ) ;
#8111 = PRESENTATION_LAYER_ASSIGNMENT (  '', '', ( #11883 ) ) ;
#8112 = PRESENTATION_LAYER_ASSIGNMENT (  '', '', ( #6694 ) ) ;
#8113 = AXIS2_PLACEMENT_3D ( 'NONE', #3547, #9340, #4571 ) ;
#8114 = DIRECTION ( 'NONE',  ( 0.8840949502478813171, 0.4673073067545553960, 0.0000000000000000000 ) ) ;
#8115 = DIRECTION ( 'NONE',  ( -0.0000000000000000000, 1.000000000000000000, -0.0000000000000000000 ) ) ;
#8116 = CARTESIAN_POINT ( 'NONE',  ( 1.081583229266936730, 1.063189282105363676, 0.7010000000000000675 ) ) ;
#8117 = FILL_AREA_STYLE_COLOUR ( '', #2299 ) ;
#8118 = SURFACE_STYLE_FILL_AREA ( #4436 ) ;
#8119 = MECHANICAL_DESIGN_GEOMETRIC_PRESENTATION_REPRESENTATION (  '', ( #3380 ), #10343 ) ;
#8120 = EDGE_CURVE ( 'NONE', #2648, #1035, #11802, .T. ) ;
#8121 = COLOUR_RGB ( '',1.000000000000000000, 1.000000000000000000, 1.000000000000000000 ) ;
#8122 = EDGE_CURVE ( 'NONE', #2310, #9666, #287, .T. ) ;
#8123 =( LENGTH_UNIT ( ) NAMED_UNIT ( * ) SI_UNIT ( .MILLI., .METRE. ) );
#8124 = VERTEX_POINT ( 'NONE', #3068 ) ;
#8125 = EDGE_CURVE ( 'NONE', #2702, #6399, #7958, .T. ) ;
#8126 = VERTEX_POINT ( 'NONE', #8814 ) ;
#8127 =( NAMED_UNIT ( * ) PLANE_ANGLE_UNIT ( ) SI_UNIT ( $, .RADIAN. ) );
#8128 = CARTESIAN_POINT ( 'NONE',  ( 1.939418223020783927, 1.094213138081801873, 0.7010000000000000675 ) ) ;
#8129 = DIRECTION ( 'NONE',  ( -0.0000000000000000000, -0.0000000000000000000, -1.000000000000000000 ) ) ;
#8130 = PRESENTATION_STYLE_ASSIGNMENT (( #10864 ) ) ;
#8131 = CARTESIAN_POINT ( 'NONE',  ( 2.596794768033564349, 1.194196259315126962, 0.6999999999999999556 ) ) ;
#8132 = UNCERTAINTY_MEASURE_WITH_UNIT (LENGTH_MEASURE( 1.000000000000000082E-05 ), #8617, 'distance_accuracy_value', 'NONE');
#8133 = FACE_OUTER_BOUND ( 'NONE', #7359, .T. ) ;
#8134 = VERTEX_POINT ( 'NONE', #2938 ) ;
#8135 = B_SPLINE_CURVE_WITH_KNOTS ( 'NONE', 3,
 ( #5811, #8604, #30, #10444 ),
 .UNSPECIFIED., .F., .F.,
 ( 4, 4 ),
 ( 15.00000000000000000, 16.00000000000000000 ),
 .UNSPECIFIED. ) ;
#8136 = ORIENTED_EDGE ( 'NONE', *, *, #10801, .F. ) ;
#8137 = EDGE_CURVE ( 'NONE', #8668, #11634, #2195, .T. ) ;
#8138 = LINE ( 'NONE', #11927, #10191 ) ;
#8139 = ORIENTED_EDGE ( 'NONE', *, *, #9116, .T. ) ;
#8140 = DIRECTION ( 'NONE',  ( -1.275531967630004752E-16, -1.000000000000000000, 0.0000000000000000000 ) ) ;
#8141 = SURFACE_STYLE_USAGE ( .BOTH. , #7130 ) ;
#8142 = LINE ( 'NONE', #11870, #3834 ) ;
#8143 = ORIENTED_EDGE ( 'NONE', *, *, #5054, .F. ) ;
#8144 = CARTESIAN_POINT ( 'NONE',  ( 2.645247486934169778, 1.061439968560242475, 0.6999999999999999556 ) ) ;
#8145 = CARTESIAN_POINT ( 'NONE',  ( 2.461210335745081856, 1.200351626179362530, 0.6999999999999999556 ) ) ;
#8146 = SURFACE_SIDE_STYLE ('',( #9901 ) ) ;
#8147 = VERTEX_POINT ( 'NONE', #235 ) ;
#8148 = SURFACE_STYLE_USAGE ( .BOTH. , #1609 ) ;
#8149 =( GEOMETRIC_REPRESENTATION_CONTEXT ( 3 ) GLOBAL_UNCERTAINTY_ASSIGNED_CONTEXT ( ( #8598 ) ) GLOBAL_UNIT_ASSIGNED_CONTEXT ( ( #6034, #9828, #8070 ) ) REPRESENTATION_CONTEXT ( 'NONE', 'WORKASPACE' ) );
#8150 = CARTESIAN_POINT ( 'NONE',  ( 1.307157238909066876, 1.100206562497149543, 0.7010000000000000675 ) ) ;
#8151 = CARTESIAN_POINT ( 'NONE',  ( 2.287196450871179287, 1.382101309951829782, 0.7010000000000000675 ) ) ;
#8152 = EDGE_LOOP ( 'NONE', ( #11962, #3040, #8770, #11513 ) ) ;
#8153 = LINE ( 'NONE', #3113, #11882 ) ;
#8154 = SURFACE_STYLE_FILL_AREA ( #3365 ) ;
#8155 = MECHANICAL_DESIGN_GEOMETRIC_PRESENTATION_REPRESENTATION (  '', ( #5368 ), #4392 ) ;
#8156 = STYLED_ITEM ( 'NONE', ( #3276 ), #8761 ) ;
#8157 = CARTESIAN_POINT ( 'NONE',  ( 2.262325441512390789, 1.224141287305309023, 0.7010000000000000675 ) ) ;
#8158 = FILL_AREA_STYLE_COLOUR ( '', #8319 ) ;
#8159 = CARTESIAN_POINT ( 'NONE',  ( 2.146080506467544780, 1.338098754933535917, 0.7010000000000000675 ) ) ;
#8160 = B_SPLINE_SURFACE_WITH_KNOTS ( 'NONE', 3, 1, ( 
 ( #9662, #11523 ),
 ( #8609, #6761 ),
 ( #6691, #10515 ),
 ( #1041, #4848 ) ),
 .UNSPECIFIED., .F., .F., .F.,
 ( 4, 4 ),
 ( 2, 2 ),
 ( 1.000000000000000000, 2.000000000000000000 ),
 ( 0.0000000000000000000, 1.000000000000000000 ),
 .UNSPECIFIED. ) ;
#8161 = SURFACE_SIDE_STYLE ('',( #7216 ) ) ;
#8162 = VECTOR ( 'NONE', #3425, 1000.000000000000000 ) ;
#8163 = CARTESIAN_POINT ( 'NONE',  ( 1.096621498047272603, 1.016917692646252647, 0.7010000000000000675 ) ) ;
#8164 = PRESENTATION_STYLE_ASSIGNMENT (( #10223 ) ) ;
#8165 = FILL_AREA_STYLE ('',( #11827 ) ) ;
#8166 = DIRECTION ( 'NONE',  ( -0.0000000000000000000, -0.0000000000000000000, -1.000000000000000000 ) ) ;
#8167 = CARTESIAN_POINT ( 'NONE',  ( 1.154461006934623724, 1.429891582228573377, 0.7010000000000000675 ) ) ;
#8168 = CARTESIAN_POINT ( 'NONE',  ( 2.151612018582703456, 1.177643313287374705, 0.7010000000000000675 ) ) ;
#8169 = DIRECTION ( 'NONE',  ( -0.0000000000000000000, -0.0000000000000000000, -1.000000000000000000 ) ) ;
#8170 = LINE ( 'NONE', #4292, #5978 ) ;
#8171 = UNCERTAINTY_MEASURE_WITH_UNIT (LENGTH_MEASURE( 1.000000000000000082E-05 ), #8685, 'distance_accuracy_value', 'NONE');
#8172 = PRESENTATION_LAYER_ASSIGNMENT (  '', '', ( #10556 ) ) ;
#8173 = ORIENTED_EDGE ( 'NONE', *, *, #3632, .F. ) ;
#8174 = SURFACE_STYLE_USAGE ( .BOTH. , #9054 ) ;
#8175 = DIRECTION ( 'NONE',  ( -0.0000000000000000000, -0.0000000000000000000, -1.000000000000000000 ) ) ;
#8176 = CARTESIAN_POINT ( 'NONE',  ( 2.560902324761062943, 1.105941607377797675, 0.7010000000000000675 ) ) ;
#8177 = ORIENTED_EDGE ( 'NONE', *, *, #5722, .T. ) ;
#8178 = STYLED_ITEM ( 'NONE', ( #1379 ), #4932 ) ;
#8179 = CARTESIAN_POINT ( 'NONE',  ( 2.164005932944939037, 1.006707111844477032, 0.6999999999999999556 ) ) ;
#8180 = CARTESIAN_POINT ( 'NONE',  ( -2.741205712499112934, -1.613201107017512959, 0.5999999999999999778 ) ) ;
#8181 = ADVANCED_FACE ( 'NONE', ( #3996 ), #10536, .F. ) ;
#8182 = AXIS2_PLACEMENT_3D ( 'NONE', #10038, #8285, #5282 ) ;
#8183 = SURFACE_STYLE_USAGE ( .BOTH. , #1636 ) ;
#8184 = DIRECTION ( 'NONE',  ( 0.0000000000000000000, 0.0000000000000000000, -1.000000000000000000 ) ) ;
#8185 = UNCERTAINTY_MEASURE_WITH_UNIT (LENGTH_MEASURE( 1.000000000000000082E-05 ), #7406, 'distance_accuracy_value', 'NONE');
#8186 = VECTOR ( 'NONE', #3093, 1000.000000000000000 ) ;
#8187 = PRESENTATION_STYLE_ASSIGNMENT (( #10119 ) ) ;
#8188 = ORIENTED_EDGE ( 'NONE', *, *, #11835, .T. ) ;
#8189 = ORIENTED_EDGE ( 'NONE', *, *, #9059, .T. ) ;
#8190 = CARTESIAN_POINT ( 'NONE',  ( 1.988827519203868466, 1.091135454649682091, 0.6999999999999999556 ) ) ;
#8191 = PLANE ( 'NONE',  #7288 ) ;
#8192 = FACE_OUTER_BOUND ( 'NONE', #5105, .T. ) ;
#8193 = SURFACE_STYLE_FILL_AREA ( #3399 ) ;
#8194 =( NAMED_UNIT ( * ) SI_UNIT ( $, .STERADIAN. ) SOLID_ANGLE_UNIT ( ) );
#8195 = CARTESIAN_POINT ( 'NONE',  ( 2.073255862009072636, 1.075331134321934945, 0.7010000000000000675 ) ) ;
#8196 = EDGE_CURVE ( 'NONE', #2260, #4891, #1247, .T. ) ;
#8197 = EDGE_CURVE ( 'NONE', #10680, #6750, #2257, .T. ) ;
#8198 = DIRECTION ( 'NONE',  ( -0.0000000000000000000, -0.0000000000000000000, -1.000000000000000000 ) ) ;
#8199 = VERTEX_POINT ( 'NONE', #10777 ) ;
#8200 =( LENGTH_UNIT ( ) NAMED_UNIT ( * ) SI_UNIT ( .MILLI., .METRE. ) );
#8201 =( LENGTH_UNIT ( ) NAMED_UNIT ( * ) SI_UNIT ( .MILLI., .METRE. ) );
#8202 = ORIENTED_EDGE ( 'NONE', *, *, #6636, .F. ) ;
#8203 = FILL_AREA_STYLE ('',( #4391 ) ) ;
#8204 = AXIS2_PLACEMENT_3D ( 'NONE', #4471, #8353, #3369 ) ;
#8205 = DIRECTION ( 'NONE',  ( 0.0000000000000000000, -1.000000000000000000, 0.0000000000000000000 ) ) ;
#8206 = ORIENTED_EDGE ( 'NONE', *, *, #9585, .T. ) ;
#8207 = VECTOR ( 'NONE', #10854, 1000.000000000000000 ) ;
#8208 = CARTESIAN_POINT ( 'NONE',  ( 2.269354205026444582, 1.448229913429640581, 0.6999999999999999556 ) ) ;
#8209 = SURFACE_SIDE_STYLE ('',( #4327 ) ) ;
#8210 = PRESENTATION_LAYER_ASSIGNMENT (  '', '', ( #8178 ) ) ;
#8211 =( LENGTH_UNIT ( ) NAMED_UNIT ( * ) SI_UNIT ( .MILLI., .METRE. ) );
#8212 = ORIENTED_EDGE ( 'NONE', *, *, #11835, .F. ) ;
#8213 = CARTESIAN_POINT ( 'NONE',  ( 1.191478287326965146, 1.217042330292825936, 0.6999999999999999556 ) ) ;
#8214 = SURFACE_STYLE_USAGE ( .BOTH. , #523 ) ;
#8215 = FILL_AREA_STYLE_COLOUR ( '', #4248 ) ;
#8216 = EDGE_CURVE ( 'NONE', #10427, #908, #9750, .T. ) ;
#8217 = SURFACE_SIDE_STYLE ('',( #1357 ) ) ;
#8218 = ORIENTED_EDGE ( 'NONE', *, *, #306, .T. ) ;
#8219 = CARTESIAN_POINT ( 'NONE',  ( 1.968198722144361756, 1.163752147525683123, 0.6999999999999999556 ) ) ;
#8220 = COLOUR_RGB ( '',1.000000000000000000, 1.000000000000000000, 1.000000000000000000 ) ;
#8221 = CARTESIAN_POINT ( 'NONE',  ( 1.629901548903732955, 1.353543466240797466, 0.7010000000000000675 ) ) ;
#8222 = ORIENTED_EDGE ( 'NONE', *, *, #2767, .T. ) ;
#8223 =( LENGTH_UNIT ( ) NAMED_UNIT ( * ) SI_UNIT ( .MILLI., .METRE. ) );
#8224 = DIRECTION ( 'NONE',  ( 1.000000000000000000, -0.0000000000000000000, -0.0000000000000000000 ) ) ;
#8225 = B_SPLINE_CURVE_WITH_KNOTS ( 'NONE', 3,
 ( #3552, #7326, #3290, #7076 ),
 .UNSPECIFIED., .F., .F.,
 ( 4, 4 ),
 ( 2.000000000000000000, 3.000000000000000000 ),
 .UNSPECIFIED. ) ;
#8226 = EDGE_CURVE ( 'NONE', #7688, #3163, #10190, .T. ) ;
#8227 = CARTESIAN_POINT ( 'NONE',  ( 1.635685497585844583, 1.112931231947474675, 0.6999999999999999556 ) ) ;
#8228 = CARTESIAN_POINT ( 'NONE',  ( 1.928729511641029903, 1.067844877324111152, 0.7010000000000000675 ) ) ;
#8229 = FACE_OUTER_BOUND ( 'NONE', #5422, .T. ) ;
#8230 =( GEOMETRIC_REPRESENTATION_CONTEXT ( 3 ) GLOBAL_UNCERTAINTY_ASSIGNED_CONTEXT ( ( #2942 ) ) GLOBAL_UNIT_ASSIGNED_CONTEXT ( ( #3421, #6229, #7577 ) ) REPRESENTATION_CONTEXT ( 'NONE', 'WORKASPACE' ) );
#8231 = FILL_AREA_STYLE_COLOUR ( '', #9968 ) ;
#8232 = FILL_AREA_STYLE ('',( #4425 ) ) ;
#8233 = ORIENTED_EDGE ( 'NONE', *, *, #6589, .T. ) ;
#8234 =( NAMED_UNIT ( * ) PLANE_ANGLE_UNIT ( ) SI_UNIT ( $, .RADIAN. ) );
#8235 = PLANE ( 'NONE',  #7462 ) ;
#8236 = CARTESIAN_POINT ( 'NONE',  ( 2.058574480230774828, 1.319549473706508769, 0.6999999999999999556 ) ) ;
#8237 = LINE ( 'NONE', #11907, #5655 ) ;
#8238 = CARTESIAN_POINT ( 'NONE',  ( 1.899241977134061177, 1.061439968560242475, 0.7010000000000000675 ) ) ;
#8239 = DIRECTION ( 'NONE',  ( 0.0000000000000000000, 1.000000000000000000, 0.0000000000000000000 ) ) ;
#8240 = ORIENTED_EDGE ( 'NONE', *, *, #12213, .T. ) ;
#8241 = ORIENTED_EDGE ( 'NONE', *, *, #1403, .T. ) ;
#8242 =( NAMED_UNIT ( * ) SI_UNIT ( $, .STERADIAN. ) SOLID_ANGLE_UNIT ( ) );
#8243 = SURFACE_SIDE_STYLE ('',( #11979 ) ) ;
#8244 = CARTESIAN_POINT ( 'NONE',  ( 2.026009262291685431, 1.326287105004327449, 0.6999999999999999556 ) ) ;
#8245 = CARTESIAN_POINT ( 'NONE',  ( 2.247893601633720539, 1.482250792451576649, 0.6999999999999999556 ) ) ;
#8246 = SURFACE_STYLE_USAGE ( .BOTH. , #3704 ) ;
#8247 = CARTESIAN_POINT ( 'NONE',  ( -0.3999999999999988565, -1.700000000000000178, -0.1000000000000000056 ) ) ;
#8248 = UNCERTAINTY_MEASURE_WITH_UNIT (LENGTH_MEASURE( 1.000000000000000082E-05 ), #11578, 'distance_accuracy_value', 'NONE');
#8249 =( NAMED_UNIT ( * ) PLANE_ANGLE_UNIT ( ) SI_UNIT ( $, .RADIAN. ) );
#8250 = ORIENTED_EDGE ( 'NONE', *, *, #5660, .F. ) ;
#8251 = EDGE_CURVE ( 'NONE', #9440, #11690, #8939, .T. ) ;
#8252 = CARTESIAN_POINT ( 'NONE',  ( 2.185009042854447081, 1.080737875486165844, 0.6999999999999999556 ) ) ;
#8253 = LINE ( 'NONE', #12042, #9563 ) ;
#8254 = UNCERTAINTY_MEASURE_WITH_UNIT (LENGTH_MEASURE( 1.000000000000000082E-05 ), #1127, 'distance_accuracy_value', 'NONE');
#8255 = ORIENTED_EDGE ( 'NONE', *, *, #10266, .T. ) ;
#8256 = CARTESIAN_POINT ( 'NONE',  ( 0.4000000000000014655, 1.700000000000000622, 0.0000000000000000000 ) ) ;
#8257 = B_SPLINE_SURFACE_WITH_KNOTS ( 'NONE', 3, 1, ( 
 ( #4636, #2831 ),
 ( #1792, #11948 ),
 ( #11260, #1721 ),
 ( #5553, #1911 ) ),
 .UNSPECIFIED., .F., .F., .F.,
 ( 4, 4 ),
 ( 2, 2 ),
 ( 35.00000000000000000, 36.00000000000000000 ),
 ( 0.0000000000000000000, 1.000000000000000000 ),
 .UNSPECIFIED. ) ;
#8258 = EDGE_CURVE ( 'NONE', #10401, #2049, #2083, .T. ) ;
#8259 = VERTEX_POINT ( 'NONE', #3443 ) ;
#8260 =( LENGTH_UNIT ( ) NAMED_UNIT ( * ) SI_UNIT ( .MILLI., .METRE. ) );
#8261 = DIRECTION ( 'NONE',  ( 1.000000000000000000, 0.0000000000000000000, 0.0000000000000000000 ) ) ;
#8262 = MECHANICAL_DESIGN_GEOMETRIC_PRESENTATION_REPRESENTATION (  '', ( #9468 ), #9267 ) ;
#8263 = FACE_OUTER_BOUND ( 'NONE', #12237, .T. ) ;
#8264 = EDGE_LOOP ( 'NONE', ( #10742, #12258, #7772, #7878 ) ) ;
#8265 = B_SPLINE_CURVE_WITH_KNOTS ( 'NONE', 3,
 ( #1685, #12195, #5584, #9362 ),
 .UNSPECIFIED., .F., .F.,
 ( 4, 4 ),
 ( 0.0000000000000000000, 1.000000000000000000 ),
 .UNSPECIFIED. ) ;
#8266 = FACE_OUTER_BOUND ( 'NONE', #5322, .T. ) ;
#8267 = SURFACE_STYLE_FILL_AREA ( #10145 ) ;
#8268 = DIRECTION ( 'NONE',  ( -0.0000000000000000000, -0.0000000000000000000, -1.000000000000000000 ) ) ;
#8269 = SURFACE_STYLE_USAGE ( .BOTH. , #8217 ) ;
#8270 = VERTEX_POINT ( 'NONE', #10837 ) ;
#8271 = COLOUR_RGB ( '',0.1019607843137254888, 0.1019607843137254888, 0.1019607843137254888 ) ;
#8272 = CARTESIAN_POINT ( 'NONE',  ( 2.606485311813688810, 1.224141287305309023, 0.7010000000000000675 ) ) ;
#8273 = EDGE_LOOP ( 'NONE', ( #7008, #5994, #10701, #6594 ) ) ;
#8274 = FILL_AREA_STYLE_COLOUR ( '', #6485 ) ;
#8275 = FILL_AREA_STYLE_COLOUR ( '', #11916 ) ;
#8276 = FILL_AREA_STYLE_COLOUR ( '', #10178 ) ;
#8277 = ADVANCED_FACE ( 'NONE', ( #9169 ), #1279, .F. ) ;
#8278 = EDGE_CURVE ( 'NONE', #3836, #1703, #9607, .T. ) ;
#8279 = ADVANCED_FACE ( 'NONE', ( #5344 ), #4421, .F. ) ;
#8280 = LINE ( 'NONE', #9233, #10779 ) ;
#8281 = VECTOR ( 'NONE', #2370, 1000.000000000000000 ) ;
#8282 = VECTOR ( 'NONE', #9621, 1000.000000000000000 ) ;
#8283 = FACE_OUTER_BOUND ( 'NONE', #2107, .T. ) ;
#8284 = CARTESIAN_POINT ( 'NONE',  ( 1.190321471113391594, 1.144164519529113244, 0.6999999999999999556 ) ) ;
#8285 = DIRECTION ( 'NONE',  ( -0.0000000000000000000, 0.0000000000000000000, -1.000000000000000000 ) ) ;
#8286 = DIRECTION ( 'NONE',  ( -0.0000000000000000000, -0.0000000000000000000, -1.000000000000000000 ) ) ;
#8287 = VECTOR ( 'NONE', #1861, 1000.000000000000000 ) ;
#8288 = PRESENTATION_LAYER_ASSIGNMENT (  '', '', ( #9489 ) ) ;
#8289 = PLANE ( 'NONE',  #5177 ) ;
#8290 = EDGE_CURVE ( 'NONE', #6018, #7143, #9921, .T. ) ;
#8291 = MECHANICAL_DESIGN_GEOMETRIC_PRESENTATION_REPRESENTATION (  '', ( #11487 ), #4900 ) ;
#8292 = ORIENTED_EDGE ( 'NONE', *, *, #10321, .T. ) ;
#8293 = MECHANICAL_DESIGN_GEOMETRIC_PRESENTATION_REPRESENTATION (  '', ( #6263 ), #6064 ) ;
#8294 = PLANE ( 'NONE',  #2248 ) ;
#8295 = FILL_AREA_STYLE_COLOUR ( '', #11670 ) ;
#8296 = CARTESIAN_POINT ( 'NONE',  ( 1.205359750925734996, 1.480790331735134302, 0.6999999999999999556 ) ) ;
#8297 = VECTOR ( 'NONE', #3383, 1000.000000000000000 ) ;
#8298 = STYLED_ITEM ( 'NONE', ( #2503 ), #7899 ) ;
#8299 = COLOUR_RGB ( '',0.6470588235294117974, 0.6196078431372549211, 0.5882352941176470784 ) ;
#8300 = CARTESIAN_POINT ( 'NONE',  ( 2.177813918073971955, 1.019101026207267946, 0.7010000000000000675 ) ) ;
#8301 = DIRECTION ( 'NONE',  ( -1.000000000000000000, 0.0000000000000000000, 0.0000000000000000000 ) ) ;
#8302 = COLOUR_RGB ( '',1.000000000000000000, 1.000000000000000000, 1.000000000000000000 ) ;
#8303 = PRESENTATION_STYLE_ASSIGNMENT (( #8183 ) ) ;
#8304 =( NAMED_UNIT ( * ) SI_UNIT ( $, .STERADIAN. ) SOLID_ANGLE_UNIT ( ) );
#8305 = STYLED_ITEM ( 'NONE', ( #11872 ), #957 ) ;
#8306 = CARTESIAN_POINT ( 'NONE',  ( 1.344174519300853854, 1.525905132560692490, 0.7010000000000000675 ) ) ;
#8307 = AXIS2_PLACEMENT_3D ( 'NONE', #3822, #1067, #7619 ) ;
#8308 = STYLED_ITEM ( 'NONE', ( #6579 ), #2985 ) ;
#8309 = EDGE_LOOP ( 'NONE', ( #7252, #142, #8063, #5862 ) ) ;
#8310 = ORIENTED_EDGE ( 'NONE', *, *, #6545, .F. ) ;
#8312 = CARTESIAN_POINT ( 'NONE',  ( 1.964538774278659528, 1.116089644641684142, 0.7010000000000000675 ) ) ;
#8311 = VECTOR ( 'NONE', #2971, 1000.000000000000000 ) ;
#8313 = COLOUR_RGB ( '',1.000000000000000000, 1.000000000000000000, 1.000000000000000000 ) ;
#8314 = FILL_AREA_STYLE ('',( #6527 ) ) ;
#8315 = CARTESIAN_POINT ( 'NONE',  ( 1.013332672324957384, 1.199690484245381716, 0.6999999999999999556 ) ) ;
#8316 = CARTESIAN_POINT ( 'NONE',  ( 2.221566931192634264, 1.319549473706508769, 0.7010000000000000675 ) ) ;
#8317 = DIRECTION ( 'NONE',  ( -0.0000000000000000000, -0.0000000000000000000, -1.000000000000000000 ) ) ;
#8318 = CARTESIAN_POINT ( 'NONE',  ( 2.595047974733924789, 1.203346128978270091, 0.6999999999999999556 ) ) ;
#8319 = COLOUR_RGB ( '',1.000000000000000000, 1.000000000000000000, 1.000000000000000000 ) ;
#8320 = SURFACE_STYLE_USAGE ( .BOTH. , #1712 ) ;
#8321 = EDGE_LOOP ( 'NONE', ( #9361, #5057, #325, #2781 ) ) ;
#8322 = AXIS2_PLACEMENT_3D ( 'NONE', #4337, #11147, #1675 ) ;
#8323 = STYLED_ITEM ( 'NONE', ( #4830 ), #542 ) ;
#8324 = VERTEX_POINT ( 'NONE', #8996 ) ;
#8325 = LINE ( 'NONE', #11992, #4211 ) ;
#8326 = ORIENTED_EDGE ( 'NONE', *, *, #5457, .T. ) ;
#8327 = DIRECTION ( 'NONE',  ( -0.0000000000000000000, -0.0000000000000000000, -1.000000000000000000 ) ) ;
#8328 = CARTESIAN_POINT ( 'NONE',  ( 2.071259526809804186, 1.058695007660964693, 0.7010000000000000675 ) ) ;
#8329 = STYLED_ITEM ( 'NONE', ( #3456 ), #11556 ) ;
#8330 = SURFACE_STYLE_USAGE ( .BOTH. , #4089 ) ;
#8331 = EDGE_CURVE ( 'NONE', #1133, #2656, #414, .T. ) ;
#8332 = ORIENTED_EDGE ( 'NONE', *, *, #4250, .T. ) ;
#8333 =( GEOMETRIC_REPRESENTATION_CONTEXT ( 3 ) GLOBAL_UNCERTAINTY_ASSIGNED_CONTEXT ( ( #10607 ) ) GLOBAL_UNIT_ASSIGNED_CONTEXT ( ( #3831, #1787, #1905 ) ) REPRESENTATION_CONTEXT ( 'NONE', 'WORKASPACE' ) );
#8334 = EDGE_CURVE ( 'NONE', #10763, #4004, #6135, .T. ) ;
#8335 = SURFACE_SIDE_STYLE ('',( #9522 ) ) ;
#8336 = CARTESIAN_POINT ( 'NONE',  ( 2.445863508899988936, 1.079989249787272731, 0.7010000000000000675 ) ) ;
#8337 =( NAMED_UNIT ( * ) SI_UNIT ( $, .STERADIAN. ) SOLID_ANGLE_UNIT ( ) );
#8338 = FILL_AREA_STYLE_COLOUR ( '', #10806 ) ;
#8339 = CARTESIAN_POINT ( 'NONE',  ( 1.945324047985389271, 1.080654694852952069, 0.7010000000000000675 ) ) ;
#8340 = EDGE_LOOP ( 'NONE', ( #9089, #11215, #5250, #10222 ) ) ;
#8341 = FILL_AREA_STYLE ('',( #5688 ) ) ;
#8342 = ADVANCED_FACE ( 'NONE', ( #6511 ), #7466, .F. ) ;
#8343 = UNCERTAINTY_MEASURE_WITH_UNIT (LENGTH_MEASURE( 1.000000000000000082E-05 ), #11758, 'distance_accuracy_value', 'NONE');
#8344 = CARTESIAN_POINT ( 'NONE',  ( 1.811735950896735892, 1.224141287305309023, 0.6999999999999999556 ) ) ;
#8345 = DIRECTION ( 'NONE',  ( -0.0000000000000000000, -0.0000000000000000000, -1.000000000000000000 ) ) ;
#8346 = ORIENTED_EDGE ( 'NONE', *, *, #11569, .T. ) ;
#8347 = SURFACE_STYLE_FILL_AREA ( #5335 ) ;
#8348 = VECTOR ( 'NONE', #2039, 1000.000000000000114 ) ;
#8349 =( LENGTH_UNIT ( ) NAMED_UNIT ( * ) SI_UNIT ( .MILLI., .METRE. ) );
#8350 = CARTESIAN_POINT ( 'NONE',  ( 1.344174519300853854, 1.525905132560692490, 0.7010000000000000675 ) ) ;
#8351 = EDGE_LOOP ( 'NONE', ( #9333, #12188, #207, #7346 ) ) ;
#8352 =( NAMED_UNIT ( * ) SI_UNIT ( $, .STERADIAN. ) SOLID_ANGLE_UNIT ( ) );
#8353 = DIRECTION ( 'NONE',  ( -0.0000000000000000000, 0.0000000000000000000, -1.000000000000000000 ) ) ;
#8354 =( NAMED_UNIT ( * ) SI_UNIT ( $, .STERADIAN. ) SOLID_ANGLE_UNIT ( ) );
#8355 = VECTOR ( 'NONE', #1255, 1000.000000000000000 ) ;
#8356 = VERTEX_POINT ( 'NONE', #7343 ) ;
#8357 = DIRECTION ( 'NONE',  ( -0.0000000000000000000, -0.0000000000000000000, -1.000000000000000000 ) ) ;
#8358 = EDGE_CURVE ( 'NONE', #2478, #3824, #11382, .T. ) ;
#8359 = ADVANCED_FACE ( 'NONE', ( #11283 ), #11727, .F. ) ;
#8360 = LINE ( 'NONE', #5589, #5275 ) ;
#8361 = PRODUCT_DEFINITION ( '未知', '', #2913, #6296 ) ;
#8362 = ORIENTED_EDGE ( 'NONE', *, *, #10759, .F. ) ;
#8363 = CARTESIAN_POINT ( 'NONE',  ( 2.060861947646282388, 1.148114188464350871, 0.7010000000000000675 ) ) ;
#8364 = LINE ( 'NONE', #1760, #6773 ) ;
#8365 = PRESENTATION_STYLE_ASSIGNMENT (( #4543 ) ) ;
#8366 =( LENGTH_UNIT ( ) NAMED_UNIT ( * ) SI_UNIT ( .MILLI., .METRE. ) );
#8367 = COLOUR_RGB ( '',1.000000000000000000, 1.000000000000000000, 1.000000000000000000 ) ;
#8368 =( GEOMETRIC_REPRESENTATION_CONTEXT ( 3 ) GLOBAL_UNCERTAINTY_ASSIGNED_CONTEXT ( ( #5371 ) ) GLOBAL_UNIT_ASSIGNED_CONTEXT ( ( #4773, #1343, #10807 ) ) REPRESENTATION_CONTEXT ( 'NONE', 'WORKASPACE' ) );
#8369 = FACE_OUTER_BOUND ( 'NONE', #12247, .T. ) ;
#8370 =( NAMED_UNIT ( * ) PLANE_ANGLE_UNIT ( ) SI_UNIT ( $, .RADIAN. ) );
#8371 =( LENGTH_UNIT ( ) NAMED_UNIT ( * ) SI_UNIT ( .MILLI., .METRE. ) );
#8372 =( NAMED_UNIT ( * ) SI_UNIT ( $, .STERADIAN. ) SOLID_ANGLE_UNIT ( ) );
#8373 = CARTESIAN_POINT ( 'NONE',  ( 2.222398737524740930, 1.463535149958128612, 0.7010000000000000675 ) ) ;
#8374 = EDGE_CURVE ( 'NONE', #10152, #962, #8360, .T. ) ;
#8375 = CARTESIAN_POINT ( 'NONE',  ( 2.594548890933551455, 1.203346128978270091, 0.7010000000000000675 ) ) ;
#8376 = CARTESIAN_POINT ( 'NONE',  ( 1.943369303102723933, 1.477010412553765750, 0.7010000000000000675 ) ) ;
#8377 = B_SPLINE_SURFACE_WITH_KNOTS ( 'NONE', 3, 1, ( 
 ( #4772, #4083 ),
 ( #1158, #143 ),
 ( #6821, #262 ),
 ( #9772, #2282 ),
 ( #4885, #11617 ),
 ( #2106, #10677 ) ),
 .UNSPECIFIED., .F., .F., .F.,
 ( 4, 2, 4 ),
 ( 2, 2 ),
 ( 2.000000000000000000, 3.000000000000000000, 4.000000000000000000 ),
 ( 0.0000000000000000000, 1.000000000000000000 ),
 .UNSPECIFIED. ) ;
#8378 = SURFACE_SIDE_STYLE ('',( #3644 ) ) ;
#8379 = COLOUR_RGB ( '',1.000000000000000000, 1.000000000000000000, 1.000000000000000000 ) ;
#8380 = VECTOR ( 'NONE', #6467, 1000.000000000000000 ) ;
#8381 = SURFACE_SIDE_STYLE ('',( #1506 ) ) ;
#8382 = ORIENTED_EDGE ( 'NONE', *, *, #7990, .T. ) ;
#8383 = ORIENTED_EDGE ( 'NONE', *, *, #2699, .T. ) ;
#8384 = CARTESIAN_POINT ( 'NONE',  ( 1.428620161237295516, 1.096736157986126337, 0.6999999999999999556 ) ) ;
#8385 = B_SPLINE_CURVE_WITH_KNOTS ( 'NONE', 3,
 ( #11826, #175, #6009, #4978 ),
 .UNSPECIFIED., .F., .F.,
 ( 4, 4 ),
 ( 3.000000000000000000, 4.000000000000000000 ),
 .UNSPECIFIED. ) ;
#8386 = CARTESIAN_POINT ( 'NONE',  ( 2.451062298482304058, 1.061439968560242697, 0.7010000000000000675 ) ) ;
#8387 =( GEOMETRIC_REPRESENTATION_CONTEXT ( 3 ) GLOBAL_UNCERTAINTY_ASSIGNED_CONTEXT ( ( #8647 ) ) GLOBAL_UNIT_ASSIGNED_CONTEXT ( ( #3505, #4538, #545 ) ) REPRESENTATION_CONTEXT ( 'NONE', 'WORKASPACE' ) );
#8388 = DIRECTION ( 'NONE',  ( 0.3667976789509234670, 0.9303007377811840506, -0.0000000000000000000 ) ) ;
#8389 =( GEOMETRIC_REPRESENTATION_CONTEXT ( 3 ) GLOBAL_UNCERTAINTY_ASSIGNED_CONTEXT ( ( #10247 ) ) GLOBAL_UNIT_ASSIGNED_CONTEXT ( ( #11723, #11840, #8057 ) ) REPRESENTATION_CONTEXT ( 'NONE', 'WORKASPACE' ) );
#8390 = CARTESIAN_POINT ( 'NONE',  ( 1.991738841369566249, 1.135304370935510176, 0.6999999999999999556 ) ) ;
#8391 =( NAMED_UNIT ( * ) SI_UNIT ( $, .STERADIAN. ) SOLID_ANGLE_UNIT ( ) );
#8392 = EDGE_CURVE ( 'NONE', #1292, #4145, #7191, .T. ) ;
#8393 = UNCERTAINTY_MEASURE_WITH_UNIT (LENGTH_MEASURE( 1.000000000000000082E-05 ), #3003, 'distance_accuracy_value', 'NONE');
#8394 = EDGE_LOOP ( 'NONE', ( #4680, #5839, #3011, #1983 ) ) ;
#8395 = PRESENTATION_LAYER_ASSIGNMENT (  '', '', ( #1622 ) ) ;
#8396 = CARTESIAN_POINT ( 'NONE',  ( 2.070718852693380629, 1.112512877409197243, 0.7010000000000000675 ) ) ;
#8397 = UNCERTAINTY_MEASURE_WITH_UNIT (LENGTH_MEASURE( 1.000000000000000082E-05 ), #9363, 'distance_accuracy_value', 'NONE');
#8398 = VERTEX_POINT ( 'NONE', #11228 ) ;
#8399 = LINE ( 'NONE', #8256, #1838 ) ;
#8400 = ORIENTED_EDGE ( 'NONE', *, *, #6968, .T. ) ;
#8401 = ORIENTED_EDGE ( 'NONE', *, *, #1131, .F. ) ;
#8402 = CARTESIAN_POINT ( 'NONE',  ( 1.530417649220071841, 1.060875693806251796, 0.7010000000000000675 ) ) ;
#8403 = CARTESIAN_POINT ( 'NONE',  ( 1.428620161237295516, 1.078227539853696015, 0.6999999999999999556 ) ) ;
#8404 = CARTESIAN_POINT ( 'NONE',  ( 2.111394182379369155, 1.112263335509567685, 0.7010000000000000675 ) ) ;
#8405 = EDGE_LOOP ( 'NONE', ( #6268, #11466, #8976, #9193 ) ) ;
#8406 =( LENGTH_UNIT ( ) NAMED_UNIT ( * ) SI_UNIT ( .MILLI., .METRE. ) );
#8407 = SURFACE_STYLE_FILL_AREA ( #2658 ) ;
#8408 = CARTESIAN_POINT ( 'NONE',  ( 1.925069563775328785, 1.339013741899961030, 0.6999999999999999556 ) ) ;
#8409 = ORIENTED_EDGE ( 'NONE', *, *, #8137, .F. ) ;
#8410 = COLOUR_RGB ( '',1.000000000000000000, 1.000000000000000000, 1.000000000000000000 ) ;
#8411 = SURFACE_STYLE_USAGE ( .BOTH. , #7524 ) ;
#8412 = PRESENTATION_STYLE_ASSIGNMENT (( #4580 ) ) ;
#8413 = ORIENTED_EDGE ( 'NONE', *, *, #3632, .T. ) ;
#8414 = STYLED_ITEM ( 'NONE', ( #8882 ), #5888 ) ;
#8415 = CARTESIAN_POINT ( 'NONE',  ( 2.067058904827680177, 1.159426754593186892, 0.6999999999999999556 ) ) ;
#8416 = ORIENTED_EDGE ( 'NONE', *, *, #8067, .T. ) ;
#8417 = DIRECTION ( 'NONE',  ( 0.0000000000000000000, 0.0000000000000000000, 1.000000000000000000 ) ) ;
#8418 = CARTESIAN_POINT ( 'NONE',  ( 2.083112767055617542, 1.163752147525683123, 0.6999999999999999556 ) ) ;
#8419 =( GEOMETRIC_REPRESENTATION_CONTEXT ( 3 ) GLOBAL_UNCERTAINTY_ASSIGNED_CONTEXT ( ( #5926 ) ) GLOBAL_UNIT_ASSIGNED_CONTEXT ( ( #8211, #11995, #4397 ) ) REPRESENTATION_CONTEXT ( 'NONE', 'WORKASPACE' ) );
#8420 = CARTESIAN_POINT ( 'NONE',  ( 2.079577590140282872, 1.463535149958128612, 0.6999999999999999556 ) ) ;
#8421 = COLOUR_RGB ( '',1.000000000000000000, 1.000000000000000000, 1.000000000000000000 ) ;
#8422 = CARTESIAN_POINT ( 'NONE',  ( 1.185694316580283347, 1.466908851588353713, 0.6999999999999999556 ) ) ;
#8423 = ORIENTED_EDGE ( 'NONE', *, *, #6545, .T. ) ;
#8424 = CARTESIAN_POINT ( 'NONE',  ( -1.099999999999998535, 1.700000000000000400, -0.1000000000000000056 ) ) ;
#8425 = CARTESIAN_POINT ( 'NONE',  ( 1.991198167253144025, 1.079406985353685622, 0.6999999999999999556 ) ) ;
#8426 = FILL_AREA_STYLE ('',( #6629 ) ) ;
#8427 = ORIENTED_EDGE ( 'NONE', *, *, #4530, .T. ) ;
#8428 = COLOUR_RGB ( '',1.000000000000000000, 1.000000000000000000, 1.000000000000000000 ) ;
#8429 = FILL_AREA_STYLE ('',( #1823 ) ) ;
#8430 = MECHANICAL_DESIGN_GEOMETRIC_PRESENTATION_REPRESENTATION (  '', ( #8624 ), #11379 ) ;
#8431 = CARTESIAN_POINT ( 'NONE',  ( 1.205359750925734996, 1.480790331735134302, 0.7010000000000000675 ) ) ;
#8432 = COLOUR_RGB ( '',1.000000000000000000, 1.000000000000000000, 1.000000000000000000 ) ;
#8433 = LINE ( 'NONE', #12019, #10398 ) ;
#8434 = EDGE_CURVE ( 'NONE', #1741, #1292, #10764, .T. ) ;
#8435 =( NAMED_UNIT ( * ) SI_UNIT ( $, .STERADIAN. ) SOLID_ANGLE_UNIT ( ) );
#8436 = EDGE_CURVE ( 'NONE', #9496, #11388, #2070, .T. ) ;
#8437 = DIRECTION ( 'NONE',  ( 0.9903286039881274982, 0.1387416884823250429, 0.0000000000000000000 ) ) ;
#8438 = PRESENTATION_LAYER_ASSIGNMENT (  '', '', ( #12187 ) ) ;
#8439 = B_SPLINE_CURVE_WITH_KNOTS ( 'NONE', 3,
 ( #3938, #5040, #10594, #3122 ),
 .UNSPECIFIED., .F., .F.,
 ( 4, 4 ),
 ( 7.000000000000000000, 8.000000000000000000 ),
 .UNSPECIFIED. ) ;
#8440 = SURFACE_STYLE_USAGE ( .BOTH. , #1764 ) ;
#8441 = FILL_AREA_STYLE ('',( #1889 ) ) ;
#8442 = CARTESIAN_POINT ( 'NONE',  ( 1.912010204346297870, 1.445069049364312130, 0.7010000000000000675 ) ) ;
#8443 = SURFACE_STYLE_USAGE ( .BOTH. , #9374 ) ;
#8444 =( LENGTH_UNIT ( ) NAMED_UNIT ( * ) SI_UNIT ( .MILLI., .METRE. ) );
#8445 = DIRECTION ( 'NONE',  ( -1.000000000000000000, -0.0000000000000000000, -0.0000000000000000000 ) ) ;
#8446 = CARTESIAN_POINT ( 'NONE',  ( 1.987662990337809354, 1.466030568956663283, 0.6999999999999999556 ) ) ;
#8447 = CARTESIAN_POINT ( 'NONE',  ( 2.160845068879611475, 1.029581786003997079, 0.7010000000000000675 ) ) ;
#8448 = ORIENTED_EDGE ( 'NONE', *, *, #10051, .T. ) ;
#8449 = ORIENTED_EDGE ( 'NONE', *, *, #196, .T. ) ;
#8450 = LINE ( 'NONE', #9441, #7286 ) ;
#8451 = EDGE_CURVE ( 'NONE', #9774, #4535, #42, .T. ) ;
#8452 = EDGE_CURVE ( 'NONE', #6938, #9776, #5823, .T. ) ;
#8453 =( LENGTH_UNIT ( ) NAMED_UNIT ( * ) SI_UNIT ( .MILLI., .METRE. ) );
#8454 = LINE ( 'NONE', #5367, #8711 ) ;
#8455 = SURFACE_STYLE_USAGE ( .BOTH. , #820 ) ;
#8456 = SURFACE_SIDE_STYLE ('',( #11049 ) ) ;
#8457 = FILL_AREA_STYLE_COLOUR ( '', #11249 ) ;
#8458 = DIRECTION ( 'NONE',  ( 0.0000000000000000000, 0.0000000000000000000, 1.000000000000000000 ) ) ;
#8459 = ORIENTED_EDGE ( 'NONE', *, *, #2110, .T. ) ;
#8460 = CARTESIAN_POINT ( 'NONE',  ( 2.460856818053801742, 1.218765738877699567, 0.6999999999999999556 ) ) ;
#8461 = EDGE_LOOP ( 'NONE', ( #3794, #6806, #924, #828, #4210, #1092, #10349, #7308 ) ) ;
#8462 = VERTEX_POINT ( 'NONE', #5882 ) ;
#8463 = ORIENTED_EDGE ( 'NONE', *, *, #170, .F. ) ;
#8464 = CARTESIAN_POINT ( 'NONE',  ( 1.530417649220071841, 1.060875693806251796, 0.6999999999999999556 ) ) ;
#8465 = ADVANCED_FACE ( 'NONE', ( #3176 ), #6023, .T. ) ;
#8466 = FACE_OUTER_BOUND ( 'NONE', #145, .T. ) ;
#8467 = ORIENTED_EDGE ( 'NONE', *, *, #3021, .T. ) ;
#8468 = DIRECTION ( 'NONE',  ( -0.0000000000000000000, -0.0000000000000000000, 1.000000000000000000 ) ) ;
#8469 = CARTESIAN_POINT ( 'NONE',  ( 1.949233537750725054, 1.077161108254782285, 0.6999999999999999556 ) ) ;
#8470 = ORIENTED_EDGE ( 'NONE', *, *, #1026, .F. ) ;
#8471 = SURFACE_SIDE_STYLE ('',( #4706 ) ) ;
#8472 = UNCERTAINTY_MEASURE_WITH_UNIT (LENGTH_MEASURE( 1.000000000000000082E-05 ), #1200, 'distance_accuracy_value', 'NONE');
#8473 = PRESENTATION_STYLE_ASSIGNMENT (( #8411 ) ) ;
#8474 = CARTESIAN_POINT ( 'NONE',  ( 0.9404548836258183053, 1.244805235427459023, 0.7010000000000000675 ) ) ;
#8475 = ORIENTED_EDGE ( 'NONE', *, *, #3021, .F. ) ;
#8476 = CARTESIAN_POINT ( 'NONE',  ( 2.283328551422453057, 1.134722106501922845, 0.7010000000000000675 ) ) ;
#8477 = CARTESIAN_POINT ( 'NONE',  ( 2.281249035588861052, 1.437998695533650784, 0.7010000000000000675 ) ) ;
#8478 = UNCERTAINTY_MEASURE_WITH_UNIT (LENGTH_MEASURE( 1.000000000000000082E-05 ), #9740, 'distance_accuracy_value', 'NONE');
#8479 = ORIENTED_EDGE ( 'NONE', *, *, #8067, .F. ) ;
#8480 = SURFACE_STYLE_FILL_AREA ( #12067 ) ;
#8481 = CARTESIAN_POINT ( 'NONE',  ( 1.944824964185577043, 1.108936110176710343, 0.6999999999999999556 ) ) ;
#8482 = SURFACE_STYLE_USAGE ( .BOTH. , #9541 ) ;
#8483 = B_SPLINE_SURFACE_WITH_KNOTS ( 'NONE', 3, 1, ( 
 ( #1817, #5705 ),
 ( #3810, #2007 ),
 ( #8552, #5518 ),
 ( #10402, #5583 ) ),
 .UNSPECIFIED., .F., .F., .F.,
 ( 4, 4 ),
 ( 2, 2 ),
 ( 24.00000000000000000, 25.00000000000000000 ),
 ( 0.0000000000000000000, 1.000000000000000000 ),
 .UNSPECIFIED. ) ;
#8484 = B_SPLINE_CURVE_WITH_KNOTS ( 'NONE', 3,
 ( #6602, #5614, #827, #10317 ),
 .UNSPECIFIED., .F., .F.,
 ( 4, 4 ),
 ( 17.00000000000000000, 18.00000000000000000 ),
 .UNSPECIFIED. ) ;
#8485 = ORIENTED_EDGE ( 'NONE', *, *, #5417, .T. ) ;
#8486 = CARTESIAN_POINT ( 'NONE',  ( 1.955014591765512622, 1.114758754508100580, 0.7010000000000000675 ) ) ;
#8487 = CARTESIAN_POINT ( 'NONE',  ( 2.401569821665459070, 1.079989249787272731, 0.6999999999999999556 ) ) ;
#8488 = ORIENTED_EDGE ( 'NONE', *, *, #3259, .T. ) ;
#8489 = DIRECTION ( 'NONE',  ( -0.0000000000000000000, -0.0000000000000000000, -1.000000000000000000 ) ) ;
#8490 = CARTESIAN_POINT ( 'NONE',  ( 2.485166358137453901, 1.108187484477810791, 0.6999999999999999556 ) ) ;
#8491 = CARTESIAN_POINT ( 'NONE',  ( 2.092054685135732228, 1.102115298245675667, 0.6999999999999999556 ) ) ;
#8492 = VECTOR ( 'NONE', #4658, 1000.000000000000000 ) ;
#8493 = DIRECTION ( 'NONE',  ( 0.0000000000000000000, 1.000000000000000000, 0.0000000000000000000 ) ) ;
#8494 = SURFACE_STYLE_USAGE ( .BOTH. , #2681 ) ;
#8495 = SURFACE_STYLE_FILL_AREA ( #7410 ) ;
#8496 = ADVANCED_FACE ( 'NONE', ( #4967 ), #7662, .F. ) ;
#8497 = EDGE_CURVE ( 'NONE', #10074, #2225, #3427, .T. ) ;
#8498 = CARTESIAN_POINT ( 'NONE',  ( 2.513031870295155290, 1.144870143764706194, 0.7010000000000000675 ) ) ;
#8499 = LINE ( 'NONE', #1891, #1611 ) ;
#8500 = DIRECTION ( 'NONE',  ( 0.0000000000000000000, 0.0000000000000000000, 1.000000000000000000 ) ) ;
#8501 = LINE ( 'NONE', #942, #8038 ) ;
#8502 = EDGE_CURVE ( 'NONE', #32, #458, #3236, .T. ) ;
#8503 = CARTESIAN_POINT ( 'NONE',  ( 1.897536774151580063, 1.319549473706508769, 0.6999999999999999556 ) ) ;
#8504 = FILL_AREA_STYLE_COLOUR ( '', #6577 ) ;
#8505 = ORIENTED_EDGE ( 'NONE', *, *, #10707, .F. ) ;
#8506 = ORIENTED_EDGE ( 'NONE', *, *, #565, .F. ) ;
#8507 = SURFACE_SIDE_STYLE ('',( #12218 ) ) ;
#8508 = AXIS2_PLACEMENT_3D ( 'NONE', #11714, #6913, #3188 ) ;
#8509 = VECTOR ( 'NONE', #5785, 1000.000000000000114 ) ;
#8510 = CARTESIAN_POINT ( 'NONE',  ( -2.741205712499112934, -1.613201107017512959, 0.6999999999999999556 ) ) ;
#8511 = FILL_AREA_STYLE_COLOUR ( '', #9101 ) ;
#8512 =( GEOMETRIC_REPRESENTATION_CONTEXT ( 3 ) GLOBAL_UNCERTAINTY_ASSIGNED_CONTEXT ( ( #3857 ) ) GLOBAL_UNIT_ASSIGNED_CONTEXT ( ( #9767, #4075, #3151 ) ) REPRESENTATION_CONTEXT ( 'NONE', 'WORKASPACE' ) );
#8513 = CARTESIAN_POINT ( 'NONE',  ( 2.062941463479319282, 1.156598613060702885, 0.6999999999999999556 ) ) ;
#8514 =( LENGTH_UNIT ( ) NAMED_UNIT ( * ) SI_UNIT ( .MILLI., .METRE. ) );
#8515 = CARTESIAN_POINT ( 'NONE',  ( 2.645247486934169778, 1.061439968560242475, 0.6999999999999999556 ) ) ;
#8516 = ADVANCED_FACE ( 'NONE', ( #6236 ), #4169, .T. ) ;
#8517 = MECHANICAL_DESIGN_GEOMETRIC_PRESENTATION_REPRESENTATION (  '', ( #6266 ), #12075 ) ;
#8518 = ADVANCED_FACE ( 'NONE', ( #7020 ), #4338, .F. ) ;
#8519 = EDGE_LOOP ( 'NONE', ( #645, #6739, #8136, #9424 ) ) ;
#8520 = B_SPLINE_CURVE_WITH_KNOTS ( 'NONE', 3,
 ( #6846, #3067, #5165, #10648 ),
 .UNSPECIFIED., .F., .F.,
 ( 4, 4 ),
 ( 1.000000000000000000, 2.000000000000000000 ),
 .UNSPECIFIED. ) ;
#8521 = FILL_AREA_STYLE ('',( #6 ) ) ;
#8522 = ORIENTED_EDGE ( 'NONE', *, *, #9100, .T. ) ;
#8523 = STYLED_ITEM ( 'NONE', ( #3718 ), #1171 ) ;
#8524 = ORIENTED_EDGE ( 'NONE', *, *, #4866, .T. ) ;
#8525 = FILL_AREA_STYLE_COLOUR ( '', #8029 ) ;
#8526 = CARTESIAN_POINT ( 'NONE',  ( 2.001595746416104937, 1.466030568956663283, 0.7010000000000000675 ) ) ;
#8527 = VERTEX_POINT ( 'NONE', #8091 ) ;
#8528 = STYLED_ITEM ( 'NONE', ( #3748 ), #4224 ) ;
#8529 = DIRECTION ( 'NONE',  ( -0.0000000000000000000, 0.0000000000000000000, -1.000000000000000000 ) ) ;
#8530 = AXIS2_PLACEMENT_3D ( 'NONE', #7177, #8065, #9938 ) ;
#8531 = DIRECTION ( 'NONE',  ( -1.000000000000000000, 0.0000000000000000000, -0.0000000000000000000 ) ) ;
#8532 = CARTESIAN_POINT ( 'NONE',  ( 2.426981505140121786, 1.224141287305309023, 0.7010000000000000675 ) ) ;
#8533 = COLOUR_RGB ( '',1.000000000000000000, 1.000000000000000000, 1.000000000000000000 ) ;
#8534 = SURFACE_STYLE_USAGE ( .BOTH. , #10329 ) ;
#8535 = VERTEX_POINT ( 'NONE', #1543 ) ;
#8536 = EDGE_CURVE ( 'NONE', #210, #832, #7078, .T. ) ;
#8537 = DIRECTION ( 'NONE',  ( -0.3559357243698775819, -0.9345104387417458858, -0.0000000000000000000 ) ) ;
#8538 = CARTESIAN_POINT ( 'NONE',  ( 1.635685497585844583, 1.112931231947474675, 0.7010000000000000675 ) ) ;
#8539 = ORIENTED_EDGE ( 'NONE', *, *, #8137, .T. ) ;
#8540 = FILL_AREA_STYLE ('',( #1994 ) ) ;
#8541 = CARTESIAN_POINT ( 'NONE',  ( 2.079577590140282872, 1.338098754933535917, 0.7010000000000000675 ) ) ;
#8542 = VECTOR ( 'NONE', #11292, 1000.000000000000000 ) ;
#8543 = ORIENTED_EDGE ( 'NONE', *, *, #2131, .F. ) ;
#8544 = SURFACE_SIDE_STYLE ('',( #7458 ) ) ;
#8545 = ORIENTED_EDGE ( 'NONE', *, *, #11605, .T. ) ;
#8546 = SURFACE_STYLE_USAGE ( .BOTH. , #10044 ) ;
#8547 = CARTESIAN_POINT ( 'NONE',  ( 2.284742622188141059, 1.342340967231710813, 0.7010000000000000675 ) ) ;
#8548 = CARTESIAN_POINT ( 'NONE',  ( 1.307157238909066876, 1.100206562497149543, 0.6999999999999999556 ) ) ;
#8549 = CARTESIAN_POINT ( 'NONE',  ( 2.268397627743416578, 1.475097257987704857, 0.6999999999999999556 ) ) ;
#8550 = ORIENTED_EDGE ( 'NONE', *, *, #6462, .F. ) ;
#8551 = VECTOR ( 'NONE', #11629, 1000.000000000000000 ) ;
#8552 = CARTESIAN_POINT ( 'NONE',  ( 1.570905289995409904, 1.134910210464008307, 0.7010000000000000675 ) ) ;
#8553 =( NAMED_UNIT ( * ) PLANE_ANGLE_UNIT ( ) SI_UNIT ( $, .RADIAN. ) );
#8554 = MECHANICAL_DESIGN_GEOMETRIC_PRESENTATION_REPRESENTATION (  '', ( #6103 ), #6713 ) ;
#8555 = CARTESIAN_POINT ( 'NONE',  ( 2.085109102254885993, 1.180305093553438711, 0.7010000000000000675 ) ) ;
#8556 = VERTEX_POINT ( 'NONE', #12005 ) ;
#8557 =( NAMED_UNIT ( * ) SI_UNIT ( $, .STERADIAN. ) SOLID_ANGLE_UNIT ( ) );
#8558 = CARTESIAN_POINT ( 'NONE',  ( 2.490947412151131246, 1.123991804805564376, 0.6999999999999999556 ) ) ;
#8559 = FILL_AREA_STYLE ('',( #4601 ) ) ;
#8560 = FILL_AREA_STYLE_COLOUR ( '', #10982 ) ;
#8562 = DIRECTION ( 'NONE',  ( 1.000000000000000000, 0.0000000000000000000, -0.0000000000000000000 ) ) ;
#8561 = VECTOR ( 'NONE', #128, 1000.000000000000000 ) ;
#8563 =( NAMED_UNIT ( * ) PLANE_ANGLE_UNIT ( ) SI_UNIT ( $, .RADIAN. ) );
#8564 = CARTESIAN_POINT ( 'NONE',  ( 0.0000000000000000000, 0.0000000000000000000, 0.7009999999999998455 ) ) ;
#8565 = CARTESIAN_POINT ( 'NONE',  ( 2.488493583469202353, 1.084231462085445408, 0.6999999999999999556 ) ) ;
#8566 = CARTESIAN_POINT ( 'NONE',  ( 2.112641891879190492, 1.155350903561436215, 0.6999999999999999556 ) ) ;
#8567 = UNCERTAINTY_MEASURE_WITH_UNIT (LENGTH_MEASURE( 1.000000000000000082E-05 ), #2058, 'distance_accuracy_value', 'NONE');
#8568 = MECHANICAL_DESIGN_GEOMETRIC_PRESENTATION_REPRESENTATION (  '', ( #368 ), #988 ) ;
#8569 = VERTEX_POINT ( 'NONE', #1291 ) ;
#8570 = MECHANICAL_DESIGN_GEOMETRIC_PRESENTATION_REPRESENTATION (  '', ( #8156 ), #9371 ) ;
#8571 = CARTESIAN_POINT ( 'NONE',  ( 2.425193121523877782, 1.079989249787272731, 0.6999999999999999556 ) ) ;
#8572 = EDGE_CURVE ( 'NONE', #5638, #2920, #5087, .T. ) ;
#8573 = DIRECTION ( 'NONE',  ( 1.000000000000000000, -0.0000000000000000000, -0.0000000000000000000 ) ) ;
#8574 = CARTESIAN_POINT ( 'NONE',  ( 1.464480625416062498, 1.132596622164890876, 0.7010000000000000675 ) ) ;
#8575 = CARTESIAN_POINT ( 'NONE',  ( 2.012118096529444511, 1.136219357900824178, 0.6999999999999999556 ) ) ;
#8576 = CARTESIAN_POINT ( 'NONE',  ( 2.418413899909453768, 1.382434032485780895, 0.7010000000000000675 ) ) ;
#8577 = STYLED_ITEM ( 'NONE', ( #8032 ), #9934 ) ;
#8578 = PRESENTATION_LAYER_ASSIGNMENT (  '', '', ( #787 ) ) ;
#8579 = FILL_AREA_STYLE_COLOUR ( '', #12056 ) ;
#8580 = SURFACE_STYLE_FILL_AREA ( #893 ) ;
#8581 = ORIENTED_EDGE ( 'NONE', *, *, #10041, .F. ) ;
#8582 = ORIENTED_EDGE ( 'NONE', *, *, #8216, .F. ) ;
#8583 = B_SPLINE_CURVE_WITH_KNOTS ( 'NONE', 3,
 ( #1668, #5441, #10022, #5261 ),
 .UNSPECIFIED., .F., .F.,
 ( 4, 4 ),
 ( 10.00000000000000000, 11.00000000000000000 ),
 .UNSPECIFIED. ) ;
#8584 = ORIENTED_EDGE ( 'NONE', *, *, #11234, .F. ) ;
#8585 = CARTESIAN_POINT ( 'NONE',  ( 1.931931966022967906, 1.435835999066849444, 0.7010000000000000675 ) ) ;
#8586 = CARTESIAN_POINT ( 'NONE',  ( 2.050131645949924142, 1.079074262820843177, 0.6999999999999999556 ) ) ;
#8587 = VECTOR ( 'NONE', #675, 1000.000000000000000 ) ;
#8588 = CARTESIAN_POINT ( 'NONE',  ( 1.991198167253144025, 1.079406985353685622, 0.7010000000000000675 ) ) ;
#8589 = STYLED_ITEM ( 'NONE', ( #3200 ), #9353 ) ;
#8590 = EDGE_CURVE ( 'NONE', #5121, #5920, #2664, .T. ) ;
#8591 = ORIENTED_EDGE ( 'NONE', *, *, #7123, .T. ) ;
#8592 = EDGE_CURVE ( 'NONE', #4227, #908, #4708, .T. ) ;
#8593 =( LENGTH_UNIT ( ) NAMED_UNIT ( * ) SI_UNIT ( .MILLI., .METRE. ) );
#8594 = DIRECTION ( 'NONE',  ( -1.000000000000000000, -0.0000000000000000000, -0.0000000000000000000 ) ) ;
#8595 = DIRECTION ( 'NONE',  ( 0.0000000000000000000, 0.0000000000000000000, -1.000000000000000000 ) ) ;
#8596 = ORIENTED_EDGE ( 'NONE', *, *, #8682, .T. ) ;
#8597 = DIRECTION ( 'NONE',  ( -0.0000000000000000000, -0.0000000000000000000, -1.000000000000000000 ) ) ;
#8598 = UNCERTAINTY_MEASURE_WITH_UNIT (LENGTH_MEASURE( 1.000000000000000082E-05 ), #6034, 'distance_accuracy_value', 'NONE');
#8599 = CARTESIAN_POINT ( 'NONE',  ( 1.507281854490515549, 1.311899031315902242, 0.6999999999999999556 ) ) ;
#8600 = PRESENTATION_LAYER_ASSIGNMENT (  '', '', ( #10155 ) ) ;
#8601 =( LENGTH_UNIT ( ) NAMED_UNIT ( * ) SI_UNIT ( .MILLI., .METRE. ) );
#8602 = ORIENTED_EDGE ( 'NONE', *, *, #5587, .F. ) ;
#8603 = FILL_AREA_STYLE_COLOUR ( '', #10276 ) ;
#8604 = CARTESIAN_POINT ( 'NONE',  ( 2.106819247547798923, 1.117420534774164587, 0.7010000000000000675 ) ) ;
#8605 = UNCERTAINTY_MEASURE_WITH_UNIT (LENGTH_MEASURE( 1.000000000000000082E-05 ), #6051, 'distance_accuracy_value', 'NONE');
#8606 = EDGE_LOOP ( 'NONE', ( #11257, #3024, #6546, #9146 ) ) ;
#8607 = DIRECTION ( 'NONE',  ( -1.000000000000000000, 0.0000000000000000000, 0.0000000000000000000 ) ) ;
#8608 = ORIENTED_EDGE ( 'NONE', *, *, #2263, .T. ) ;
#8609 = CARTESIAN_POINT ( 'NONE',  ( 1.457539904648408990, 1.503926127844107397, 0.7010000000000000675 ) ) ;
#8610 = PLANE ( 'NONE',  #217 ) ;
#8611 = EDGE_CURVE ( 'NONE', #6933, #10497, #1803, .T. ) ;
#8612 = CARTESIAN_POINT ( 'NONE',  ( 2.097295065034097572, 1.091052274016473422, 0.7010000000000000675 ) ) ;
#8613 =( LENGTH_UNIT ( ) NAMED_UNIT ( * ) SI_UNIT ( .MILLI., .METRE. ) );
#8614 = EDGE_CURVE ( 'NONE', #270, #5562, #3352, .T. ) ;
#8615 = ORIENTED_EDGE ( 'NONE', *, *, #10835, .T. ) ;
#8616 = SURFACE_SIDE_STYLE ('',( #7535 ) ) ;
#8617 =( LENGTH_UNIT ( ) NAMED_UNIT ( * ) SI_UNIT ( .MILLI., .METRE. ) );
#8618 =( NAMED_UNIT ( * ) PLANE_ANGLE_UNIT ( ) SI_UNIT ( $, .RADIAN. ) );
#8619 = SURFACE_SIDE_STYLE ('',( #5940 ) ) ;
#8620 = ORIENTED_EDGE ( 'NONE', *, *, #10235, .T. ) ;
#8621 = FILL_AREA_STYLE_COLOUR ( '', #3340 ) ;
#8622 = DIRECTION ( 'NONE',  ( -0.2524218971878333106, 0.9676172723861924396, -0.0000000000000000000 ) ) ;
#8623 = CARTESIAN_POINT ( 'NONE',  ( 1.166028882235386144, 1.144164519529113244, 0.7010000000000000675 ) ) ;
#8624 = STYLED_ITEM ( 'NONE', ( #11022 ), #1872 ) ;
#8625 = SURFACE_STYLE_FILL_AREA ( #994 ) ;
#8626 = AXIS2_PLACEMENT_3D ( 'NONE', #4194, #8002, #11782 ) ;
#8627 = EDGE_CURVE ( 'NONE', #2916, #2625, #6429, .T. ) ;
#8628 = AXIS2_PLACEMENT_3D ( 'NONE', #4741, #11365, #3481 ) ;
#8629 = DIRECTION ( 'NONE',  ( -0.9903286039881276093, -0.1387416884823250429, -0.0000000000000000000 ) ) ;
#8630 = CARTESIAN_POINT ( 'NONE',  ( 1.904191224815638073, 1.397822449646370480, 0.7010000000000000675 ) ) ;
#8631 = PRESENTATION_LAYER_ASSIGNMENT (  '', '', ( #36 ) ) ;
#8632 = CARTESIAN_POINT ( 'NONE',  ( 1.344174519300853854, 1.525905132560692490, 0.6999999999999999556 ) ) ;
#8633 = PRESENTATION_LAYER_ASSIGNMENT (  '', '', ( #10786 ) ) ;
#8634 = CARTESIAN_POINT ( 'NONE',  ( 1.191478287326965146, 1.217042330292825936, 0.7010000000000000675 ) ) ;
#8635 = CARTESIAN_POINT ( 'NONE',  ( 1.897536774151580063, 1.338098754933535917, 0.7010000000000000675 ) ) ;
#8636 =( GEOMETRIC_REPRESENTATION_CONTEXT ( 3 ) GLOBAL_UNCERTAINTY_ASSIGNED_CONTEXT ( ( #5420 ) ) GLOBAL_UNIT_ASSIGNED_CONTEXT ( ( #11521, #6689, #1223 ) ) REPRESENTATION_CONTEXT ( 'NONE', 'WORKASPACE' ) );
#8637 =( NAMED_UNIT ( * ) PLANE_ANGLE_UNIT ( ) SI_UNIT ( $, .RADIAN. ) );
#8638 = FILL_AREA_STYLE_COLOUR ( '', #8421 ) ;
#8639 = VERTEX_POINT ( 'NONE', #8538 ) ;
#8640 = PRESENTATION_LAYER_ASSIGNMENT (  '', '', ( #3647 ) ) ;
#8641 = SURFACE_STYLE_FILL_AREA ( #1134 ) ;
#8642 = STYLED_ITEM ( 'NONE', ( #1599 ), #6334 ) ;
#8643 = LINE ( 'NONE', #3769, #9309 ) ;
#8644 = B_SPLINE_CURVE_WITH_KNOTS ( 'NONE', 3,
 ( #10659, #7858, #3014, #6086 ),
 .UNSPECIFIED., .F., .F.,
 ( 4, 4 ),
 ( 3.000000000000000000, 4.000000000000000000 ),
 .UNSPECIFIED. ) ;
#8645 = DIRECTION ( 'NONE',  ( -0.9303007377811840506, 0.3667976789509234670, 0.0000000000000000000 ) ) ;
#8646 = LINE ( 'NONE', #5911, #8348 ) ;
#8647 = UNCERTAINTY_MEASURE_WITH_UNIT (LENGTH_MEASURE( 1.000000000000000082E-05 ), #3505, 'distance_accuracy_value', 'NONE');
#8648 = ORIENTED_EDGE ( 'NONE', *, *, #9189, .F. ) ;
#8649 = AXIS2_PLACEMENT_3D ( 'NONE', #11510, #3901, #6748 ) ;
#8650 = CARTESIAN_POINT ( 'NONE',  ( 1.462167081245532740, 1.060875693806251796, 0.7010000000000000675 ) ) ;
#8651 = ORIENTED_EDGE ( 'NONE', *, *, #11173, .T. ) ;
#8652 = VERTEX_POINT ( 'NONE', #2780 ) ;
#8653 = CARTESIAN_POINT ( 'NONE',  ( 2.146080506467544780, 1.338098754933535917, 0.6999999999999999556 ) ) ;
#8654 = SURFACE_STYLE_FILL_AREA ( #10433 ) ;
#8655 = VERTEX_POINT ( 'NONE', #6552 ) ;
#8656 = CARTESIAN_POINT ( 'NONE',  ( 2.346129929567404737, 1.205425644811862096, 0.6999999999999999556 ) ) ;
#8657 = DIRECTION ( 'NONE',  ( -1.000000000000000000, 0.0000000000000000000, 0.0000000000000000000 ) ) ;
#8658 = ADVANCED_FACE ( 'NONE', ( #1737, #5509, #3793, #9407 ), #1867, .F. ) ;
#8659 = CARTESIAN_POINT ( 'NONE',  ( 1.984003042472108458, 1.335520155300681466, 0.7010000000000000675 ) ) ;
#8660 = EDGE_CURVE ( 'NONE', #6420, #4019, #5973, .T. ) ;
#8661 = DIRECTION ( 'NONE',  ( 1.000000000000000000, 0.0000000000000000000, 0.0000000000000000000 ) ) ;
#8662 = ORIENTED_EDGE ( 'NONE', *, *, #2466, .F. ) ;
#8663 =( NAMED_UNIT ( * ) SI_UNIT ( $, .STERADIAN. ) SOLID_ANGLE_UNIT ( ) );
#8664 = FILL_AREA_STYLE_COLOUR ( '', #9689 ) ;
#8665 = VERTEX_POINT ( 'NONE', #8272 ) ;
#8666 = ADVANCED_FACE ( 'NONE', ( #9281 ), #707, .F. ) ;
#8667 = FILL_AREA_STYLE ('',( #12324 ) ) ;
#8668 = VERTEX_POINT ( 'NONE', #11566 ) ;
#8669 = SURFACE_SIDE_STYLE ('',( #6827 ) ) ;
#8670 = ORIENTED_EDGE ( 'NONE', *, *, #10549, .T. ) ;
#8671 = SURFACE_STYLE_FILL_AREA ( #1932 ) ;
#8672 = LINE ( 'NONE', #11525, #9121 ) ;
#8673 = ORIENTED_EDGE ( 'NONE', *, *, #4897, .T. ) ;
#8674 = SURFACE_STYLE_FILL_AREA ( #1340 ) ;
#8675 =( NAMED_UNIT ( * ) PLANE_ANGLE_UNIT ( ) SI_UNIT ( $, .RADIAN. ) );
#8676 = CARTESIAN_POINT ( 'NONE',  ( 2.473105166307505431, 1.190120408283372955, 0.6999999999999999556 ) ) ;
#8677 = ORIENTED_EDGE ( 'NONE', *, *, #5213, .F. ) ;
#8678 = CARTESIAN_POINT ( 'NONE',  ( 1.925069563775328785, 1.339013741899961030, 0.7010000000000000675 ) ) ;
#8679 = FILL_AREA_STYLE ('',( #11353 ) ) ;
#8680 = ADVANCED_FACE ( 'NONE', ( #10442 ), #7149, .F. ) ;
#8681 = CARTESIAN_POINT ( 'NONE',  ( 2.349831467749714964, 1.061439968560242475, 0.7010000000000000675 ) ) ;
#8682 = EDGE_CURVE ( 'NONE', #2388, #5562, #1217, .T. ) ;
#8683 = FACE_OUTER_BOUND ( 'NONE', #4144, .T. ) ;
#8684 = PRESENTATION_LAYER_ASSIGNMENT (  '', '', ( #3888 ) ) ;
#8685 =( LENGTH_UNIT ( ) NAMED_UNIT ( * ) SI_UNIT ( .MILLI., .METRE. ) );
#8686 = LINE ( 'NONE', #4915, #1535 ) ;
#8687 = CARTESIAN_POINT ( 'NONE',  ( 1.129011645970521283, 1.362797841499060025, 0.6999999999999999556 ) ) ;
#8688 = CARTESIAN_POINT ( 'NONE',  ( 2.144583255068088334, 1.024175044838656401, 0.7010000000000000675 ) ) ;
#8689 = CARTESIAN_POINT ( 'NONE',  ( 1.890923913803576051, 1.134722106501922845, 0.7010000000000000675 ) ) ;
#8690 = VERTEX_POINT ( 'NONE', #6822 ) ;
#8691 = SURFACE_SIDE_STYLE ('',( #4863 ) ) ;
#8692 = STYLED_ITEM ( 'NONE', ( #9787 ), #8496 ) ;
#8693 = EDGE_CURVE ( 'NONE', #2920, #4647, #1925, .T. ) ;
#8694 =( GEOMETRIC_REPRESENTATION_CONTEXT ( 3 ) GLOBAL_UNCERTAINTY_ASSIGNED_CONTEXT ( ( #7752 ) ) GLOBAL_UNIT_ASSIGNED_CONTEXT ( ( #1141, #6734, #2442 ) ) REPRESENTATION_CONTEXT ( 'NONE', 'WORKASPACE' ) );
#8695 = CARTESIAN_POINT ( 'NONE',  ( 2.165461594027785264, 1.040561629599990656, 0.6999999999999999556 ) ) ;
#8696 = ORIENTED_EDGE ( 'NONE', *, *, #7336, .T. ) ;
#8697 = CARTESIAN_POINT ( 'NONE',  ( 2.513031870295155290, 1.168992527423492689, 0.7010000000000000675 ) ) ;
#8698 = FILL_AREA_STYLE ('',( #4870 ) ) ;
#8699 = STYLED_ITEM ( 'NONE', ( #8844 ), #8680 ) ;
#8700 = CARTESIAN_POINT ( 'NONE',  ( 2.106819247547798923, 1.117420534774164587, 0.6999999999999999556 ) ) ;
#8701 = SURFACE_SIDE_STYLE ('',( #8763 ) ) ;
#8702 = B_SPLINE_CURVE_WITH_KNOTS ( 'NONE', 3,
 ( #1355, #3170, #5024, #7900 ),
 .UNSPECIFIED., .F., .F.,
 ( 4, 4 ),
 ( 3.000000000000000000, 4.000000000000000000 ),
 .UNSPECIFIED. ) ;
#8703 = SURFACE_STYLE_FILL_AREA ( #7934 ) ;
#8704 =( NAMED_UNIT ( * ) SI_UNIT ( $, .STERADIAN. ) SOLID_ANGLE_UNIT ( ) );
#8705 = ORIENTED_EDGE ( 'NONE', *, *, #1570, .T. ) ;
#8706 = UNCERTAINTY_MEASURE_WITH_UNIT (LENGTH_MEASURE( 1.000000000000000082E-05 ), #11814, 'distance_accuracy_value', 'NONE');
#8707 = STYLED_ITEM ( 'NONE', ( #6655 ), #7796 ) ;
#8708 = CARTESIAN_POINT ( 'NONE',  ( 0.9890400503509301222, 1.118715180629586525, 0.7010000000000000675 ) ) ;
#8709 = EDGE_LOOP ( 'NONE', ( #5696, #4441, #5516, #9351 ) ) ;
#8710 = CARTESIAN_POINT ( 'NONE',  ( 2.085109102254885993, 1.180305093553438711, 0.6999999999999999556 ) ) ;
#8711 = VECTOR ( 'NONE', #6529, 1000.000000000000000 ) ;
#8712 = STYLED_ITEM ( 'NONE', ( #11047 ), #715 ) ;
#8713 = ORIENTED_EDGE ( 'NONE', *, *, #2047, .F. ) ;
#8714 = CARTESIAN_POINT ( 'NONE',  ( 1.991738841369566249, 1.154269555328584662, 0.6999999999999999556 ) ) ;
#8715 = CARTESIAN_POINT ( 'NONE',  ( 2.595047974733924789, 1.203346128978269869, 0.6999999999999999556 ) ) ;
#8716 = PRESENTATION_LAYER_ASSIGNMENT (  '', '', ( #1743 ) ) ;
#8717 = LINE ( 'NONE', #1032, #10896 ) ;
#8718 = VERTEX_POINT ( 'NONE', #1091 ) ;
#8719 = VECTOR ( 'NONE', #2930, 1000.000000000000000 ) ;
#8720 = SURFACE_STYLE_USAGE ( .BOTH. , #5807 ) ;
#8721 = CARTESIAN_POINT ( 'NONE',  ( 1.191478265262949865, 0.9845275888515911955, 0.6999999999999999556 ) ) ;
#8722 = VECTOR ( 'NONE', #10034, 1000.000000000000000 ) ;
#8723 = ORIENTED_EDGE ( 'NONE', *, *, #4663, .F. ) ;
#8724 =( NAMED_UNIT ( * ) SI_UNIT ( $, .STERADIAN. ) SOLID_ANGLE_UNIT ( ) );
#8725 = CARTESIAN_POINT ( 'NONE',  ( 2.071259526809804186, 1.058695007660964693, 0.6999999999999999556 ) ) ;
#8726 = UNCERTAINTY_MEASURE_WITH_UNIT (LENGTH_MEASURE( 1.000000000000000082E-05 ), #7227, 'distance_accuracy_value', 'NONE');
#8727 = ORIENTED_EDGE ( 'NONE', *, *, #8374, .F. ) ;
#8728 = VECTOR ( 'NONE', #402, 1000.000000000000000 ) ;
#8729 = EDGE_CURVE ( 'NONE', #1466, #6479, #5544, .T. ) ;
#8730 = ORIENTED_EDGE ( 'NONE', *, *, #7200, .F. ) ;
#8731 = VECTOR ( 'NONE', #2931, 1000.000000000000000 ) ;
#8732 = VECTOR ( 'NONE', #7579, 1000.000000000000000 ) ;
#8733 = CARTESIAN_POINT ( 'NONE',  ( 1.811735950896735892, 1.061439968560242475, 0.6999999999999999556 ) ) ;
#8734 = COLOUR_RGB ( '',1.000000000000000000, 1.000000000000000000, 1.000000000000000000 ) ;
#8735 = ADVANCED_FACE ( 'NONE', ( #4948 ), #5253, .F. ) ;
#8736 = FACE_OUTER_BOUND ( 'NONE', #12227, .T. ) ;
#8737 = EDGE_LOOP ( 'NONE', ( #5549, #552, #881, #11560 ) ) ;
#8738 = CARTESIAN_POINT ( 'NONE',  ( 1.918747835644118327, 1.092549525416478540, 0.6999999999999999556 ) ) ;
#8739 = VERTEX_POINT ( 'NONE', #1462 ) ;
#8740 =( NAMED_UNIT ( * ) SI_UNIT ( $, .STERADIAN. ) SOLID_ANGLE_UNIT ( ) );
#8741 = MECHANICAL_DESIGN_GEOMETRIC_PRESENTATION_REPRESENTATION (  '', ( #7111 ), #11107 ) ;
#8742 = SURFACE_SIDE_STYLE ('',( #5944 ) ) ;
#8743 = B_SPLINE_CURVE_WITH_KNOTS ( 'NONE', 3,
 ( #2417, #652, #6169, #1473 ),
 .UNSPECIFIED., .F., .F.,
 ( 4, 4 ),
 ( 16.00000000000000000, 17.00000000000000000 ),
 .UNSPECIFIED. ) ;
#8744 = VECTOR ( 'NONE', #1060, 1000.000000000000000 ) ;
#8745 = EDGE_CURVE ( 'NONE', #789, #10600, #446, .T. ) ;
#8746 = PRESENTATION_LAYER_ASSIGNMENT (  '', '', ( #5336 ) ) ;
#8747 = CARTESIAN_POINT ( 'NONE',  ( 1.955596856198538624, 1.058695007660964693, 0.7010000000000000675 ) ) ;
#8748 = EDGE_CURVE ( 'NONE', #1341, #1499, #4387, .T. ) ;
#8749 = CARTESIAN_POINT ( 'NONE',  ( 2.622164861191624396, 1.124324527338406599, 0.7010000000000000675 ) ) ;
#8750 = FILL_AREA_STYLE ('',( #3878 ) ) ;
#8751 = B_SPLINE_CURVE_WITH_KNOTS ( 'NONE', 3,
 ( #638, #4498, #688, #7306 ),
 .UNSPECIFIED., .F., .F.,
 ( 4, 4 ),
 ( 5.000000000000000000, 6.000000000000000000 ),
 .UNSPECIFIED. ) ;
#8752 = CARTESIAN_POINT ( 'NONE',  ( 2.346129929567404737, 1.205425644811862096, 0.7010000000000000675 ) ) ;
#8753 = SURFACE_SIDE_STYLE ('',( #4926 ) ) ;
#8754 =( NAMED_UNIT ( * ) PLANE_ANGLE_UNIT ( ) SI_UNIT ( $, .RADIAN. ) );
#8755 =( NAMED_UNIT ( * ) PLANE_ANGLE_UNIT ( ) SI_UNIT ( $, .RADIAN. ) );
#8756 = STYLED_ITEM ( 'NONE', ( #94 ), #11940 ) ;
#8757 = COLOUR_RGB ( '',1.000000000000000000, 1.000000000000000000, 1.000000000000000000 ) ;
#8758 = FILL_AREA_STYLE ('',( #11596 ) ) ;
#8759 = ORIENTED_EDGE ( 'NONE', *, *, #6727, .F. ) ;
#8760 =( NAMED_UNIT ( * ) PLANE_ANGLE_UNIT ( ) SI_UNIT ( $, .RADIAN. ) );
#8761 = ADVANCED_FACE ( 'NONE', ( #10935 ), #3391, .T. ) ;
#8762 = CARTESIAN_POINT ( 'NONE',  ( 2.062359199045738389, 1.139879305766525297, 0.7010000000000000675 ) ) ;
#8763 = SURFACE_STYLE_FILL_AREA ( #1076 ) ;
#8764 = VECTOR ( 'NONE', #6238, 1000.000000000000000 ) ;
#8765 = CARTESIAN_POINT ( 'NONE',  ( 1.606765754174732441, 1.271411390540010844, 0.7010000000000000675 ) ) ;
#8766 = B_SPLINE_SURFACE_WITH_KNOTS ( 'NONE', 3, 1, ( 
 ( #1701, #8695 ),
 ( #8447, #10599 ),
 ( #3885, #11303 ),
 ( #11366, #2815 ) ),
 .UNSPECIFIED., .F., .F., .F.,
 ( 4, 4 ),
 ( 2, 2 ),
 ( 5.000000000000000000, 6.000000000000000000 ),
 ( 0.0000000000000000000, 1.000000000000000000 ),
 .UNSPECIFIED. ) ;
#8767 = PRESENTATION_STYLE_ASSIGNMENT (( #2213 ) ) ;
#8768 = VECTOR ( 'NONE', #10166, 1000.000000000000000 ) ;
#8769 = LINE ( 'NONE', #12306, #11383 ) ;
#8770 = ORIENTED_EDGE ( 'NONE', *, *, #10947, .F. ) ;
#8771 = B_SPLINE_CURVE_WITH_KNOTS ( 'NONE', 3,
 ( #5103, #3379, #1495, #7096 ),
 .UNSPECIFIED., .F., .F.,
 ( 4, 4 ),
 ( 2.000000000000000000, 3.000000000000000000 ),
 .UNSPECIFIED. ) ;
#8772 = ORIENTED_EDGE ( 'NONE', *, *, #10671, .T. ) ;
#8773 =( LENGTH_UNIT ( ) NAMED_UNIT ( * ) SI_UNIT ( .MILLI., .METRE. ) );
#8774 = DIRECTION ( 'NONE',  ( -1.000000000000000000, -0.0000000000000000000, -0.0000000000000000000 ) ) ;
#8775 = EDGE_LOOP ( 'NONE', ( #3866, #5362, #7773, #5451 ) ) ;
#8776 = COLOUR_RGB ( '',1.000000000000000000, 1.000000000000000000, 1.000000000000000000 ) ;
#8777 = ADVANCED_FACE ( 'NONE', ( #4322 ), #896, .F. ) ;
#8778 = LINE ( 'NONE', #254, #10663 ) ;
#8779 = FACE_OUTER_BOUND ( 'NONE', #910, .T. ) ;
#8780 = MECHANICAL_DESIGN_GEOMETRIC_PRESENTATION_REPRESENTATION (  '', ( #4183 ), #4370 ) ;
#8781 = LINE ( 'NONE', #259, #10492 ) ;
#8782 = ORIENTED_EDGE ( 'NONE', *, *, #7746, .F. ) ;
#8783 =( LENGTH_UNIT ( ) NAMED_UNIT ( * ) SI_UNIT ( .MILLI., .METRE. ) );
#8784 = CARTESIAN_POINT ( 'NONE',  ( 1.984003042472108458, 1.335520155300681466, 0.7010000000000000675 ) ) ;
#8785 = ORIENTED_EDGE ( 'NONE', *, *, #3785, .F. ) ;
#8786 = CARTESIAN_POINT ( 'NONE',  ( 1.100000000000001643, 1.700000000000000844, 0.0000000000000000000 ) ) ;
#8787 = VECTOR ( 'NONE', #7218, 1000.000000000000000 ) ;
#8788 = B_SPLINE_CURVE_WITH_KNOTS ( 'NONE', 3,
 ( #77, #3034, #10564, #2048 ),
 .UNSPECIFIED., .F., .F.,
 ( 4, 4 ),
 ( 4.000000000000000000, 5.000000000000000000 ),
 .UNSPECIFIED. ) ;
#8789 = ORIENTED_EDGE ( 'NONE', *, *, #9809, .T. ) ;
#8790 = CARTESIAN_POINT ( 'NONE',  ( 0.0000000000000000000, 0.0000000000000000000, -0.1000000000000000056 ) ) ;
#8791 = CARTESIAN_POINT ( 'NONE',  ( 2.026009262291685431, 1.478341302686243974, 0.7010000000000000675 ) ) ;
#8792 = CARTESIAN_POINT ( 'NONE',  ( -1.099999999999998535, 1.700000000000000400, -0.1000000000000000056 ) ) ;
#8793 = ORIENTED_EDGE ( 'NONE', *, *, #339, .F. ) ;
#8794 = DIRECTION ( 'NONE',  ( -0.0000000000000000000, -0.0000000000000000000, -1.000000000000000000 ) ) ;
#8795 = SURFACE_STYLE_FILL_AREA ( #7835 ) ;
#8796 = CARTESIAN_POINT ( 'NONE',  ( 1.257415311130420044, 1.202004072544497815, 0.6999999999999999556 ) ) ;
#8797 = STYLED_ITEM ( 'NONE', ( #1050 ), #10538 ) ;
#8798 =( GEOMETRIC_REPRESENTATION_CONTEXT ( 3 ) GLOBAL_UNCERTAINTY_ASSIGNED_CONTEXT ( ( #1651 ) ) GLOBAL_UNIT_ASSIGNED_CONTEXT ( ( #12299, #10547, #5667 ) ) REPRESENTATION_CONTEXT ( 'NONE', 'WORKASPACE' ) );
#8799 = DIRECTION ( 'NONE',  ( -0.0000000000000000000, 0.0000000000000000000, -1.000000000000000000 ) ) ;
#8800 = ORIENTED_EDGE ( 'NONE', *, *, #6882, .F. ) ;
#8801 = PRESENTATION_STYLE_ASSIGNMENT (( #6895 ) ) ;
#8802 = DIRECTION ( 'NONE',  ( -0.0000000000000000000, 1.000000000000000000, -0.0000000000000000000 ) ) ;
#8803 = VERTEX_POINT ( 'NONE', #8503 ) ;
#8804 = FILL_AREA_STYLE ('',( #1294 ) ) ;
#8805 = VECTOR ( 'NONE', #853, 1000.000000000000000 ) ;
#8806 = DIRECTION ( 'NONE',  ( -0.5048830486499221726, 0.8631877589412167984, 0.0000000000000000000 ) ) ;
#8807 =( NAMED_UNIT ( * ) PLANE_ANGLE_UNIT ( ) SI_UNIT ( $, .RADIAN. ) );
#8808 =( GEOMETRIC_REPRESENTATION_CONTEXT ( 3 ) GLOBAL_UNCERTAINTY_ASSIGNED_CONTEXT ( ( #10421 ) ) GLOBAL_UNIT_ASSIGNED_CONTEXT ( ( #1718, #11256, #10319 ) ) REPRESENTATION_CONTEXT ( 'NONE', 'WORKASPACE' ) );
#8809 = CARTESIAN_POINT ( 'NONE',  ( 1.960878826413513298, 1.075414314955142503, 0.6999999999999999556 ) ) ;
#8810 = FILL_AREA_STYLE_COLOUR ( '', #11373 ) ;
#8811 = DIRECTION ( 'NONE',  ( 0.0000000000000000000, 0.0000000000000000000, -1.000000000000000000 ) ) ;
#8812 = EDGE_CURVE ( 'NONE', #11519, #8924, #10471, .T. ) ;
#8813 = SURFACE_STYLE_FILL_AREA ( #4980 ) ;
#8814 = CARTESIAN_POINT ( 'NONE',  ( 1.205359750925734996, 1.480790331735134302, 0.7010000000000000675 ) ) ;
#8815 = DIRECTION ( 'NONE',  ( 0.0000000000000000000, -0.0000000000000000000, -1.000000000000000000 ) ) ;
#8816 = AXIS2_PLACEMENT_3D ( 'NONE', #9429, #9484, #6709 ) ;
#8817 =( LENGTH_UNIT ( ) NAMED_UNIT ( * ) SI_UNIT ( .MILLI., .METRE. ) );
#8818 = EDGE_CURVE ( 'NONE', #9332, #6782, #8253, .T. ) ;
#8819 = UNCERTAINTY_MEASURE_WITH_UNIT (LENGTH_MEASURE( 1.000000000000000082E-05 ), #3789, 'distance_accuracy_value', 'NONE');
#8820 = ORIENTED_EDGE ( 'NONE', *, *, #2386, .F. ) ;
#8821 = SURFACE_SIDE_STYLE ('',( #10478 ) ) ;
#8822 = MECHANICAL_DESIGN_GEOMETRIC_PRESENTATION_REPRESENTATION (  '', ( #36 ), #8419 ) ;
#8823 = CARTESIAN_POINT ( 'NONE',  ( 1.897536774151580063, 1.338098754933535917, 0.6999999999999999556 ) ) ;
#8824 = COLOUR_RGB ( '',1.000000000000000000, 1.000000000000000000, 1.000000000000000000 ) ;
#8825 =( NAMED_UNIT ( * ) PLANE_ANGLE_UNIT ( ) SI_UNIT ( $, .RADIAN. ) );
#8826 = AXIS2_PLACEMENT_3D ( 'NONE', #10158, #1744, #12130 ) ;
#8827 = DIRECTION ( 'NONE',  ( 0.0000000000000000000, 0.0000000000000000000, 1.000000000000000000 ) ) ;
#8828 = CARTESIAN_POINT ( 'NONE',  ( 1.190321471113391594, 1.053934884783088721, 0.6999999999999999556 ) ) ;
#8829 = DIRECTION ( 'NONE',  ( -1.000000000000000000, -0.0000000000000000000, -0.0000000000000000000 ) ) ;
#8830 = UNCERTAINTY_MEASURE_WITH_UNIT (LENGTH_MEASURE( 1.000000000000000082E-05 ), #2467, 'distance_accuracy_value', 'NONE');
#8831 = ADVANCED_FACE ( 'NONE', ( #644 ), #2941, .F. ) ;
#8832 = FILL_AREA_STYLE_COLOUR ( '', #11581 ) ;
#8833 = EDGE_CURVE ( 'NONE', #1284, #6282, #2812, .T. ) ;
#8834 = EDGE_CURVE ( 'NONE', #8035, #7203, #11485, .T. ) ;
#8835 = ORIENTED_EDGE ( 'NONE', *, *, #4897, .F. ) ;
#8836 = SURFACE_STYLE_USAGE ( .BOTH. , #9822 ) ;
#8837 = CARTESIAN_POINT ( 'NONE',  ( 1.991738841369566693, 1.079406985353685400, 0.7010000000000000675 ) ) ;
#8838 = EDGE_LOOP ( 'NONE', ( #7529, #9156, #2291, #12217 ) ) ;
#8839 = DIRECTION ( 'NONE',  ( -1.000000000000000000, 0.0000000000000000000, 0.0000000000000000000 ) ) ;
#8840 = CARTESIAN_POINT ( 'NONE',  ( 2.026009262291684987, 1.456381615494256820, 0.6999999999999999556 ) ) ;
#8841 = CARTESIAN_POINT ( 'NONE',  ( 2.169906559120243106, 1.016002547616569940, 0.6999999999999999556 ) ) ;
#8842 = CARTESIAN_POINT ( 'NONE',  ( 2.595047974733924789, 1.203346128978269869, 0.7010000000000000675 ) ) ;
#8843 = ORIENTED_EDGE ( 'NONE', *, *, #9369, .T. ) ;
#8844 = PRESENTATION_STYLE_ASSIGNMENT (( #4838 ) ) ;
#8845 = ORIENTED_EDGE ( 'NONE', *, *, #4437, .F. ) ;
#8846 = DIRECTION ( 'NONE',  ( 0.0000000000000000000, 0.0000000000000000000, 1.000000000000000000 ) ) ;
#8847 = ADVANCED_FACE ( 'NONE', ( #944 ), #10649, .F. ) ;
#8848 = CARTESIAN_POINT ( 'NONE',  ( 2.111394182379369155, 1.112263335509567685, 0.7010000000000000675 ) ) ;
#8849 = UNCERTAINTY_MEASURE_WITH_UNIT (LENGTH_MEASURE( 1.000000000000000082E-05 ), #6742, 'distance_accuracy_value', 'NONE');
#8850 = ORIENTED_EDGE ( 'NONE', *, *, #12200, .F. ) ;
#8851 = SURFACE_STYLE_USAGE ( .BOTH. , #9659 ) ;
#8852 = FILL_AREA_STYLE ('',( #6829 ) ) ;
#8853 = CARTESIAN_POINT ( 'NONE',  ( 1.278237517561414460, 1.177711483665941472, 0.6999999999999999556 ) ) ;
#8854 = ORIENTED_EDGE ( 'NONE', *, *, #1011, .T. ) ;
#8855 = CARTESIAN_POINT ( 'NONE',  ( 1.212300471693389614, 1.410226158915129480, 0.6999999999999999556 ) ) ;
#8856 = CARTESIAN_POINT ( 'NONE',  ( 1.191478287326965146, 1.217042330292825936, 0.7010000000000000675 ) ) ;
#8857 = PLANE ( 'NONE',  #10691 ) ;
#8858 = ORIENTED_EDGE ( 'NONE', *, *, #11977, .F. ) ;
#8859 = CARTESIAN_POINT ( 'NONE',  ( 2.628652950588699966, 1.105941607377797675, 0.6999999999999999556 ) ) ;
#8860 = VERTEX_POINT ( 'NONE', #7989 ) ;
#8861 = CARTESIAN_POINT ( 'NONE',  ( 1.154461006934623724, 1.429891582228573377, 0.7010000000000000675 ) ) ;
#8862 = PLANE ( 'NONE',  #5575 ) ;
#8863 = B_SPLINE_SURFACE_WITH_KNOTS ( 'NONE', 3, 1, ( 
 ( #5497, #9576 ),
 ( #10731, #7637 ),
 ( #11437, #2218 ),
 ( #5969, #8710 ) ),
 .UNSPECIFIED., .F., .F., .F.,
 ( 4, 4 ),
 ( 2, 2 ),
 ( 8.000000000000000000, 9.000000000000000000 ),
 ( 0.0000000000000000000, 1.000000000000000000 ),
 .UNSPECIFIED. ) ;
#8864 = CARTESIAN_POINT ( 'NONE',  ( 1.964538774278659528, 1.116089644641684142, 0.6999999999999999556 ) ) ;
#8865 = DIRECTION ( 'NONE',  ( -0.0000000000000000000, -0.0000000000000000000, -1.000000000000000000 ) ) ;
#8866 = SURFACE_STYLE_USAGE ( .BOTH. , #8936 ) ;
#8867 = CARTESIAN_POINT ( 'NONE',  ( 2.089268133920406001, 1.075331134321934945, 0.6999999999999999556 ) ) ;
#8868 = CARTESIAN_POINT ( 'NONE',  ( 1.811735950896735892, 1.061439968560242475, 0.7010000000000000675 ) ) ;
#8869 = CARTESIAN_POINT ( 'NONE',  ( 1.137109160887733950, 1.432205159494573943, 0.6999999999999999556 ) ) ;
#8870 =( LENGTH_UNIT ( ) NAMED_UNIT ( * ) SI_UNIT ( .MILLI., .METRE. ) );
#8871 = FILL_AREA_STYLE ('',( #7677 ) ) ;
#8872 = VERTEX_POINT ( 'NONE', #179 ) ;
#8873 = EDGE_CURVE ( 'NONE', #12198, #3812, #6915, .T. ) ;
#8874 =( LENGTH_UNIT ( ) NAMED_UNIT ( * ) SI_UNIT ( .MILLI., .METRE. ) );
#8875 = SURFACE_STYLE_FILL_AREA ( #11653 ) ;
#8876 = CARTESIAN_POINT ( 'NONE',  ( 1.991738841369566249, 1.099037614813560992, 0.7010000000000000675 ) ) ;
#8877 = ADVANCED_FACE ( 'NONE', ( #2142 ), #3600, .T. ) ;
#8878 = PRESENTATION_LAYER_ASSIGNMENT (  '', '', ( #1912 ) ) ;
#8879 = VECTOR ( 'NONE', #1257, 1000.000000000000000 ) ;
#8880 =( LENGTH_UNIT ( ) NAMED_UNIT ( * ) SI_UNIT ( .MILLI., .METRE. ) );
#8881 = CARTESIAN_POINT ( 'NONE',  ( 2.473105166307505431, 1.190120408283372955, 0.7010000000000000675 ) ) ;
#8882 = PRESENTATION_STYLE_ASSIGNMENT (( #9763 ) ) ;
#8883 = ORIENTED_EDGE ( 'NONE', *, *, #9189, .T. ) ;
#8884 = ORIENTED_EDGE ( 'NONE', *, *, #7839, .T. ) ;
#8885 = CARTESIAN_POINT ( 'NONE',  ( 2.092054685135732228, 1.102115298245675667, 0.7010000000000000675 ) ) ;
#8886 = MECHANICAL_DESIGN_GEOMETRIC_PRESENTATION_REPRESENTATION (  '', ( #11646 ), #5847 ) ;
#8887 = SURFACE_STYLE_USAGE ( .BOTH. , #7116 ) ;
#8888 = VECTOR ( 'NONE', #10403, 1000.000000000000000 ) ;
#8889 = EDGE_LOOP ( 'NONE', ( #10135, #7841, #9510, #151 ) ) ;
#8890 = CARTESIAN_POINT ( 'NONE',  ( 2.083112767055617542, 1.163752147525683123, 0.7010000000000000675 ) ) ;
#8891 = SURFACE_STYLE_FILL_AREA ( #6813 ) ;
#8892 =( LENGTH_UNIT ( ) NAMED_UNIT ( * ) SI_UNIT ( .MILLI., .METRE. ) );
#8893 = CARTESIAN_POINT ( 'NONE',  ( 2.596794768033564349, 1.194196259315126962, 0.7010000000000000675 ) ) ;
#8894 = ADVANCED_FACE ( 'NONE', ( #10839 ), #1130, .F. ) ;
#8895 = EDGE_CURVE ( 'NONE', #11897, #7761, #611, .T. ) ;
#8896 = UNCERTAINTY_MEASURE_WITH_UNIT (LENGTH_MEASURE( 1.000000000000000082E-05 ), #1937, 'distance_accuracy_value', 'NONE');
#8897 = CARTESIAN_POINT ( 'NONE',  ( 1.345331291386396622, 1.456497748373132950, 0.6999999999999999556 ) ) ;
#8898 = ORIENTED_EDGE ( 'NONE', *, *, #9304, .F. ) ;
#8899 = B_SPLINE_CURVE_WITH_KNOTS ( 'NONE', 3,
 ( #7517, #11334, #9525, #8532 ),
 .UNSPECIFIED., .F., .F.,
 ( 4, 4 ),
 ( 2.000000000000000000, 3.000000000000000000 ),
 .UNSPECIFIED. ) ;
#8900 = VECTOR ( 'NONE', #4765, 1000.000000000000000 ) ;
#8901 = CARTESIAN_POINT ( 'NONE',  ( 0.9404548836258183053, 1.294547185268458023, 0.6999999999999999556 ) ) ;
#8902 = VECTOR ( 'NONE', #756, 1000.000000000000000 ) ;
#8903 = COLOUR_RGB ( '',1.000000000000000000, 1.000000000000000000, 1.000000000000000000 ) ;
#8904 = ORIENTED_EDGE ( 'NONE', *, *, #9051, .T. ) ;
#8905 = VECTOR ( 'NONE', #9019, 1000.000000000000000 ) ;
#8906 =( GEOMETRIC_REPRESENTATION_CONTEXT ( 3 ) GLOBAL_UNCERTAINTY_ASSIGNED_CONTEXT ( ( #5573 ) ) GLOBAL_UNIT_ASSIGNED_CONTEXT ( ( #4718, #3737, #1874 ) ) REPRESENTATION_CONTEXT ( 'NONE', 'WORKASPACE' ) );
#8907 = EDGE_LOOP ( 'NONE', ( #6620, #7938, #9380, #1596, #361, #3799, #8448, #11575, #1288, #7114, #5027, #3698 ) ) ;
#8908 = LINE ( 'NONE', #3164, #3850 ) ;
#8909 =( LENGTH_UNIT ( ) NAMED_UNIT ( * ) SI_UNIT ( .MILLI., .METRE. ) );
#8910 = SURFACE_SIDE_STYLE ('',( #11805 ) ) ;
#8911 = EDGE_LOOP ( 'NONE', ( #4637, #2893, #5709, #5724 ) ) ;
#8912 = COLOUR_RGB ( '',1.000000000000000000, 1.000000000000000000, 1.000000000000000000 ) ;
#8913 = PRESENTATION_STYLE_ASSIGNMENT (( #5872 ) ) ;
#8914 = PLANE ( 'NONE',  #3749 ) ;
#8915 = VECTOR ( 'NONE', #5042, 1000.000000000000000 ) ;
#8916 = STYLED_ITEM ( 'NONE', ( #5541 ), #2841 ) ;
#8917 = FILL_AREA_STYLE_COLOUR ( '', #12344 ) ;
#8918 = EDGE_CURVE ( 'NONE', #451, #5066, #6311, .T. ) ;
#8919 = CARTESIAN_POINT ( 'NONE',  ( 2.169906559120243106, 1.016002547616569940, 0.7010000000000000675 ) ) ;
#8920 = ORIENTED_EDGE ( 'NONE', *, *, #2762, .T. ) ;
#8921 = VECTOR ( 'NONE', #3843, 1000.000000000000000 ) ;
#8922 = CARTESIAN_POINT ( 'NONE',  ( 1.991738841369566693, 1.108603387643867011, 0.7010000000000000675 ) ) ;
#8923 =( NAMED_UNIT ( * ) SI_UNIT ( $, .STERADIAN. ) SOLID_ANGLE_UNIT ( ) );
#8924 = VERTEX_POINT ( 'NONE', #10969 ) ;
#8925 = CARTESIAN_POINT ( 'NONE',  ( 2.357151363480007866, 1.364051112525174858, 0.7010000000000000675 ) ) ;
#8926 = VECTOR ( 'NONE', #5957, 1000.000000000000000 ) ;
#8927 = COLOUR_RGB ( '',1.000000000000000000, 1.000000000000000000, 1.000000000000000000 ) ;
#8928 = DIRECTION ( 'NONE',  ( -0.0000000000000000000, -0.0000000000000000000, -1.000000000000000000 ) ) ;
#8929 = AXIS2_PLACEMENT_3D ( 'NONE', #18, #5011, #2104 ) ;
#8930 = PRESENTATION_LAYER_ASSIGNMENT (  '', '', ( #11101 ) ) ;
#8931 = SURFACE_STYLE_USAGE ( .BOTH. , #9045 ) ;
#8932 = CARTESIAN_POINT ( 'NONE',  ( 1.964538774278659528, 1.116089644641684142, 0.6999999999999999556 ) ) ;
#8933 = CARTESIAN_POINT ( 'NONE',  ( 1.307157238909066876, 1.111774459862482134, 0.7010000000000000675 ) ) ;
#8934 = AXIS2_PLACEMENT_3D ( 'NONE', #5463, #7274, #4600 ) ;
#8935 = FACE_OUTER_BOUND ( 'NONE', #9700, .T. ) ;
#8936 = SURFACE_SIDE_STYLE ('',( #4919 ) ) ;
#8937 = VECTOR ( 'NONE', #6054, 1000.000000000000000 ) ;
#8938 = CARTESIAN_POINT ( 'NONE',  ( 2.219237873460517374, 1.177643313287374705, 0.6999999999999999556 ) ) ;
#8939 = LINE ( 'NONE', #1066, #5070 ) ;
#8940 =( GEOMETRIC_REPRESENTATION_CONTEXT ( 3 ) GLOBAL_UNCERTAINTY_ASSIGNED_CONTEXT ( ( #4584 ) ) GLOBAL_UNIT_ASSIGNED_CONTEXT ( ( #8406, #7380, #4700 ) ) REPRESENTATION_CONTEXT ( 'NONE', 'WORKASPACE' ) );
#8941 = CARTESIAN_POINT ( 'NONE',  ( 2.461210335745081856, 1.200351626179362530, 0.6999999999999999556 ) ) ;
#8942 = CARTESIAN_POINT ( 'NONE',  ( 2.241779825084981859, 1.463535149958128612, 0.7010000000000000675 ) ) ;
#8943 = FACE_BOUND ( 'NONE', #8461, .T. ) ;
#8944 = EDGE_LOOP ( 'NONE', ( #11986, #7248, #11783, #3099 ) ) ;
#8945 = PRESENTATION_LAYER_ASSIGNMENT (  '', '', ( #9742 ) ) ;
#8946 = ADVANCED_BREP_SHAPE_REPRESENTATION ( 'SEMI-SMD_TBU-CA085-200-WH', ( #6651, #6982, #10799, #2883, #7105, #11185, #11144, #11165, #10819, #11123, #2935, #6679, #2985, #7041, #6062 ), #11486 ) ;
#8948 = DIRECTION ( 'NONE',  ( -1.000000000000000000, -1.334402673828313339E-16, -0.0000000000000000000 ) ) ;
#8947 = COLOUR_RGB ( '',0.6470588235294117974, 0.6196078431372549211, 0.5882352941176470784 ) ;
#8949 = CARTESIAN_POINT ( 'NONE',  ( 2.187504461854089755, 1.090137287050050530, 0.7010000000000000675 ) ) ;
#8950 = DIRECTION ( 'NONE',  ( 0.0000000000000000000, 0.0000000000000000000, 1.000000000000000000 ) ) ;
#8951 = CARTESIAN_POINT ( 'NONE',  ( 1.890923913803576051, 1.153354568362160437, 0.7010000000000000675 ) ) ;
#8952 =( GEOMETRIC_REPRESENTATION_CONTEXT ( 3 ) GLOBAL_UNCERTAINTY_ASSIGNED_CONTEXT ( ( #11213 ) ) GLOBAL_UNIT_ASSIGNED_CONTEXT ( ( #9476, #3740, #4787 ) ) REPRESENTATION_CONTEXT ( 'NONE', 'WORKASPACE' ) );
#8953 = PRESENTATION_LAYER_ASSIGNMENT (  '', '', ( #160 ) ) ;
#8954 = EDGE_CURVE ( 'NONE', #10987, #4312, #10035, .T. ) ;
#8955 = ORIENTED_EDGE ( 'NONE', *, *, #714, .T. ) ;
#8956 = CARTESIAN_POINT ( 'NONE',  ( 1.191478287326965146, 1.217042330292825936, 0.7010000000000000675 ) ) ;
#8957 = AXIS2_PLACEMENT_3D ( 'NONE', #442, #5127, #6998 ) ;
#8958 = FILL_AREA_STYLE_COLOUR ( '', #4302 ) ;
#8959 =( NAMED_UNIT ( * ) PLANE_ANGLE_UNIT ( ) SI_UNIT ( $, .RADIAN. ) );
#8960 = CARTESIAN_POINT ( 'NONE',  ( 2.597584984049067014, 1.191950382216223403, 0.7010000000000000675 ) ) ;
#8961 = VERTEX_POINT ( 'NONE', #1494 ) ;
#8962 =( NAMED_UNIT ( * ) PLANE_ANGLE_UNIT ( ) SI_UNIT ( $, .RADIAN. ) );
#8963 = ORIENTED_EDGE ( 'NONE', *, *, #7173, .T. ) ;
#8964 = PRESENTATION_STYLE_ASSIGNMENT (( #4207 ) ) ;
#8965 =( NAMED_UNIT ( * ) PLANE_ANGLE_UNIT ( ) SI_UNIT ( $, .RADIAN. ) );
#8966 = B_SPLINE_SURFACE_WITH_KNOTS ( 'NONE', 3, 1, ( 
 ( #6851, #3887 ),
 ( #4744, #6648 ),
 ( #9753, #7681 ),
 ( #7857, #6730 ) ),
 .UNSPECIFIED., .F., .F., .F.,
 ( 4, 4 ),
 ( 2, 2 ),
 ( 11.00000000000000000, 12.00000000000000000 ),
 ( 0.0000000000000000000, 1.000000000000000000 ),
 .UNSPECIFIED. ) ;
#8967 = UNCERTAINTY_MEASURE_WITH_UNIT (LENGTH_MEASURE( 1.000000000000000082E-05 ), #9302, 'distance_accuracy_value', 'NONE');
#8968 = ADVANCED_FACE ( 'NONE', ( #12016 ), #4244, .F. ) ;
#8969 = EDGE_LOOP ( 'NONE', ( #846, #3854, #6592, #9203 ) ) ;
#8970 = CARTESIAN_POINT ( 'NONE',  ( 2.284742622188141059, 1.342340967231710813, 0.6999999999999999556 ) ) ;
#8971 = EDGE_CURVE ( 'NONE', #7814, #2448, #1560, .T. ) ;
#8972 = VECTOR ( 'NONE', #7853, 1000.000000000000000 ) ;
#8973 = VERTEX_POINT ( 'NONE', #4423 ) ;
#8974 = CARTESIAN_POINT ( 'NONE',  ( 1.897536774151580063, 1.319549473706508769, 0.7010000000000000675 ) ) ;
#8975 = DIRECTION ( 'NONE',  ( 0.0000000000000000000, -1.000000000000000000, 0.0000000000000000000 ) ) ;
#8976 = ORIENTED_EDGE ( 'NONE', *, *, #6412, .T. ) ;
#8977 = SURFACE_STYLE_USAGE ( .BOTH. , #3109 ) ;
#8978 = MECHANICAL_DESIGN_GEOMETRIC_PRESENTATION_REPRESENTATION (  '', ( #2783 ), #6754 ) ;
#8979 = VECTOR ( 'NONE', #5079, 1000.000000000000000 ) ;
#8980 = PRESENTATION_STYLE_ASSIGNMENT (( #5268 ) ) ;
#8981 = ORIENTED_EDGE ( 'NONE', *, *, #11320, .T. ) ;
#8982 = CARTESIAN_POINT ( 'NONE',  ( 2.185424946020503079, 1.082900571952965185, 0.6999999999999999556 ) ) ;
#8983 = SURFACE_SIDE_STYLE ('',( #349 ) ) ;
#8984 = FILL_AREA_STYLE_COLOUR ( '', #229 ) ;
#8985 = EDGE_CURVE ( 'NONE', #10240, #32, #2559, .T. ) ;
#8986 = DIRECTION ( 'NONE',  ( -0.3559357243643086477, 0.9345104387438669669, -0.0000000000000000000 ) ) ;
#8987 = COLOUR_RGB ( '',1.000000000000000000, 1.000000000000000000, 1.000000000000000000 ) ;
#8988 = STYLED_ITEM ( 'NONE', ( #11236 ), #9419 ) ;
#8989 = CARTESIAN_POINT ( 'NONE',  ( 1.949233537750725054, 1.077161108254782285, 0.7010000000000000675 ) ) ;
#8990 = SURFACE_STYLE_USAGE ( .BOTH. , #5443 ) ;
#8991 = LINE ( 'NONE', #9103, #10519 ) ;
#8992 = LINE ( 'NONE', #3066, #5163 ) ;
#8993 = DIRECTION ( 'NONE',  ( 1.000000000000000000, 0.0000000000000000000, 0.0000000000000000000 ) ) ;
#8994 = COLOUR_RGB ( '',0.1019607843137254888, 0.1019607843137254888, 0.1019607843137254888 ) ;
#8995 = DIRECTION ( 'NONE',  ( -0.9345104387438670779, -0.3559357243643087032, 0.0000000000000000000 ) ) ;
#8996 = CARTESIAN_POINT ( 'NONE',  ( 1.980966949356598450, 1.316804512807233207, 0.6999999999999999556 ) ) ;
#8997 = CARTESIAN_POINT ( 'NONE',  ( 2.341513404418675393, 1.319549473706508769, 0.6999999999999999556 ) ) ;
#8998 = CARTESIAN_POINT ( 'NONE',  ( 1.931599243490124351, 1.126903126971263269, 0.7010000000000000675 ) ) ;
#8999 = EDGE_CURVE ( 'NONE', #12170, #2388, #10747, .T. ) ;
#9000 = ORIENTED_EDGE ( 'NONE', *, *, #7488, .F. ) ;
#9001 =( NAMED_UNIT ( * ) SI_UNIT ( $, .STERADIAN. ) SOLID_ANGLE_UNIT ( ) );
#9002 = SURFACE_STYLE_FILL_AREA ( #6084 ) ;
#9003 = CARTESIAN_POINT ( 'NONE',  ( 2.594548890933551455, 1.203346128978270091, 0.6999999999999999556 ) ) ;
#9004 = CARTESIAN_POINT ( 'NONE',  ( 1.939418223020783927, 1.094213138081801873, 0.6999999999999999556 ) ) ;
#9005 = FACE_OUTER_BOUND ( 'NONE', #3495, .T. ) ;
#9006 =( GEOMETRIC_REPRESENTATION_CONTEXT ( 3 ) GLOBAL_UNCERTAINTY_ASSIGNED_CONTEXT ( ( #8830 ) ) GLOBAL_UNIT_ASSIGNED_CONTEXT ( ( #2467, #6414, #7436 ) ) REPRESENTATION_CONTEXT ( 'NONE', 'WORKASPACE' ) );
#9007 = SURFACE_STYLE_FILL_AREA ( #3392 ) ;
#9008 = CARTESIAN_POINT ( 'NONE',  ( 2.052918197165804592, 1.171072043255974915, 0.6999999999999999556 ) ) ;
#9009 = ORIENTED_EDGE ( 'NONE', *, *, #9959, .F. ) ;
#9010 = VERTEX_POINT ( 'NONE', #6137 ) ;
#9011 = CARTESIAN_POINT ( 'NONE',  ( 2.062941463479319282, 1.156598613060702885, 0.7010000000000000675 ) ) ;
#9012 = CARTESIAN_POINT ( 'NONE',  ( 1.678486726660851192, 1.222826256910922282, 0.7010000000000000675 ) ) ;
#9013 = PRESENTATION_LAYER_ASSIGNMENT (  '', '', ( #5597 ) ) ;
#9014 = CARTESIAN_POINT ( 'NONE',  ( 1.507281854490515549, 1.311899031315902242, 0.7010000000000000675 ) ) ;
#9015 = CARTESIAN_POINT ( 'NONE',  ( 2.012118096529444955, 1.061439968560242475, 0.7010000000000000675 ) ) ;
#9016 = SURFACE_STYLE_FILL_AREA ( #4199 ) ;
#9017 = CARTESIAN_POINT ( 'NONE',  ( 2.426149698806905786, 1.205425644811862096, 0.7010000000000000675 ) ) ;
#9018 = UNCERTAINTY_MEASURE_WITH_UNIT (LENGTH_MEASURE( 1.000000000000000082E-05 ), #9050, 'distance_accuracy_value', 'NONE');
#9019 = DIRECTION ( 'NONE',  ( -1.000000000000000000, -0.0000000000000000000, -0.0000000000000000000 ) ) ;
#9020 = SURFACE_STYLE_USAGE ( .BOTH. , #5188 ) ;
#9021 = ORIENTED_EDGE ( 'NONE', *, *, #10495, .T. ) ;
#9022 = MECHANICAL_DESIGN_GEOMETRIC_PRESENTATION_REPRESENTATION (  '', ( #425 ), #10595 ) ;
#9023 = CARTESIAN_POINT ( 'NONE',  ( 1.930101992090114127, 1.169491611223866245, 0.6999999999999999556 ) ) ;
#9024 = CARTESIAN_POINT ( 'NONE',  ( 2.445863508899988936, 1.079989249787272731, 0.6999999999999999556 ) ) ;
#9025 = ORIENTED_EDGE ( 'NONE', *, *, #10477, .F. ) ;
#9026 = SURFACE_SIDE_STYLE ('',( #6110 ) ) ;
#9027 = PRESENTATION_LAYER_ASSIGNMENT (  '', '', ( #9814 ) ) ;
#9028 = VERTEX_POINT ( 'NONE', #7095 ) ;
#9029 = CARTESIAN_POINT ( 'NONE',  ( 2.014031251095505848, 1.319965376872561880, 0.7010000000000000675 ) ) ;
#9030 = CARTESIAN_POINT ( 'NONE',  ( -1.099999999999998535, 1.700000000000000400, -0.1000000000000000056 ) ) ;
#9031 = MECHANICAL_DESIGN_GEOMETRIC_PRESENTATION_REPRESENTATION (  '', ( #5222 ), #1449 ) ;
#9032 = EDGE_CURVE ( 'NONE', #11503, #4562, #11895, .T. ) ;
#9033 = ORIENTED_EDGE ( 'NONE', *, *, #1762, .T. ) ;
#9034 = EDGE_CURVE ( 'NONE', #10330, #1284, #3446, .T. ) ;
#9035 = DIRECTION ( 'NONE',  ( -0.0000000000000000000, -0.0000000000000000000, -1.000000000000000000 ) ) ;
#9036 = MECHANICAL_DESIGN_GEOMETRIC_PRESENTATION_REPRESENTATION (  '', ( #6820 ), #11600 ) ;
#9037 =( LENGTH_UNIT ( ) NAMED_UNIT ( * ) SI_UNIT ( .MILLI., .METRE. ) );
#9038 = VERTEX_POINT ( 'NONE', #11626 ) ;
#9039 = CARTESIAN_POINT ( 'NONE',  ( 1.954265966065510396, 1.163752147525683123, 0.6999999999999999556 ) ) ;
#9040 = EDGE_CURVE ( 'NONE', #5638, #8973, #5936, .T. ) ;
#9041 = SURFACE_STYLE_USAGE ( .BOTH. , #7327 ) ;
#9042 = SURFACE_STYLE_FILL_AREA ( #7260 ) ;
#9043 = ORIENTED_EDGE ( 'NONE', *, *, #7747, .F. ) ;
#9044 = DIRECTION ( 'NONE',  ( 9.566489757225038109E-17, 1.000000000000000000, 0.0000000000000000000 ) ) ;
#9045 = SURFACE_SIDE_STYLE ('',( #7978 ) ) ;
#9046 = CARTESIAN_POINT ( 'NONE',  ( 2.097295065034097572, 1.091052274016473422, 0.7010000000000000675 ) ) ;
#9047 = DIRECTION ( 'NONE',  ( -0.0000000000000000000, -0.0000000000000000000, -1.000000000000000000 ) ) ;
#9048 = FILL_AREA_STYLE_COLOUR ( '', #5379 ) ;
#9049 = ADVANCED_FACE ( 'NONE', ( #2353 ), #10358, .F. ) ;
#9050 =( LENGTH_UNIT ( ) NAMED_UNIT ( * ) SI_UNIT ( .MILLI., .METRE. ) );
#9051 = EDGE_CURVE ( 'NONE', #1775, #5066, #10632, .T. ) ;
#9052 = CARTESIAN_POINT ( 'NONE',  ( 1.154461006934623724, 1.429891582228573377, 0.6999999999999999556 ) ) ;
#9053 = VERTEX_POINT ( 'NONE', #2180 ) ;
#9054 = SURFACE_SIDE_STYLE ('',( #2493 ) ) ;
#9055 = CARTESIAN_POINT ( 'NONE',  ( 1.991738841369566693, 1.108603387643867011, 0.6999999999999999556 ) ) ;
#9056 = CARTESIAN_POINT ( 'NONE',  ( 1.464480625416062498, 1.132596622164890876, 0.7010000000000000675 ) ) ;
#9057 = CARTESIAN_POINT ( 'NONE',  ( 2.177813918073971955, 1.019101026207267946, 0.6999999999999999556 ) ) ;
#9058 = DIRECTION ( 'NONE',  ( 0.0000000000000000000, -0.0000000000000000000, -1.000000000000000000 ) ) ;
#9059 = EDGE_CURVE ( 'NONE', #5797, #10138, #8702, .T. ) ;
#9060 = CARTESIAN_POINT ( 'NONE',  ( 2.258249590480633007, 1.343755037998508373, 0.7010000000000000675 ) ) ;
#9061 = B_SPLINE_SURFACE_WITH_KNOTS ( 'NONE', 3, 1, ( 
 ( #17, #4833 ),
 ( #6610, #9343 ),
 ( #773, #844 ),
 ( #7445, #1919 ) ),
 .UNSPECIFIED., .F., .F., .F.,
 ( 4, 4 ),
 ( 2, 2 ),
 ( 8.000000000000000000, 9.000000000000000000 ),
 ( 0.0000000000000000000, 1.000000000000000000 ),
 .UNSPECIFIED. ) ;
#9062 = FILL_AREA_STYLE_COLOUR ( '', #9147 ) ;
#9063 = UNCERTAINTY_MEASURE_WITH_UNIT (LENGTH_MEASURE( 1.000000000000000082E-05 ), #9411, 'distance_accuracy_value', 'NONE');
#9064 = ORIENTED_EDGE ( 'NONE', *, *, #11356, .T. ) ;
#9065 = VERTEX_POINT ( 'NONE', #11753 ) ;
#9066 = CARTESIAN_POINT ( 'NONE',  ( 2.185009042854447081, 1.080737875486165622, 0.7010000000000000675 ) ) ;
#9067 = CARTESIAN_POINT ( 'NONE',  ( 2.165461594027785264, 1.040561629599990656, 0.6999999999999999556 ) ) ;
#9068 = LINE ( 'NONE', #10062, #2526 ) ;
#9069 = STYLED_ITEM ( 'NONE', ( #2207 ), #7051 ) ;
#9070 =( NAMED_UNIT ( * ) SI_UNIT ( $, .STERADIAN. ) SOLID_ANGLE_UNIT ( ) );
#9071 = CARTESIAN_POINT ( 'NONE',  ( 1.960878826413513298, 1.075414314955142503, 0.6999999999999999556 ) ) ;
#9072 = ORIENTED_EDGE ( 'NONE', *, *, #11091, .T. ) ;
#9073 =( NAMED_UNIT ( * ) SI_UNIT ( $, .STERADIAN. ) SOLID_ANGLE_UNIT ( ) );
#9074 = ORIENTED_EDGE ( 'NONE', *, *, #5186, .T. ) ;
#9075 =( LENGTH_UNIT ( ) NAMED_UNIT ( * ) SI_UNIT ( .MILLI., .METRE. ) );
#9076 = MECHANICAL_DESIGN_GEOMETRIC_PRESENTATION_REPRESENTATION (  '', ( #5080 ), #1502 ) ;
#9077 = VECTOR ( 'NONE', #2933, 1000.000000000000000 ) ;
#9078 = DIRECTION ( 'NONE',  ( -1.000000000000000000, -0.0000000000000000000, -0.0000000000000000000 ) ) ;
#9079 = ORIENTED_EDGE ( 'NONE', *, *, #2922, .F. ) ;
#9080 = LINE ( 'NONE', #9149, #842 ) ;
#9081 = DIRECTION ( 'NONE',  ( -0.0000000000000000000, -0.0000000000000000000, -1.000000000000000000 ) ) ;
#9082 = VERTEX_POINT ( 'NONE', #4960 ) ;
#9083 = LINE ( 'NONE', #2473, #9112 ) ;
#9084 = SURFACE_SIDE_STYLE ('',( #10262 ) ) ;
#9085 = AXIS2_PLACEMENT_3D ( 'NONE', #6873, #5015, #10678 ) ;
#9086 = MECHANICAL_DESIGN_GEOMETRIC_PRESENTATION_REPRESENTATION (  '', ( #6872 ), #5480 ) ;
#9087 = COLOUR_RGB ( '',1.000000000000000000, 1.000000000000000000, 1.000000000000000000 ) ;
#9088 =( NAMED_UNIT ( * ) PLANE_ANGLE_UNIT ( ) SI_UNIT ( $, .RADIAN. ) );
#9089 = ORIENTED_EDGE ( 'NONE', *, *, #1026, .T. ) ;
#9090 =( NAMED_UNIT ( * ) SI_UNIT ( $, .STERADIAN. ) SOLID_ANGLE_UNIT ( ) );
#9091 = LINE ( 'NONE', #5332, #2946 ) ;
#9092 = CARTESIAN_POINT ( 'NONE',  ( 2.269811698510213915, 1.355067604127344172, 0.6999999999999999556 ) ) ;
#9093 = VERTEX_POINT ( 'NONE', #11695 ) ;
#9094 = CARTESIAN_POINT ( 'NONE',  ( 2.393043806751394165, 1.452305764461394144, 0.7010000000000000675 ) ) ;
#9095 = DIRECTION ( 'NONE',  ( 0.0000000000000000000, -1.000000000000000000, 0.0000000000000000000 ) ) ;
#9096 = CARTESIAN_POINT ( 'NONE',  ( 2.026009262291684987, 1.456381615494256820, 0.6999999999999999556 ) ) ;
#9097 = COLOUR_RGB ( '',1.000000000000000000, 1.000000000000000000, 1.000000000000000000 ) ;
#9098 =( GEOMETRIC_REPRESENTATION_CONTEXT ( 3 ) GLOBAL_UNCERTAINTY_ASSIGNED_CONTEXT ( ( #3405 ) ) GLOBAL_UNIT_ASSIGNED_CONTEXT ( ( #7417, #2811, #11422 ) ) REPRESENTATION_CONTEXT ( 'NONE', 'WORKASPACE' ) );
#9099 = CARTESIAN_POINT ( 'NONE',  ( -1.099999999999998535, 1.700000000000000400, 0.0000000000000000000 ) ) ;
#9100 = EDGE_CURVE ( 'NONE', #6484, #1644, #3232, .T. ) ;
#9101 = COLOUR_RGB ( '',1.000000000000000000, 1.000000000000000000, 1.000000000000000000 ) ;
#9102 = CARTESIAN_POINT ( 'NONE',  ( 1.030684518371847380, 1.412539736182238048, 0.7010000000000000675 ) ) ;
#9103 = CARTESIAN_POINT ( 'NONE',  ( 2.026009262291685431, 1.478341302686243974, 0.7010000000000000675 ) ) ;
#9104 = LINE ( 'NONE', #9167, #2773 ) ;
#9105 = VECTOR ( 'NONE', #11956, 1000.000000000000000 ) ;
#9106 = VECTOR ( 'NONE', #7029, 1000.000000000000000 ) ;
#9107 = LINE ( 'NONE', #5404, #799 ) ;
#9108 = CARTESIAN_POINT ( 'NONE',  ( 2.426149698806905786, 1.205425644811862096, 0.6999999999999999556 ) ) ;
#9109 = CARTESIAN_POINT ( 'NONE',  ( 2.039734066786956568, 1.065515819591999369, 0.7010000000000000675 ) ) ;
#9110 = CIRCLE ( 'NONE', #9312, 0.1687042954162695507 ) ;
#9111 = LINE ( 'NONE', #550, #10393 ) ;
#9112 = VECTOR ( 'NONE', #5202, 1000.000000000000000 ) ;
#9113 = ORIENTED_EDGE ( 'NONE', *, *, #695, .F. ) ;
#9114 = CARTESIAN_POINT ( 'NONE',  ( 1.911136807696477646, 1.353819894628077725, 0.7010000000000000675 ) ) ;
#9115 =( NAMED_UNIT ( * ) PLANE_ANGLE_UNIT ( ) SI_UNIT ( $, .RADIAN. ) );
#9116 = EDGE_CURVE ( 'NONE', #4019, #5305, #6722, .T. ) ;
#9117 =( NAMED_UNIT ( * ) PLANE_ANGLE_UNIT ( ) SI_UNIT ( $, .RADIAN. ) );
#9118 = EDGE_CURVE ( 'NONE', #7814, #6950, #3493, .T. ) ;
#9119 = ORIENTED_EDGE ( 'NONE', *, *, #4925, .T. ) ;
#9120 = MECHANICAL_DESIGN_GEOMETRIC_PRESENTATION_REPRESENTATION (  '', ( #5894 ), #7914 ) ;
#9121 = VECTOR ( 'NONE', #2987, 1000.000000000000000 ) ;
#9122 = CARTESIAN_POINT ( 'NONE',  ( 2.380275579539156361, 1.482250792451576649, 0.7010000000000000675 ) ) ;
#9123 = CARTESIAN_POINT ( 'NONE',  ( 2.283328551422453057, 1.134722106501922845, 0.6999999999999999556 ) ) ;
#9124 = DIRECTION ( 'NONE',  ( -0.0000000000000000000, -0.0000000000000000000, -1.000000000000000000 ) ) ;
#9125 =( LENGTH_UNIT ( ) NAMED_UNIT ( * ) SI_UNIT ( .MILLI., .METRE. ) );
#9126 =( GEOMETRIC_REPRESENTATION_CONTEXT ( 3 ) GLOBAL_UNCERTAINTY_ASSIGNED_CONTEXT ( ( #5449 ) ) GLOBAL_UNIT_ASSIGNED_CONTEXT ( ( #8371, #6715, #9434 ) ) REPRESENTATION_CONTEXT ( 'NONE', 'WORKASPACE' ) );
#9127 =( NAMED_UNIT ( * ) SI_UNIT ( $, .STERADIAN. ) SOLID_ANGLE_UNIT ( ) );
#9128 = ORIENTED_EDGE ( 'NONE', *, *, #2385, .T. ) ;
#9129 = ORIENTED_EDGE ( 'NONE', *, *, #4588, .T. ) ;
#9130 = EDGE_CURVE ( 'NONE', #240, #454, #8028, .T. ) ;
#9131 = CARTESIAN_POINT ( 'NONE',  ( 1.501497905808405031, 1.465752062954798651, 0.6999999999999999556 ) ) ;
#9132 = CARTESIAN_POINT ( 'NONE',  ( 2.221442160242816932, 1.338098754933535917, 0.6999999999999999556 ) ) ;
#9133 = CARTESIAN_POINT ( 'NONE',  ( 2.223230543859060493, 1.482250792451576649, 0.6999999999999999556 ) ) ;
#9134 = CARTESIAN_POINT ( 'NONE',  ( 2.418413899909453768, 1.382434032485780895, 0.6999999999999999556 ) ) ;
#9135 = CARTESIAN_POINT ( 'NONE',  ( 2.357151363480007866, 1.364051112525174858, 0.7010000000000000675 ) ) ;
#9136 = PRESENTATION_LAYER_ASSIGNMENT (  '', '', ( #1165 ) ) ;
#9137 = UNCERTAINTY_MEASURE_WITH_UNIT (LENGTH_MEASURE( 1.000000000000000082E-05 ), #2994, 'distance_accuracy_value', 'NONE');
#9138 = SURFACE_STYLE_FILL_AREA ( #1517 ) ;
#9139 = FILL_AREA_STYLE_COLOUR ( '', #7691 ) ;
#9140 = VERTEX_POINT ( 'NONE', #1287 ) ;
#9141 = CARTESIAN_POINT ( 'NONE',  ( 1.954973001448909287, 1.180305093553438711, 0.6999999999999999556 ) ) ;
#9142 = UNCERTAINTY_MEASURE_WITH_UNIT (LENGTH_MEASURE( 1.000000000000000082E-05 ), #11968, 'distance_accuracy_value', 'NONE');
#9143 = ORIENTED_EDGE ( 'NONE', *, *, #5716, .T. ) ;
#9144 = SURFACE_STYLE_FILL_AREA ( #5604 ) ;
#9145 = SURFACE_STYLE_USAGE ( .BOTH. , #9264 ) ;
#9146 = ORIENTED_EDGE ( 'NONE', *, *, #3936, .T. ) ;
#9147 = COLOUR_RGB ( '',1.000000000000000000, 1.000000000000000000, 1.000000000000000000 ) ;
#9148 = EDGE_CURVE ( 'NONE', #6430, #9028, #11809, .T. ) ;
#9149 = CARTESIAN_POINT ( 'NONE',  ( 1.832739060806250597, 1.482250792451576649, 0.6999999999999999556 ) ) ;
#9150 = ORIENTED_EDGE ( 'NONE', *, *, #8502, .T. ) ;
#9151 = DIRECTION ( 'NONE',  ( 1.000000000000000000, 0.0000000000000000000, -0.0000000000000000000 ) ) ;
#9152 = FACE_OUTER_BOUND ( 'NONE', #1965, .T. ) ;
#9153 = B_SPLINE_CURVE_WITH_KNOTS ( 'NONE', 3,
 ( #11188, #1708, #12220, #3770 ),
 .UNSPECIFIED., .F., .F.,
 ( 4, 4 ),
 ( 1.000000000000000000, 2.000000000000000000 ),
 .UNSPECIFIED. ) ;
#9154 = CARTESIAN_POINT ( 'NONE',  ( 2.133021147039069199, 1.008370724510909255, 0.7010000000000000675 ) ) ;
#9155 = FILL_AREA_STYLE ('',( #2474 ) ) ;
#9156 = ORIENTED_EDGE ( 'NONE', *, *, #3019, .F. ) ;
#9157 =( NAMED_UNIT ( * ) SI_UNIT ( $, .STERADIAN. ) SOLID_ANGLE_UNIT ( ) );
#9158 =( GEOMETRIC_REPRESENTATION_CONTEXT ( 3 ) GLOBAL_UNCERTAINTY_ASSIGNED_CONTEXT ( ( #7206 ) ) GLOBAL_UNIT_ASSIGNED_CONTEXT ( ( #8892, #8959, #9768 ) ) REPRESENTATION_CONTEXT ( 'NONE', 'WORKASPACE' ) );
#9159 = DIRECTION ( 'NONE',  ( -0.0000000000000000000, -0.0000000000000000000, -1.000000000000000000 ) ) ;
#9160 = CARTESIAN_POINT ( 'NONE',  ( 2.287196450871179287, 1.402397384478496489, 0.6999999999999999556 ) ) ;
#9161 = ORIENTED_EDGE ( 'NONE', *, *, #824, .T. ) ;
#9162 = FILL_AREA_STYLE_COLOUR ( '', #4328 ) ;
#9163 = PRESENTATION_LAYER_ASSIGNMENT (  '', '', ( #5929 ) ) ;
#9164 = CARTESIAN_POINT ( 'NONE',  ( 1.897536774151580063, 1.319549473706508769, 0.6999999999999999556 ) ) ;
#9165 = CARTESIAN_POINT ( 'NONE',  ( 2.197818860384403994, 1.338098754933535917, 0.6999999999999999556 ) ) ;
#9166 = B_SPLINE_SURFACE_WITH_KNOTS ( 'NONE', 3, 1, ( 
 ( #2626, #1761 ),
 ( #7473, #2747 ),
 ( #11033, #1569 ),
 ( #5352, #616 ) ),
 .UNSPECIFIED., .F., .F., .F.,
 ( 4, 4 ),
 ( 2, 2 ),
 ( 4.000000000000000000, 5.000000000000000000 ),
 ( 0.0000000000000000000, 1.000000000000000000 ),
 .UNSPECIFIED. ) ;
#9167 = CARTESIAN_POINT ( 'NONE',  ( 3.250000000000000444, 2.000000000000000888, 0.6999999999999999556 ) ) ;
#9168 = CARTESIAN_POINT ( 'NONE',  ( 1.983004874872476897, 1.084896907152239853, 0.6999999999999999556 ) ) ;
#9169 = FACE_OUTER_BOUND ( 'NONE', #8321, .T. ) ;
#9170 = CARTESIAN_POINT ( 'NONE',  ( 2.595047974733924789, 1.203346128978269869, 0.7010000000000000675 ) ) ;
#9171 = DIRECTION ( 'NONE',  ( -0.0000000000000000000, -0.0000000000000000000, 1.000000000000000000 ) ) ;
#9172 = CARTESIAN_POINT ( 'NONE',  ( 2.349831467749714964, 1.079989249787272731, 0.6999999999999999556 ) ) ;
#9173 = UNCERTAINTY_MEASURE_WITH_UNIT (LENGTH_MEASURE( 1.000000000000000082E-05 ), #10078, 'distance_accuracy_value', 'NONE');
#9174 = PRESENTATION_LAYER_ASSIGNMENT (  '', '', ( #786 ) ) ;
#9175 = ORIENTED_EDGE ( 'NONE', *, *, #9483, .T. ) ;
#9176 = AXIS2_PLACEMENT_3D ( 'NONE', #8564, #4668, #4237 ) ;
#9177 = FILL_AREA_STYLE ('',( #5231 ) ) ;
#9178 = CARTESIAN_POINT ( 'NONE',  ( 1.100000000000001643, 1.700000000000000844, -0.1000000000000000056 ) ) ;
#9179 = CARTESIAN_POINT ( 'NONE',  ( 2.488493583469202353, 1.084231462085445408, 0.7010000000000000675 ) ) ;
#9180 = DIRECTION ( 'NONE',  ( 0.1387416884823250429, -0.9903286039881274982, 0.0000000000000000000 ) ) ;
#9181 = B_SPLINE_CURVE_WITH_KNOTS ( 'NONE', 3,
 ( #5991, #3353, #9029, #4212 ),
 .UNSPECIFIED., .F., .F.,
 ( 4, 4 ),
 ( 0.0000000000000000000, 1.000000000000000000 ),
 .UNSPECIFIED. ) ;
#9182 = CARTESIAN_POINT ( 'NONE',  ( 1.428620161237295516, 1.096736157986126337, 0.7010000000000000675 ) ) ;
#9183 = MECHANICAL_DESIGN_GEOMETRIC_PRESENTATION_REPRESENTATION (  '', ( #6969 ), #3408 ) ;
#9184 = ADVANCED_FACE ( 'NONE', ( #9842 ), #9256, .F. ) ;
#9185 = CARTESIAN_POINT ( 'NONE',  ( 2.111394182379369155, 1.112263335509567685, 0.6999999999999999556 ) ) ;
#9186 =( GEOMETRIC_REPRESENTATION_CONTEXT ( 3 ) GLOBAL_UNCERTAINTY_ASSIGNED_CONTEXT ( ( #7876 ) ) GLOBAL_UNIT_ASSIGNED_CONTEXT ( ( #10966, #5280, #9236 ) ) REPRESENTATION_CONTEXT ( 'NONE', 'WORKASPACE' ) );
#9187 = CARTESIAN_POINT ( 'NONE',  ( 2.003009817182348495, 1.484995753350852210, 0.6999999999999999556 ) ) ;
#9188 = CARTESIAN_POINT ( 'NONE',  ( 2.181972949738937739, 1.090303648316471641, 0.7010000000000000675 ) ) ;
#9189 = EDGE_CURVE ( 'NONE', #8124, #4535, #10130, .T. ) ;
#9190 =( NAMED_UNIT ( * ) PLANE_ANGLE_UNIT ( ) SI_UNIT ( $, .RADIAN. ) );
#9191 = STYLED_ITEM ( 'NONE', ( #1238 ), #5147 ) ;
#9192 = PLANE ( 'NONE',  #1036 ) ;
#9193 = ORIENTED_EDGE ( 'NONE', *, *, #3951, .T. ) ;
#9194 = VERTEX_POINT ( 'NONE', #8390 ) ;
#9195 = SURFACE_STYLE_USAGE ( .BOTH. , #2510 ) ;
#9196 = LINE ( 'NONE', #5242, #1734 ) ;
#9197 = CARTESIAN_POINT ( 'NONE',  ( 1.939418223020783927, 1.094213138081801873, 0.7010000000000000675 ) ) ;
#9198 =( NAMED_UNIT ( * ) PLANE_ANGLE_UNIT ( ) SI_UNIT ( $, .RADIAN. ) );
#9199 = SURFACE_STYLE_USAGE ( .BOTH. , #12102 ) ;
#9200 = B_SPLINE_CURVE_WITH_KNOTS ( 'NONE', 3,
 ( #2565, #12203, #6519, #5598 ),
 .UNSPECIFIED., .F., .F.,
 ( 4, 4 ),
 ( 2.000000000000000000, 3.000000000000000000 ),
 .UNSPECIFIED. ) ;
#9201 = STYLED_ITEM ( 'NONE', ( #10139 ), #5731 ) ;
#9202 =( NAMED_UNIT ( * ) SI_UNIT ( $, .STERADIAN. ) SOLID_ANGLE_UNIT ( ) );
#9203 = ORIENTED_EDGE ( 'NONE', *, *, #111, .T. ) ;
#9204 = EDGE_CURVE ( 'NONE', #7373, #7562, #11627, .T. ) ;
#9205 = CARTESIAN_POINT ( 'NONE',  ( 1.190321493177406875, 1.345445995451615806, 0.7010000000000000675 ) ) ;
#9206 = CARTESIAN_POINT ( 'NONE',  ( 2.048717575183680584, 1.061024065393082916, 0.6999999999999999556 ) ) ;
#9207 = ADVANCED_FACE ( 'NONE', ( #1588 ), #575, .T. ) ;
#9208 = ORIENTED_EDGE ( 'NONE', *, *, #3330, .T. ) ;
#9209 = B_SPLINE_CURVE_WITH_KNOTS ( 'NONE', 3,
 ( #12015, #5523, #6443, #1688 ),
 .UNSPECIFIED., .F., .F.,
 ( 4, 4 ),
 ( 7.000000000000000000, 8.000000000000000000 ),
 .UNSPECIFIED. ) ;
#9210 = VECTOR ( 'NONE', #10526, 1000.000000000000000 ) ;
#9211 =( GEOMETRIC_REPRESENTATION_CONTEXT ( 3 ) GLOBAL_UNCERTAINTY_ASSIGNED_CONTEXT ( ( #8078 ) ) GLOBAL_UNIT_ASSIGNED_CONTEXT ( ( #1151, #9578, #10496 ) ) REPRESENTATION_CONTEXT ( 'NONE', 'WORKASPACE' ) );
#9212 = ORIENTED_EDGE ( 'NONE', *, *, #5612, .T. ) ;
#9213 =( GEOMETRIC_REPRESENTATION_CONTEXT ( 3 ) GLOBAL_UNCERTAINTY_ASSIGNED_CONTEXT ( ( #4061 ) ) GLOBAL_UNIT_ASSIGNED_CONTEXT ( ( #5056, #9935, #1389 ) ) REPRESENTATION_CONTEXT ( 'NONE', 'WORKASPACE' ) );
#9214 = CARTESIAN_POINT ( 'NONE',  ( 2.257105856772326558, 1.476875244024383083, 0.6999999999999999556 ) ) ;
#9215 = STYLED_ITEM ( 'NONE', ( #12285 ), #4767 ) ;
#9216 = CARTESIAN_POINT ( 'NONE',  ( 2.136639504587610983, 1.007289376278064141, 0.6999999999999999556 ) ) ;
#9217 = ORIENTED_EDGE ( 'NONE', *, *, #4406, .T. ) ;
#9218 = LINE ( 'NONE', #1353, #1329 ) ;
#9219 = CARTESIAN_POINT ( 'NONE',  ( 2.461210335745081856, 1.200351626179362530, 0.7010000000000000675 ) ) ;
#9220 = MECHANICAL_DESIGN_GEOMETRIC_PRESENTATION_REPRESENTATION (  '', ( #7201 ), #6582 ) ;
#9221 = CARTESIAN_POINT ( 'NONE',  ( 2.026009262291684987, 1.478341302686243974, 0.6999999999999999556 ) ) ;
#9222 = CARTESIAN_POINT ( 'NONE',  ( 0.9404548836258183053, 1.244805235427459023, 0.6999999999999999556 ) ) ;
#9223 = CARTESIAN_POINT ( 'NONE',  ( 1.082740056512518256, 1.140694203274155383, 0.7010000000000000675 ) ) ;
#9224 = ORIENTED_EDGE ( 'NONE', *, *, #6636, .T. ) ;
#9225 = EDGE_CURVE ( 'NONE', #7484, #2049, #10992, .T. ) ;
#9226 = FILL_AREA_STYLE_COLOUR ( '', #11702 ) ;
#9227 = DIRECTION ( 'NONE',  ( -0.0000000000000000000, 0.0000000000000000000, 1.000000000000000000 ) ) ;
#9228 = ORIENTED_EDGE ( 'NONE', *, *, #7966, .T. ) ;
#9229 = PLANE ( 'NONE',  #8957 ) ;
#9230 = CARTESIAN_POINT ( 'NONE',  ( 1.516536163556732930, 1.311899031315902242, 0.6999999999999999556 ) ) ;
#9231 = COLOUR_RGB ( '',1.000000000000000000, 1.000000000000000000, 1.000000000000000000 ) ;
#9232 = SURFACE_SIDE_STYLE ('',( #8480 ) ) ;
#9233 = CARTESIAN_POINT ( 'NONE',  ( 1.678486726660851192, 1.222826256910922282, 0.7010000000000000675 ) ) ;
#9234 = B_SPLINE_CURVE_WITH_KNOTS ( 'NONE', 3,
 ( #3845, #3788, #2837, #9524 ),
 .UNSPECIFIED., .F., .F.,
 ( 4, 4 ),
 ( 19.00000000000000000, 20.00000000000000000 ),
 .UNSPECIFIED. ) ;
#9235 = DIRECTION ( 'NONE',  ( 0.3416038306815446512, -0.9398440417769825528, 0.0000000000000000000 ) ) ;
#9236 =( NAMED_UNIT ( * ) SI_UNIT ( $, .STERADIAN. ) SOLID_ANGLE_UNIT ( ) );
#9237 = CARTESIAN_POINT ( 'NONE',  ( 1.235436266422391238, 1.099049702156098318, 0.6999999999999999556 ) ) ;
#9238 = FACE_OUTER_BOUND ( 'NONE', #8015, .T. ) ;
#9239 = DIRECTION ( 'NONE',  ( 0.0000000000000000000, 1.000000000000000000, -0.0000000000000000000 ) ) ;
#9240 = CARTESIAN_POINT ( 'NONE',  ( 2.490947412151131246, 1.164583953858899124, 0.7010000000000000675 ) ) ;
#9241 = STYLED_ITEM ( 'NONE', ( #4333 ), #6708 ) ;
#9242 = SURFACE_STYLE_FILL_AREA ( #8559 ) ;
#9243 = VERTEX_POINT ( 'NONE', #11129 ) ;
#9244 = FILL_AREA_STYLE ('',( #6019 ) ) ;
#9245 = SURFACE_STYLE_FILL_AREA ( #10233 ) ;
#9246 = DIRECTION ( 'NONE',  ( 0.0000000000000000000, -1.000000000000000000, 0.0000000000000000000 ) ) ;
#9247 =( NAMED_UNIT ( * ) PLANE_ANGLE_UNIT ( ) SI_UNIT ( $, .RADIAN. ) );
#9248 = ADVANCED_FACE ( 'NONE', ( #11190 ), #7565, .F. ) ;
#9249 = FACE_OUTER_BOUND ( 'NONE', #9840, .T. ) ;
#9250 = EDGE_LOOP ( 'NONE', ( #12193, #10230, #12047, #4679 ) ) ;
#9251 = VERTEX_POINT ( 'NONE', #5787 ) ;
#9252 = CARTESIAN_POINT ( 'NONE',  ( 3.250000000000000444, 2.000000000000000888, 0.6999999999999999556 ) ) ;
#9253 = EDGE_CURVE ( 'NONE', #1460, #4070, #2952, .T. ) ;
#9254 = CARTESIAN_POINT ( 'NONE',  ( 2.284742622188141059, 1.460707008425642162, 0.6999999999999999556 ) ) ;
#9255 = CARTESIAN_POINT ( 'NONE',  ( 0.0000000000000000000, 0.0000000000000000000, 0.6999999999999999556 ) ) ;
#9256 = PLANE ( 'NONE',  #2202 ) ;
#9257 = CARTESIAN_POINT ( 'NONE',  ( 2.388136149386426599, 1.450059887362492139, 0.6999999999999999556 ) ) ;
#9258 = UNCERTAINTY_MEASURE_WITH_UNIT (LENGTH_MEASURE( 1.000000000000000082E-05 ), #6298, 'distance_accuracy_value', 'NONE');
#9259 = CARTESIAN_POINT ( 'NONE',  ( 2.165461594027785264, 1.040561629599990656, 0.6999999999999999556 ) ) ;
#9260 = ORIENTED_EDGE ( 'NONE', *, *, #10673, .T. ) ;
#9261 = FILL_AREA_STYLE_COLOUR ( '', #11520 ) ;
#9262 = UNCERTAINTY_MEASURE_WITH_UNIT (LENGTH_MEASURE( 1.000000000000000082E-05 ), #5508, 'distance_accuracy_value', 'NONE');
#9263 = ORIENTED_EDGE ( 'NONE', *, *, #6041, .F. ) ;
#9264 = SURFACE_SIDE_STYLE ('',( #761 ) ) ;
#9265 = B_SPLINE_SURFACE_WITH_KNOTS ( 'NONE', 3, 1, ( 
 ( #11346, #4655 ),
 ( #7463, #5581 ),
 ( #6505, #6436 ),
 ( #9420, #788 ),
 ( #9360, #2855 ),
 ( #7533, #1935 ),
 ( #2795, #4592 ) ),
 .UNSPECIFIED., .F., .F., .F.,
 ( 4, 3, 4 ),
 ( 2, 2 ),
 ( 0.0000000000000000000, 1.000000000000000000, 2.000000000000000000 ),
 ( 0.0000000000000000000, 1.000000000000000000 ),
 .UNSPECIFIED. ) ;
#9266 = VERTEX_POINT ( 'NONE', #4748 ) ;
#9267 =( GEOMETRIC_REPRESENTATION_CONTEXT ( 3 ) GLOBAL_UNCERTAINTY_ASSIGNED_CONTEXT ( ( #12286 ) ) GLOBAL_UNIT_ASSIGNED_CONTEXT ( ( #3086, #6936, #7763 ) ) REPRESENTATION_CONTEXT ( 'NONE', 'WORKASPACE' ) );
#9268 = CARTESIAN_POINT ( 'NONE',  ( 1.897536774151580063, 1.319549473706508769, 0.7010000000000000675 ) ) ;
#9269 = EDGE_CURVE ( 'NONE', #5021, #9038, #11374, .T. ) ;
#9270 = VERTEX_POINT ( 'NONE', #7749 ) ;
#9271 = EDGE_CURVE ( 'NONE', #9398, #11519, #11517, .T. ) ;
#9272 = CARTESIAN_POINT ( 'NONE',  ( 2.133021147039069199, 1.008370724510909255, 0.7010000000000000675 ) ) ;
#9273 =( NAMED_UNIT ( * ) SI_UNIT ( $, .STERADIAN. ) SOLID_ANGLE_UNIT ( ) );
#9274 = EDGE_CURVE ( 'NONE', #4564, #9774, #11313, .T. ) ;
#9275 = CARTESIAN_POINT ( 'NONE',  ( 1.402014006123635026, 1.525905132560692490, 0.6999999999999999556 ) ) ;
#9276 = ORIENTED_EDGE ( 'NONE', *, *, #8120, .F. ) ;
#9277 = DIRECTION ( 'NONE',  ( 0.3385350342956540692, 0.9409537876827108738, 0.0000000000000000000 ) ) ;
#9278 = MECHANICAL_DESIGN_GEOMETRIC_PRESENTATION_REPRESENTATION (  '', ( #7478 ), #3535 ) ;
#9279 = DIRECTION ( 'NONE',  ( -0.0000000000000000000, -0.0000000000000000000, -1.000000000000000000 ) ) ;
#9280 = STYLED_ITEM ( 'NONE', ( #621 ), #7104 ) ;
#9281 = FACE_OUTER_BOUND ( 'NONE', #4823, .T. ) ;
#9282 = ORIENTED_EDGE ( 'NONE', *, *, #10614, .T. ) ;
#9283 = CARTESIAN_POINT ( 'NONE',  ( 2.418413899909453768, 1.382434032485780895, 0.7010000000000000675 ) ) ;
#9284 = CARTESIAN_POINT ( 'NONE',  ( 2.026009262291685431, 1.346416818264573267, 0.7010000000000000675 ) ) ;
#9285 = PRESENTATION_STYLE_ASSIGNMENT (( #11081 ) ) ;
#9286 = ORIENTED_EDGE ( 'NONE', *, *, #9587, .F. ) ;
#9287 =( LENGTH_UNIT ( ) NAMED_UNIT ( * ) SI_UNIT ( .MILLI., .METRE. ) );
#9288 = MECHANICAL_DESIGN_GEOMETRIC_PRESENTATION_REPRESENTATION (  '', ( #10650 ), #5663 ) ;
#9289 = EDGE_CURVE ( 'NONE', #9765, #6662, #9427, .T. ) ;
#9290 = SURFACE_STYLE_FILL_AREA ( #10278 ) ;
#9291 = ORIENTED_EDGE ( 'NONE', *, *, #7423, .F. ) ;
#9292 = SURFACE_STYLE_FILL_AREA ( #4475 ) ;
#9293 = CARTESIAN_POINT ( 'NONE',  ( 2.105114044564763809, 1.067928057957318488, 0.6999999999999999556 ) ) ;
#9294 = CARTESIAN_POINT ( 'NONE',  ( 2.061652163662894388, 1.177227410121318707, 0.6999999999999999556 ) ) ;
#9295 = ORIENTED_EDGE ( 'NONE', *, *, #8971, .F. ) ;
#9296 = LINE ( 'NONE', #7541, #6907 ) ;
#9297 = VECTOR ( 'NONE', #11649, 1000.000000000000000 ) ;
#9298 = AXIS2_PLACEMENT_3D ( 'NONE', #10509, #7526, #11448 ) ;
#9299 =( GEOMETRIC_REPRESENTATION_CONTEXT ( 3 ) GLOBAL_UNCERTAINTY_ASSIGNED_CONTEXT ( ( #10335 ) ) GLOBAL_UNIT_ASSIGNED_CONTEXT ( ( #3654, #1779, #4685 ) ) REPRESENTATION_CONTEXT ( 'NONE', 'WORKASPACE' ) );
#9300 = ORIENTED_EDGE ( 'NONE', *, *, #79, .T. ) ;
#9301 = VECTOR ( 'NONE', #8129, 1000.000000000000000 ) ;
#9302 =( LENGTH_UNIT ( ) NAMED_UNIT ( * ) SI_UNIT ( .MILLI., .METRE. ) );
#9303 = PRESENTATION_STYLE_ASSIGNMENT (( #6517 ) ) ;
#9304 = EDGE_CURVE ( 'NONE', #6940, #9642, #6548, .T. ) ;
#9305 =( NAMED_UNIT ( * ) PLANE_ANGLE_UNIT ( ) SI_UNIT ( $, .RADIAN. ) );
#9306 = SURFACE_SIDE_STYLE ('',( #618 ) ) ;
#9307 =( GEOMETRIC_REPRESENTATION_CONTEXT ( 3 ) GLOBAL_UNCERTAINTY_ASSIGNED_CONTEXT ( ( #12029 ) ) GLOBAL_UNIT_ASSIGNED_CONTEXT ( ( #5714, #48, #5645 ) ) REPRESENTATION_CONTEXT ( 'NONE', 'WORKASPACE' ) );
#9308 = PRESENTATION_LAYER_ASSIGNMENT (  '', '', ( #7478 ) ) ;
#9309 = VECTOR ( 'NONE', #8573, 1000.000000000000000 ) ;
#9310 = CARTESIAN_POINT ( 'NONE',  ( 2.140840126569734103, 1.024175044838656401, 0.6999999999999999556 ) ) ;
#9311 = CARTESIAN_POINT ( 'NONE',  ( 1.918747835644118327, 1.092549525416478540, 0.6999999999999999556 ) ) ;
#9312 = AXIS2_PLACEMENT_3D ( 'NONE', #173, #12345, #7610 ) ;
#9313 = CARTESIAN_POINT ( 'NONE',  ( 1.428620161237295516, 1.096736157986126337, 0.7010000000000000675 ) ) ;
#9314 = CARTESIAN_POINT ( 'NONE',  ( 2.513031870295155290, 1.168992527423492689, 0.6999999999999999556 ) ) ;
#9316 = UNCERTAINTY_MEASURE_WITH_UNIT (LENGTH_MEASURE( 1.000000000000000082E-05 ), #7212, 'distance_accuracy_value', 'NONE');
#9315 = B_SPLINE_CURVE_WITH_KNOTS ( 'NONE', 3,
 ( #3579, #7354, #6391, #10234 ),
 .UNSPECIFIED., .F., .F.,
 ( 4, 4 ),
 ( 1.000000000000000000, 2.000000000000000000 ),
 .UNSPECIFIED. ) ;
#9317 = FACE_OUTER_BOUND ( 'NONE', #681, .T. ) ;
#9318 = ORIENTED_EDGE ( 'NONE', *, *, #4551, .T. ) ;
#9319 = ORIENTED_EDGE ( 'NONE', *, *, #3726, .F. ) ;
#9320 = MECHANICAL_DESIGN_GEOMETRIC_PRESENTATION_REPRESENTATION (  '', ( #11099 ), #11673 ) ;
#9321 = DIRECTION ( 'NONE',  ( -0.0000000000000000000, 0.0000000000000000000, 1.000000000000000000 ) ) ;
#9322 = FILL_AREA_STYLE ('',( #5482 ) ) ;
#9323 = CARTESIAN_POINT ( 'NONE',  ( 2.240365754319293856, 1.177643313287374705, 0.6999999999999999556 ) ) ;
#9324 =( NAMED_UNIT ( * ) SI_UNIT ( $, .STERADIAN. ) SOLID_ANGLE_UNIT ( ) );
#9325 =( NAMED_UNIT ( * ) PLANE_ANGLE_UNIT ( ) SI_UNIT ( $, .RADIAN. ) );
#9326 = PRESENTATION_LAYER_ASSIGNMENT (  '', '', ( #7919 ) ) ;
#9327 = EDGE_LOOP ( 'NONE', ( #6621, #10596, #3289, #657 ) ) ;
#9328 = PRESENTATION_LAYER_ASSIGNMENT (  '', '', ( #6921 ) ) ;
#9329 = PLANE ( 'NONE',  #10712 ) ;
#9330 = ORIENTED_EDGE ( 'NONE', *, *, #12147, .T. ) ;
#9331 = LINE ( 'NONE', #10073, #6788 ) ;
#9332 = VERTEX_POINT ( 'NONE', #1075 ) ;
#9333 = ORIENTED_EDGE ( 'NONE', *, *, #7561, .T. ) ;
#9334 = FILL_AREA_STYLE_COLOUR ( '', #10689 ) ;
#9335 = FILL_AREA_STYLE_COLOUR ( '', #9428 ) ;
#9336 = CARTESIAN_POINT ( 'NONE',  ( 1.428620161237295516, 1.078227539853696015, 0.7010000000000000675 ) ) ;
#9337 = CARTESIAN_POINT ( 'NONE',  ( 2.142378968285794105, 1.482250792451576649, 0.6999999999999999556 ) ) ;
#9338 = ORIENTED_EDGE ( 'NONE', *, *, #5119, .F. ) ;
#9339 = PRESENTATION_LAYER_ASSIGNMENT (  '', '', ( #5129 ) ) ;
#9340 = DIRECTION ( 'NONE',  ( 1.000000000000000000, 0.0000000000000000000, 0.0000000000000000000 ) ) ;
#9341 = CARTESIAN_POINT ( 'NONE',  ( 2.473105166307505431, 1.190120408283372955, 0.7010000000000000675 ) ) ;
#9342 = B_SPLINE_CURVE_WITH_KNOTS ( 'NONE', 3,
 ( #535, #1295, #11884, #4343 ),
 .UNSPECIFIED., .F., .F.,
 ( 4, 4 ),
 ( 7.000000000000000000, 8.000000000000000000 ),
 .UNSPECIFIED. ) ;
#9343 = CARTESIAN_POINT ( 'NONE',  ( 1.918747835644118327, 1.082151946252963404, 0.6999999999999999556 ) ) ;
#9344 = B_SPLINE_CURVE_WITH_KNOTS ( 'NONE', 3,
 ( #5310, #8131, #11919, #6212 ),
 .UNSPECIFIED., .F., .F.,
 ( 4, 4 ),
 ( 1.000000000000000000, 2.000000000000000000 ),
 .UNSPECIFIED. ) ;
#9345 = ADVANCED_FACE ( 'NONE', ( #2035 ), #676, .T. ) ;
#9346 = LINE ( 'NONE', #11387, #7713 ) ;
#9347 = VERTEX_POINT ( 'NONE', #3075 ) ;
#9348 = UNCERTAINTY_MEASURE_WITH_UNIT (LENGTH_MEASURE( 1.000000000000000082E-05 ), #1089, 'distance_accuracy_value', 'NONE');
#9349 = FILL_AREA_STYLE ('',( #4525 ) ) ;
#9350 = COLOUR_RGB ( '',1.000000000000000000, 1.000000000000000000, 1.000000000000000000 ) ;
#9351 = ORIENTED_EDGE ( 'NONE', *, *, #2504, .T. ) ;
#9352 =( NAMED_UNIT ( * ) PLANE_ANGLE_UNIT ( ) SI_UNIT ( $, .RADIAN. ) );
#9353 = ADVANCED_FACE ( 'NONE', ( #10788 ), #3320, .F. ) ;
#9354 = COLOUR_RGB ( '',1.000000000000000000, 1.000000000000000000, 1.000000000000000000 ) ;
#9355 = DIRECTION ( 'NONE',  ( -1.000000000000000000, 0.0000000000000000000, 0.0000000000000000000 ) ) ;
#9356 = ORIENTED_EDGE ( 'NONE', *, *, #2097, .T. ) ;
#9357 = FILL_AREA_STYLE_COLOUR ( '', #10579 ) ;
#9358 = FILL_AREA_STYLE ('',( #4534 ) ) ;
#9359 = AXIS2_PLACEMENT_3D ( 'NONE', #1333, #3401, #11668 ) ;
#9360 = CARTESIAN_POINT ( 'NONE',  ( 1.235436266422391238, 1.124499085183668479, 0.7010000000000000675 ) ) ;
#9361 = ORIENTED_EDGE ( 'NONE', *, *, #11924, .T. ) ;
#9362 = CARTESIAN_POINT ( 'NONE',  ( 1.501497905808405031, 1.465752062954798651, 0.7010000000000000675 ) ) ;
#9363 =( LENGTH_UNIT ( ) NAMED_UNIT ( * ) SI_UNIT ( .MILLI., .METRE. ) );
#9364 = CARTESIAN_POINT ( 'NONE',  ( 2.258249590480633007, 1.343755037998508373, 0.6999999999999999556 ) ) ;
#9365 = ORIENTED_EDGE ( 'NONE', *, *, #6462, .T. ) ;
#9366 = SURFACE_STYLE_FILL_AREA ( #8429 ) ;
#9367 = EDGE_CURVE ( 'NONE', #8398, #1690, #244, .T. ) ;
#9368 = CARTESIAN_POINT ( 'NONE',  ( 1.154461006934623724, 1.429891582228573377, 0.7010000000000000675 ) ) ;
#9369 = EDGE_CURVE ( 'NONE', #10876, #4632, #1525, .T. ) ;
#9370 = VECTOR ( 'NONE', #5964, 1000.000000000000000 ) ;
#9371 =( GEOMETRIC_REPRESENTATION_CONTEXT ( 3 ) GLOBAL_UNCERTAINTY_ASSIGNED_CONTEXT ( ( #3156 ) ) GLOBAL_UNIT_ASSIGNED_CONTEXT ( ( #4205, #8962, #3221 ) ) REPRESENTATION_CONTEXT ( 'NONE', 'WORKASPACE' ) );
#9372 = SURFACE_STYLE_USAGE ( .BOTH. , #4607 ) ;
#9373 = DIRECTION ( 'NONE',  ( 0.0000000000000000000, 1.000000000000000000, 0.0000000000000000000 ) ) ;
#9374 = SURFACE_SIDE_STYLE ('',( #12093 ) ) ;
#9375 = DIRECTION ( 'NONE',  ( -0.0000000000000000000, 1.000000000000000000, -0.0000000000000000000 ) ) ;
#9376 = DIRECTION ( 'NONE',  ( -0.0000000000000000000, -0.0000000000000000000, -1.000000000000000000 ) ) ;
#9377 = FACE_OUTER_BOUND ( 'NONE', #9327, .T. ) ;
#9378 = EDGE_CURVE ( 'NONE', #11757, #593, #6143, .T. ) ;
#9379 = CARTESIAN_POINT ( 'NONE',  ( 1.832739060806250597, 1.338098754933535917, 0.7010000000000000675 ) ) ;
#9380 = ORIENTED_EDGE ( 'NONE', *, *, #4676, .T. ) ;
#9381 = VERTEX_POINT ( 'NONE', #1382 ) ;
#9382 = CARTESIAN_POINT ( 'NONE',  ( 2.388136149386427043, 1.450059887362492139, 0.6999999999999999556 ) ) ;
#9383 = DIRECTION ( 'NONE',  ( 1.000000000000000000, 0.0000000000000000000, 0.0000000000000000000 ) ) ;
#9384 = FACE_OUTER_BOUND ( 'NONE', #12304, .T. ) ;
#9385 =( GEOMETRIC_REPRESENTATION_CONTEXT ( 3 ) GLOBAL_UNCERTAINTY_ASSIGNED_CONTEXT ( ( #8393 ) ) GLOBAL_UNIT_ASSIGNED_CONTEXT ( ( #3003, #5649, #1000 ) ) REPRESENTATION_CONTEXT ( 'NONE', 'WORKASPACE' ) );
#9386 = B_SPLINE_CURVE_WITH_KNOTS ( 'NONE', 3,
 ( #7382, #7322, #4640, #12116 ),
 .UNSPECIFIED., .F., .F.,
 ( 4, 4 ),
 ( 4.000000000000000000, 5.000000000000000000 ),
 .UNSPECIFIED. ) ;
#9387 = CARTESIAN_POINT ( 'NONE',  ( 2.222398737524740930, 1.463535149958128612, 0.7010000000000000675 ) ) ;
#9388 = UNCERTAINTY_MEASURE_WITH_UNIT (LENGTH_MEASURE( 1.000000000000000082E-05 ), #5096, 'distance_accuracy_value', 'NONE');
#9389 = CARTESIAN_POINT ( 'NONE',  ( 2.341513404418675393, 1.134722106501922845, 0.7010000000000000675 ) ) ;
#9390 = EDGE_LOOP ( 'NONE', ( #4599, #4720, #10656, #5179 ) ) ;
#9391 = MECHANICAL_DESIGN_GEOMETRIC_PRESENTATION_REPRESENTATION (  '', ( #9191 ), #4587 ) ;
#9392 = ORIENTED_EDGE ( 'NONE', *, *, #35, .T. ) ;
#9393 = CARTESIAN_POINT ( 'NONE',  ( 2.219237873460517374, 1.177643313287374705, 0.6999999999999999556 ) ) ;
#9394 = ORIENTED_EDGE ( 'NONE', *, *, #5495, .T. ) ;
#9395 = ORIENTED_EDGE ( 'NONE', *, *, #3404, .F. ) ;
#9396 = SURFACE_STYLE_USAGE ( .BOTH. , #7147 ) ;
#9397 = CARTESIAN_POINT ( 'NONE',  ( 2.085109102254885993, 1.127319030137312827, 0.7010000000000000675 ) ) ;
#9398 = VERTEX_POINT ( 'NONE', #4010 ) ;
#9399 = MECHANICAL_DESIGN_GEOMETRIC_PRESENTATION_REPRESENTATION (  '', ( #9989 ), #7791 ) ;
#9400 = DIRECTION ( 'NONE',  ( -1.000000000000000000, 0.0000000000000000000, 0.0000000000000000000 ) ) ;
#9401 = CARTESIAN_POINT ( 'NONE',  ( 1.278237517561414460, 1.177711483665941472, 0.7010000000000000675 ) ) ;
#9402 = CARTESIAN_POINT ( 'NONE',  ( 2.015861225028352965, 1.482749876251948873, 0.7010000000000000675 ) ) ;
#9403 = LINE ( 'NONE', #4641, #1095 ) ;
#9404 = ORIENTED_EDGE ( 'NONE', *, *, #1470, .F. ) ;
#9405 = FILL_AREA_STYLE_COLOUR ( '', #11931 ) ;
#9406 = STYLED_ITEM ( 'NONE', ( #5455 ), #1725 ) ;
#9407 = FACE_BOUND ( 'NONE', #5927, .T. ) ;
#9408 = EDGE_LOOP ( 'NONE', ( #696, #1390 ) ) ;
#9409 = SURFACE_SIDE_STYLE ('',( #8347 ) ) ;
#9410 = MECHANICAL_DESIGN_GEOMETRIC_PRESENTATION_REPRESENTATION (  '', ( #5974 ), #3437 ) ;
#9411 =( LENGTH_UNIT ( ) NAMED_UNIT ( * ) SI_UNIT ( .MILLI., .METRE. ) );
#9412 = ADVANCED_FACE ( 'NONE', ( #5234 ), #5049, .F. ) ;
#9413 = ORIENTED_EDGE ( 'NONE', *, *, #3570, .F. ) ;
#9414 = EDGE_CURVE ( 'NONE', #12111, #8324, #2569, .T. ) ;
#9415 = DIRECTION ( 'NONE',  ( 0.0000000000000000000, -1.000000000000000000, 0.0000000000000000000 ) ) ;
#9416 = COLOUR_RGB ( '',0.6470588235294117974, 0.6196078431372549211, 0.5882352941176470784 ) ;
#9417 = PRESENTATION_LAYER_ASSIGNMENT (  '', '', ( #2434 ) ) ;
#9418 = DIRECTION ( 'NONE',  ( 0.0000000000000000000, 0.0000000000000000000, 1.000000000000000000 ) ) ;
#9419 = ADVANCED_FACE ( 'NONE', ( #6261 ), #5415, .F. ) ;
#9420 = CARTESIAN_POINT ( 'NONE',  ( 1.235436266422391238, 1.099049702156098318, 0.7010000000000000675 ) ) ;
#9421 = ORIENTED_EDGE ( 'NONE', *, *, #569, .F. ) ;
#9422 = CARTESIAN_POINT ( 'NONE',  ( 1.948443321734113720, 1.112429696775983468, 0.7010000000000000675 ) ) ;
#9423 = CARTESIAN_POINT ( 'NONE',  ( 1.832739060806250597, 1.338098754933535917, 0.7010000000000000675 ) ) ;
#9424 = ORIENTED_EDGE ( 'NONE', *, *, #7025, .T. ) ;
#9425 = DIRECTION ( 'NONE',  ( 1.000000000000000000, 0.0000000000000000000, 0.0000000000000000000 ) ) ;
#9426 = CARTESIAN_POINT ( 'NONE',  ( 2.223230543859060493, 1.482250792451576649, 0.7010000000000000675 ) ) ;
#9427 = B_SPLINE_CURVE_WITH_KNOTS ( 'NONE', 3,
 ( #9634, #5610, #6653, #1013 ),
 .UNSPECIFIED., .F., .F.,
 ( 4, 4 ),
 ( 4.000000000000000000, 5.000000000000000000 ),
 .UNSPECIFIED. ) ;
#9428 = COLOUR_RGB ( '',1.000000000000000000, 1.000000000000000000, 1.000000000000000000 ) ;
#9429 = CARTESIAN_POINT ( 'NONE',  ( 2.058574480230774828, 1.319549473706508769, 0.7010000000000000675 ) ) ;
#9430 = CARTESIAN_POINT ( 'NONE',  ( 1.918747835644118327, 1.092549525416478540, 0.6999999999999999556 ) ) ;
#9431 = PRESENTATION_STYLE_ASSIGNMENT (( #3638 ) ) ;
#9432 =( NAMED_UNIT ( * ) SI_UNIT ( $, .STERADIAN. ) SOLID_ANGLE_UNIT ( ) );
#9433 = ADVANCED_FACE ( 'NONE', ( #3578 ), #4878, .F. ) ;
#9434 =( NAMED_UNIT ( * ) SI_UNIT ( $, .STERADIAN. ) SOLID_ANGLE_UNIT ( ) );
#9435 = EDGE_CURVE ( 'NONE', #9897, #9251, #5530, .T. ) ;
#9436 = STYLED_ITEM ( 'NONE', ( #5623 ), #6792 ) ;
#9437 = CARTESIAN_POINT ( 'NONE',  ( 2.645247486934169778, 1.061439968560242475, 0.7010000000000000675 ) ) ;
#9438 =( NAMED_UNIT ( * ) SI_UNIT ( $, .STERADIAN. ) SOLID_ANGLE_UNIT ( ) );
#9439 = ORIENTED_EDGE ( 'NONE', *, *, #4925, .F. ) ;
#9440 = VERTEX_POINT ( 'NONE', #3387 ) ;
#9441 = CARTESIAN_POINT ( 'NONE',  ( 2.197818860384403994, 1.338098754933535917, 0.7010000000000000675 ) ) ;
#9442 = CARTESIAN_POINT ( 'NONE',  ( 1.042252415736626636, 1.159202843469491429, 0.7010000000000000675 ) ) ;
#9443 = CARTESIAN_POINT ( 'NONE',  ( 2.622164861191624396, 1.124324527338406599, 0.7010000000000000675 ) ) ;
#9444 = EDGE_CURVE ( 'NONE', #10228, #2492, #3919, .T. ) ;
#9445 = LINE ( 'NONE', #887, #11864 ) ;
#9446 = CARTESIAN_POINT ( 'NONE',  ( 2.142378968285794105, 1.463535149958128612, 0.7010000000000000675 ) ) ;
#9447 = SURFACE_STYLE_USAGE ( .BOTH. , #2877 ) ;
#9448 = DIRECTION ( 'NONE',  ( 0.0000000000000000000, -1.000000000000000000, 0.0000000000000000000 ) ) ;
#9449 = FACE_OUTER_BOUND ( 'NONE', #9670, .T. ) ;
#9450 = FILL_AREA_STYLE_COLOUR ( '', #3569 ) ;
#9451 = EDGE_LOOP ( 'NONE', ( #3616, #8782, #7834, #4097 ) ) ;
#9452 =( LENGTH_UNIT ( ) NAMED_UNIT ( * ) SI_UNIT ( .MILLI., .METRE. ) );
#9453 = ORIENTED_EDGE ( 'NONE', *, *, #2416, .T. ) ;
#9454 = ORIENTED_EDGE ( 'NONE', *, *, #4168, .T. ) ;
#9455 =( NAMED_UNIT ( * ) PLANE_ANGLE_UNIT ( ) SI_UNIT ( $, .RADIAN. ) );
#9456 = DIRECTION ( 'NONE',  ( -0.0000000000000000000, 1.000000000000000000, -0.0000000000000000000 ) ) ;
#9457 = PRESENTATION_STYLE_ASSIGNMENT (( #838 ) ) ;
#9458 = ORIENTED_EDGE ( 'NONE', *, *, #11254, .T. ) ;
#9459 = SURFACE_SIDE_STYLE ('',( #3606 ) ) ;
#9460 = DIRECTION ( 'NONE',  ( -0.0000000000000000000, -0.0000000000000000000, -1.000000000000000000 ) ) ;
#9461 = CARTESIAN_POINT ( 'NONE',  ( 2.137762443137059876, 1.392831611648191581, 0.6999999999999999556 ) ) ;
#9462 = ORIENTED_EDGE ( 'NONE', *, *, #1762, .F. ) ;
#9463 = LINE ( 'NONE', #3849, #5358 ) ;
#9464 = UNCERTAINTY_MEASURE_WITH_UNIT (LENGTH_MEASURE( 1.000000000000000082E-05 ), #9851, 'distance_accuracy_value', 'NONE');
#9465 = PRESENTATION_STYLE_ASSIGNMENT (( #11514 ) ) ;
#9466 = CARTESIAN_POINT ( 'NONE',  ( 2.349831467749714964, 1.061439968560242475, 0.7010000000000000675 ) ) ;
#9467 = ORIENTED_EDGE ( 'NONE', *, *, #11003, .F. ) ;
#9468 = STYLED_ITEM ( 'NONE', ( #5128 ), #6816 ) ;
#9469 = PRESENTATION_STYLE_ASSIGNMENT (( #5693 ) ) ;
#9470 = UNCERTAINTY_MEASURE_WITH_UNIT (LENGTH_MEASURE( 1.000000000000000082E-05 ), #5485, 'distance_accuracy_value', 'NONE');
#9471 = VERTEX_POINT ( 'NONE', #7165 ) ;
#9472 = CARTESIAN_POINT ( 'NONE',  ( 2.185424946020503079, 1.082900571952965185, 0.7010000000000000675 ) ) ;
#9473 = CARTESIAN_POINT ( 'NONE',  ( 2.262325441512390789, 1.224141287305309023, 0.7010000000000000675 ) ) ;
#9474 =( NAMED_UNIT ( * ) PLANE_ANGLE_UNIT ( ) SI_UNIT ( $, .RADIAN. ) );
#9475 = B_SPLINE_SURFACE_WITH_KNOTS ( 'NONE', 3, 1, ( 
 ( #7016, #3359 ),
 ( #2538, #10147 ),
 ( #7202, #5389 ),
 ( #9223, #4462 ) ),
 .UNSPECIFIED., .F., .F., .F.,
 ( 4, 4 ),
 ( 2, 2 ),
 ( 16.00000000000000000, 17.00000000000000000 ),
 ( 0.0000000000000000000, 1.000000000000000000 ),
 .UNSPECIFIED. ) ;
#9476 =( LENGTH_UNIT ( ) NAMED_UNIT ( * ) SI_UNIT ( .MILLI., .METRE. ) );
#9477 = ORIENTED_EDGE ( 'NONE', *, *, #1094, .T. ) ;
#9478 = CARTESIAN_POINT ( 'NONE',  ( 1.172969647131071547, 1.355857098667944793, 0.6999999999999999556 ) ) ;
#9479 = PRESENTATION_STYLE_ASSIGNMENT (( #866 ) ) ;
#9480 = DIRECTION ( 'NONE',  ( 0.0000000000000000000, 1.000000000000000000, -0.0000000000000000000 ) ) ;
#9481 = ORIENTED_EDGE ( 'NONE', *, *, #5587, .T. ) ;
#9482 = CARTESIAN_POINT ( 'NONE',  ( 1.948750050319564497, 1.177612120550057151, 0.6999999999999999556 ) ) ;
#9483 = EDGE_CURVE ( 'NONE', #6399, #6332, #6581, .T. ) ;
#9484 = DIRECTION ( 'NONE',  ( 1.000000000000000000, 0.0000000000000000000, 0.0000000000000000000 ) ) ;
#9485 = FILL_AREA_STYLE ('',( #5771 ) ) ;
#9486 = CARTESIAN_POINT ( 'NONE',  ( 1.526947288835968530, 1.060875693806251796, 0.7010000000000000675 ) ) ;
#9487 = CARTESIAN_POINT ( 'NONE',  ( 2.341513404418675393, 1.319549473706508769, 0.7010000000000000675 ) ) ;
#9488 = PRESENTATION_LAYER_ASSIGNMENT (  '', '', ( #2509 ) ) ;
#9489 = STYLED_ITEM ( 'NONE', ( #247 ), #7823 ) ;
#9490 = CARTESIAN_POINT ( 'NONE',  ( 2.513031870295155290, 1.144870143764706194, 0.6999999999999999556 ) ) ;
#9491 = CARTESIAN_POINT ( 'NONE',  ( 2.026009262291685431, 1.326287105004327449, 0.6999999999999999556 ) ) ;
#9492 = FILL_AREA_STYLE_COLOUR ( '', #2215 ) ;
#9493 = EDGE_CURVE ( 'NONE', #12040, #9194, #11293, .T. ) ;
#9494 = EDGE_CURVE ( 'NONE', #9010, #4927, #8499, .T. ) ;
#9495 = FILL_AREA_STYLE ('',( #5476 ) ) ;
#9496 = VERTEX_POINT ( 'NONE', #2810 ) ;
#9497 =( NAMED_UNIT ( * ) SI_UNIT ( $, .STERADIAN. ) SOLID_ANGLE_UNIT ( ) );
#9498 = VECTOR ( 'NONE', #8948, 1000.000000000000000 ) ;
#9499 =( LENGTH_UNIT ( ) NAMED_UNIT ( * ) SI_UNIT ( .MILLI., .METRE. ) );
#9500 = CARTESIAN_POINT ( 'NONE',  ( -3.249999999999998668, -2.000000000000000000, 0.6999999999999999556 ) ) ;
#9501 = FACE_OUTER_BOUND ( 'NONE', #1882, .T. ) ;
#9502 = MECHANICAL_DESIGN_GEOMETRIC_PRESENTATION_REPRESENTATION (  '', ( #1137 ), #930 ) ;
#9503 = PRESENTATION_STYLE_ASSIGNMENT (( #9447 ) ) ;
#9504 = FACE_OUTER_BOUND ( 'NONE', #10880, .T. ) ;
#9505 = UNCERTAINTY_MEASURE_WITH_UNIT (LENGTH_MEASURE( 1.000000000000000082E-05 ), #10661, 'distance_accuracy_value', 'NONE');
#9506 = PLANE ( 'NONE',  #916 ) ;
#9507 = MECHANICAL_DESIGN_GEOMETRIC_PRESENTATION_REPRESENTATION (  '', ( #7296 ), #6265 ) ;
#9508 = FILL_AREA_STYLE ('',( #9450 ) ) ;
#9509 = MECHANICAL_DESIGN_GEOMETRIC_PRESENTATION_REPRESENTATION (  '', ( #8308 ), #4309 ) ;
#9510 = ORIENTED_EDGE ( 'NONE', *, *, #2762, .F. ) ;
#9511 =( GEOMETRIC_REPRESENTATION_CONTEXT ( 3 ) GLOBAL_UNCERTAINTY_ASSIGNED_CONTEXT ( ( #11338 ) ) GLOBAL_UNIT_ASSIGNED_CONTEXT ( ( #4334, #9088, #3288 ) ) REPRESENTATION_CONTEXT ( 'NONE', 'WORKASPACE' ) );
#9512 = ADVANCED_FACE ( 'NONE', ( #1952 ), #1814, .F. ) ;
#9513 = VECTOR ( 'NONE', #6291, 1000.000000000000000 ) ;
#9514 = CARTESIAN_POINT ( 'NONE',  ( 1.563964569228308843, 1.374365672672346106, 0.7010000000000000675 ) ) ;
#9515 = ORIENTED_EDGE ( 'NONE', *, *, #2859, .T. ) ;
#9516 = VERTEX_POINT ( 'NONE', #937 ) ;
#9517 = FACE_OUTER_BOUND ( 'NONE', #4137, .T. ) ;
#9518 =( NAMED_UNIT ( * ) PLANE_ANGLE_UNIT ( ) SI_UNIT ( $, .RADIAN. ) );
#9519 = DIRECTION ( 'NONE',  ( -1.000000000000000000, 0.0000000000000000000, 0.0000000000000000000 ) ) ;
#9520 = ORIENTED_EDGE ( 'NONE', *, *, #5117, .F. ) ;
#9521 =( GEOMETRIC_REPRESENTATION_CONTEXT ( 3 ) GLOBAL_UNCERTAINTY_ASSIGNED_CONTEXT ( ( #8706 ) ) GLOBAL_UNIT_ASSIGNED_CONTEXT ( ( #11814, #11701, #3178 ) ) REPRESENTATION_CONTEXT ( 'NONE', 'WORKASPACE' ) );
#9522 = SURFACE_STYLE_FILL_AREA ( #5681 ) ;
#9523 = MECHANICAL_DESIGN_GEOMETRIC_PRESENTATION_REPRESENTATION (  '', ( #4318 ), #1547 ) ;
#9524 = CARTESIAN_POINT ( 'NONE',  ( 1.190321493177406875, 1.345445995451615806, 0.6999999999999999556 ) ) ;
#9525 = CARTESIAN_POINT ( 'NONE',  ( 2.451644562914782721, 1.224141287305309023, 0.7010000000000000675 ) ) ;
#9526 = AXIS2_PLACEMENT_3D ( 'NONE', #10823, #2243, #1233 ) ;
#9527 = COLOUR_RGB ( '',1.000000000000000000, 1.000000000000000000, 1.000000000000000000 ) ;
#9528 = ORIENTED_EDGE ( 'NONE', *, *, #9118, .T. ) ;
#9529 = MECHANICAL_DESIGN_GEOMETRIC_PRESENTATION_REPRESENTATION (  '', ( #7716 ), #9913 ) ;
#9530 = CARTESIAN_POINT ( 'NONE',  ( 1.832739060806250597, 1.153354568362160437, 0.7010000000000000675 ) ) ;
#9531 = PRESENTATION_STYLE_ASSIGNMENT (( #4027 ) ) ;
#9532 = EDGE_LOOP ( 'NONE', ( #10624, #11056, #11774, #133 ) ) ;
#9533 = FILL_AREA_STYLE ('',( #8603 ) ) ;
#9534 = EDGE_CURVE ( 'NONE', #2625, #274, #3691, .T. ) ;
#9535 =( NAMED_UNIT ( * ) SI_UNIT ( $, .STERADIAN. ) SOLID_ANGLE_UNIT ( ) );
#9536 = STYLED_ITEM ( 'NONE', ( #6797 ), #11460 ) ;
#9537 = ORIENTED_EDGE ( 'NONE', *, *, #2581, .F. ) ;
#9538 = ORIENTED_EDGE ( 'NONE', *, *, #2097, .F. ) ;
#9539 = CARTESIAN_POINT ( 'NONE',  ( 2.074877884358346414, 1.131311700535857057, 0.6999999999999999556 ) ) ;
#9540 = DIRECTION ( 'NONE',  ( -0.0000000000000000000, -1.000000000000000000, -0.0000000000000000000 ) ) ;
#9541 = SURFACE_SIDE_STYLE ('',( #2792 ) ) ;
#9542 = LINE ( 'NONE', #11401, #9912 ) ;
#9543 =( NAMED_UNIT ( * ) SI_UNIT ( $, .STERADIAN. ) SOLID_ANGLE_UNIT ( ) );
#9544 = ORIENTED_EDGE ( 'NONE', *, *, #5525, .T. ) ;
#9545 = AXIS2_PLACEMENT_3D ( 'NONE', #2915, #1682, #12136 ) ;
#9546 = LINE ( 'NONE', #6626, #4172 ) ;
#9547 = B_SPLINE_CURVE_WITH_KNOTS ( 'NONE', 3,
 ( #6209, #7362, #5365, #3527 ),
 .UNSPECIFIED., .F., .F.,
 ( 4, 4 ),
 ( 6.000000000000000000, 7.000000000000000000 ),
 .UNSPECIFIED. ) ;
#9548 =( LENGTH_UNIT ( ) NAMED_UNIT ( * ) SI_UNIT ( .MILLI., .METRE. ) );
#9549 = ORIENTED_EDGE ( 'NONE', *, *, #7197, .F. ) ;
#9550 = SURFACE_STYLE_FILL_AREA ( #5710 ) ;
#9551 = CARTESIAN_POINT ( 'NONE',  ( 2.490947412151131246, 1.144287879332228863, 0.6999999999999999556 ) ) ;
#9552 = CARTESIAN_POINT ( 'NONE',  ( 1.082740056512518256, 1.140694203274155383, 0.6999999999999999556 ) ) ;
#9553 = CARTESIAN_POINT ( 'NONE',  ( 2.005765175660776389, 1.319175160856368212, 0.7010000000000000675 ) ) ;
#9554 = DIRECTION ( 'NONE',  ( -0.0000000000000000000, -0.0000000000000000000, -1.000000000000000000 ) ) ;
#9555 = FILL_AREA_STYLE_COLOUR ( '', #5903 ) ;
#9556 = LINE ( 'NONE', #7737, #9077 ) ;
#9557 = LINE ( 'NONE', #5719, #2026 ) ;
#9558 = CARTESIAN_POINT ( 'NONE',  ( 2.079577590140282872, 1.411464073508428951, 0.7010000000000000675 ) ) ;
#9559 = CARTESIAN_POINT ( 'NONE',  ( 2.363805814144614992, 1.382434032485780895, 0.7010000000000000675 ) ) ;
#9560 = AXIS2_PLACEMENT_3D ( 'NONE', #8922, #4098, #4963 ) ;
#9561 = FACE_OUTER_BOUND ( 'NONE', #1412, .T. ) ;
#9562 = ORIENTED_EDGE ( 'NONE', *, *, #1403, .F. ) ;
#9563 = VECTOR ( 'NONE', #2027, 1000.000000000000000 ) ;
#9564 = FACE_OUTER_BOUND ( 'NONE', #8273, .T. ) ;
#9565 = ADVANCED_FACE ( 'NONE', ( #108, #6780 ), #875, .F. ) ;
#9566 = FILL_AREA_STYLE_COLOUR ( '', #11633 ) ;
#9567 = EDGE_CURVE ( 'NONE', #34, #5046, #8045, .T. ) ;
#9568 = VECTOR ( 'NONE', #3287, 1000.000000000000000 ) ;
#9569 = SURFACE_SIDE_STYLE ('',( #5669 ) ) ;
#9570 = FILL_AREA_STYLE_COLOUR ( '', #2556 ) ;
#9571 = VERTEX_POINT ( 'NONE', #3250 ) ;
#9572 = SURFACE_SIDE_STYLE ('',( #5735 ) ) ;
#9573 = EDGE_LOOP ( 'NONE', ( #2844, #3624, #10056, #9021 ) ) ;
#9574 = B_SPLINE_SURFACE_WITH_KNOTS ( 'NONE', 3, 1, ( 
 ( #1594, #5316 ),
 ( #5374, #581 ),
 ( #3275, #5548 ),
 ( #8396, #11318 ) ),
 .UNSPECIFIED., .F., .F., .F.,
 ( 4, 4 ),
 ( 2, 2 ),
 ( 4.000000000000000000, 5.000000000000000000 ),
 ( 0.0000000000000000000, 1.000000000000000000 ),
 .UNSPECIFIED. ) ;
#9575 = ORIENTED_EDGE ( 'NONE', *, *, #1263, .F. ) ;
#9576 = CARTESIAN_POINT ( 'NONE',  ( 2.112641891879190492, 1.175147894287726480, 0.6999999999999999556 ) ) ;
#9577 = MECHANICAL_DESIGN_GEOMETRIC_PRESENTATION_REPRESENTATION (  '', ( #5366 ), #8387 ) ;
#9578 =( NAMED_UNIT ( * ) PLANE_ANGLE_UNIT ( ) SI_UNIT ( $, .RADIAN. ) );
#9579 = VECTOR ( 'NONE', #5773, 1000.000000000000000 ) ;
#9580 = ORIENTED_EDGE ( 'NONE', *, *, #4858, .T. ) ;
#9581 = CARTESIAN_POINT ( 'NONE',  ( 1.991738841369566249, 1.135304370935510176, 0.6999999999999999556 ) ) ;
#9582 = FILL_AREA_STYLE ('',( #12239 ) ) ;
#9583 = CARTESIAN_POINT ( 'NONE',  ( 2.269354205026444582, 1.448229913429640581, 0.7010000000000000675 ) ) ;
#9584 =( NAMED_UNIT ( * ) PLANE_ANGLE_UNIT ( ) SI_UNIT ( $, .RADIAN. ) );
#9585 = EDGE_CURVE ( 'NONE', #5305, #1738, #7933, .T. ) ;
#9586 = MECHANICAL_DESIGN_GEOMETRIC_PRESENTATION_REPRESENTATION (  '', ( #11176 ), #7986 ) ;
#9587 = EDGE_CURVE ( 'NONE', #12174, #2656, #8385, .T. ) ;
#9588 = EDGE_LOOP ( 'NONE', ( #7049, #3892, #5000, #112 ) ) ;
#9589 = ADVANCED_FACE ( 'NONE', ( #7090 ), #11158, .F. ) ;
#9590 = CARTESIAN_POINT ( 'NONE',  ( 1.944824964185577043, 1.108936110176710343, 0.6999999999999999556 ) ) ;
#9591 = FILL_AREA_STYLE ('',( #4707 ) ) ;
#9592 = SURFACE_SIDE_STYLE ('',( #5749 ) ) ;
#9593 = EDGE_LOOP ( 'NONE', ( #5510, #9520 ) ) ;
#9594 =( LENGTH_UNIT ( ) NAMED_UNIT ( * ) SI_UNIT ( .MILLI., .METRE. ) );
#9595 = CARTESIAN_POINT ( 'NONE',  ( 1.428620161237295516, 1.078227539853696015, 0.6999999999999999556 ) ) ;
#9596 = ORIENTED_EDGE ( 'NONE', *, *, #1699, .F. ) ;
#9597 = FILL_AREA_STYLE_COLOUR ( '', #8220 ) ;
#9598 = VERTEX_POINT ( 'NONE', #7792 ) ;
#9599 = CARTESIAN_POINT ( 'NONE',  ( 2.284742622188141059, 1.342340967231710813, 0.6999999999999999556 ) ) ;
#9600 = CARTESIAN_POINT ( 'NONE',  ( 1.904191224815638073, 1.397822449646370480, 0.7010000000000000675 ) ) ;
#9601 = CARTESIAN_POINT ( 'NONE',  ( 3.250000000000000444, 2.000000000000000888, 0.6999999999999999556 ) ) ;
#9602 = EDGE_CURVE ( 'NONE', #9598, #1690, #2137, .T. ) ;
#9603 = SURFACE_SIDE_STYLE ('',( #2239 ) ) ;
#9604 = ORIENTED_EDGE ( 'NONE', *, *, #125, .F. ) ;
#9605 = DIRECTION ( 'NONE',  ( -1.000000000000000000, -0.0000000000000000000, -0.0000000000000000000 ) ) ;
#9606 = FILL_AREA_STYLE ('',( #9830 ) ) ;
#9607 = B_SPLINE_CURVE_WITH_KNOTS ( 'NONE', 3,
 ( #8228, #6244, #11097, #1558 ),
 .UNSPECIFIED., .F., .F.,
 ( 4, 4 ),
 ( 7.000000000000000000, 8.000000000000000000 ),
 .UNSPECIFIED. ) ;
#9608 = DIRECTION ( 'NONE',  ( -0.0000000000000000000, -0.0000000000000000000, -1.000000000000000000 ) ) ;
#9609 = FILL_AREA_STYLE ('',( #2186 ) ) ;
#9610 = ORIENTED_EDGE ( 'NONE', *, *, #5228, .F. ) ;
#9611 =( NAMED_UNIT ( * ) PLANE_ANGLE_UNIT ( ) SI_UNIT ( $, .RADIAN. ) );
#9612 = SURFACE_STYLE_USAGE ( .BOTH. , #2014 ) ;
#9613 = MECHANICAL_DESIGN_GEOMETRIC_PRESENTATION_REPRESENTATION (  '', ( #3242 ), #7615 ) ;
#9614 = PRESENTATION_LAYER_ASSIGNMENT (  '', '', ( #5784 ) ) ;
#9615 = SURFACE_STYLE_USAGE ( .BOTH. , #3062 ) ;
#9616 = LINE ( 'NONE', #2018, #2525 ) ;
#9617 = LINE ( 'NONE', #50, #11671 ) ;
#9618 = PRESENTATION_STYLE_ASSIGNMENT (( #4735 ) ) ;
#9619 = CARTESIAN_POINT ( 'NONE',  ( 1.904191224815638073, 1.424024349137641199, 0.7010000000000000675 ) ) ;
#9620 = COLOUR_RGB ( '',1.000000000000000000, 1.000000000000000000, 1.000000000000000000 ) ;
#9621 = DIRECTION ( 'NONE',  ( -1.000000000000000000, 0.0000000000000000000, 0.0000000000000000000 ) ) ;
#9622 = ORIENTED_EDGE ( 'NONE', *, *, #4239, .T. ) ;
#9623 = FILL_AREA_STYLE_COLOUR ( '', #10748 ) ;
#9624 = CARTESIAN_POINT ( 'NONE',  ( 1.939418223020783927, 1.094213138081801873, 0.7010000000000000675 ) ) ;
#9625 = B_SPLINE_CURVE_WITH_KNOTS ( 'NONE', 3,
 ( #12238, #1859, #1796, #4762 ),
 .UNSPECIFIED., .F., .F.,
 ( 4, 4 ),
 ( 6.000000000000000000, 7.000000000000000000 ),
 .UNSPECIFIED. ) ;
#9626 = FILL_AREA_STYLE_COLOUR ( '', #2993 ) ;
#9627 = LINE ( 'NONE', #4060, #11947 ) ;
#9628 = DIRECTION ( 'NONE',  ( -1.000000000000000000, 0.0000000000000000000, 0.0000000000000000000 ) ) ;
#9629 = ORIENTED_EDGE ( 'NONE', *, *, #8226, .T. ) ;
#9630 = COLOUR_RGB ( '',1.000000000000000000, 1.000000000000000000, 1.000000000000000000 ) ;
#9631 = PRESENTATION_LAYER_ASSIGNMENT (  '', '', ( #12191 ) ) ;
#9632 = PLANE ( 'NONE',  #12069 ) ;
#9633 = CARTESIAN_POINT ( 'NONE',  ( 2.560902324761062943, 1.105941607377797675, 0.6999999999999999556 ) ) ;
#9634 = CARTESIAN_POINT ( 'NONE',  ( 1.987455038754229797, 1.484995753350852210, 0.6999999999999999556 ) ) ;
#9635 = UNCERTAINTY_MEASURE_WITH_UNIT (LENGTH_MEASURE( 1.000000000000000082E-05 ), #8514, 'distance_accuracy_value', 'NONE');
#9636 = EDGE_CURVE ( 'NONE', #6157, #69, #8992, .T. ) ;
#9637 = UNCERTAINTY_MEASURE_WITH_UNIT (LENGTH_MEASURE( 1.000000000000000082E-05 ), #8880, 'distance_accuracy_value', 'NONE');
#9638 = VERTEX_POINT ( 'NONE', #6844 ) ;
#9639 = MECHANICAL_DESIGN_GEOMETRIC_PRESENTATION_REPRESENTATION (  '', ( #3468 ), #2264 ) ;
#9640 =( LENGTH_UNIT ( ) NAMED_UNIT ( * ) SI_UNIT ( .MILLI., .METRE. ) );
#9641 = EDGE_CURVE ( 'NONE', #2982, #9516, #5831, .T. ) ;
#9642 = VERTEX_POINT ( 'NONE', #11712 ) ;
#9643 = CARTESIAN_POINT ( 'NONE',  ( 1.943327712786121042, 1.447980371530009025, 0.6999999999999999556 ) ) ;
#9644 =( NAMED_UNIT ( * ) PLANE_ANGLE_UNIT ( ) SI_UNIT ( $, .RADIAN. ) );
#9645 = PLANE ( 'NONE',  #4424 ) ;
#9646 = EDGE_LOOP ( 'NONE', ( #4694, #11270, #1863, #4938 ) ) ;
#9647 = CARTESIAN_POINT ( 'NONE',  ( 1.307157238909066876, 1.036583126991704296, 0.7010000000000000675 ) ) ;
#9648 = LINE ( 'NONE', #4883, #3325 ) ;
#9649 = LINE ( 'NONE', #4022, #11306 ) ;
#9650 = VERTEX_POINT ( 'NONE', #9746 ) ;
#9651 = B_SPLINE_CURVE_WITH_KNOTS ( 'NONE', 3,
 ( #7909, #2423, #8982, #4102 ),
 .UNSPECIFIED., .F., .F.,
 ( 4, 4 ),
 ( 12.00000000000000000, 13.00000000000000000 ),
 .UNSPECIFIED. ) ;
#9652 = PRESENTATION_STYLE_ASSIGNMENT (( #8720 ) ) ;
#9653 = SURFACE_SIDE_STYLE ('',( #3090 ) ) ;
#9654 = ORIENTED_EDGE ( 'NONE', *, *, #2479, .F. ) ;
#9655 = LINE ( 'NONE', #8476, #7881 ) ;
#9656 = CARTESIAN_POINT ( 'NONE',  ( 2.052918197165804592, 1.171072043255974915, 0.7010000000000000675 ) ) ;
#9657 = ADVANCED_FACE ( 'NONE', ( #1187 ), #11459, .F. ) ;
#9658 = ORIENTED_EDGE ( 'NONE', *, *, #3119, .T. ) ;
#9659 = SURFACE_SIDE_STYLE ('',( #87 ) ) ;
#9660 = ORIENTED_EDGE ( 'NONE', *, *, #6573, .T. ) ;
#9661 = EDGE_CURVE ( 'NONE', #328, #315, #9104, .T. ) ;
#9662 = CARTESIAN_POINT ( 'NONE',  ( 1.501497905808405031, 1.465752062954798651, 0.7010000000000000675 ) ) ;
#9663 = PRODUCT_RELATED_PRODUCT_CATEGORY ( 'part', '', ( #5761 ) ) ;
#9664 = CARTESIAN_POINT ( 'NONE',  ( 2.012118096529444955, 1.136219357900824400, 0.6999999999999999556 ) ) ;
#9665 = LINE ( 'NONE', #4901, #1758 ) ;
#9666 = VERTEX_POINT ( 'NONE', #7399 ) ;
#9667 = CARTESIAN_POINT ( 'NONE',  ( 1.081583229266936730, 1.063189282105363676, 0.7010000000000000675 ) ) ;
#9668 = MECHANICAL_DESIGN_GEOMETRIC_PRESENTATION_REPRESENTATION (  '', ( #7055 ), #4271 ) ;
#9669 = CARTESIAN_POINT ( 'NONE',  ( 2.128820525056945190, 1.177643313287374705, 0.6999999999999999556 ) ) ;
#9670 = EDGE_LOOP ( 'NONE', ( #7525, #6512, #119, #2284 ) ) ;
#9671 = DIRECTION ( 'NONE',  ( -0.0000000000000000000, -0.0000000000000000000, -1.000000000000000000 ) ) ;
#9672 = LINE ( 'NONE', #1944, #609 ) ;
#9673 = ADVANCED_FACE ( 'NONE', ( #8283 ), #11258, .F. ) ;
#9674 = SURFACE_STYLE_FILL_AREA ( #2805 ) ;
#9675 = PRESENTATION_LAYER_ASSIGNMENT (  '', '', ( #7055 ) ) ;
#9676 = CARTESIAN_POINT ( 'NONE',  ( 2.079577590140282872, 1.392831611648191581, 0.6999999999999999556 ) ) ;
#9677 = LINE ( 'NONE', #1371, #12275 ) ;
#9678 = SURFACE_STYLE_FILL_AREA ( #5830 ) ;
#9679 =( NAMED_UNIT ( * ) SI_UNIT ( $, .STERADIAN. ) SOLID_ANGLE_UNIT ( ) );
#9680 = ORIENTED_EDGE ( 'NONE', *, *, #11425, .F. ) ;
#9681 = CARTESIAN_POINT ( 'NONE',  ( 2.112641891879190492, 1.155350903561436215, 0.7010000000000000675 ) ) ;
#9682 = DIRECTION ( 'NONE',  ( -0.3409177962187308619, -0.9400931103999029537, -0.0000000000000000000 ) ) ;
#9683 = FACE_OUTER_BOUND ( 'NONE', #7720, .T. ) ;
#9684 = CARTESIAN_POINT ( 'NONE',  ( 2.026009262291685431, 1.346416818264573267, 0.7010000000000000675 ) ) ;
#9685 = UNCERTAINTY_MEASURE_WITH_UNIT (LENGTH_MEASURE( 1.000000000000000082E-05 ), #11019, 'distance_accuracy_value', 'NONE');
#9686 = ADVANCED_FACE ( 'NONE', ( #6133 ), #5653, .T. ) ;
#9687 = ORIENTED_EDGE ( 'NONE', *, *, #1945, .T. ) ;
#9688 =( NAMED_UNIT ( * ) SI_UNIT ( $, .STERADIAN. ) SOLID_ANGLE_UNIT ( ) );
#9689 = COLOUR_RGB ( '',1.000000000000000000, 1.000000000000000000, 1.000000000000000000 ) ;
#9690 = PRESENTATION_LAYER_ASSIGNMENT (  '', '', ( #9876 ) ) ;
#9691 = MECHANICAL_DESIGN_GEOMETRIC_PRESENTATION_REPRESENTATION (  '', ( #1933 ), #10467 ) ;
#9692 = CARTESIAN_POINT ( 'NONE',  ( 2.591887110667488336, 1.191950382216223403, 0.6999999999999999556 ) ) ;
#9693 = CARTESIAN_POINT ( 'NONE',  ( -3.249999999999998668, -2.000000000000000000, 0.6999999999999999556 ) ) ;
#9694 =( NAMED_UNIT ( * ) SI_UNIT ( $, .STERADIAN. ) SOLID_ANGLE_UNIT ( ) );
#9695 = LINE ( 'NONE', #6024, #3174 ) ;
#9696 = UNCERTAINTY_MEASURE_WITH_UNIT (LENGTH_MEASURE( 1.000000000000000082E-05 ), #3751, 'distance_accuracy_value', 'NONE');
#9697 = STYLED_ITEM ( 'NONE', ( #6385 ), #3872 ) ;
#9698 = AXIS2_PLACEMENT_3D ( 'NONE', #8510, #6528, #3950 ) ;
#9699 = CARTESIAN_POINT ( 'NONE',  ( 2.349831467749714964, 1.079989249787272731, 0.7010000000000000675 ) ) ;
#9700 = EDGE_LOOP ( 'NONE', ( #2098, #3672, #10195, #4320 ) ) ;
#9701 = DIRECTION ( 'NONE',  ( -0.9910683662997868959, -0.1333547648937652985, 0.0000000000000000000 ) ) ;
#9702 = LINE ( 'NONE', #11, #238 ) ;
#9703 = PRESENTATION_LAYER_ASSIGNMENT (  '', '', ( #11487 ) ) ;
#9704 = DIRECTION ( 'NONE',  ( 0.0000000000000000000, -1.000000000000000000, 0.0000000000000000000 ) ) ;
#9705 = VERTEX_POINT ( 'NONE', #1878 ) ;
#9706 = FACE_OUTER_BOUND ( 'NONE', #2601, .T. ) ;
#9707 = FACE_OUTER_BOUND ( 'NONE', #8709, .T. ) ;
#9708 = PRESENTATION_LAYER_ASSIGNMENT (  '', '', ( #1532 ) ) ;
#9709 = MECHANICAL_DESIGN_GEOMETRIC_PRESENTATION_REPRESENTATION (  '', ( #2334 ), #4716 ) ;
#9710 = PRESENTATION_STYLE_ASSIGNMENT (( #3902 ) ) ;
#9711 = EDGE_LOOP ( 'NONE', ( #447, #1977, #8310, #6364 ) ) ;
#9712 = CARTESIAN_POINT ( 'NONE',  ( 1.307157238909066876, 1.100206562497149543, 0.6999999999999999556 ) ) ;
#9713 = PRESENTATION_LAYER_ASSIGNMENT (  '', '', ( #7508 ) ) ;
#9714 = ORIENTED_EDGE ( 'NONE', *, *, #8106, .F. ) ;
#9715 = CARTESIAN_POINT ( 'NONE',  ( 1.462167081245532740, 1.060875693806251796, 0.6999999999999999556 ) ) ;
#9716 = UNCERTAINTY_MEASURE_WITH_UNIT (LENGTH_MEASURE( 1.000000000000000082E-05 ), #7931, 'distance_accuracy_value', 'NONE');
#9717 = ORIENTED_EDGE ( 'NONE', *, *, #5827, .T. ) ;
#9718 = VECTOR ( 'NONE', #5405, 1000.000000000000000 ) ;
#9719 = ORIENTED_EDGE ( 'NONE', *, *, #5348, .F. ) ;
#9720 = MECHANICAL_DESIGN_GEOMETRIC_PRESENTATION_REPRESENTATION (  '', ( #11068 ), #7276 ) ;
#9721 = FILL_AREA_STYLE_COLOUR ( '', #9801 ) ;
#9722 = ORIENTED_EDGE ( 'NONE', *, *, #5237, .T. ) ;
#9723 = COLOUR_RGB ( '',1.000000000000000000, 1.000000000000000000, 1.000000000000000000 ) ;
#9724 = EDGE_CURVE ( 'NONE', #8665, #9270, #864, .T. ) ;
#9725 =( NAMED_UNIT ( * ) SI_UNIT ( $, .STERADIAN. ) SOLID_ANGLE_UNIT ( ) );
#9726 =( NAMED_UNIT ( * ) SI_UNIT ( $, .STERADIAN. ) SOLID_ANGLE_UNIT ( ) );
#9727 = STYLED_ITEM ( 'NONE', ( #2179 ), #386 ) ;
#9728 =( NAMED_UNIT ( * ) PLANE_ANGLE_UNIT ( ) SI_UNIT ( $, .RADIAN. ) );
#9729 = CARTESIAN_POINT ( 'NONE',  ( 1.945324047985389271, 1.080654694852952069, 0.6999999999999999556 ) ) ;
#9730 = VERTEX_POINT ( 'NONE', #12259 ) ;
#9731 = PLANE ( 'NONE',  #4964 ) ;
#9732 = EDGE_CURVE ( 'NONE', #10332, #4726, #9546, .T. ) ;
#9733 = DIRECTION ( 'NONE',  ( -0.0000000000000000000, -0.0000000000000000000, -1.000000000000000000 ) ) ;
#9734 = STYLED_ITEM ( 'NONE', ( #8130 ), #11330 ) ;
#9735 = EDGE_LOOP ( 'NONE', ( #1873, #4335, #6990, #7645 ) ) ;
#9736 = SURFACE_SIDE_STYLE ('',( #11585 ) ) ;
#9737 =( GEOMETRIC_REPRESENTATION_CONTEXT ( 3 ) GLOBAL_UNCERTAINTY_ASSIGNED_CONTEXT ( ( #2881 ) ) GLOBAL_UNIT_ASSIGNED_CONTEXT ( ( #1991, #6614, #8663 ) ) REPRESENTATION_CONTEXT ( 'NONE', 'WORKASPACE' ) );
#9738 = FILL_AREA_STYLE ('',( #5885 ) ) ;
#9739 = CARTESIAN_POINT ( 'NONE',  ( 1.954765049865329507, 1.460041563358848826, 0.6999999999999999556 ) ) ;
#9740 =( LENGTH_UNIT ( ) NAMED_UNIT ( * ) SI_UNIT ( .MILLI., .METRE. ) );
#9741 = CARTESIAN_POINT ( 'NONE',  ( 1.964538774278659528, 1.116089644641684142, 0.7010000000000000675 ) ) ;
#9742 = STYLED_ITEM ( 'NONE', ( #3186 ), #11767 ) ;
#9743 = STYLED_ITEM ( 'NONE', ( #3967 ), #10853 ) ;
#9744 = CARTESIAN_POINT ( 'NONE',  ( 1.948443321734113720, 1.112429696775983468, 0.6999999999999999556 ) ) ;
#9745 = CARTESIAN_POINT ( 'NONE',  ( 1.190321493177406875, 1.345445995451615806, 0.7010000000000000675 ) ) ;
#9746 = CARTESIAN_POINT ( 'NONE',  ( 1.991198167253144025, 1.079406985353685622, 0.7010000000000000675 ) ) ;
#9747 = SURFACE_SIDE_STYLE ('',( #7670 ) ) ;
#9748 = EDGE_CURVE ( 'NONE', #3332, #10508, #4657, .T. ) ;
#9749 = DIRECTION ( 'NONE',  ( -1.000000000000000000, -0.0000000000000000000, 0.0000000000000000000 ) ) ;
#9750 = LINE ( 'NONE', #9855, #2326 ) ;
#9751 = ADVANCED_FACE ( 'NONE', ( #96 ), #8483, .F. ) ;
#9752 = ORIENTED_EDGE ( 'NONE', *, *, #6799, .F. ) ;
#9753 = CARTESIAN_POINT ( 'NONE',  ( 1.991738841369566249, 1.154269555328584662, 0.7010000000000000675 ) ) ;
#9754 = B_SPLINE_CURVE_WITH_KNOTS ( 'NONE', 3,
 ( #12162, #3702, #5609, #7555 ),
 .UNSPECIFIED., .F., .F.,
 ( 4, 4 ),
 ( 4.000000000000000000, 5.000000000000000000 ),
 .UNSPECIFIED. ) ;
#9755 = SURFACE_SIDE_STYLE ('',( #5962 ) ) ;
#9756 = FILL_AREA_STYLE_COLOUR ( '', #12354 ) ;
#9757 = EDGE_CURVE ( 'NONE', #1854, #10074, #2674, .T. ) ;
#9758 = CARTESIAN_POINT ( 'NONE',  ( 1.166028882235386144, 1.144164519529113244, 0.6999999999999999556 ) ) ;
#9759 = B_SPLINE_SURFACE_WITH_KNOTS ( 'NONE', 3, 1, ( 
 ( #6319, #736 ),
 ( #5353, #12273 ),
 ( #1572, #4666 ),
 ( #3752, #8296 ) ),
 .UNSPECIFIED., .F., .F., .F.,
 ( 4, 4 ),
 ( 2, 2 ),
 ( 2.000000000000000000, 3.000000000000000000 ),
 ( 0.0000000000000000000, 1.000000000000000000 ),
 .UNSPECIFIED. ) ;
#9760 = VECTOR ( 'NONE', #1373, 1000.000000000000000 ) ;
#9761 = CARTESIAN_POINT ( 'NONE',  ( 2.950000000000001510, 1.700000000000001066, -0.1000000000000000056 ) ) ;
#9762 = UNCERTAINTY_MEASURE_WITH_UNIT (LENGTH_MEASURE( 1.000000000000000082E-05 ), #5967, 'distance_accuracy_value', 'NONE');
#9763 = SURFACE_STYLE_USAGE ( .BOTH. , #6858 ) ;
#9764 = EDGE_LOOP ( 'NONE', ( #11973, #193, #7186, #8031 ) ) ;
#9765 = VERTEX_POINT ( 'NONE', #12336 ) ;
#9766 = VECTOR ( 'NONE', #1990, 1000.000000000000000 ) ;
#9767 =( LENGTH_UNIT ( ) NAMED_UNIT ( * ) SI_UNIT ( .MILLI., .METRE. ) );
#9768 =( NAMED_UNIT ( * ) SI_UNIT ( $, .STERADIAN. ) SOLID_ANGLE_UNIT ( ) );
#9769 = UNCERTAINTY_MEASURE_WITH_UNIT (LENGTH_MEASURE( 1.000000000000000082E-05 ), #4113, 'distance_accuracy_value', 'NONE');
#9770 = FILL_AREA_STYLE ('',( #141 ) ) ;
#9771 = EDGE_LOOP ( 'NONE', ( #1974, #7992, #8189, #7434 ) ) ;
#9772 = CARTESIAN_POINT ( 'NONE',  ( 1.145206675804391949, 1.073600319128541480, 0.7010000000000000675 ) ) ;
#9773 = CARTESIAN_POINT ( 'NONE',  ( 1.307157238909066876, 1.036583126991704296, 0.6999999999999999556 ) ) ;
#9774 = VERTEX_POINT ( 'NONE', #7597 ) ;
#9775 = LINE ( 'NONE', #515, #12165 ) ;
#9776 = VERTEX_POINT ( 'NONE', #11403 ) ;
#9777 = PRESENTATION_STYLE_ASSIGNMENT (( #8851 ) ) ;
#9778 = SURFACE_STYLE_FILL_AREA ( #5931 ) ;
#9779 = B_SPLINE_CURVE_WITH_KNOTS ( 'NONE', 3,
 ( #12127, #6367, #12066, #781 ),
 .UNSPECIFIED., .F., .F.,
 ( 4, 4 ),
 ( 3.000000000000000000, 4.000000000000000000 ),
 .UNSPECIFIED. ) ;
#9780 = ORIENTED_EDGE ( 'NONE', *, *, #11241, .F. ) ;
#9781 = VECTOR ( 'NONE', #3633, 1000.000000000000000 ) ;
#9782 = CARTESIAN_POINT ( 'NONE',  ( 1.464480625416062498, 1.132596622164890876, 0.6999999999999999556 ) ) ;
#9783 = SURFACE_STYLE_FILL_AREA ( #1172 ) ;
#9784 = CARTESIAN_POINT ( 'NONE',  ( 0.0000000000000000000, 0.0000000000000000000, 0.6999999999999999556 ) ) ;
#9785 = ORIENTED_EDGE ( 'NONE', *, *, #7039, .T. ) ;
#9786 = FACE_OUTER_BOUND ( 'NONE', #6540, .T. ) ;
#9787 = PRESENTATION_STYLE_ASSIGNMENT (( #5767 ) ) ;
#9788 = ORIENTED_EDGE ( 'NONE', *, *, #2196, .T. ) ;
#9789 = CARTESIAN_POINT ( 'NONE',  ( 2.076541497024772198, 1.163752147525683123, 0.7010000000000000675 ) ) ;
#9790 = EDGE_CURVE ( 'NONE', #66, #7203, #1048, .T. ) ;
#9791 = CARTESIAN_POINT ( 'NONE',  ( 2.197818860384403994, 1.338098754933535917, 0.7010000000000000675 ) ) ;
#9792 = VECTOR ( 'NONE', #8928, 1000.000000000000000 ) ;
#9793 = SURFACE_STYLE_USAGE ( .BOTH. , #8742 ) ;
#9794 = FACE_OUTER_BOUND ( 'NONE', #6002, .T. ) ;
#9795 = EDGE_CURVE ( 'NONE', #2045, #1775, #790, .T. ) ;
#9796 = CARTESIAN_POINT ( 'NONE',  ( 1.943327712786121042, 1.447980371530009025, 0.6999999999999999556 ) ) ;
#9797 = FILL_AREA_STYLE ('',( #107 ) ) ;
#9798 = CARTESIAN_POINT ( 'NONE',  ( 1.466794169586594254, 1.132596622164890876, 0.6999999999999999556 ) ) ;
#9799 = CARTESIAN_POINT ( 'NONE',  ( 2.426149698806906230, 1.205425644811862096, 0.7010000000000000675 ) ) ;
#9800 = FILL_AREA_STYLE_COLOUR ( '', #11493 ) ;
#9801 = COLOUR_RGB ( '',0.6470588235294117974, 0.6196078431372549211, 0.5882352941176470784 ) ;
#9802 = FILL_AREA_STYLE ('',( #2940 ) ) ;
#9803 = COLOUR_RGB ( '',0.6470588235294117974, 0.6196078431372549211, 0.5882352941176470784 ) ;
#9804 = CARTESIAN_POINT ( 'NONE',  ( 2.222398737524740930, 1.463535149958128612, 0.6999999999999999556 ) ) ;
#9805 = DIRECTION ( 'NONE',  ( 0.0000000000000000000, -0.0000000000000000000, 1.000000000000000000 ) ) ;
#9806 = EDGE_LOOP ( 'NONE', ( #1452, #7708, #3630, #9515 ) ) ;
#9807 = EDGE_CURVE ( 'NONE', #3659, #3411, #1855, .T. ) ;
#9808 = CARTESIAN_POINT ( 'NONE',  ( 1.606765754174732441, 1.221669440697902953, 0.6999999999999999556 ) ) ;
#9809 = EDGE_CURVE ( 'NONE', #3709, #7190, #3680, .T. ) ;
#9810 = CARTESIAN_POINT ( 'NONE',  ( 2.950000000000001510, 1.700000000000001066, -0.1000000000000000056 ) ) ;
#9811 = CARTESIAN_POINT ( 'NONE',  ( 2.060861947646282388, 1.143456072999012196, 0.6999999999999999556 ) ) ;
#9812 = CARTESIAN_POINT ( 'NONE',  ( 1.212300471693389614, 1.410226158915129480, 0.7010000000000000675 ) ) ;
#9813 = CARTESIAN_POINT ( 'NONE',  ( 1.988827519203868466, 1.091135454649682091, 0.7010000000000000675 ) ) ;
#9814 = STYLED_ITEM ( 'NONE', ( #9777 ), #6181 ) ;
#9815 =( NAMED_UNIT ( * ) SI_UNIT ( $, .STERADIAN. ) SOLID_ANGLE_UNIT ( ) );
#9816 = CARTESIAN_POINT ( 'NONE',  ( 1.606765754174732441, 1.221669440697902953, 0.6999999999999999556 ) ) ;
#9817 = B_SPLINE_CURVE_WITH_KNOTS ( 'NONE', 3,
 ( #3002, #5095, #10646, #8687 ),
 .UNSPECIFIED., .F., .F.,
 ( 4, 4 ),
 ( 18.00000000000000000, 19.00000000000000000 ),
 .UNSPECIFIED. ) ;
#9818 = DIRECTION ( 'NONE',  ( 1.000000000000000000, 1.172110456741085828E-16, 0.0000000000000000000 ) ) ;
#9819 = UNCERTAINTY_MEASURE_WITH_UNIT (LENGTH_MEASURE( 1.000000000000000082E-05 ), #12021, 'distance_accuracy_value', 'NONE');
#9820 = FILL_AREA_STYLE_COLOUR ( '', #2637 ) ;
#9821 = ORIENTED_EDGE ( 'NONE', *, *, #10111, .T. ) ;
#9822 = SURFACE_SIDE_STYLE ('',( #10555 ) ) ;
#9823 = VECTOR ( 'NONE', #10940, 1000.000000000000000 ) ;
#9824 = ADVANCED_FACE ( 'NONE', ( #9786 ), #9904, .T. ) ;
#9825 = ORIENTED_EDGE ( 'NONE', *, *, #11751, .T. ) ;
#9826 = CARTESIAN_POINT ( 'NONE',  ( 2.142378968285794105, 1.482250792451576649, 0.7010000000000000675 ) ) ;
#9827 = FILL_AREA_STYLE ('',( #7054 ) ) ;
#9828 =( NAMED_UNIT ( * ) PLANE_ANGLE_UNIT ( ) SI_UNIT ( $, .RADIAN. ) );
#9829 = FILL_AREA_STYLE ('',( #4200 ) ) ;
#9830 = FILL_AREA_STYLE_COLOUR ( '', #1116 ) ;
#9831 = ORIENTED_EDGE ( 'NONE', *, *, #776, .F. ) ;
#9832 = CARTESIAN_POINT ( 'NONE',  ( 1.507281854490515549, 1.311899031315902242, 0.7010000000000000675 ) ) ;
#9833 = SURFACE_SIDE_STYLE ('',( #10744 ) ) ;
#9834 = VERTEX_POINT ( 'NONE', #399 ) ;
#9835 = CARTESIAN_POINT ( 'NONE',  ( 2.283328551422453057, 1.134722106501922845, 0.7010000000000000675 ) ) ;
#9836 = UNCERTAINTY_MEASURE_WITH_UNIT (LENGTH_MEASURE( 1.000000000000000082E-05 ), #8009, 'distance_accuracy_value', 'NONE');
#9837 = EDGE_LOOP ( 'NONE', ( #5676, #2327, #2766, #11200 ) ) ;
#9838 = DIRECTION ( 'NONE',  ( -1.000000000000000000, 0.0000000000000000000, 0.0000000000000000000 ) ) ;
#9839 = PRESENTATION_STYLE_ASSIGNMENT (( #4153 ) ) ;
#9840 = EDGE_LOOP ( 'NONE', ( #1040, #10638, #3487, #9825 ) ) ;
#9841 = SURFACE_STYLE_FILL_AREA ( #5933 ) ;
#9842 = FACE_OUTER_BOUND ( 'NONE', #9764, .T. ) ;
#9843 = PLANE ( 'NONE',  #1564 ) ;
#9844 = EDGE_LOOP ( 'NONE', ( #11453, #7132, #10542, #728 ) ) ;
#9845 = FACE_OUTER_BOUND ( 'NONE', #5972, .T. ) ;
#9846 = DIRECTION ( 'NONE',  ( -1.275531967630004999E-16, -1.000000000000000000, -0.0000000000000000000 ) ) ;
#9847 = ORIENTED_EDGE ( 'NONE', *, *, #793, .F. ) ;
#9848 = CARTESIAN_POINT ( 'NONE',  ( 1.941622509803084151, 1.176728326320945150, 0.7010000000000000675 ) ) ;
#9849 = B_SPLINE_SURFACE_WITH_KNOTS ( 'NONE', 3, 1, ( 
 ( #2003, #215 ),
 ( #3913, #5817 ),
 ( #1102, #7776 ),
 ( #4037, #4898 ) ),
 .UNSPECIFIED., .F., .F., .F.,
 ( 4, 4 ),
 ( 2, 2 ),
 ( 6.000000000000000000, 7.000000000000000000 ),
 ( 0.0000000000000000000, 1.000000000000000000 ),
 .UNSPECIFIED. ) ;
#9850 = SURFACE_STYLE_FILL_AREA ( #9797 ) ;
#9851 =( LENGTH_UNIT ( ) NAMED_UNIT ( * ) SI_UNIT ( .MILLI., .METRE. ) );
#9852 = PRESENTATION_STYLE_ASSIGNMENT (( #4055 ) ) ;
#9853 = SURFACE_STYLE_FILL_AREA ( #4420 ) ;
#9854 = CARTESIAN_POINT ( 'NONE',  ( 2.073255862009072636, 1.075331134321934945, 0.6999999999999999556 ) ) ;
#9855 = CARTESIAN_POINT ( 'NONE',  ( 1.899241977134061177, 1.079989249787272731, 0.7010000000000000675 ) ) ;
#9856 = CARTESIAN_POINT ( 'NONE',  ( 1.154461006934623724, 1.429891582228573377, 0.6999999999999999556 ) ) ;
#9857 = ADVANCED_FACE ( 'NONE', ( #9845 ), #9731, .F. ) ;
#9858 = B_SPLINE_CURVE_WITH_KNOTS ( 'NONE', 3,
 ( #2571, #11295, #9187, #4548 ),
 .UNSPECIFIED., .F., .F.,
 ( 4, 4 ),
 ( 5.000000000000000000, 6.000000000000000000 ),
 .UNSPECIFIED. ) ;
#9859 = AXIS2_PLACEMENT_3D ( 'NONE', #1516, #3402, #502 ) ;
#9860 = ORIENTED_EDGE ( 'NONE', *, *, #3873, .F. ) ;
#9861 = LINE ( 'NONE', #4185, #1322 ) ;
#9862 = FILL_AREA_STYLE ('',( #6981 ) ) ;
#9863 = CARTESIAN_POINT ( 'NONE',  ( 2.283328551422453057, 1.079989249787272731, 0.7010000000000000675 ) ) ;
#9864 = CARTESIAN_POINT ( 'NONE',  ( 1.939418223020783927, 1.088640035651149196, 0.6999999999999999556 ) ) ;
#9865 = CARTESIAN_POINT ( 'NONE',  ( 1.954265966065510396, 1.163752147525683123, 0.7010000000000000675 ) ) ;
#9866 = CARTESIAN_POINT ( 'NONE',  ( 2.287196450871179287, 1.402397384478496489, 0.7010000000000000675 ) ) ;
#9867 = LINE ( 'NONE', #8951, #5098 ) ;
#9868 = EDGE_CURVE ( 'NONE', #4540, #10730, #2292, .T. ) ;
#9869 = EDGE_CURVE ( 'NONE', #10627, #2344, #2990, .T. ) ;
#9870 = CARTESIAN_POINT ( 'NONE',  ( 1.832739060806250597, 1.153354568362160437, 0.6999999999999999556 ) ) ;
#9871 =( NAMED_UNIT ( * ) SI_UNIT ( $, .STERADIAN. ) SOLID_ANGLE_UNIT ( ) );
#9872 = ORIENTED_EDGE ( 'NONE', *, *, #6041, .T. ) ;
#9873 =( NAMED_UNIT ( * ) PLANE_ANGLE_UNIT ( ) SI_UNIT ( $, .RADIAN. ) );
#9874 = VECTOR ( 'NONE', #5166, 1000.000000000000000 ) ;
#9875 = SURFACE_STYLE_FILL_AREA ( #6932 ) ;
#9876 = STYLED_ITEM ( 'NONE', ( #6564 ), #7401 ) ;
#9877 = CARTESIAN_POINT ( 'NONE',  ( 1.566278113398840599, 1.311899031315902242, 0.7010000000000000675 ) ) ;
#9878 = DIRECTION ( 'NONE',  ( -0.0000000000000000000, -0.0000000000000000000, -1.000000000000000000 ) ) ;
#9879 = UNCERTAINTY_MEASURE_WITH_UNIT (LENGTH_MEASURE( 1.000000000000000082E-05 ), #11923, 'distance_accuracy_value', 'NONE');
#9880 = CARTESIAN_POINT ( 'NONE',  ( 1.082740056512518256, 1.140694203274155383, 0.6999999999999999556 ) ) ;
#9881 =( NAMED_UNIT ( * ) SI_UNIT ( $, .STERADIAN. ) SOLID_ANGLE_UNIT ( ) );
#9882 = ORIENTED_EDGE ( 'NONE', *, *, #10477, .T. ) ;
#9883 = VECTOR ( 'NONE', #9701, 1000.000000000000000 ) ;
#9884 = EDGE_CURVE ( 'NONE', #7162, #5937, #6251, .T. ) ;
#9885 = FILL_AREA_STYLE ('',( #2168 ) ) ;
#9886 = PRESENTATION_LAYER_ASSIGNMENT (  '', '', ( #6872 ) ) ;
#9887 =( GEOMETRIC_REPRESENTATION_CONTEXT ( 3 ) GLOBAL_UNCERTAINTY_ASSIGNED_CONTEXT ( ( #4438 ) ) GLOBAL_UNIT_ASSIGNED_CONTEXT ( ( #11679, #11619, #10746 ) ) REPRESENTATION_CONTEXT ( 'NONE', 'WORKASPACE' ) );
#9888 = EDGE_LOOP ( 'NONE', ( #9622, #5269, #1235, #746 ) ) ;
#9889 =( NAMED_UNIT ( * ) SI_UNIT ( $, .STERADIAN. ) SOLID_ANGLE_UNIT ( ) );
#9890 =( GEOMETRIC_REPRESENTATION_CONTEXT ( 3 ) GLOBAL_UNCERTAINTY_ASSIGNED_CONTEXT ( ( #6678 ) ) GLOBAL_UNIT_ASSIGNED_CONTEXT ( ( #11051, #5065, #2279 ) ) REPRESENTATION_CONTEXT ( 'NONE', 'WORKASPACE' ) );
#9891 = MECHANICAL_DESIGN_GEOMETRIC_PRESENTATION_REPRESENTATION (  '', ( #11505 ), #6666 ) ;
#9892 = CARTESIAN_POINT ( 'NONE',  ( 2.095007597618034456, 1.180305093553438711, 0.6999999999999999556 ) ) ;
#9893 = VERTEX_POINT ( 'NONE', #5821 ) ;
#9894 = PRESENTATION_STYLE_ASSIGNMENT (( #7888 ) ) ;
#9895 = CARTESIAN_POINT ( 'NONE',  ( 2.346129929567404737, 1.224141287305309023, 0.7010000000000000675 ) ) ;
#9896 = DIRECTION ( 'NONE',  ( 1.172110456741085828E-16, -1.000000000000000000, 0.0000000000000000000 ) ) ;
#9897 = VERTEX_POINT ( 'NONE', #3054 ) ;
#9898 = CARTESIAN_POINT ( 'NONE',  ( 2.118214994310397614, 1.093048609215742761, 0.6999999999999999556 ) ) ;
#9899 = FILL_AREA_STYLE_COLOUR ( '', #12296 ) ;
#9900 = VECTOR ( 'NONE', #1003, 1000.000000000000000 ) ;
#9901 = SURFACE_STYLE_FILL_AREA ( #9155 ) ;
#9902 = ORIENTED_EDGE ( 'NONE', *, *, #6619, .T. ) ;
#9903 = PRESENTATION_LAYER_ASSIGNMENT (  '', '', ( #8305 ) ) ;
#9904 = PLANE ( 'NONE',  #9560 ) ;
#9905 = ADVANCED_FACE ( 'NONE', ( #10635 ), #2124, .T. ) ;
#9906 = PLANE ( 'NONE',  #9526 ) ;
#9907 = SURFACE_STYLE_USAGE ( .BOTH. , #7973 ) ;
#9908 = ORIENTED_EDGE ( 'NONE', *, *, #4842, .F. ) ;
#9909 = VECTOR ( 'NONE', #4860, 1000.000000000000000 ) ;
#9910 = LINE ( 'NONE', #7211, #6149 ) ;
#9911 = COLOUR_RGB ( '',1.000000000000000000, 1.000000000000000000, 1.000000000000000000 ) ;
#9912 = VECTOR ( 'NONE', #3914, 1000.000000000000000 ) ;
#9913 =( GEOMETRIC_REPRESENTATION_CONTEXT ( 3 ) GLOBAL_UNCERTAINTY_ASSIGNED_CONTEXT ( ( #12186 ) ) GLOBAL_UNIT_ASSIGNED_CONTEXT ( ( #8593, #10735, #2968 ) ) REPRESENTATION_CONTEXT ( 'NONE', 'WORKASPACE' ) );
#9914 = DIRECTION ( 'NONE',  ( -1.275531967630004999E-16, -1.000000000000000000, -0.0000000000000000000 ) ) ;
#9915 = CARTESIAN_POINT ( 'NONE',  ( 1.955014591765512622, 1.114758754508100580, 0.6999999999999999556 ) ) ;
#9916 =( GEOMETRIC_REPRESENTATION_CONTEXT ( 3 ) GLOBAL_UNCERTAINTY_ASSIGNED_CONTEXT ( ( #2957 ) ) GLOBAL_UNIT_ASSIGNED_CONTEXT ( ( #835, #9455, #3368 ) ) REPRESENTATION_CONTEXT ( 'NONE', 'WORKASPACE' ) );
#9917 = CARTESIAN_POINT ( 'NONE',  ( 1.469107802013187136, 1.197376895947374287, 0.6999999999999999556 ) ) ;
#9918 = CARTESIAN_POINT ( 'NONE',  ( 1.129011645970521283, 1.362797841499060025, 0.7010000000000000675 ) ) ;
#9919 = FACE_OUTER_BOUND ( 'NONE', #11060, .T. ) ;
#9920 =( GEOMETRIC_REPRESENTATION_CONTEXT ( 3 ) GLOBAL_UNCERTAINTY_ASSIGNED_CONTEXT ( ( #759 ) ) GLOBAL_UNIT_ASSIGNED_CONTEXT ( ( #989, #8618, #4099 ) ) REPRESENTATION_CONTEXT ( 'NONE', 'WORKASPACE' ) );
#9921 = LINE ( 'NONE', #1376, #9874 ) ;
#9922 =( NAMED_UNIT ( * ) PLANE_ANGLE_UNIT ( ) SI_UNIT ( $, .RADIAN. ) );
#9923 = VERTEX_POINT ( 'NONE', #11938 ) ;
#9924 = VECTOR ( 'NONE', #7241, 1000.000000000000000 ) ;
#9925 = CARTESIAN_POINT ( 'NONE',  ( 2.593758674916945228, 1.198438471613301637, 0.6999999999999999556 ) ) ;
#9926 = CARTESIAN_POINT ( 'NONE',  ( 2.079577590140282872, 1.392831611648191581, 0.7010000000000000675 ) ) ;
#9927 = FILL_AREA_STYLE ('',( #6323 ) ) ;
#9928 = CARTESIAN_POINT ( 'NONE',  ( 1.939418223020783927, 1.094213138081801873, 0.6999999999999999556 ) ) ;
#9929 = FACE_BOUND ( 'NONE', #9593, .T. ) ;
#9930 =( GEOMETRIC_REPRESENTATION_CONTEXT ( 3 ) GLOBAL_UNCERTAINTY_ASSIGNED_CONTEXT ( ( #11729 ) ) GLOBAL_UNIT_ASSIGNED_CONTEXT ( ( #564, #10923, #9931 ) ) REPRESENTATION_CONTEXT ( 'NONE', 'WORKASPACE' ) );
#9931 =( NAMED_UNIT ( * ) SI_UNIT ( $, .STERADIAN. ) SOLID_ANGLE_UNIT ( ) );
#9932 = EDGE_CURVE ( 'NONE', #3332, #11810, #12003, .T. ) ;
#9933 = UNCERTAINTY_MEASURE_WITH_UNIT (LENGTH_MEASURE( 1.000000000000000082E-05 ), #8366, 'distance_accuracy_value', 'NONE');
#9934 = ADVANCED_FACE ( 'NONE', ( #10084 ), #3805, .F. ) ;
#9935 =( NAMED_UNIT ( * ) PLANE_ANGLE_UNIT ( ) SI_UNIT ( $, .RADIAN. ) );
#9936 = ORIENTED_EDGE ( 'NONE', *, *, #7872, .T. ) ;
#9937 = ORIENTED_EDGE ( 'NONE', *, *, #10111, .F. ) ;
#9938 = DIRECTION ( 'NONE',  ( 0.0000000000000000000, -0.0000000000000000000, -1.000000000000000000 ) ) ;
#9939 = CARTESIAN_POINT ( 'NONE',  ( 2.012118096529444955, 1.136219357900824400, 0.6999999999999999556 ) ) ;
#9940 = EDGE_CURVE ( 'NONE', #6524, #5016, #5265, .T. ) ;
#9941 = VECTOR ( 'NONE', #10029, 1000.000000000000114 ) ;
#9942 = CARTESIAN_POINT ( 'NONE',  ( 2.118214994310397614, 1.093048609215742761, 0.7010000000000000675 ) ) ;
#9943 = FILL_AREA_STYLE_COLOUR ( '', #2375 ) ;
#9944 = SURFACE_STYLE_FILL_AREA ( #9606 ) ;
#9945 = ORIENTED_EDGE ( 'NONE', *, *, #9034, .T. ) ;
#9946 =( LENGTH_UNIT ( ) NAMED_UNIT ( * ) SI_UNIT ( .MILLI., .METRE. ) );
#9947 = CARTESIAN_POINT ( 'NONE',  ( 1.952851895299268392, 1.341259618998864367, 0.6999999999999999556 ) ) ;
#9948 = ORIENTED_EDGE ( 'NONE', *, *, #7532, .F. ) ;
#9949 = CARTESIAN_POINT ( 'NONE',  ( 1.307157238909066876, 1.100206562497149543, 0.7010000000000000675 ) ) ;
#9950 = FILL_AREA_STYLE_COLOUR ( '', #11762 ) ;
#9951 = B_SPLINE_SURFACE_WITH_KNOTS ( 'NONE', 3, 1, ( 
 ( #2387, #9008 ),
 ( #1206, #4134 ),
 ( #5178, #6096 ),
 ( #2271, #7047 ) ),
 .UNSPECIFIED., .F., .F., .F.,
 ( 4, 4 ),
 ( 2, 2 ),
 ( 6.000000000000000000, 7.000000000000000000 ),
 ( 0.0000000000000000000, 1.000000000000000000 ),
 .UNSPECIFIED. ) ;
#9952 = UNCERTAINTY_MEASURE_WITH_UNIT (LENGTH_MEASURE( 1.000000000000000082E-05 ), #8909, 'distance_accuracy_value', 'NONE');
#9953 = EDGE_LOOP ( 'NONE', ( #3925, #4561, #3229, #9330, #9936, #12243, #9458, #5866, #4532, #6612, #2764, #1047 ) ) ;
#9954 = CARTESIAN_POINT ( 'NONE',  ( 2.058574480230774828, 1.482250792451576649, 0.7010000000000000675 ) ) ;
#9955 = VECTOR ( 'NONE', #12318, 1000.000000000000000 ) ;
#9956 = SURFACE_STYLE_USAGE ( .BOTH. , #8209 ) ;
#9957 = PRESENTATION_LAYER_ASSIGNMENT (  '', '', ( #1797 ) ) ;
#9958 = SURFACE_STYLE_USAGE ( .BOTH. , #1351 ) ;
#9959 = EDGE_CURVE ( 'NONE', #1528, #7632, #8225, .T. ) ;
#9960 = VERTEX_POINT ( 'NONE', #10149 ) ;
#9961 = EDGE_CURVE ( 'NONE', #3747, #8356, #6852, .T. ) ;
#9962 = PRESENTATION_STYLE_ASSIGNMENT (( #394 ) ) ;
#9963 = EDGE_CURVE ( 'NONE', #8527, #9776, #1476, .T. ) ;
#9964 = DIRECTION ( 'NONE',  ( 1.000000000000000000, 0.0000000000000000000, 0.0000000000000000000 ) ) ;
#9965 = DIRECTION ( 'NONE',  ( 1.000000000000000000, -0.0000000000000000000, -0.0000000000000000000 ) ) ;
#9966 = ORIENTED_EDGE ( 'NONE', *, *, #7966, .F. ) ;
#9967 = CARTESIAN_POINT ( 'NONE',  ( 1.943327712786121042, 1.447980371530009025, 0.7010000000000000675 ) ) ;
#9968 = COLOUR_RGB ( '',1.000000000000000000, 1.000000000000000000, 1.000000000000000000 ) ;
#9969 = ORIENTED_EDGE ( 'NONE', *, *, #1945, .F. ) ;
#9970 = B_SPLINE_CURVE_WITH_KNOTS ( 'NONE', 3,
 ( #2672, #8422, #12192, #3678 ),
 .UNSPECIFIED., .F., .F.,
 ( 4, 4 ),
 ( 3.000000000000000000, 4.000000000000000000 ),
 .UNSPECIFIED. ) ;
#9971 = SURFACE_STYLE_USAGE ( .BOTH. , #3364 ) ;
#9972 = CARTESIAN_POINT ( 'NONE',  ( -0.3999999999999985789, 1.700000000000000622, -0.1000000000000000056 ) ) ;
#9973 = LINE ( 'NONE', #4283, #6808 ) ;
#9974 =( NAMED_UNIT ( * ) SI_UNIT ( $, .STERADIAN. ) SOLID_ANGLE_UNIT ( ) );
#9975 = PRESENTATION_LAYER_ASSIGNMENT (  '', '', ( #8797 ) ) ;
#9976 = EDGE_CURVE ( 'NONE', #2161, #4330, #10440, .T. ) ;
#9977 = CARTESIAN_POINT ( 'NONE',  ( 1.944824964185577043, 1.108936110176710343, 0.6999999999999999556 ) ) ;
#9978 = LINE ( 'NONE', #4572, #11501 ) ;
#9979 = APPLICATION_CONTEXT ( 'automotive_design' ) ;
#9980 = DIRECTION ( 'NONE',  ( -0.0000000000000000000, 1.000000000000000000, -0.0000000000000000000 ) ) ;
#9981 = VECTOR ( 'NONE', #11570, 1000.000000000000000 ) ;
#9982 = FACE_OUTER_BOUND ( 'NONE', #9837, .T. ) ;
#9983 = CARTESIAN_POINT ( 'NONE',  ( 2.595962961699245675, 1.197939387814038081, 0.7010000000000000675 ) ) ;
#9984 = SURFACE_STYLE_USAGE ( .BOTH. , #4352 ) ;
#9985 = CARTESIAN_POINT ( 'NONE',  ( 1.145206697868407453, 1.431048376377577203, 0.7010000000000000675 ) ) ;
#9986 = ORIENTED_EDGE ( 'NONE', *, *, #5515, .F. ) ;
#9987 = FACE_OUTER_BOUND ( 'NONE', #12179, .T. ) ;
#9988 = CARTESIAN_POINT ( 'NONE',  ( 2.133021147039069199, 1.008370724510909255, 0.6999999999999999556 ) ) ;
#9989 = STYLED_ITEM ( 'NONE', ( #9469 ), #5585 ) ;
#9990 = CARTESIAN_POINT ( 'NONE',  ( 0.0000000000000000000, 0.0000000000000000000, -0.1000000000000000056 ) ) ;
#9991 = SURFACE_SIDE_STYLE ('',( #6389 ) ) ;
#9992 = DIRECTION ( 'NONE',  ( -0.0000000000000000000, -0.0000000000000000000, -1.000000000000000000 ) ) ;
#9993 =( NAMED_UNIT ( * ) PLANE_ANGLE_UNIT ( ) SI_UNIT ( $, .RADIAN. ) );
#9994 = AXIS2_PLACEMENT_3D ( 'NONE', #11761, #3243, #8041 ) ;
#9995 =( NAMED_UNIT ( * ) PLANE_ANGLE_UNIT ( ) SI_UNIT ( $, .RADIAN. ) );
#9996 = DIRECTION ( 'NONE',  ( -1.000000000000000000, 0.0000000000000000000, -0.0000000000000000000 ) ) ;
#9997 = AXIS2_PLACEMENT_3D ( 'NONE', #4809, #9628, #12289 ) ;
#9998 = CARTESIAN_POINT ( 'NONE',  ( 2.262325441512390789, 1.224141287305309023, 0.7010000000000000675 ) ) ;
#9999 = ORIENTED_EDGE ( 'NONE', *, *, #1876, .F. ) ;
#10000 = ORIENTED_EDGE ( 'NONE', *, *, #4990, .T. ) ;
#10001 = CARTESIAN_POINT ( 'NONE',  ( 3.250000000000000444, 2.000000000000000888, 0.6999999999999999556 ) ) ;
#10002 = FILL_AREA_STYLE_COLOUR ( '', #632 ) ;
#10003 = SURFACE_STYLE_FILL_AREA ( #6155 ) ;
#10004 = DIRECTION ( 'NONE',  ( 1.000000000000000000, 1.172110456741085828E-16, -0.0000000000000000000 ) ) ;
#10005 = SURFACE_STYLE_FILL_AREA ( #7056 ) ;
#10006 = CARTESIAN_POINT ( 'NONE',  ( 1.991198167253144025, 1.079406985353685622, 0.7010000000000000675 ) ) ;
#10007 = UNCERTAINTY_MEASURE_WITH_UNIT (LENGTH_MEASURE( 1.000000000000000082E-05 ), #11698, 'distance_accuracy_value', 'NONE');
#10008 = CARTESIAN_POINT ( 'NONE',  ( 1.212300471693389614, 1.410226158915129480, 0.6999999999999999556 ) ) ;
#10009 = PRESENTATION_STYLE_ASSIGNMENT (( #7121 ) ) ;
#10010 = ORIENTED_EDGE ( 'NONE', *, *, #6589, .F. ) ;
#10011 = PRESENTATION_LAYER_ASSIGNMENT (  '', '', ( #1243 ) ) ;
#10012 = CARTESIAN_POINT ( 'NONE',  ( 2.462000551761694300, 1.085645532851132966, 0.6999999999999999556 ) ) ;
#10013 = ORIENTED_EDGE ( 'NONE', *, *, #1570, .F. ) ;
#10014 = CARTESIAN_POINT ( 'NONE',  ( 2.026009262291684987, 1.326287105004327449, 0.7010000000000000675 ) ) ;
#10015 = EDGE_CURVE ( 'NONE', #8690, #2111, #20, .T. ) ;
#10016 = VECTOR ( 'NONE', #1366, 1000.000000000000000 ) ;
#10017 =( NAMED_UNIT ( * ) SI_UNIT ( $, .STERADIAN. ) SOLID_ANGLE_UNIT ( ) );
#10018 = VERTEX_POINT ( 'NONE', #6613 ) ;
#10019 =( LENGTH_UNIT ( ) NAMED_UNIT ( * ) SI_UNIT ( .MILLI., .METRE. ) );
#10020 = VERTEX_POINT ( 'NONE', #2662 ) ;
#10021 = CARTESIAN_POINT ( 'NONE',  ( -2.949999999999998845, 1.700000000000000178, 0.0000000000000000000 ) ) ;
#10022 = CARTESIAN_POINT ( 'NONE',  ( 1.926234092641942786, 1.379605890953294445, 0.7010000000000000675 ) ) ;
#10023 = FILL_AREA_STYLE ('',( #8215 ) ) ;
#10024 = ORIENTED_EDGE ( 'NONE', *, *, #1, .F. ) ;
#10025 = CARTESIAN_POINT ( 'NONE',  ( 2.287196450871179287, 1.382101309951829782, 0.6999999999999999556 ) ) ;
#10026 = ORIENTED_EDGE ( 'NONE', *, *, #5214, .F. ) ;
#10027 = DIRECTION ( 'NONE',  ( 1.000000000000000000, -0.0000000000000000000, -0.0000000000000000000 ) ) ;
#10028 = EDGE_CURVE ( 'NONE', #320, #9923, #5625, .T. ) ;
#10029 = DIRECTION ( 'NONE',  ( -0.3385350342956541247, -0.9409537876827108738, 0.0000000000000000000 ) ) ;
#10030 = EDGE_CURVE ( 'NONE', #10675, #9893, #5, .T. ) ;
#10031 = DIRECTION ( 'NONE',  ( 0.0000000000000000000, -0.0000000000000000000, -1.000000000000000000 ) ) ;
#10032 = SURFACE_STYLE_FILL_AREA ( #8758 ) ;
#10033 = SURFACE_STYLE_USAGE ( .BOTH. , #10960 ) ;
#10034 = DIRECTION ( 'NONE',  ( -0.0000000000000000000, -0.0000000000000000000, -1.000000000000000000 ) ) ;
#10035 = B_SPLINE_CURVE_WITH_KNOTS ( 'NONE', 3,
 ( #5285, #1433, #3378, #1378 ),
 .UNSPECIFIED., .F., .F.,
 ( 4, 4 ),
 ( 21.00000000000000000, 22.00000000000000000 ),
 .UNSPECIFIED. ) ;
#10036 = CARTESIAN_POINT ( 'NONE',  ( 1.140579499207267089, 0.9845275888515911955, 0.7010000000000000675 ) ) ;
#10037 = DIRECTION ( 'NONE',  ( 0.4630180653866927676, -0.8863488427958624571, 0.0000000000000000000 ) ) ;
#10038 = CARTESIAN_POINT ( 'NONE',  ( 0.0000000000000000000, 0.0000000000000000000, 0.7010000000000000675 ) ) ;
#10039 = SURFACE_STYLE_FILL_AREA ( #8049 ) ;
#10040 = DIRECTION ( 'NONE',  ( 1.000000000000000000, 0.0000000000000000000, 0.0000000000000000000 ) ) ;
#10041 = EDGE_CURVE ( 'NONE', #948, #11259, #9463, .T. ) ;
#10042 = CARTESIAN_POINT ( 'NONE',  ( 1.811735950896735892, 1.061439968560242475, 0.7010000000000000675 ) ) ;
#10043 = EDGE_LOOP ( 'NONE', ( #3539, #4123, #6525, #11229 ) ) ;
#10044 = SURFACE_SIDE_STYLE ('',( #3735 ) ) ;
#10045 = LINE ( 'NONE', #4247, #9498 ) ;
#10046 = ORIENTED_EDGE ( 'NONE', *, *, #12249, .T. ) ;
#10047 = CARTESIAN_POINT ( 'NONE',  ( 2.133021147039069199, 1.026504102571883514, 0.6999999999999999556 ) ) ;
#10048 = CARTESIAN_POINT ( 'NONE',  ( 1.462167081245532740, 1.060875693806251796, 0.7010000000000000675 ) ) ;
#10049 = B_SPLINE_SURFACE_WITH_KNOTS ( 'NONE', 3, 1, ( 
 ( #6884, #5383 ),
 ( #2595, #8081 ),
 ( #6354, #5200 ),
 ( #10076, #2655 ) ),
 .UNSPECIFIED., .F., .F., .F.,
 ( 4, 4 ),
 ( 2, 2 ),
 ( 12.00000000000000000, 13.00000000000000000 ),
 ( 0.0000000000000000000, 1.000000000000000000 ),
 .UNSPECIFIED. ) ;
#10050 = UNCERTAINTY_MEASURE_WITH_UNIT (LENGTH_MEASURE( 1.000000000000000082E-05 ), #4792, 'distance_accuracy_value', 'NONE');
#10051 = EDGE_CURVE ( 'NONE', #10445, #8398, #7646, .T. ) ;
#10052 = CARTESIAN_POINT ( 'NONE',  ( 1.948750050319564497, 1.177612120550057151, 0.7010000000000000675 ) ) ;
#10053 =( GEOMETRIC_REPRESENTATION_CONTEXT ( 3 ) GLOBAL_UNCERTAINTY_ASSIGNED_CONTEXT ( ( #9635 ) ) GLOBAL_UNIT_ASSIGNED_CONTEXT ( ( #8514, #3773, #4557 ) ) REPRESENTATION_CONTEXT ( 'NONE', 'WORKASPACE' ) );
#10054 = UNCERTAINTY_MEASURE_WITH_UNIT (LENGTH_MEASURE( 1.000000000000000082E-05 ), #8874, 'distance_accuracy_value', 'NONE');
#10055 = FILL_AREA_STYLE ('',( #1641 ) ) ;
#10056 = ORIENTED_EDGE ( 'NONE', *, *, #655, .F. ) ;
#10057 = EDGE_LOOP ( 'NONE', ( #5813, #6874, #11243, #7432 ) ) ;
#10058 = CARTESIAN_POINT ( 'NONE',  ( 2.067058904827680177, 1.159426754593186892, 0.7010000000000000675 ) ) ;
#10059 = DIRECTION ( 'NONE',  ( -0.0000000000000000000, -0.0000000000000000000, -1.000000000000000000 ) ) ;
#10060 =( LENGTH_UNIT ( ) NAMED_UNIT ( * ) SI_UNIT ( .MILLI., .METRE. ) );
#10061 = SURFACE_SIDE_STYLE ('',( #10928 ) ) ;
#10062 = CARTESIAN_POINT ( 'NONE',  ( 2.950000000000001510, 1.700000000000001066, 0.0000000000000000000 ) ) ;
#10063 = PRESENTATION_LAYER_ASSIGNMENT (  '', '', ( #9069 ) ) ;
#10064 = DIRECTION ( 'NONE',  ( -1.000000000000000000, 0.0000000000000000000, 0.0000000000000000000 ) ) ;
#10065 =( NAMED_UNIT ( * ) PLANE_ANGLE_UNIT ( ) SI_UNIT ( $, .RADIAN. ) );
#10066 = ORIENTED_EDGE ( 'NONE', *, *, #7420, .T. ) ;
#10067 = LINE ( 'NONE', #3534, #9924 ) ;
#10068 = CARTESIAN_POINT ( 'NONE',  ( 1.942204774236117260, 1.352655365762020612, 0.6999999999999999556 ) ) ;
#10069 = ORIENTED_EDGE ( 'NONE', *, *, #9444, .F. ) ;
#10070 = CARTESIAN_POINT ( 'NONE',  ( 2.026009262291684987, 1.456381615494256820, 0.6999999999999999556 ) ) ;
#10071 = VECTOR ( 'NONE', #8802, 1000.000000000000000 ) ;
#10072 = MECHANICAL_DESIGN_GEOMETRIC_PRESENTATION_REPRESENTATION (  '', ( #5081 ), #104 ) ;
#10073 = CARTESIAN_POINT ( 'NONE',  ( 1.433247337833865043, 1.258686765217720938, 0.6999999999999999556 ) ) ;
#10074 = VERTEX_POINT ( 'NONE', #1922 ) ;
#10075 = CARTESIAN_POINT ( 'NONE',  ( 2.133021147039069199, 1.026504102571883514, 0.7010000000000000675 ) ) ;
#10076 = CARTESIAN_POINT ( 'NONE',  ( 1.984003042472108458, 1.335520155300681466, 0.7010000000000000675 ) ) ;
#10077 = ORIENTED_EDGE ( 'NONE', *, *, #4610, .F. ) ;
#10078 =( LENGTH_UNIT ( ) NAMED_UNIT ( * ) SI_UNIT ( .MILLI., .METRE. ) );
#10079 = VECTOR ( 'NONE', #5808, 1000.000000000000000 ) ;
#10080 =( GEOMETRIC_REPRESENTATION_CONTEXT ( 3 ) GLOBAL_UNCERTAINTY_ASSIGNED_CONTEXT ( ( #2400 ) ) GLOBAL_UNIT_ASSIGNED_CONTEXT ( ( #3218, #10804, #382 ) ) REPRESENTATION_CONTEXT ( 'NONE', 'WORKASPACE' ) );
#10081 = MECHANICAL_DESIGN_GEOMETRIC_PRESENTATION_REPRESENTATION (  '', ( #113 ), #7578 ) ;
#10082 = CARTESIAN_POINT ( 'NONE',  ( 2.026009262291685431, 1.478341302686243974, 0.7010000000000000675 ) ) ;
#10083 = ORIENTED_EDGE ( 'NONE', *, *, #6902, .T. ) ;
#10084 = FACE_OUTER_BOUND ( 'NONE', #2885, .T. ) ;
#10085 = DIRECTION ( 'NONE',  ( -0.0000000000000000000, -0.0000000000000000000, -1.000000000000000000 ) ) ;
#10086 = DIRECTION ( 'NONE',  ( 0.0000000000000000000, 0.0000000000000000000, 1.000000000000000000 ) ) ;
#10087 = ORIENTED_EDGE ( 'NONE', *, *, #10112, .F. ) ;
#10088 = CARTESIAN_POINT ( 'NONE',  ( 2.049466200883683697, 1.122827275939505265, 0.7010000000000000675 ) ) ;
#10089 = FACE_OUTER_BOUND ( 'NONE', #8003, .T. ) ;
#10090 = EDGE_CURVE ( 'NONE', #11388, #6752, #8064, .T. ) ;
#10091 =( GEOMETRIC_REPRESENTATION_CONTEXT ( 3 ) GLOBAL_UNCERTAINTY_ASSIGNED_CONTEXT ( ( #7046 ) ) GLOBAL_UNIT_ASSIGNED_CONTEXT ( ( #5905, #120, #4811 ) ) REPRESENTATION_CONTEXT ( 'NONE', 'WORKASPACE' ) );
#10092 = EDGE_CURVE ( 'NONE', #12307, #11597, #4575, .T. ) ;
#10093 = VECTOR ( 'NONE', #5897, 1000.000000000000000 ) ;
#10094 = MECHANICAL_DESIGN_GEOMETRIC_PRESENTATION_REPRESENTATION (  '', ( #11659 ), #12268 ) ;
#10095 = VECTOR ( 'NONE', #8594, 1000.000000000000000 ) ;
#10096 = ADVANCED_FACE ( 'NONE', ( #5747 ), #3792, .F. ) ;
#10097 = CARTESIAN_POINT ( 'NONE',  ( 1.678486726660851192, 1.182338616135031995, 0.6999999999999999556 ) ) ;
#10098 = SURFACE_STYLE_USAGE ( .BOTH. , #5221 ) ;
#10099 = PRESENTATION_LAYER_ASSIGNMENT (  '', '', ( #7296 ) ) ;
#10100 = CARTESIAN_POINT ( 'NONE',  ( 2.401569821665459070, 1.205425644811862096, 0.7010000000000000675 ) ) ;
#10101 = CARTESIAN_POINT ( 'NONE',  ( 2.060861947646282388, 1.143456072999012196, 0.7010000000000000675 ) ) ;
#10102 = DIRECTION ( 'NONE',  ( 0.3559357243698755835, -0.9345104387417468850, 0.0000000000000000000 ) ) ;
#10103 = CLOSED_SHELL ( 'NONE', ( #7899, #10584, #3388, #5961, #2306, #22, #8277, #4824, #679, #10853, #9673, #1960, #10538, #8680, #4692, #3103, #1309, #7294, #9049, #12065, #2639, #9589, #7401, #12302, #10787, #1277, #7823, #9751, #4541, #11686, #2962, #2413, #11616, #6352, #10545, #11908, #10834 ) ) ;
#10104 = VECTOR ( 'NONE', #10546, 1000.000000000000000 ) ;
#10105 = ORIENTED_EDGE ( 'NONE', *, *, #4551, .F. ) ;
#10106 = FACE_OUTER_BOUND ( 'NONE', #2728, .T. ) ;
#10107 = CARTESIAN_POINT ( 'NONE',  ( 0.9948240321290651167, 1.376679249938345562, 0.6999999999999999556 ) ) ;
#10108 = ADVANCED_FACE ( 'NONE', ( #11337 ), #5844, .T. ) ;
#10109 = COLOUR_RGB ( '',1.000000000000000000, 1.000000000000000000, 1.000000000000000000 ) ;
#10110 = CARTESIAN_POINT ( 'NONE',  ( 2.164005932944939037, 1.006707111844477032, 0.7010000000000000675 ) ) ;
#10111 = EDGE_CURVE ( 'NONE', #10138, #7447, #2851, .T. ) ;
#10112 = EDGE_CURVE ( 'NONE', #5857, #3560, #310, .T. ) ;
#10113 = SURFACE_STYLE_USAGE ( .BOTH. , #488 ) ;
#10114 = SURFACE_STYLE_USAGE ( .BOTH. , #10981 ) ;
#10115 = SURFACE_STYLE_FILL_AREA ( #5531 ) ;
#10116 =( LENGTH_UNIT ( ) NAMED_UNIT ( * ) SI_UNIT ( .MILLI., .METRE. ) );
#10117 = DIRECTION ( 'NONE',  ( 0.0000000000000000000, 0.0000000000000000000, 1.000000000000000000 ) ) ;
#10118 = PRESENTATION_LAYER_ASSIGNMENT (  '', '', ( #8329 ) ) ;
#10119 = SURFACE_STYLE_USAGE ( .BOTH. , #10985 ) ;
#10120 = ORIENTED_EDGE ( 'NONE', *, *, #314, .T. ) ;
#10121 = ORIENTED_EDGE ( 'NONE', *, *, #3008, .T. ) ;
#10122 = CARTESIAN_POINT ( 'NONE',  ( 2.039858837736773456, 1.146284214531503753, 0.6999999999999999556 ) ) ;
#10123 = SURFACE_STYLE_FILL_AREA ( #5540 ) ;
#10124 = CARTESIAN_POINT ( 'NONE',  ( 1.507281854490515549, 1.311899031315902242, 0.7010000000000000675 ) ) ;
#10125 = EDGE_CURVE ( 'NONE', #5870, #5797, #1834, .T. ) ;
#10126 = PRESENTATION_STYLE_ASSIGNMENT (( #11853 ) ) ;
#10127 = CARTESIAN_POINT ( 'NONE',  ( 1.030684518371847380, 1.412539736182238048, 0.6999999999999999556 ) ) ;
#10128 = AXIS2_PLACEMENT_3D ( 'NONE', #606, #1372, #9235 ) ;
#10129 = B_SPLINE_CURVE_WITH_KNOTS ( 'NONE', 3,
 ( #7347, #3686, #11231, #12144 ),
 .UNSPECIFIED., .F., .F.,
 ( 4, 4 ),
 ( 9.000000000000000000, 10.00000000000000000 ),
 .UNSPECIFIED. ) ;
#10130 = LINE ( 'NONE', #9134, #8380 ) ;
#10131 =( NAMED_UNIT ( * ) PLANE_ANGLE_UNIT ( ) SI_UNIT ( $, .RADIAN. ) );
#10132 = UNCERTAINTY_MEASURE_WITH_UNIT (LENGTH_MEASURE( 1.000000000000000082E-05 ), #5431, 'distance_accuracy_value', 'NONE');
#10133 = CARTESIAN_POINT ( 'NONE',  ( 2.402734350531517293, 1.482250792451576649, 0.7010000000000000675 ) ) ;
#10134 = CARTESIAN_POINT ( 'NONE',  ( 1.516536163556732930, 1.311899031315902242, 0.7010000000000000675 ) ) ;
#10135 = ORIENTED_EDGE ( 'NONE', *, *, #695, .T. ) ;
#10136 = CARTESIAN_POINT ( 'NONE',  ( 1.970111876710422649, 1.180305093553438711, 0.7010000000000000675 ) ) ;
#10137 = SURFACE_SIDE_STYLE ('',( #4806 ) ) ;
#10138 = VERTEX_POINT ( 'NONE', #6021 ) ;
#10139 = PRESENTATION_STYLE_ASSIGNMENT (( #9145 ) ) ;
#10140 = ORIENTED_EDGE ( 'NONE', *, *, #1658, .F. ) ;
#10141 =( GEOMETRIC_REPRESENTATION_CONTEXT ( 3 ) GLOBAL_UNCERTAINTY_ASSIGNED_CONTEXT ( ( #7864 ) ) GLOBAL_UNIT_ASSIGNED_CONTEXT ( ( #3205, #4936, #6927 ) ) REPRESENTATION_CONTEXT ( 'NONE', 'WORKASPACE' ) );
#10142 = SURFACE_STYLE_USAGE ( .BOTH. , #3665 ) ;
#10143 = ORIENTED_EDGE ( 'NONE', *, *, #2489, .T. ) ;
#10144 = SURFACE_STYLE_FILL_AREA ( #651 ) ;
#10145 = FILL_AREA_STYLE ('',( #6357 ) ) ;
#10146 = PRESENTATION_STYLE_ASSIGNMENT (( #12117 ) ) ;
#10147 = CARTESIAN_POINT ( 'NONE',  ( 1.141736315420841974, 1.217042330292825936, 0.6999999999999999556 ) ) ;
#10148 = ORIENTED_EDGE ( 'NONE', *, *, #7809, .F. ) ;
#10149 = CARTESIAN_POINT ( 'NONE',  ( 2.045639891751560580, 1.127901294570894830, 0.7010000000000000675 ) ) ;
#10150 =( GEOMETRIC_REPRESENTATION_CONTEXT ( 3 ) GLOBAL_UNCERTAINTY_ASSIGNED_CONTEXT ( ( #8343 ) ) GLOBAL_UNIT_ASSIGNED_CONTEXT ( ( #11758, #11636, #7976 ) ) REPRESENTATION_CONTEXT ( 'NONE', 'WORKASPACE' ) );
#10151 =( NAMED_UNIT ( * ) PLANE_ANGLE_UNIT ( ) SI_UNIT ( $, .RADIAN. ) );
#10152 = VERTEX_POINT ( 'NONE', #11655 ) ;
#10153 = LINE ( 'NONE', #11150, #6249 ) ;
#10154 = LINE ( 'NONE', #1678, #8764 ) ;
#10155 = STYLED_ITEM ( 'NONE', ( #8164 ), #9686 ) ;
#10156 = MECHANICAL_DESIGN_GEOMETRIC_PRESENTATION_REPRESENTATION (  '', ( #1797 ), #6318 ) ;
#10157 = CARTESIAN_POINT ( 'NONE',  ( 2.221566931192634264, 1.319549473706508769, 0.6999999999999999556 ) ) ;
#10158 = CARTESIAN_POINT ( 'NONE',  ( 0.0000000000000000000, 0.0000000000000000000, 0.6999999999999999556 ) ) ;
#10159 = CARTESIAN_POINT ( 'NONE',  ( 2.380566711756506137, 1.224141287305309023, 0.7010000000000000675 ) ) ;
#10160 = B_SPLINE_SURFACE_WITH_KNOTS ( 'NONE', 3, 1, ( 
 ( #5949, #4235 ),
 ( #7444, #2776 ),
 ( #8044, #11264 ),
 ( #1669, #3607 ) ),
 .UNSPECIFIED., .F., .F., .F.,
 ( 4, 4 ),
 ( 2, 2 ),
 ( 3.000000000000000000, 4.000000000000000000 ),
 ( 0.0000000000000000000, 1.000000000000000000 ),
 .UNSPECIFIED. ) ;
#10161 = MECHANICAL_DESIGN_GEOMETRIC_PRESENTATION_REPRESENTATION (  '', ( #7558 ), #2592 ) ;
#10162 = ADVANCED_FACE ( 'NONE', ( #3323 ), #301, .F. ) ;
#10163 = EDGE_CURVE ( 'NONE', #5617, #4383, #246, .T. ) ;
#10164 =( NAMED_UNIT ( * ) PLANE_ANGLE_UNIT ( ) SI_UNIT ( $, .RADIAN. ) );
#10165 = CARTESIAN_POINT ( 'NONE',  ( 2.484999996869922345, 1.179889190386278930, 0.7010000000000000675 ) ) ;
#10166 = DIRECTION ( 'NONE',  ( -1.000000000000000000, -0.0000000000000000000, -0.0000000000000000000 ) ) ;
#10167 = FACE_OUTER_BOUND ( 'NONE', #7360, .T. ) ;
#10168 = EDGE_CURVE ( 'NONE', #6355, #6313, #6926, .T. ) ;
#10169 = STYLED_ITEM ( 'NONE', ( #6134 ), #10353 ) ;
#10170 = ORIENTED_EDGE ( 'NONE', *, *, #10835, .F. ) ;
#10171 = COLOUR_RGB ( '',1.000000000000000000, 1.000000000000000000, 1.000000000000000000 ) ;
#10172 = CARTESIAN_POINT ( 'NONE',  ( 1.931599243490124351, 1.126903126971263269, 0.7010000000000000675 ) ) ;
#10173 = SURFACE_SIDE_STYLE ('',( #2570 ) ) ;
#10174 = EDGE_CURVE ( 'NONE', #10783, #4564, #1258, .T. ) ;
#10175 = VECTOR ( 'NONE', #6956, 1000.000000000000000 ) ;
#10176 = CARTESIAN_POINT ( 'NONE',  ( 2.079577590140282872, 1.411464073508428951, 0.7010000000000000675 ) ) ;
#10177 = EDGE_CURVE ( 'NONE', #11376, #2920, #1768, .T. ) ;
#10178 = COLOUR_RGB ( '',1.000000000000000000, 1.000000000000000000, 1.000000000000000000 ) ;
#10179 = EDGE_CURVE ( 'NONE', #9082, #11323, #10721, .T. ) ;
#10180 = CARTESIAN_POINT ( 'NONE',  ( 2.318306007727422013, 1.319549473706508769, 0.7010000000000000675 ) ) ;
#10181 = ORIENTED_EDGE ( 'NONE', *, *, #6624, .T. ) ;
#10182 = EDGE_CURVE ( 'NONE', #5083, #9765, #9858, .T. ) ;
#10183 = ORIENTED_EDGE ( 'NONE', *, *, #8120, .T. ) ;
#10184 =( NAMED_UNIT ( * ) PLANE_ANGLE_UNIT ( ) SI_UNIT ( $, .RADIAN. ) );
#10185 =( NAMED_UNIT ( * ) PLANE_ANGLE_UNIT ( ) SI_UNIT ( $, .RADIAN. ) );
#10186 = CARTESIAN_POINT ( 'NONE',  ( 2.472148589025581433, 1.069009406190170264, 0.6999999999999999556 ) ) ;
#10187 = DIRECTION ( 'NONE',  ( -0.8631877589412167984, -0.5048830486499222836, 0.0000000000000000000 ) ) ;
#10188 =( LENGTH_UNIT ( ) NAMED_UNIT ( * ) SI_UNIT ( .MILLI., .METRE. ) );
#10189 =( LENGTH_UNIT ( ) NAMED_UNIT ( * ) SI_UNIT ( .MILLI., .METRE. ) );
#10190 = B_SPLINE_CURVE_WITH_KNOTS ( 'NONE', 3,
 ( #357, #11482, #5777, #3007 ),
 .UNSPECIFIED., .F., .F.,
 ( 4, 4 ),
 ( 3.000000000000000000, 4.000000000000000000 ),
 .UNSPECIFIED. ) ;
#10191 = VECTOR ( 'NONE', #8021, 1000.000000000000000 ) ;
#10192 = PLANE ( 'NONE',  #10287 ) ;
#10193 = VERTEX_POINT ( 'NONE', #4615 ) ;
#10194 = CARTESIAN_POINT ( 'NONE',  ( 2.039734066786956568, 1.086560519817557191, 0.7010000000000000675 ) ) ;
#10195 = ORIENTED_EDGE ( 'NONE', *, *, #5525, .F. ) ;
#10196 = AXIS2_PLACEMENT_3D ( 'NONE', #1748, #7593, #3863 ) ;
#10197 = ADVANCED_FACE ( 'NONE', ( #6324 ), #6641, .F. ) ;
#10198 = DIRECTION ( 'NONE',  ( 1.000000000000000000, -0.0000000000000000000, -0.0000000000000000000 ) ) ;
#10199 = ORIENTED_EDGE ( 'NONE', *, *, #12097, .T. ) ;
#10200 =( NAMED_UNIT ( * ) SI_UNIT ( $, .STERADIAN. ) SOLID_ANGLE_UNIT ( ) );
#10201 = FILL_AREA_STYLE_COLOUR ( '', #5993 ) ;
#10202 =( LENGTH_UNIT ( ) NAMED_UNIT ( * ) SI_UNIT ( .MILLI., .METRE. ) );
#10203 = ORIENTED_EDGE ( 'NONE', *, *, #7336, .F. ) ;
#10204 = PRESENTATION_LAYER_ASSIGNMENT (  '', '', ( #3242 ) ) ;
#10205 =( NAMED_UNIT ( * ) PLANE_ANGLE_UNIT ( ) SI_UNIT ( $, .RADIAN. ) );
#10206 = AXIS2_PLACEMENT_3D ( 'NONE', #5971, #1266, #7940 ) ;
#10207 =( NAMED_UNIT ( * ) PLANE_ANGLE_UNIT ( ) SI_UNIT ( $, .RADIAN. ) );
#10208 = ORIENTED_EDGE ( 'NONE', *, *, #2922, .T. ) ;
#10209 = PRESENTATION_LAYER_ASSIGNMENT (  '', '', ( #11779 ) ) ;
#10210 = UNCERTAINTY_MEASURE_WITH_UNIT (LENGTH_MEASURE( 1.000000000000000082E-05 ), #2497, 'distance_accuracy_value', 'NONE');
#10211 = ORIENTED_EDGE ( 'NONE', *, *, #8054, .F. ) ;
#10212 = LINE ( 'NONE', #4467, #4105 ) ;
#10213 = CARTESIAN_POINT ( 'NONE',  ( 1.457539904648408990, 1.503926127844107397, 0.7010000000000000675 ) ) ;
#10214 = B_SPLINE_CURVE_WITH_KNOTS ( 'NONE', 3,
 ( #5421, #680, #12099, #6397 ),
 .UNSPECIFIED., .F., .F.,
 ( 4, 4 ),
 ( 19.00000000000000000, 20.00000000000000000 ),
 .UNSPECIFIED. ) ;
#10215 = PRESENTATION_LAYER_ASSIGNMENT (  '', '', ( #3453 ) ) ;
#10216 = VERTEX_POINT ( 'NONE', #561 ) ;
#10217 = B_SPLINE_CURVE_WITH_KNOTS ( 'NONE', 3,
 ( #11867, #11005, #4150, #3415 ),
 .UNSPECIFIED., .F., .F.,
 ( 4, 4 ),
 ( 17.00000000000000000, 18.00000000000000000 ),
 .UNSPECIFIED. ) ;
#10218 = SURFACE_STYLE_USAGE ( .BOTH. , #8544 ) ;
#10219 = FILL_AREA_STYLE ('',( #6370 ) ) ;
#10220 = CARTESIAN_POINT ( 'NONE',  ( 1.507281854490515549, 1.311899031315902242, 0.7010000000000000675 ) ) ;
#10221 = SURFACE_STYLE_FILL_AREA ( #4719 ) ;
#10222 = ORIENTED_EDGE ( 'NONE', *, *, #8745, .T. ) ;
#10223 = SURFACE_STYLE_USAGE ( .BOTH. , #1684 ) ;
#10224 = CARTESIAN_POINT ( 'NONE',  ( 1.832739060806250597, 1.153354568362160437, 0.7010000000000000675 ) ) ;
#10225 = COLOUR_RGB ( '',1.000000000000000000, 1.000000000000000000, 1.000000000000000000 ) ;
#10226 = SURFACE_STYLE_FILL_AREA ( #1491 ) ;
#10227 = FILL_AREA_STYLE_COLOUR ( '', #2121 ) ;
#10228 = VERTEX_POINT ( 'NONE', #9313 ) ;
#10229 = CARTESIAN_POINT ( 'NONE',  ( 1.983004874872476897, 1.084896907152239853, 0.7010000000000000675 ) ) ;
#10230 = ORIENTED_EDGE ( 'NONE', *, *, #6234, .F. ) ;
#10231 = SURFACE_STYLE_FILL_AREA ( #4606 ) ;
#10232 = CARTESIAN_POINT ( 'NONE',  ( 1.998102159817380485, 1.180305093553438711, 0.7010000000000000675 ) ) ;
#10233 = FILL_AREA_STYLE ('',( #11905 ) ) ;
#10234 = CARTESIAN_POINT ( 'NONE',  ( 1.980966949356598450, 1.316804512807233207, 0.7010000000000000675 ) ) ;
#10235 = EDGE_CURVE ( 'NONE', #12061, #7002, #2634, .T. ) ;
#10236 = PRESENTATION_STYLE_ASSIGNMENT (( #4365 ) ) ;
#10237 = CARTESIAN_POINT ( 'NONE',  ( 1.926234092641942786, 1.379605890953294445, 0.6999999999999999556 ) ) ;
#10238 = DIRECTION ( 'NONE',  ( -0.0000000000000000000, 1.000000000000000000, -0.0000000000000000000 ) ) ;
#10239 = FACE_OUTER_BOUND ( 'NONE', #6553, .T. ) ;
#10240 = VERTEX_POINT ( 'NONE', #6452 ) ;
#10241 = ORIENTED_EDGE ( 'NONE', *, *, #10015, .T. ) ;
#10242 = EDGE_CURVE ( 'NONE', #757, #6221, #10299, .T. ) ;
#10243 = FILL_AREA_STYLE ('',( #11045 ) ) ;
#10244 = SURFACE_STYLE_FILL_AREA ( #441 ) ;
#10245 = DIRECTION ( 'NONE',  ( 0.0000000000000000000, -1.000000000000000000, 0.0000000000000000000 ) ) ;
#10246 = ADVANCED_FACE ( 'NONE', ( #5302 ), #12231, .F. ) ;
#10247 = UNCERTAINTY_MEASURE_WITH_UNIT (LENGTH_MEASURE( 1.000000000000000082E-05 ), #11723, 'distance_accuracy_value', 'NONE');
#10248 = ORIENTED_EDGE ( 'NONE', *, *, #5342, .F. ) ;
#10249 = FACE_OUTER_BOUND ( 'NONE', #2409, .T. ) ;
#10250 = ORIENTED_EDGE ( 'NONE', *, *, #10182, .T. ) ;
#10251 = FACE_OUTER_BOUND ( 'NONE', #4758, .T. ) ;
#10252 = VERTEX_POINT ( 'NONE', #7618 ) ;
#10253 = B_SPLINE_CURVE_WITH_KNOTS ( 'NONE', 3,
 ( #1253, #10720, #2203, #5047 ),
 .UNSPECIFIED., .F., .F.,
 ( 4, 4 ),
 ( 16.00000000000000000, 17.00000000000000000 ),
 .UNSPECIFIED. ) ;
#10254 = VERTEX_POINT ( 'NONE', #10468 ) ;
#10255 = SURFACE_STYLE_USAGE ( .BOTH. , #1483 ) ;
#10256 = CARTESIAN_POINT ( 'NONE',  ( 1.428620161237295516, 1.096736157986126337, 0.7010000000000000675 ) ) ;
#10257 = MECHANICAL_DESIGN_GEOMETRIC_PRESENTATION_REPRESENTATION (  '', ( #7855 ), #2294 ) ;
#10258 = CARTESIAN_POINT ( 'NONE',  ( 2.146163687101306561, 1.006707111844477032, 0.6999999999999999556 ) ) ;
#10259 = ORIENTED_EDGE ( 'NONE', *, *, #8812, .F. ) ;
#10260 = PRESENTATION_STYLE_ASSIGNMENT (( #8214 ) ) ;
#10261 = CARTESIAN_POINT ( 'NONE',  ( 1.987455038754229797, 1.484995753350852210, 0.7010000000000000675 ) ) ;
#10262 = SURFACE_STYLE_FILL_AREA ( #2535 ) ;
#10263 = EDGE_CURVE ( 'NONE', #6750, #7867, #12349, .T. ) ;
#10264 = CARTESIAN_POINT ( 'NONE',  ( 1.954432327331931507, 1.075414314955142503, 0.6999999999999999556 ) ) ;
#10265 = ORIENTED_EDGE ( 'NONE', *, *, #11662, .F. ) ;
#10266 = EDGE_CURVE ( 'NONE', #948, #7696, #9557, .T. ) ;
#10267 = COLOUR_RGB ( '',0.6470588235294117974, 0.6196078431372549211, 0.5882352941176470784 ) ;
#10268 = CARTESIAN_POINT ( 'NONE',  ( 2.059198334980410827, 1.058695007660964693, 0.6999999999999999556 ) ) ;
#10269 = ORIENTED_EDGE ( 'NONE', *, *, #2869, .T. ) ;
#10270 = CARTESIAN_POINT ( 'NONE',  ( 2.045639891751560580, 1.127901294570894830, 0.6999999999999999556 ) ) ;
#10271 = ORIENTED_EDGE ( 'NONE', *, *, #9534, .F. ) ;
#10272 = FILL_AREA_STYLE_COLOUR ( '', #11978 ) ;
#10273 = CARTESIAN_POINT ( 'NONE',  ( 1.811735950896735892, 1.224141287305309023, 0.7010000000000000675 ) ) ;
#10274 = MECHANICAL_DESIGN_GEOMETRIC_PRESENTATION_REPRESENTATION (  '', ( #7275 ), #10465 ) ;
#10275 = FACE_OUTER_BOUND ( 'NONE', #4565, .T. ) ;
#10276 = COLOUR_RGB ( '',1.000000000000000000, 1.000000000000000000, 1.000000000000000000 ) ;
#10277 = EDGE_CURVE ( 'NONE', #5496, #10795, #10356, .T. ) ;
#10278 = FILL_AREA_STYLE ('',( #38 ) ) ;
#10279 = ORIENTED_EDGE ( 'NONE', *, *, #1251, .T. ) ;
#10280 = FILL_AREA_STYLE_COLOUR ( '', #12362 ) ;
#10281 = CARTESIAN_POINT ( 'NONE',  ( 1.235436266422391238, 1.074757135341556369, 0.6999999999999999556 ) ) ;
#10282 = CARTESIAN_POINT ( 'NONE',  ( 2.283328551422453057, 1.153354568362160437, 0.7010000000000000675 ) ) ;
#10283 = CARTESIAN_POINT ( 'NONE',  ( 2.341513404418675393, 1.153354568362160437, 0.7010000000000000675 ) ) ;
#10284 = ORIENTED_EDGE ( 'NONE', *, *, #3261, .T. ) ;
#10285 = CARTESIAN_POINT ( 'NONE',  ( 2.522056969007373528, 1.061439968560242475, 0.7010000000000000675 ) ) ;
#10286 = VECTOR ( 'NONE', #3211, 1000.000000000000000 ) ;
#10287 = AXIS2_PLACEMENT_3D ( 'NONE', #505, #7239, #7182 ) ;
#10288 = MECHANICAL_DESIGN_GEOMETRIC_PRESENTATION_REPRESENTATION (  '', ( #1117 ), #1511 ) ;
#10289 = PRESENTATION_LAYER_ASSIGNMENT (  '', '', ( #11505 ) ) ;
#10290 =( GEOMETRIC_REPRESENTATION_CONTEXT ( 3 ) GLOBAL_UNCERTAINTY_ASSIGNED_CONTEXT ( ( #11029 ) ) GLOBAL_UNIT_ASSIGNED_CONTEXT ( ( #2456, #6275, #6650 ) ) REPRESENTATION_CONTEXT ( 'NONE', 'WORKASPACE' ) );
#10291 =( NAMED_UNIT ( * ) PLANE_ANGLE_UNIT ( ) SI_UNIT ( $, .RADIAN. ) );
#10292 = CARTESIAN_POINT ( 'NONE',  ( 2.426981505140121786, 1.224141287305309023, 0.7010000000000000675 ) ) ;
#10293 = MECHANICAL_DESIGN_GEOMETRIC_PRESENTATION_REPRESENTATION (  '', ( #1743 ), #4910 ) ;
#10294 = AXIS2_PLACEMENT_3D ( 'NONE', #9990, #11963, #11903 ) ;
#10295 = DIRECTION ( 'NONE',  ( 0.3409177962187308064, 0.9400931103999028426, 0.0000000000000000000 ) ) ;
#10296 = CARTESIAN_POINT ( 'NONE',  ( 2.065312111528040617, 1.137300706134778405, 0.7010000000000000675 ) ) ;
#10297 = SURFACE_STYLE_USAGE ( .BOTH. , #7414 ) ;
#10298 = VECTOR ( 'NONE', #3933, 1000.000000000000000 ) ;
#10299 = LINE ( 'NONE', #12024, #8587 ) ;
#10300 = COLOUR_RGB ( '',0.1019607843137254888, 0.1019607843137254888, 0.1019607843137254888 ) ;
#10301 = UNCERTAINTY_MEASURE_WITH_UNIT (LENGTH_MEASURE( 1.000000000000000082E-05 ), #1793, 'distance_accuracy_value', 'NONE');
#10302 = STYLED_ITEM ( 'NONE', ( #2128 ), #4362 ) ;
#10303 = VECTOR ( 'NONE', #11207, 1000.000000000000000 ) ;
#10304 = PRESENTATION_STYLE_ASSIGNMENT (( #11119 ) ) ;
#10305 = ORIENTED_EDGE ( 'NONE', *, *, #1261, .T. ) ;
#10306 = ORIENTED_EDGE ( 'NONE', *, *, #12216, .T. ) ;
#10308 = DIRECTION ( 'NONE',  ( 0.0000000000000000000, 1.000000000000000000, -0.0000000000000000000 ) ) ;
#10307 = MECHANICAL_DESIGN_GEOMETRIC_PRESENTATION_REPRESENTATION (  '', ( #3550 ), #11885 ) ;
#10309 =( LENGTH_UNIT ( ) NAMED_UNIT ( * ) SI_UNIT ( .MILLI., .METRE. ) );
#10310 = CARTESIAN_POINT ( 'NONE',  ( 1.931557653172965683, 1.364134293158385747, 0.6999999999999999556 ) ) ;
#10311 = FILL_AREA_STYLE_COLOUR ( '', #3000 ) ;
#10312 = SURFACE_STYLE_USAGE ( .BOTH. , #10371 ) ;
#10313 = ORIENTED_EDGE ( 'NONE', *, *, #10671, .F. ) ;
#10314 = ADVANCED_FACE ( 'NONE', ( #1002 ), #6720, .F. ) ;
#10315 = STYLED_ITEM ( 'NONE', ( #8473 ), #10799 ) ;
#10316 = ADVANCED_FACE ( 'NONE', ( #5776 ), #7793, .F. ) ;
#10317 = CARTESIAN_POINT ( 'NONE',  ( 1.013332672324957384, 1.247118867853497681, 0.7010000000000000675 ) ) ;
#10318 = ORIENTED_EDGE ( 'NONE', *, *, #1996, .T. ) ;
#10319 =( NAMED_UNIT ( * ) SI_UNIT ( $, .STERADIAN. ) SOLID_ANGLE_UNIT ( ) );
#10320 = ORIENTED_EDGE ( 'NONE', *, *, #3936, .F. ) ;
#10321 = EDGE_CURVE ( 'NONE', #1497, #9897, #3621, .T. ) ;
#10322 = ORIENTED_EDGE ( 'NONE', *, *, #11718, .T. ) ;
#10323 = FILL_AREA_STYLE ('',( #9334 ) ) ;
#10324 =( NAMED_UNIT ( * ) PLANE_ANGLE_UNIT ( ) SI_UNIT ( $, .RADIAN. ) );
#10325 = CARTESIAN_POINT ( 'NONE',  ( 1.462167081245532740, 1.060875693806251796, 0.7010000000000000675 ) ) ;
#10326 = COLOUR_RGB ( '',1.000000000000000000, 1.000000000000000000, 1.000000000000000000 ) ;
#10327 = ORIENTED_EDGE ( 'NONE', *, *, #11409, .F. ) ;
#10328 = DIRECTION ( 'NONE',  ( -0.0000000000000000000, -0.0000000000000000000, -1.000000000000000000 ) ) ;
#10329 = SURFACE_SIDE_STYLE ('',( #4642 ) ) ;
#10330 = VERTEX_POINT ( 'NONE', #10776 ) ;
#10331 = CARTESIAN_POINT ( 'NONE',  ( 2.092054685135732228, 1.102115298245675667, 0.7010000000000000675 ) ) ;
#10332 = VERTEX_POINT ( 'NONE', #8047 ) ;
#10333 = SURFACE_STYLE_FILL_AREA ( #11944 ) ;
#10334 = CARTESIAN_POINT ( 'NONE',  ( 1.510752214874065524, 1.311899031315902242, 0.6999999999999999556 ) ) ;
#10335 = UNCERTAINTY_MEASURE_WITH_UNIT (LENGTH_MEASURE( 1.000000000000000082E-05 ), #3654, 'distance_accuracy_value', 'NONE');
#10336 = ORIENTED_EDGE ( 'NONE', *, *, #12315, .T. ) ;
#10337 = SURFACE_STYLE_USAGE ( .BOTH. , #9232 ) ;
#10338 = EDGE_CURVE ( 'NONE', #3560, #9347, #4175, .T. ) ;
#10339 = DIRECTION ( 'NONE',  ( 0.0000000000000000000, 1.000000000000000000, -0.0000000000000000000 ) ) ;
#10340 = EDGE_CURVE ( 'NONE', #8535, #4962, #5099, .T. ) ;
#10341 = PRESENTATION_STYLE_ASSIGNMENT (( #7712 ) ) ;
#10342 = DIRECTION ( 'NONE',  ( -0.0000000000000000000, -0.0000000000000000000, 1.000000000000000000 ) ) ;
#10343 =( GEOMETRIC_REPRESENTATION_CONTEXT ( 3 ) GLOBAL_UNCERTAINTY_ASSIGNED_CONTEXT ( ( #7449 ) ) GLOBAL_UNIT_ASSIGNED_CONTEXT ( ( #8349, #6303, #2544 ) ) REPRESENTATION_CONTEXT ( 'NONE', 'WORKASPACE' ) );
#10344 = ORIENTED_EDGE ( 'NONE', *, *, #4136, .T. ) ;
#10345 = CARTESIAN_POINT ( 'NONE',  ( 1.983004874872476897, 1.084896907152239853, 0.7010000000000000675 ) ) ;
#10346 = LINE ( 'NONE', #12073, #8888 ) ;
#10347 = FACE_OUTER_BOUND ( 'NONE', #3780, .T. ) ;
#10348 = VECTOR ( 'NONE', #9171, 1000.000000000000000 ) ;
#10349 = ORIENTED_EDGE ( 'NONE', *, *, #3846, .T. ) ;
#10350 = CARTESIAN_POINT ( 'NONE',  ( 2.488493583469202353, 1.202597503279374980, 0.7010000000000000675 ) ) ;
#10351 = CARTESIAN_POINT ( 'NONE',  ( 2.473562659791269436, 1.096958098981078544, 0.6999999999999999556 ) ) ;
#10352 = CARTESIAN_POINT ( 'NONE',  ( 1.957302059181020848, 1.130479894203750391, 0.6999999999999999556 ) ) ;
#10353 = ADVANCED_FACE ( 'NONE', ( #9982 ), #6535, .F. ) ;
#10354 = PRESENTATION_STYLE_ASSIGNMENT (( #9615 ) ) ;
#10355 =( NAMED_UNIT ( * ) PLANE_ANGLE_UNIT ( ) SI_UNIT ( $, .RADIAN. ) );
#10356 = LINE ( 'NONE', #1954, #3806 ) ;
#10357 = SURFACE_SIDE_STYLE ('',( #4804 ) ) ;
#10358 = B_SPLINE_SURFACE_WITH_KNOTS ( 'NONE', 3, 1, ( 
 ( #4093, #5205 ),
 ( #7779, #8796 ),
 ( #6117, #10884 ),
 ( #8856, #3051 ) ),
 .UNSPECIFIED., .F., .F., .F.,
 ( 4, 4 ),
 ( 2, 2 ),
 ( 15.00000000000000000, 16.00000000000000000 ),
 ( 0.0000000000000000000, 1.000000000000000000 ),
 .UNSPECIFIED. ) ;
#10359 = LINE ( 'NONE', #4617, #10415 ) ;
#10360 = PRESENTATION_LAYER_ASSIGNMENT (  '', '', ( #3398 ) ) ;
#10361 = MECHANICAL_DESIGN_GEOMETRIC_PRESENTATION_REPRESENTATION (  '', ( #2606 ), #2210 ) ;
#10362 = ORIENTED_EDGE ( 'NONE', *, *, #6738, .T. ) ;
#10363 = B_SPLINE_CURVE_WITH_KNOTS ( 'NONE', 3,
 ( #10510, #9595, #5865, #9715 ),
 .UNSPECIFIED., .F., .F.,
 ( 4, 4 ),
 ( 28.00000000000000000, 29.00000000000000000 ),
 .UNSPECIFIED. ) ;
#10364 = ORIENTED_EDGE ( 'NONE', *, *, #1600, .F. ) ;
#10365 =( GEOMETRIC_REPRESENTATION_CONTEXT ( 3 ) GLOBAL_UNCERTAINTY_ASSIGNED_CONTEXT ( ( #67 ) ) GLOBAL_UNIT_ASSIGNED_CONTEXT ( ( #6724, #8755, #6849 ) ) REPRESENTATION_CONTEXT ( 'NONE', 'WORKASPACE' ) );
#10366 =( NAMED_UNIT ( * ) SI_UNIT ( $, .STERADIAN. ) SOLID_ANGLE_UNIT ( ) );
#10367 = STYLED_ITEM ( 'NONE', ( #2621 ), #10482 ) ;
#10368 = CARTESIAN_POINT ( 'NONE',  ( 1.926234092641942786, 1.399070159146746706, 0.6999999999999999556 ) ) ;
#10369 = COLOUR_RGB ( '',1.000000000000000000, 1.000000000000000000, 1.000000000000000000 ) ;
#10370 = CARTESIAN_POINT ( 'NONE',  ( 2.067058904827680177, 1.159426754593186892, 0.6999999999999999556 ) ) ;
#10371 = SURFACE_SIDE_STYLE ('',( #63 ) ) ;
#10372 = PRESENTATION_LAYER_ASSIGNMENT (  '', '', ( #6356 ) ) ;
#10373 = DIRECTION ( 'NONE',  ( 1.000000000000000000, 0.0000000000000000000, 0.0000000000000000000 ) ) ;
#10374 = EDGE_LOOP ( 'NONE', ( #1593, #11168, #6770, #11806 ) ) ;
#10375 = ORIENTED_EDGE ( 'NONE', *, *, #11682, .F. ) ;
#10376 = ORIENTED_EDGE ( 'NONE', *, *, #4987, .F. ) ;
#10377 = CARTESIAN_POINT ( 'NONE',  ( 1.607922570388302441, 1.082854716450815324, 0.7010000000000000675 ) ) ;
#10378 =( LENGTH_UNIT ( ) NAMED_UNIT ( * ) SI_UNIT ( .MILLI., .METRE. ) );
#10379 = ORIENTED_EDGE ( 'NONE', *, *, #11030, .T. ) ;
#10380 = VECTOR ( 'NONE', #1147, 1000.000000000000000 ) ;
#10381 = CARTESIAN_POINT ( 'NONE',  ( 2.473562659791269436, 1.096958098981078544, 0.6999999999999999556 ) ) ;
#10382 = CARTESIAN_POINT ( 'NONE',  ( 0.0000000000000000000, 0.0000000000000000000, 0.7010000000000000675 ) ) ;
#10383 = CARTESIAN_POINT ( 'NONE',  ( 1.501497905808405031, 1.465752062954798651, 0.6999999999999999556 ) ) ;
#10384 = CARTESIAN_POINT ( 'NONE',  ( 2.085109102254885993, 1.180305093553438711, 0.7010000000000000675 ) ) ;
#10385 = CARTESIAN_POINT ( 'NONE',  ( 2.187629232803906643, 1.043888854932849108, 0.7010000000000000675 ) ) ;
#10386 = ORIENTED_EDGE ( 'NONE', *, *, #9868, .F. ) ;
#10387 = PRESENTATION_STYLE_ASSIGNMENT (( #6547 ) ) ;
#10388 = EDGE_CURVE ( 'NONE', #12114, #10216, #10903, .T. ) ;
#10389 = AXIS2_PLACEMENT_3D ( 'NONE', #10708, #2190, #6006 ) ;
#10390 = ORIENTED_EDGE ( 'NONE', *, *, #5642, .F. ) ;
#10391 = CARTESIAN_POINT ( 'NONE',  ( 2.424901989307639560, 1.364051112525174858, 0.7010000000000000675 ) ) ;
#10392 = PRESENTATION_LAYER_ASSIGNMENT (  '', '', ( #4605 ) ) ;
#10393 = VECTOR ( 'NONE', #2490, 999.9999999999998863 ) ;
#10394 = CARTESIAN_POINT ( 'NONE',  ( 2.490947412151131246, 1.123991804805564376, 0.6999999999999999556 ) ) ;
#10395 = ORIENTED_EDGE ( 'NONE', *, *, #2788, .T. ) ;
#10396 = CARTESIAN_POINT ( 'NONE',  ( 2.464703922344361864, 1.319549473706508769, 0.7010000000000000675 ) ) ;
#10397 = CARTESIAN_POINT ( 'NONE',  ( 2.186256752354823529, 1.086061436018292525, 0.7010000000000000675 ) ) ;
#10398 = VECTOR ( 'NONE', #5467, 1000.000000000000000 ) ;
#10399 = DIRECTION ( 'NONE',  ( 1.000000000000000000, -0.0000000000000000000, -0.0000000000000000000 ) ) ;
#10400 = VECTOR ( 'NONE', #11818, 1000.000000000000000 ) ;
#10401 = VERTEX_POINT ( 'NONE', #8938 ) ;
#10402 = CARTESIAN_POINT ( 'NONE',  ( 1.523476884324387548, 1.131439850079904774, 0.7010000000000000675 ) ) ;
#10403 = DIRECTION ( 'NONE',  ( -0.0000000000000000000, -0.0000000000000000000, -1.000000000000000000 ) ) ;
#10404 = EDGE_CURVE ( 'NONE', #9243, #12114, #8520, .T. ) ;
#10405 = EDGE_CURVE ( 'NONE', #8107, #6864, #356, .T. ) ;
#10406 = CARTESIAN_POINT ( 'NONE',  ( 1.606765754174732441, 1.221669440697902953, 0.6999999999999999556 ) ) ;
#10407 = ORIENTED_EDGE ( 'NONE', *, *, #3510, .T. ) ;
#10408 = FACE_OUTER_BOUND ( 'NONE', #642, .T. ) ;
#10409 =( NAMED_UNIT ( * ) SI_UNIT ( $, .STERADIAN. ) SOLID_ANGLE_UNIT ( ) );
#10410 = LINE ( 'NONE', #798, #2415 ) ;
#10411 = SURFACE_SIDE_STYLE ('',( #6575 ) ) ;
#10412 =( NAMED_UNIT ( * ) PLANE_ANGLE_UNIT ( ) SI_UNIT ( $, .RADIAN. ) );
#10413 =( NAMED_UNIT ( * ) SI_UNIT ( $, .STERADIAN. ) SOLID_ANGLE_UNIT ( ) );
#10414 = FILL_AREA_STYLE ('',( #10532 ) ) ;
#10415 = VECTOR ( 'NONE', #8445, 1000.000000000000000 ) ;
#10416 = ADVANCED_FACE ( 'NONE', ( #4117 ), #1188, .T. ) ;
#10417 =( NAMED_UNIT ( * ) SI_UNIT ( $, .STERADIAN. ) SOLID_ANGLE_UNIT ( ) );
#10418 = CARTESIAN_POINT ( 'NONE',  ( 2.318306007727422013, 1.319549473706508769, 0.6999999999999999556 ) ) ;
#10419 = CARTESIAN_POINT ( 'NONE',  ( 1.129011645970521283, 1.362797841499060025, 0.7010000000000000675 ) ) ;
#10420 = CARTESIAN_POINT ( 'NONE',  ( 2.001595746416104937, 1.466030568956663283, 0.6999999999999999556 ) ) ;
#10421 = UNCERTAINTY_MEASURE_WITH_UNIT (LENGTH_MEASURE( 1.000000000000000082E-05 ), #1718, 'distance_accuracy_value', 'NONE');
#10422 = EDGE_LOOP ( 'NONE', ( #8884, #10066 ) ) ;
#10423 = EDGE_LOOP ( 'NONE', ( #10284, #4705, #11522, #2972, #3360, #7883 ) ) ;
#10424 = CARTESIAN_POINT ( 'NONE',  ( 2.513031870295155290, 1.144870143764706194, 0.6999999999999999556 ) ) ;
#10425 = CARTESIAN_POINT ( 'NONE',  ( 2.112641891879190492, 1.155350903561436215, 0.7010000000000000675 ) ) ;
#10426 = EDGE_CURVE ( 'NONE', #5012, #5493, #2676, .T. ) ;
#10427 = VERTEX_POINT ( 'NONE', #10968 ) ;
#10428 = CARTESIAN_POINT ( 'NONE',  ( 2.137762443137059876, 1.411464073508428951, 0.7010000000000000675 ) ) ;
#10429 = ORIENTED_EDGE ( 'NONE', *, *, #2050, .F. ) ;
#10430 = ORIENTED_EDGE ( 'NONE', *, *, #4987, .T. ) ;
#10431 = FACE_OUTER_BOUND ( 'NONE', #7240, .T. ) ;
#10432 = LINE ( 'NONE', #71, #7214 ) ;
#10433 = FILL_AREA_STYLE ('',( #10613 ) ) ;
#10434 = VERTEX_POINT ( 'NONE', #9168 ) ;
#10435 = CARTESIAN_POINT ( 'NONE',  ( 2.451062298482304058, 1.061439968560242697, 0.6999999999999999556 ) ) ;
#10436 = CARTESIAN_POINT ( 'NONE',  ( 2.055902302385558045, 1.078138480695978396, 0.6999999999999999556 ) ) ;
#10437 = CARTESIAN_POINT ( 'NONE',  ( 2.309280909012984662, 1.427102032569759205, 0.7010000000000000675 ) ) ;
#10438 = FACE_OUTER_BOUND ( 'NONE', #6605, .T. ) ;
#10439 = VERTEX_POINT ( 'NONE', #6440 ) ;
#10440 = LINE ( 'NONE', #972, #3194 ) ;
#10441 = B_SPLINE_CURVE_WITH_KNOTS ( 'NONE', 3,
 ( #3175, #7782, #7906, #2185 ),
 .UNSPECIFIED., .F., .F.,
 ( 4, 4 ),
 ( 6.000000000000000000, 7.000000000000000000 ),
 .UNSPECIFIED. ) ;
#10442 = FACE_OUTER_BOUND ( 'NONE', #7963, .T. ) ;
#10443 = ORIENTED_EDGE ( 'NONE', *, *, #1, .T. ) ;
#10444 = CARTESIAN_POINT ( 'NONE',  ( 2.085109102254885993, 1.127319030137312827, 0.7010000000000000675 ) ) ;
#10445 = VERTEX_POINT ( 'NONE', #10282 ) ;
#10446 = PLANE ( 'NONE',  #2436 ) ;
#10447 = ORIENTED_EDGE ( 'NONE', *, *, #10340, .F. ) ;
#10448 = SURFACE_STYLE_USAGE ( .BOTH. , #5814 ) ;
#10449 = MECHANICAL_DESIGN_GEOMETRIC_PRESENTATION_REPRESENTATION (  '', ( #1912 ), #9098 ) ;
#10450 = ORIENTED_EDGE ( 'NONE', *, *, #168, .F. ) ;
#10451 = DIRECTION ( 'NONE',  ( -0.0000000000000000000, -0.0000000000000000000, -1.000000000000000000 ) ) ;
#10452 = CARTESIAN_POINT ( 'NONE',  ( 1.944325880385757710, 1.058695007660964693, 0.6999999999999999556 ) ) ;
#10453 = ORIENTED_EDGE ( 'NONE', *, *, #3695, .T. ) ;
#10454 = DIRECTION ( 'NONE',  ( -0.0000000000000000000, -0.0000000000000000000, 1.000000000000000000 ) ) ;
#10455 = EDGE_CURVE ( 'NONE', #5012, #3424, #7342, .T. ) ;
#10456 = CARTESIAN_POINT ( 'NONE',  ( 1.968198722144361756, 1.163752147525683123, 0.7010000000000000675 ) ) ;
#10457 =( GEOMETRIC_REPRESENTATION_CONTEXT ( 3 ) GLOBAL_UNCERTAINTY_ASSIGNED_CONTEXT ( ( #9018 ) ) GLOBAL_UNIT_ASSIGNED_CONTEXT ( ( #9050, #10164, #7273 ) ) REPRESENTATION_CONTEXT ( 'NONE', 'WORKASPACE' ) );
#10458 = STYLED_ITEM ( 'NONE', ( #5832 ), #7195 ) ;
#10459 = PLANE ( 'NONE',  #818 ) ;
#10460 = ADVANCED_FACE ( 'NONE', ( #4476 ), #1623, .F. ) ;
#10461 = DIRECTION ( 'NONE',  ( -0.9434452330799489861, 0.3315284183576436283, 0.0000000000000000000 ) ) ;
#10462 = CARTESIAN_POINT ( 'NONE',  ( 1.635685497585844583, 1.112931231947474675, 0.7010000000000000675 ) ) ;
#10463 = SURFACE_SIDE_STYLE ('',( #6638 ) ) ;
#10464 = DIRECTION ( 'NONE',  ( 1.000000000000000000, -0.0000000000000000000, -0.0000000000000000000 ) ) ;
#10465 =( GEOMETRIC_REPRESENTATION_CONTEXT ( 3 ) GLOBAL_UNCERTAINTY_ASSIGNED_CONTEXT ( ( #9258 ) ) GLOBAL_UNIT_ASSIGNED_CONTEXT ( ( #6298, #10151, #12320 ) ) REPRESENTATION_CONTEXT ( 'NONE', 'WORKASPACE' ) );
#10466 =( GEOMETRIC_REPRESENTATION_CONTEXT ( 3 ) GLOBAL_UNCERTAINTY_ASSIGNED_CONTEXT ( ( #10132 ) ) GLOBAL_UNIT_ASSIGNED_CONTEXT ( ( #5431, #10065, #9202 ) ) REPRESENTATION_CONTEXT ( 'NONE', 'WORKASPACE' ) );
#10467 =( GEOMETRIC_REPRESENTATION_CONTEXT ( 3 ) GLOBAL_UNCERTAINTY_ASSIGNED_CONTEXT ( ( #6803 ) ) GLOBAL_UNIT_ASSIGNED_CONTEXT ( ( #3348, #7827, #4265 ) ) REPRESENTATION_CONTEXT ( 'NONE', 'WORKASPACE' ) );
#10468 = CARTESIAN_POINT ( 'NONE',  ( 1.890923913803576051, 1.153354568362160437, 0.6999999999999999556 ) ) ;
#10469 = DIRECTION ( 'NONE',  ( -0.3493954794973236910, 0.9369753459439769117, 0.0000000000000000000 ) ) ;
#10470 = FACE_OUTER_BOUND ( 'NONE', #2286, .T. ) ;
#10471 = LINE ( 'NONE', #10419, #577 ) ;
#10472 =( GEOMETRIC_REPRESENTATION_CONTEXT ( 3 ) GLOBAL_UNCERTAINTY_ASSIGNED_CONTEXT ( ( #6427 ) ) GLOBAL_UNIT_ASSIGNED_CONTEXT ( ( #6036, #381, #11858 ) ) REPRESENTATION_CONTEXT ( 'NONE', 'WORKASPACE' ) );
#10473 = PRESENTATION_LAYER_ASSIGNMENT (  '', '', ( #7884 ) ) ;
#10474 = SURFACE_STYLE_USAGE ( .BOTH. , #3131 ) ;
#10475 =( NAMED_UNIT ( * ) SI_UNIT ( $, .STERADIAN. ) SOLID_ANGLE_UNIT ( ) );
#10476 = ORIENTED_EDGE ( 'NONE', *, *, #4388, .T. ) ;
#10477 = EDGE_CURVE ( 'NONE', #7866, #12128, #9107, .T. ) ;
#10478 = SURFACE_STYLE_FILL_AREA ( #4005 ) ;
#10479 =( GEOMETRIC_REPRESENTATION_CONTEXT ( 3 ) GLOBAL_UNCERTAINTY_ASSIGNED_CONTEXT ( ( #2324 ) ) GLOBAL_UNIT_ASSIGNED_CONTEXT ( ( #4929, #8760, #9497 ) ) REPRESENTATION_CONTEXT ( 'NONE', 'WORKASPACE' ) );
#10480 = EDGE_CURVE ( 'NONE', #9332, #3045, #2487, .T. ) ;
#10481 = STYLED_ITEM ( 'NONE', ( #10602 ), #2928 ) ;
#10482 = ADVANCED_FACE ( 'NONE', ( #9238 ), #12076, .F. ) ;
#10483 = B_SPLINE_CURVE_WITH_KNOTS ( 'NONE', 3,
 ( #6465, #3589, #685, #8244 ),
 .UNSPECIFIED., .F., .F.,
 ( 4, 4 ),
 ( 0.0000000000000000000, 1.000000000000000000 ),
 .UNSPECIFIED. ) ;
#10484 = CARTESIAN_POINT ( 'NONE',  ( 1.970111876710422649, 1.180305093553438711, 0.7010000000000000675 ) ) ;
#10485 = STYLED_ITEM ( 'NONE', ( #11290 ), #47 ) ;
#10486 = FILL_AREA_STYLE_COLOUR ( '', #6531 ) ;
#10487 = FILL_AREA_STYLE_COLOUR ( '', #7880 ) ;
#10488 = B_SPLINE_CURVE_WITH_KNOTS ( 'NONE', 3,
 ( #2212, #9758, #10852, #6987, #2094, #8828 ),
 .UNSPECIFIED., .F., .F.,
 ( 4, 2, 4 ),
 ( 2.000000000000000000, 3.000000000000000000, 4.000000000000000000 ),
 .UNSPECIFIED. ) ;
#10489 = CARTESIAN_POINT ( 'NONE',  ( 2.088561098537006888, 1.105026620411373450, 0.6999999999999999556 ) ) ;
#10490 =( GEOMETRIC_REPRESENTATION_CONTEXT ( 3 ) GLOBAL_UNCERTAINTY_ASSIGNED_CONTEXT ( ( #192 ) ) GLOBAL_UNIT_ASSIGNED_CONTEXT ( ( #11589, #8807, #6066 ) ) REPRESENTATION_CONTEXT ( 'NONE', 'WORKASPACE' ) );
#10491 = EDGE_LOOP ( 'NONE', ( #511, #2000, #5462, #2737 ) ) ;
#10492 = VECTOR ( 'NONE', #204, 1000.000000000000000 ) ;
#10493 = EDGE_LOOP ( 'NONE', ( #4222, #2029, #1581, #10269 ) ) ;
#10494 = ORIENTED_EDGE ( 'NONE', *, *, #1423, .T. ) ;
#10495 = EDGE_CURVE ( 'NONE', #6030, #8872, #4724, .T. ) ;
#10496 =( NAMED_UNIT ( * ) SI_UNIT ( $, .STERADIAN. ) SOLID_ANGLE_UNIT ( ) );
#10497 = VERTEX_POINT ( 'NONE', #5822 ) ;
#10498 = LINE ( 'NONE', #3084, #950 ) ;
#10499 = DIRECTION ( 'NONE',  ( 0.8840949502478813171, 0.4673073067545553960, 0.0000000000000000000 ) ) ;
#10500 = LINE ( 'NONE', #76, #7426 ) ;
#10501 = VECTOR ( 'NONE', #7258, 1000.000000000000000 ) ;
#10502 = COLOUR_RGB ( '',1.000000000000000000, 1.000000000000000000, 1.000000000000000000 ) ;
#10503 =( NAMED_UNIT ( * ) PLANE_ANGLE_UNIT ( ) SI_UNIT ( $, .RADIAN. ) );
#10504 = ORIENTED_EDGE ( 'NONE', *, *, #3246, .F. ) ;
#10505 = DIRECTION ( 'NONE',  ( -1.000000000000000000, -0.0000000000000000000, -0.0000000000000000000 ) ) ;
#10506 = SURFACE_STYLE_FILL_AREA ( #9591 ) ;
#10507 = CARTESIAN_POINT ( 'NONE',  ( 1.255101700767842887, 0.9845275888515911955, 0.6999999999999999556 ) ) ;
#10508 = VERTEX_POINT ( 'NONE', #8487 ) ;
#10509 = CARTESIAN_POINT ( 'NONE',  ( 2.055902302385558045, 1.078138480695978396, 0.7010000000000000675 ) ) ;
#10510 = CARTESIAN_POINT ( 'NONE',  ( 1.428620161237295516, 1.096736157986126337, 0.6999999999999999556 ) ) ;
#10511 = VECTOR ( 'NONE', #6637, 1000.000000000000000 ) ;
#10512 = ORIENTED_EDGE ( 'NONE', *, *, #8102, .T. ) ;
#10513 = STYLED_ITEM ( 'NONE', ( #1078 ), #11020 ) ;
#10514 = ORIENTED_EDGE ( 'NONE', *, *, #6307, .T. ) ;
#10515 = CARTESIAN_POINT ( 'NONE',  ( 1.402014006123635026, 1.525905132560692490, 0.6999999999999999556 ) ) ;
#10516 = B_SPLINE_CURVE_WITH_KNOTS ( 'NONE', 3,
 ( #3897, #7569, #898, #6607 ),
 .UNSPECIFIED., .F., .F.,
 ( 4, 4 ),
 ( 6.000000000000000000, 7.000000000000000000 ),
 .UNSPECIFIED. ) ;
#10517 = CARTESIAN_POINT ( 'NONE',  ( 2.950000000000001066, -1.700000000000000178, -0.1000000000000000056 ) ) ;
#10518 = EDGE_LOOP ( 'NONE', ( #1910, #3601, #4757, #2694, #8651, #11683, #10453, #7243, #3265, #11860, #5478, #3699, #12263, #6495, #6506 ) ) ;
#10519 = VECTOR ( 'NONE', #2552, 1000.000000000000000 ) ;
#10520 = CARTESIAN_POINT ( 'NONE',  ( 2.079577590140282872, 1.338098754933535917, 0.7010000000000000675 ) ) ;
#10521 = CARTESIAN_POINT ( 'NONE',  ( 2.146163687101306561, 1.006707111844477032, 0.6999999999999999556 ) ) ;
#10522 = SURFACE_STYLE_FILL_AREA ( #3745 ) ;
#10523 = ORIENTED_EDGE ( 'NONE', *, *, #10030, .T. ) ;
#10524 = CARTESIAN_POINT ( 'NONE',  ( 1.939002319854179923, 1.324207589171845667, 0.7010000000000000675 ) ) ;
#10525 = CARTESIAN_POINT ( 'NONE',  ( 1.166028882235386144, 1.053934884783088721, 0.7010000000000000675 ) ) ;
#10526 = DIRECTION ( 'NONE',  ( -0.0000000000000000000, -0.0000000000000000000, -1.000000000000000000 ) ) ;
#10528 = DIRECTION ( 'NONE',  ( 0.0000000000000000000, 0.0000000000000000000, 1.000000000000000000 ) ) ;
#10527 = MECHANICAL_DESIGN_GEOMETRIC_PRESENTATION_REPRESENTATION (  '', ( #1585 ), #12333 ) ;
#10529 = EDGE_CURVE ( 'NONE', #5937, #7710, #6230, .T. ) ;
#10530 =( LENGTH_UNIT ( ) NAMED_UNIT ( * ) SI_UNIT ( .MILLI., .METRE. ) );
#10531 = EDGE_CURVE ( 'NONE', #12170, #270, #2009, .T. ) ;
#10532 = FILL_AREA_STYLE_COLOUR ( '', #11364 ) ;
#10533 = DIRECTION ( 'NONE',  ( -0.0000000000000000000, -0.0000000000000000000, -1.000000000000000000 ) ) ;
#10534 = EDGE_LOOP ( 'NONE', ( #8006, #12171, #10765, #4649 ) ) ;
#10535 = CARTESIAN_POINT ( 'NONE',  ( 2.628652950588699966, 1.105941607377797675, 0.7010000000000000675 ) ) ;
#10536 = PLANE ( 'NONE',  #8508 ) ;
#10537 = LINE ( 'NONE', #3880, #8926 ) ;
#10538 = ADVANCED_FACE ( 'NONE', ( #7600 ), #4784, .F. ) ;
#10539 = CARTESIAN_POINT ( 'NONE',  ( 2.071259526809804186, 1.058695007660964693, 0.6999999999999999556 ) ) ;
#10540 = SURFACE_SIDE_STYLE ('',( #11990 ) ) ;
#10541 = STYLED_ITEM ( 'NONE', ( #2067 ), #9857 ) ;
#10542 = ORIENTED_EDGE ( 'NONE', *, *, #10174, .T. ) ;
#10543 = CARTESIAN_POINT ( 'NONE',  ( 2.128820525056945190, 1.177643313287374705, 0.7010000000000000675 ) ) ;
#10544 = CARTESIAN_POINT ( 'NONE',  ( 2.181972949738937739, 1.090303648316471641, 0.6999999999999999556 ) ) ;
#10545 = ADVANCED_FACE ( 'NONE', ( #10347 ), #1909, .F. ) ;
#10546 = DIRECTION ( 'NONE',  ( -0.0000000000000000000, -0.0000000000000000000, -1.000000000000000000 ) ) ;
#10547 =( NAMED_UNIT ( * ) PLANE_ANGLE_UNIT ( ) SI_UNIT ( $, .RADIAN. ) );
#10548 = MECHANICAL_DESIGN_GEOMETRIC_PRESENTATION_REPRESENTATION (  '', ( #1815 ), #3990 ) ;
#10549 = EDGE_CURVE ( 'NONE', #3424, #863, #5881, .T. ) ;
#10550 = EDGE_CURVE ( 'NONE', #10886, #4463, #4965, .T. ) ;
#10551 = SURFACE_STYLE_FILL_AREA ( #7810 ) ;
#10552 = ORIENTED_EDGE ( 'NONE', *, *, #9748, .T. ) ;
#10553 = UNCERTAINTY_MEASURE_WITH_UNIT (LENGTH_MEASURE( 1.000000000000000082E-05 ), #7157, 'distance_accuracy_value', 'NONE');
#10554 = ORIENTED_EDGE ( 'NONE', *, *, #5430, .T. ) ;
#10555 = SURFACE_STYLE_FILL_AREA ( #3025 ) ;
#10556 = STYLED_ITEM ( 'NONE', ( #176 ), #10314 ) ;
#10557 = SURFACE_STYLE_USAGE ( .BOTH. , #1914 ) ;
#10558 = PRESENTATION_LAYER_ASSIGNMENT (  '', '', ( #8589 ) ) ;
#10559 = B_SPLINE_CURVE_WITH_KNOTS ( 'NONE', 3,
 ( #1350, #10753, #2233, #11326 ),
 .UNSPECIFIED., .F., .F.,
 ( 4, 4 ),
 ( 10.00000000000000000, 11.00000000000000000 ),
 .UNSPECIFIED. ) ;
#10560 = ORIENTED_EDGE ( 'NONE', *, *, #10177, .T. ) ;
#10561 =( NAMED_UNIT ( * ) SI_UNIT ( $, .STERADIAN. ) SOLID_ANGLE_UNIT ( ) );
#10562 = DIRECTION ( 'NONE',  ( -0.0000000000000000000, -0.0000000000000000000, -1.000000000000000000 ) ) ;
#10563 = STYLED_ITEM ( 'NONE', ( #9285 ), #5299 ) ;
#10564 = CARTESIAN_POINT ( 'NONE',  ( 1.137109160887733950, 1.432205159494573943, 0.7010000000000000675 ) ) ;
#10565 = ORIENTED_EDGE ( 'NONE', *, *, #11756, .T. ) ;
#10566 = EDGE_CURVE ( 'NONE', #68, #10497, #10441, .T. ) ;
#10567 = CARTESIAN_POINT ( 'NONE',  ( 2.357151363480007866, 1.364051112525174858, 0.6999999999999999556 ) ) ;
#10568 = CARTESIAN_POINT ( 'NONE',  ( 1.307157238909066876, 1.100206562497149543, 0.7010000000000000675 ) ) ;
#10569 = ORIENTED_EDGE ( 'NONE', *, *, #5612, .F. ) ;
#10570 = CARTESIAN_POINT ( 'NONE',  ( 2.197818860384403994, 1.463535149958128612, 0.7010000000000000675 ) ) ;
#10571 = CARTESIAN_POINT ( 'NONE',  ( 2.070718852693380629, 1.112512877409197243, 0.7010000000000000675 ) ) ;
#10572 = UNCERTAINTY_MEASURE_WITH_UNIT (LENGTH_MEASURE( 1.000000000000000082E-05 ), #1828, 'distance_accuracy_value', 'NONE');
#10573 = VERTEX_POINT ( 'NONE', #4906 ) ;
#10574 =( GEOMETRIC_REPRESENTATION_CONTEXT ( 3 ) GLOBAL_UNCERTAINTY_ASSIGNED_CONTEXT ( ( #7689 ) ) GLOBAL_UNIT_ASSIGNED_CONTEXT ( ( #10768, #7026, #1365 ) ) REPRESENTATION_CONTEXT ( 'NONE', 'WORKASPACE' ) );
#10575 = ORIENTED_EDGE ( 'NONE', *, *, #11252, .T. ) ;
#10576 = SURFACE_STYLE_FILL_AREA ( #2908 ) ;
#10577 = SURFACE_SIDE_STYLE ('',( #9841 ) ) ;
#10578 = CARTESIAN_POINT ( 'NONE',  ( 2.137762443137059876, 1.392831611648191581, 0.7010000000000000675 ) ) ;
#10579 = COLOUR_RGB ( '',1.000000000000000000, 1.000000000000000000, 1.000000000000000000 ) ;
#10580 = DIRECTION ( 'NONE',  ( -0.0000000000000000000, -0.0000000000000000000, -1.000000000000000000 ) ) ;
#10581 = ORIENTED_EDGE ( 'NONE', *, *, #9118, .F. ) ;
#10582 = CARTESIAN_POINT ( 'NONE',  ( 1.912010204346297870, 1.445069049364312130, 0.6999999999999999556 ) ) ;
#10583 =( GEOMETRIC_REPRESENTATION_CONTEXT ( 3 ) GLOBAL_UNCERTAINTY_ASSIGNED_CONTEXT ( ( #7799 ) ) GLOBAL_UNIT_ASSIGNED_CONTEXT ( ( #9640, #4877, #3712 ) ) REPRESENTATION_CONTEXT ( 'NONE', 'WORKASPACE' ) );
#10584 = ADVANCED_FACE ( 'NONE', ( #11582, #400 ), #9906, .T. ) ;
#10585 = VERTEX_POINT ( 'NONE', #1175 ) ;
#10586 = FILL_AREA_STYLE_COLOUR ( '', #6277 ) ;
#10587 = PRESENTATION_STYLE_ASSIGNMENT (( #5641 ) ) ;
#10588 = CARTESIAN_POINT ( 'NONE',  ( 1.190321471113391594, 1.053934884783088721, 0.7010000000000000675 ) ) ;
#10589 = PRESENTATION_LAYER_ASSIGNMENT (  '', '', ( #2051 ) ) ;
#10590 = CARTESIAN_POINT ( 'NONE',  ( 2.318306007727422013, 1.319549473706508769, 0.7010000000000000675 ) ) ;
#10591 = SURFACE_STYLE_USAGE ( .BOTH. , #1947 ) ;
#10592 = CARTESIAN_POINT ( 'NONE',  ( 2.388136149386427043, 1.450059887362492139, 0.6999999999999999556 ) ) ;
#10593 = PLANE ( 'NONE',  #10128 ) ;
#10594 = CARTESIAN_POINT ( 'NONE',  ( 0.9578067296721536339, 1.153418828595335066, 0.7010000000000000675 ) ) ;
#10595 =( GEOMETRIC_REPRESENTATION_CONTEXT ( 3 ) GLOBAL_UNCERTAINTY_ASSIGNED_CONTEXT ( ( #11800 ) ) GLOBAL_UNIT_ASSIGNED_CONTEXT ( ( #817, #10185, #8242 ) ) REPRESENTATION_CONTEXT ( 'NONE', 'WORKASPACE' ) );
#10596 = ORIENTED_EDGE ( 'NONE', *, *, #11628, .F. ) ;
#10597 = DIRECTION ( 'NONE',  ( -0.0000000000000000000, -0.0000000000000000000, -1.000000000000000000 ) ) ;
#10598 = PRESENTATION_STYLE_ASSIGNMENT (( #3010 ) ) ;
#10599 = CARTESIAN_POINT ( 'NONE',  ( 2.160845068879611475, 1.029581786003997079, 0.6999999999999999556 ) ) ;
#10600 = VERTEX_POINT ( 'NONE', #8859 ) ;
#10601 = CARTESIAN_POINT ( 'NONE',  ( 2.504838577913932607, 1.188207253717312284, 0.7010000000000000675 ) ) ;
#10602 = PRESENTATION_STYLE_ASSIGNMENT (( #11838 ) ) ;
#10603 = LINE ( 'NONE', #7042, #6101 ) ;
#10604 = DIRECTION ( 'NONE',  ( -0.0000000000000000000, -0.0000000000000000000, 1.000000000000000000 ) ) ;
#10605 = SURFACE_STYLE_USAGE ( .BOTH. , #3016 ) ;
#10606 = FACE_OUTER_BOUND ( 'NONE', #2847, .T. ) ;
#10607 = UNCERTAINTY_MEASURE_WITH_UNIT (LENGTH_MEASURE( 1.000000000000000082E-05 ), #3831, 'distance_accuracy_value', 'NONE');
#10608 = PRESENTATION_STYLE_ASSIGNMENT (( #11321 ) ) ;
#10609 = VERTEX_POINT ( 'NONE', #10698 ) ;
#10610 = ORIENTED_EDGE ( 'NONE', *, *, #10947, .T. ) ;
#10611 = FACE_OUTER_BOUND ( 'NONE', #7375, .T. ) ;
#10612 = SURFACE_STYLE_USAGE ( .BOTH. , #6809 ) ;
#10613 = FILL_AREA_STYLE_COLOUR ( '', #417 ) ;
#10614 = EDGE_CURVE ( 'NONE', #6313, #10954, #10683, .T. ) ;
#10615 = ORIENTED_EDGE ( 'NONE', *, *, #792, .F. ) ;
#10616 = DIRECTION ( 'NONE',  ( 1.000000000000000000, -0.0000000000000000000, -0.0000000000000000000 ) ) ;
#10617 = ORIENTED_EDGE ( 'NONE', *, *, #2321, .F. ) ;
#10618 =( NAMED_UNIT ( * ) PLANE_ANGLE_UNIT ( ) SI_UNIT ( $, .RADIAN. ) );
#10619 = ORIENTED_EDGE ( 'NONE', *, *, #11073, .F. ) ;
#10620 =( NAMED_UNIT ( * ) SI_UNIT ( $, .STERADIAN. ) SOLID_ANGLE_UNIT ( ) );
#10621 = CARTESIAN_POINT ( 'NONE',  ( 1.832739060806250597, 1.079989249787272731, 0.7010000000000000675 ) ) ;
#10622 = B_SPLINE_SURFACE_WITH_KNOTS ( 'NONE', 3, 1, ( 
 ( #7421, #4310 ),
 ( #492, #12154 ),
 ( #11911, #3585 ),
 ( #3520, #1773 ) ),
 .UNSPECIFIED., .F., .F., .F.,
 ( 4, 4 ),
 ( 2, 2 ),
 ( 0.0000000000000000000, 1.000000000000000000 ),
 ( 0.0000000000000000000, 1.000000000000000000 ),
 .UNSPECIFIED. ) ;
#10623 = ORIENTED_EDGE ( 'NONE', *, *, #5853, .F. ) ;
#10624 = ORIENTED_EDGE ( 'NONE', *, *, #11534, .T. ) ;
#10625 = LINE ( 'NONE', #2001, #11987 ) ;
#10626 = CARTESIAN_POINT ( 'NONE',  ( 1.811735950896735892, 1.224141287305309023, 0.6999999999999999556 ) ) ;
#10627 = VERTEX_POINT ( 'NONE', #1289 ) ;
#10628 = EDGE_CURVE ( 'NONE', #7137, #6616, #7718, .T. ) ;
#10629 = LINE ( 'NONE', #2986, #2734 ) ;
#10630 = FACE_OUTER_BOUND ( 'NONE', #1160, .T. ) ;
#10631 = EDGE_CURVE ( 'NONE', #7887, #2260, #344, .T. ) ;
#10632 = LINE ( 'NONE', #7965, #12135 ) ;
#10633 = FILL_AREA_STYLE ('',( #3171 ) ) ;
#10634 = ORIENTED_EDGE ( 'NONE', *, *, #2175, .F. ) ;
#10635 = FACE_OUTER_BOUND ( 'NONE', #3334, .T. ) ;
#10636 =( GEOMETRIC_REPRESENTATION_CONTEXT ( 3 ) GLOBAL_UNCERTAINTY_ASSIGNED_CONTEXT ( ( #8819 ) ) GLOBAL_UNIT_ASSIGNED_CONTEXT ( ( #3789, #9584, #4766 ) ) REPRESENTATION_CONTEXT ( 'NONE', 'WORKASPACE' ) );
#10637 = CARTESIAN_POINT ( 'NONE',  ( 2.490947412151131246, 1.144287879332228863, 0.7010000000000000675 ) ) ;
#10638 = ORIENTED_EDGE ( 'NONE', *, *, #4446, .F. ) ;
#10639 = FILL_AREA_STYLE ('',( #8621 ) ) ;
#10640 = CARTESIAN_POINT ( 'NONE',  ( 2.490947412151131246, 1.144287879332228863, 0.6999999999999999556 ) ) ;
#10641 = CARTESIAN_POINT ( 'NONE',  ( 2.039858837736773456, 1.139130680066523293, 0.6999999999999999556 ) ) ;
#10642 = FACE_OUTER_BOUND ( 'NONE', #11392, .T. ) ;
#10643 = EDGE_CURVE ( 'NONE', #7143, #1475, #1359, .T. ) ;
#10644 = AXIS2_PLACEMENT_3D ( 'NONE', #876, #8500, #12278 ) ;
#10645 = CARTESIAN_POINT ( 'NONE',  ( 2.560902324761062943, 1.105941607377797675, 0.7010000000000000675 ) ) ;
#10646 = CARTESIAN_POINT ( 'NONE',  ( 1.065388210465627150, 1.362797841499060025, 0.6999999999999999556 ) ) ;
#10647 = FILL_AREA_STYLE ('',( #7921 ) ) ;
#10648 = CARTESIAN_POINT ( 'NONE',  ( 2.187629232803906643, 1.043888854932849108, 0.7010000000000000675 ) ) ;
#10649 = B_SPLINE_SURFACE_WITH_KNOTS ( 'NONE', 3, 1, ( 
 ( #5656, #6786 ),
 ( #10651, #1303 ),
 ( #5102, #3190 ),
 ( #1191, #6848 ) ),
 .UNSPECIFIED., .F., .F., .F.,
 ( 4, 4 ),
 ( 2, 2 ),
 ( 2.000000000000000000, 3.000000000000000000 ),
 ( 0.0000000000000000000, 1.000000000000000000 ),
 .UNSPECIFIED. ) ;
#10650 = STYLED_ITEM ( 'NONE', ( #3681 ), #8359 ) ;
#10651 = CARTESIAN_POINT ( 'NONE',  ( 1.904191224815638073, 1.373450524087949987, 0.7010000000000000675 ) ) ;
#10652 = STYLED_ITEM ( 'NONE', ( #5281 ), #7364 ) ;
#10653 = CARTESIAN_POINT ( 'NONE',  ( 2.039858837736773456, 1.146284214531503753, 0.7010000000000000675 ) ) ;
#10654 = B_SPLINE_CURVE_WITH_KNOTS ( 'NONE', 3,
 ( #352, #5219, #9102, #1426 ),
 .UNSPECIFIED., .F., .F.,
 ( 4, 4 ),
 ( 5.000000000000000000, 6.000000000000000000 ),
 .UNSPECIFIED. ) ;
#10655 = UNCERTAINTY_MEASURE_WITH_UNIT (LENGTH_MEASURE( 1.000000000000000082E-05 ), #5246, 'distance_accuracy_value', 'NONE');
#10656 = ORIENTED_EDGE ( 'NONE', *, *, #4922, .F. ) ;
#10657 = PRESENTATION_LAYER_ASSIGNMENT (  '', '', ( #8699 ) ) ;
#10658 = STYLED_ITEM ( 'NONE', ( #5863 ), #4625 ) ;
#10659 = CARTESIAN_POINT ( 'NONE',  ( 2.070718852693380629, 1.112512877409197243, 0.7010000000000000675 ) ) ;
#10660 = DIRECTION ( 'NONE',  ( 0.0000000000000000000, -1.000000000000000000, 0.0000000000000000000 ) ) ;
#10661 =( LENGTH_UNIT ( ) NAMED_UNIT ( * ) SI_UNIT ( .MILLI., .METRE. ) );
#10662 = VECTOR ( 'NONE', #5247, 1000.000000000000000 ) ;
#10663 = VECTOR ( 'NONE', #2102, 1000.000000000000000 ) ;
#10664 = SURFACE_SIDE_STYLE ('',( #10551 ) ) ;
#10665 = UNCERTAINTY_MEASURE_WITH_UNIT (LENGTH_MEASURE( 1.000000000000000082E-05 ), #6914, 'distance_accuracy_value', 'NONE');
#10666 = VECTOR ( 'NONE', #5840, 1000.000000000000000 ) ;
#10667 = ORIENTED_EDGE ( 'NONE', *, *, #9585, .F. ) ;
#10668 = PRESENTATION_LAYER_ASSIGNMENT (  '', '', ( #6894 ) ) ;
#10669 = CARTESIAN_POINT ( 'NONE',  ( 1.081583229266936730, 1.063189282105363676, 0.6999999999999999556 ) ) ;
#10670 = CARTESIAN_POINT ( 'NONE',  ( 1.530417649220071841, 1.060875693806251796, 0.6999999999999999556 ) ) ;
#10671 = EDGE_CURVE ( 'NONE', #6056, #1916, #3362, .T. ) ;
#10672 = VECTOR ( 'NONE', #4242, 1000.000000000000000 ) ;
#10673 = EDGE_CURVE ( 'NONE', #6835, #6938, #12120, .T. ) ;
#10674 = CARTESIAN_POINT ( 'NONE',  ( -2.949999999999998845, -1.700000000000000178, -0.1000000000000000056 ) ) ;
#10675 = VERTEX_POINT ( 'NONE', #8150 ) ;
#10676 = VECTOR ( 'NONE', #9554, 1000.000000000000000 ) ;
#10677 = CARTESIAN_POINT ( 'NONE',  ( 1.190321471113391594, 1.053934884783088721, 0.6999999999999999556 ) ) ;
#10678 = DIRECTION ( 'NONE',  ( 0.0000000000000000000, 0.0000000000000000000, 1.000000000000000000 ) ) ;
#10679 = MECHANICAL_DESIGN_GEOMETRIC_PRESENTATION_REPRESENTATION (  '', ( #2332 ), #6904 ) ;
#10680 = VERTEX_POINT ( 'NONE', #7388 ) ;
#10681 = CARTESIAN_POINT ( 'NONE',  ( 2.014031251095505848, 1.319965376872561880, 0.6999999999999999556 ) ) ;
#10682 = EDGE_CURVE ( 'NONE', #5797, #4145, #6235, .T. ) ;
#10683 = B_SPLINE_CURVE_WITH_KNOTS ( 'NONE', 3,
 ( #7077, #5086, #6122, #4044 ),
 .UNSPECIFIED., .F., .F.,
 ( 4, 4 ),
 ( 3.000000000000000000, 4.000000000000000000 ),
 .UNSPECIFIED. ) ;
#10684 = DIRECTION ( 'NONE',  ( -0.0000000000000000000, -0.0000000000000000000, -1.000000000000000000 ) ) ;
#10685 = UNCERTAINTY_MEASURE_WITH_UNIT (LENGTH_MEASURE( 1.000000000000000082E-05 ), #7890, 'distance_accuracy_value', 'NONE');
#10686 = ORIENTED_EDGE ( 'NONE', *, *, #3483, .F. ) ;
#10687 =( GEOMETRIC_REPRESENTATION_CONTEXT ( 3 ) GLOBAL_UNCERTAINTY_ASSIGNED_CONTEXT ( ( #5793 ) ) GLOBAL_UNIT_ASSIGNED_CONTEXT ( ( #11532, #4969, #8557 ) ) REPRESENTATION_CONTEXT ( 'NONE', 'WORKASPACE' ) );
#10688 = CARTESIAN_POINT ( 'NONE',  ( 2.473105166307505431, 1.190120408283372955, 0.6999999999999999556 ) ) ;
#10689 = COLOUR_RGB ( '',1.000000000000000000, 1.000000000000000000, 1.000000000000000000 ) ;
#10690 = ORIENTED_EDGE ( 'NONE', *, *, #5124, .F. ) ;
#10691 = AXIS2_PLACEMENT_3D ( 'NONE', #8919, #4158, #7719 ) ;
#10692 = CARTESIAN_POINT ( 'NONE',  ( 2.628652950588699966, 1.105941607377797675, 0.7010000000000000675 ) ) ;
#10693 = CARTESIAN_POINT ( 'NONE',  ( 2.318306007727422013, 1.319549473706508769, 0.7010000000000000675 ) ) ;
#10694 = STYLED_ITEM ( 'NONE', ( #5440 ), #1183 ) ;
#10695 = CARTESIAN_POINT ( 'NONE',  ( 2.445530786367152043, 1.205425644811862096, 0.7010000000000000675 ) ) ;
#10696 = ORIENTED_EDGE ( 'NONE', *, *, #7263, .T. ) ;
#10697 = PRESENTATION_STYLE_ASSIGNMENT (( #5150 ) ) ;
#10698 = CARTESIAN_POINT ( 'NONE',  ( 1.471421346183718004, 1.131439850079904774, 0.7010000000000000675 ) ) ;
#10699 = CARTESIAN_POINT ( 'NONE',  ( 2.473105166307505431, 1.190120408283372955, 0.7010000000000000675 ) ) ;
#10700 = VECTOR ( 'NONE', #3690, 1000.000000000000000 ) ;
#10701 = ORIENTED_EDGE ( 'NONE', *, *, #2489, .F. ) ;
#10702 = CARTESIAN_POINT ( 'NONE',  ( 2.393834022768007053, 1.450059887362492139, 0.6999999999999999556 ) ) ;
#10703 = EDGE_CURVE ( 'NONE', #757, #6115, #6362, .T. ) ;
#10704 = CARTESIAN_POINT ( 'NONE',  ( 2.039734066786956568, 1.065515819591999369, 0.7010000000000000675 ) ) ;
#10705 = EDGE_CURVE ( 'NONE', #6115, #2082, #9091, .T. ) ;
#10706 = FILL_AREA_STYLE_COLOUR ( '', #4006 ) ;
#10707 = EDGE_CURVE ( 'NONE', #7856, #7580, #706, .T. ) ;
#10708 = CARTESIAN_POINT ( 'NONE',  ( 1.100000000000000977, -1.700000000000000178, -0.1000000000000000056 ) ) ;
#10709 =( NAMED_UNIT ( * ) PLANE_ANGLE_UNIT ( ) SI_UNIT ( $, .RADIAN. ) );
#10710 = MECHANICAL_DESIGN_GEOMETRIC_PRESENTATION_REPRESENTATION (  '', ( #8756 ), #7329 ) ;
#10711 = B_SPLINE_CURVE_WITH_KNOTS ( 'NONE', 3,
 ( #7711, #9539, #7774, #4034 ),
 .UNSPECIFIED., .F., .F.,
 ( 4, 4 ),
 ( 14.00000000000000000, 15.00000000000000000 ),
 .UNSPECIFIED. ) ;
#10712 = AXIS2_PLACEMENT_3D ( 'NONE', #8460, #758, #10373 ) ;
#10713 = CARTESIAN_POINT ( 'NONE',  ( 2.426149698806905786, 1.205425644811862096, 0.6999999999999999556 ) ) ;
#10714 = CARTESIAN_POINT ( 'NONE',  ( 1.469107757885155907, 1.131439850079904774, 0.7010000000000000675 ) ) ;
#10715 = FILL_AREA_STYLE ('',( #8810 ) ) ;
#10716 = CARTESIAN_POINT ( 'NONE',  ( 2.153899485998765240, 1.024175044838656401, 0.7010000000000000675 ) ) ;
#10717 = SURFACE_STYLE_USAGE ( .BOTH. , #8753 ) ;
#10718 = EDGE_CURVE ( 'NONE', #7562, #10609, #597, .T. ) ;
#10719 = ORIENTED_EDGE ( 'NONE', *, *, #5448, .T. ) ;
#10720 = CARTESIAN_POINT ( 'NONE',  ( 2.118214994310397614, 1.100701227479988109, 0.7010000000000000675 ) ) ;
#10721 = B_SPLINE_CURVE_WITH_KNOTS ( 'NONE', 3,
 ( #8375, #3692, #5418, #12094 ),
 .UNSPECIFIED., .F., .F.,
 ( 4, 4 ),
 ( 3.000000000000000000, 4.000000000000000000 ),
 .UNSPECIFIED. ) ;
#10722 =( NAMED_UNIT ( * ) PLANE_ANGLE_UNIT ( ) SI_UNIT ( $, .RADIAN. ) );
#10723 = CARTESIAN_POINT ( 'NONE',  ( 2.112641891879190492, 1.175147894287726480, 0.7010000000000000675 ) ) ;
#10724 = AXIS2_PLACEMENT_3D ( 'NONE', #8841, #3153, #7945 ) ;
#10725 = PRESENTATION_STYLE_ASSIGNMENT (( #3389 ) ) ;
#10726 = DIRECTION ( 'NONE',  ( 0.0000000000000000000, 1.000000000000000000, -0.0000000000000000000 ) ) ;
#10727 = B_SPLINE_SURFACE_WITH_KNOTS ( 'NONE', 3, 1, ( 
 ( #9056, #3317 ),
 ( #10914, #1500 ),
 ( #485, #5294 ),
 ( #9182, #1830 ) ),
 .UNSPECIFIED., .F., .F., .F.,
 ( 4, 4 ),
 ( 2, 2 ),
 ( 27.00000000000000000, 28.00000000000000000 ),
 ( 0.0000000000000000000, 1.000000000000000000 ),
 .UNSPECIFIED. ) ;
#10728 =( NAMED_UNIT ( * ) PLANE_ANGLE_UNIT ( ) SI_UNIT ( $, .RADIAN. ) );
#10729 = ORIENTED_EDGE ( 'NONE', *, *, #7040, .T. ) ;
#10730 = VERTEX_POINT ( 'NONE', #4407 ) ;
#10731 = CARTESIAN_POINT ( 'NONE',  ( 2.104157467281735805, 1.178641480887006043, 0.7010000000000000675 ) ) ;
#10732 = SURFACE_STYLE_FILL_AREA ( #7870 ) ;
#10733 = ORIENTED_EDGE ( 'NONE', *, *, #2209, .F. ) ;
#10734 = VECTOR ( 'NONE', #8597, 1000.000000000000000 ) ;
#10735 =( NAMED_UNIT ( * ) PLANE_ANGLE_UNIT ( ) SI_UNIT ( $, .RADIAN. ) );
#10736 = CARTESIAN_POINT ( 'NONE',  ( 1.606765754174732441, 1.271411390540010844, 0.7010000000000000675 ) ) ;
#10737 = AXIS2_PLACEMENT_3D ( 'NONE', #5346, #8105, #10102 ) ;
#10738 = LINE ( 'NONE', #5979, #5151 ) ;
#10739 = CARTESIAN_POINT ( 'NONE',  ( 2.181972949738937739, 1.090303648316471641, 0.6999999999999999556 ) ) ;
#10740 = UNCERTAINTY_MEASURE_WITH_UNIT (LENGTH_MEASURE( 1.000000000000000082E-05 ), #190, 'distance_accuracy_value', 'NONE');
#10741 = CARTESIAN_POINT ( 'NONE',  ( 1.100000000000000977, -1.700000000000000178, -0.1000000000000000056 ) ) ;
#10742 = ORIENTED_EDGE ( 'NONE', *, *, #3306, .T. ) ;
#10743 = SURFACE_STYLE_FILL_AREA ( #4947 ) ;
#10744 = SURFACE_STYLE_FILL_AREA ( #3346 ) ;
#10745 = ORIENTED_EDGE ( 'NONE', *, *, #5445, .F. ) ;
#10746 =( NAMED_UNIT ( * ) SI_UNIT ( $, .STERADIAN. ) SOLID_ANGLE_UNIT ( ) );
#10747 = B_SPLINE_CURVE_WITH_KNOTS ( 'NONE', 3,
 ( #9109, #10906, #2372, #549 ),
 .UNSPECIFIED., .F., .F.,
 ( 4, 4 ),
 ( 19.00000000000000000, 20.00000000000000000 ),
 .UNSPECIFIED. ) ;
#10748 = COLOUR_RGB ( '',1.000000000000000000, 1.000000000000000000, 1.000000000000000000 ) ;
#10749 = COLOUR_RGB ( '',1.000000000000000000, 1.000000000000000000, 1.000000000000000000 ) ;
#10750 = CARTESIAN_POINT ( 'NONE',  ( 2.118214994310397614, 1.100701227479988109, 0.7010000000000000675 ) ) ;
#10751 = ORIENTED_EDGE ( 'NONE', *, *, #10030, .F. ) ;
#10752 = CARTESIAN_POINT ( 'NONE',  ( 2.144583255068088334, 1.024175044838656401, 0.6999999999999999556 ) ) ;
#10753 = CARTESIAN_POINT ( 'NONE',  ( 1.255101700767842887, 0.9845275888515911955, 0.6999999999999999556 ) ) ;
#10754 = FACE_OUTER_BOUND ( 'NONE', #2281, .T. ) ;
#10755 = VERTEX_POINT ( 'NONE', #6174 ) ;
#10756 = STYLED_ITEM ( 'NONE', ( #3883 ), #4770 ) ;
#10757 = CARTESIAN_POINT ( 'NONE',  ( 1.345331291386396622, 1.456497748373132950, 0.6999999999999999556 ) ) ;
#10758 =( NAMED_UNIT ( * ) SI_UNIT ( $, .STERADIAN. ) SOLID_ANGLE_UNIT ( ) );
#10759 = EDGE_CURVE ( 'NONE', #9571, #5459, #7418, .T. ) ;
#10760 = CARTESIAN_POINT ( 'NONE',  ( 2.426149698806905786, 1.205425644811862096, 0.7010000000000000675 ) ) ;
#10761 = PRESENTATION_LAYER_ASSIGNMENT (  '', '', ( #5368 ) ) ;
#10762 = LINE ( 'NONE', #4961, #3162 ) ;
#10763 = VERTEX_POINT ( 'NONE', #3611 ) ;
#10764 = LINE ( 'NONE', #163, #7269 ) ;
#10765 = ORIENTED_EDGE ( 'NONE', *, *, #11241, .T. ) ;
#10766 = CARTESIAN_POINT ( 'NONE',  ( 2.392212000418183937, 1.456048892960305707, 0.7010000000000000675 ) ) ;
#10767 = DIRECTION ( 'NONE',  ( 0.0000000000000000000, 0.0000000000000000000, 1.000000000000000000 ) ) ;
#10768 =( LENGTH_UNIT ( ) NAMED_UNIT ( * ) SI_UNIT ( .MILLI., .METRE. ) );
#10769 = EDGE_CURVE ( 'NONE', #10680, #12321, #3494, .T. ) ;
#10770 = LINE ( 'NONE', #3247, #9106 ) ;
#10771 = PRESENTATION_LAYER_ASSIGNMENT (  '', '', ( #2232 ) ) ;
#10772 = ADVANCED_FACE ( 'NONE', ( #2605 ), #3554, .F. ) ;
#10773 =( NAMED_UNIT ( * ) SI_UNIT ( $, .STERADIAN. ) SOLID_ANGLE_UNIT ( ) );
#10774 = CARTESIAN_POINT ( 'NONE',  ( 1.957302059181020848, 1.130479894203750391, 0.7010000000000000675 ) ) ;
#10775 = PRESENTATION_STYLE_ASSIGNMENT (( #6911 ) ) ;
#10776 = CARTESIAN_POINT ( 'NONE',  ( 2.567556775426779847, 1.124324527338406821, 0.6999999999999997335 ) ) ;
#10777 = CARTESIAN_POINT ( 'NONE',  ( 2.151612018582703456, 1.177643313287374705, 0.7010000000000000675 ) ) ;
#10778 = LINE ( 'NONE', #288, #5490 ) ;
#10779 = VECTOR ( 'NONE', #7148, 1000.000000000000000 ) ;
#10780 = PRESENTATION_STYLE_ASSIGNMENT (( #2086 ) ) ;
#10781 = SURFACE_STYLE_FILL_AREA ( #8232 ) ;
#10782 =( GEOMETRIC_REPRESENTATION_CONTEXT ( 3 ) GLOBAL_UNCERTAINTY_ASSIGNED_CONTEXT ( ( #10924 ) ) GLOBAL_UNIT_ASSIGNED_CONTEXT ( ( #360, #9922, #2802 ) ) REPRESENTATION_CONTEXT ( 'NONE', 'WORKASPACE' ) );
#10783 = VERTEX_POINT ( 'NONE', #1478 ) ;
#10784 = DIRECTION ( 'NONE',  ( -0.0000000000000000000, -0.0000000000000000000, -1.000000000000000000 ) ) ;
#10785 = MECHANICAL_DESIGN_GEOMETRIC_PRESENTATION_REPRESENTATION (  '', ( #4414 ), #226 ) ;
#10786 = STYLED_ITEM ( 'NONE', ( #2391 ), #2551 ) ;
#10787 = ADVANCED_FACE ( 'NONE', ( #7207 ), #3997, .F. ) ;
#10788 = FACE_OUTER_BOUND ( 'NONE', #4852, .T. ) ;
#10789 = FILL_AREA_STYLE_COLOUR ( '', #2491 ) ;
#10790 = MECHANICAL_DESIGN_GEOMETRIC_PRESENTATION_REPRESENTATION (  '', ( #4605 ), #6587 ) ;
#10791 = DIRECTION ( 'NONE',  ( 1.000000000000000000, 0.0000000000000000000, 0.0000000000000000000 ) ) ;
#10792 = CARTESIAN_POINT ( 'NONE',  ( 2.591887110667488336, 1.191950382216223403, 0.7010000000000000675 ) ) ;
#10793 = B_SPLINE_CURVE_WITH_KNOTS ( 'NONE', 3,
 ( #1987, #10437, #1798, #11385 ),
 .UNSPECIFIED., .F., .F.,
 ( 4, 4 ),
 ( 3.000000000000000000, 4.000000000000000000 ),
 .UNSPECIFIED. ) ;
#10794 = SURFACE_STYLE_USAGE ( .BOTH. , #4069 ) ;
#10795 = VERTEX_POINT ( 'NONE', #975 ) ;
#10796 = EDGE_LOOP ( 'NONE', ( #4293, #6690, #2506, #6194 ) ) ;
#10797 = CARTESIAN_POINT ( 'NONE',  ( 2.045639891751560580, 1.127901294570894830, 0.6999999999999999556 ) ) ;
#10798 = PRESENTATION_LAYER_ASSIGNMENT (  '', '', ( #5806 ) ) ;
#10799 = MANIFOLD_SOLID_BREP ( '凸台-拉伸3[2]', #4508 ) ;
#10800 = DIRECTION ( 'NONE',  ( -0.0000000000000000000, -0.0000000000000000000, -1.000000000000000000 ) ) ;
#10801 = EDGE_CURVE ( 'NONE', #10252, #4206, #1924, .T. ) ;
#10802 = PRESENTATION_STYLE_ASSIGNMENT (( #7943 ) ) ;
#10803 = APPLICATION_PROTOCOL_DEFINITION ( 'draft international standard', 'automotive_design', 1998, #9979 ) ;
#10804 =( NAMED_UNIT ( * ) PLANE_ANGLE_UNIT ( ) SI_UNIT ( $, .RADIAN. ) );
#10805 = ORIENTED_EDGE ( 'NONE', *, *, #5213, .T. ) ;
#10806 = COLOUR_RGB ( '',1.000000000000000000, 1.000000000000000000, 1.000000000000000000 ) ;
#10807 =( NAMED_UNIT ( * ) SI_UNIT ( $, .STERADIAN. ) SOLID_ANGLE_UNIT ( ) );
#10808 = ORIENTED_EDGE ( 'NONE', *, *, #7499, .F. ) ;
#10809 = PLANE ( 'NONE',  #8628 ) ;
#10810 = DIRECTION ( 'NONE',  ( 0.0000000000000000000, -1.000000000000000000, 0.0000000000000000000 ) ) ;
#10811 = UNCERTAINTY_MEASURE_WITH_UNIT (LENGTH_MEASURE( 1.000000000000000082E-05 ), #10060, 'distance_accuracy_value', 'NONE');
#10812 = ORIENTED_EDGE ( 'NONE', *, *, #10705, .F. ) ;
#10813 = LINE ( 'NONE', #519, #7811 ) ;
#10814 = CARTESIAN_POINT ( 'NONE',  ( 1.045722754056161108, 1.072443591171578836, 0.6999999999999999556 ) ) ;
#10815 = ORIENTED_EDGE ( 'NONE', *, *, #12315, .F. ) ;
#10816 = SURFACE_STYLE_FILL_AREA ( #7012 ) ;
#10817 =( LENGTH_UNIT ( ) NAMED_UNIT ( * ) SI_UNIT ( .MILLI., .METRE. ) );
#10818 = PRESENTATION_STYLE_ASSIGNMENT (( #3980 ) ) ;
#10819 = MANIFOLD_SOLID_BREP ( '凸台-拉伸3[8]', #11674 ) ;
#10820 = LINE ( 'NONE', #6424, #6492 ) ;
#10821 = ORIENTED_EDGE ( 'NONE', *, *, #1245, .T. ) ;
#10822 =( LENGTH_UNIT ( ) NAMED_UNIT ( * ) SI_UNIT ( .MILLI., .METRE. ) );
#10823 = CARTESIAN_POINT ( 'NONE',  ( 1.645518225790786548, 1.316815389902126432, 0.6999999999999999556 ) ) ;
#10824 = CARTESIAN_POINT ( 'NONE',  ( 2.281415396856392608, 1.366296989624078195, 0.6999999999999999556 ) ) ;
#10825 = ORIENTED_EDGE ( 'NONE', *, *, #11409, .T. ) ;
#10826 = CARTESIAN_POINT ( 'NONE',  ( 2.393834022768007053, 1.450059887362492139, 0.7010000000000000675 ) ) ;
#10827 =( LENGTH_UNIT ( ) NAMED_UNIT ( * ) SI_UNIT ( .MILLI., .METRE. ) );
#10828 = LINE ( 'NONE', #5945, #3825 ) ;
#10829 = B_SPLINE_SURFACE_WITH_KNOTS ( 'NONE', 3, 1, ( 
 ( #1512, #2644 ),
 ( #8386, #12160 ),
 ( #3397, #10186 ),
 ( #7427, #3653 ) ),
 .UNSPECIFIED., .F., .F., .F.,
 ( 4, 4 ),
 ( 2, 2 ),
 ( 5.000000000000000000, 6.000000000000000000 ),
 ( 0.0000000000000000000, 1.000000000000000000 ),
 .UNSPECIFIED. ) ;
#10830 = CARTESIAN_POINT ( 'NONE',  ( 1.955014591765512622, 1.114758754508100580, 0.7010000000000000675 ) ) ;
#10831 = CARTESIAN_POINT ( 'NONE',  ( 2.425317892474804893, 1.061439968560242475, 0.7010000000000000675 ) ) ;
#10832 = CARTESIAN_POINT ( 'NONE',  ( 2.085109102254885993, 1.127319030137312827, 0.6999999999999999556 ) ) ;
#10833 = CARTESIAN_POINT ( 'NONE',  ( 1.606765754174732441, 1.221669440697902953, 0.7010000000000000675 ) ) ;
#10834 = ADVANCED_FACE ( 'NONE', ( #4645 ), #8377, .T. ) ;
#10835 = EDGE_CURVE ( 'NONE', #1475, #6097, #2226, .T. ) ;
#10836 = CARTESIAN_POINT ( 'NONE',  ( 2.097295065034097572, 1.080571514219744733, 0.6999999999999999556 ) ) ;
#10837 = CARTESIAN_POINT ( 'NONE',  ( 1.939418223020783927, 1.094213138081801873, 0.6999999999999999556 ) ) ;
#10838 = PRESENTATION_STYLE_ASSIGNMENT (( #7034 ) ) ;
#10839 = FACE_OUTER_BOUND ( 'NONE', #4032, .T. ) ;
#10840 = PLANE ( 'NONE',  #5401 ) ;
#10841 = B_SPLINE_CURVE_WITH_KNOTS ( 'NONE', 3,
 ( #10383, #2714, #9275, #5162 ),
 .UNSPECIFIED., .F., .F.,
 ( 4, 4 ),
 ( 1.000000000000000000, 2.000000000000000000 ),
 .UNSPECIFIED. ) ;
#10842 = EDGE_CURVE ( 'NONE', #4632, #2673, #5035, .T. ) ;
#10843 = B_SPLINE_CURVE_WITH_KNOTS ( 'NONE', 3,
 ( #369, #8001, #12028, #3462 ),
 .UNSPECIFIED., .F., .F.,
 ( 4, 4 ),
 ( 18.00000000000000000, 19.00000000000000000 ),
 .UNSPECIFIED. ) ;
#10844 = VECTOR ( 'NONE', #3591, 1000.000000000000000 ) ;
#10845 = ORIENTED_EDGE ( 'NONE', *, *, #8748, .F. ) ;
#10846 = CARTESIAN_POINT ( 'NONE',  ( 1.832739060806250597, 1.482250792451576649, 0.7010000000000000675 ) ) ;
#10847 =( NAMED_UNIT ( * ) PLANE_ANGLE_UNIT ( ) SI_UNIT ( $, .RADIAN. ) );
#10848 = DIRECTION ( 'NONE',  ( 1.000000000000000000, 0.0000000000000000000, -0.0000000000000000000 ) ) ;
#10849 = AXIS2_PLACEMENT_3D ( 'NONE', #7156, #9239, #11769 ) ;
#10850 = PRESENTATION_LAYER_ASSIGNMENT (  '', '', ( #1496 ) ) ;
#10851 = DIRECTION ( 'NONE',  ( -0.0000000000000000000, -0.0000000000000000000, -1.000000000000000000 ) ) ;
#10852 = CARTESIAN_POINT ( 'NONE',  ( 1.145206675804391949, 1.124499085183668479, 0.6999999999999999556 ) ) ;
#10853 = ADVANCED_FACE ( 'NONE', ( #7950 ), #7778, .F. ) ;
#10854 = DIRECTION ( 'NONE',  ( -1.000000000000000000, -0.0000000000000000000, -0.0000000000000000000 ) ) ;
#10855 = ORIENTED_EDGE ( 'NONE', *, *, #793, .T. ) ;
#10856 = EDGE_CURVE ( 'NONE', #5180, #3836, #4751, .T. ) ;
#10857 = ORIENTED_EDGE ( 'NONE', *, *, #5430, .F. ) ;
#10858 = CARTESIAN_POINT ( 'NONE',  ( 2.095548271735012236, 1.099203976079982992, 0.7010000000000000675 ) ) ;
#10859 = MECHANICAL_DESIGN_GEOMETRIC_PRESENTATION_REPRESENTATION (  '', ( #3701 ), #7682 ) ;
#10860 = CARTESIAN_POINT ( 'NONE',  ( 1.635685497585844583, 1.112931231947474675, 0.7010000000000000675 ) ) ;
#10861 = MECHANICAL_DESIGN_GEOMETRIC_PRESENTATION_REPRESENTATION (  '', ( #490 ), #7270 ) ;
#10862 =( NAMED_UNIT ( * ) PLANE_ANGLE_UNIT ( ) SI_UNIT ( $, .RADIAN. ) );
#10863 = SURFACE_STYLE_FILL_AREA ( #9827 ) ;
#10864 = SURFACE_STYLE_USAGE ( .BOTH. , #5008 ) ;
#10865 = CARTESIAN_POINT ( 'NONE',  ( 2.111394182379369155, 1.112263335509567685, 0.6999999999999999556 ) ) ;
#10866 = CARTESIAN_POINT ( 'NONE',  ( 1.345331291386396622, 1.456497748373132950, 0.7010000000000000675 ) ) ;
#10867 = CARTESIAN_POINT ( 'NONE',  ( 1.523476884324387548, 1.131439850079904774, 0.7010000000000000675 ) ) ;
#10868 = ORIENTED_EDGE ( 'NONE', *, *, #8452, .F. ) ;
#10869 = AXIS2_PLACEMENT_3D ( 'NONE', #4816, #8645, #11315 ) ;
#10870 = AXIS2_PLACEMENT_3D ( 'NONE', #1093, #27, #4710 ) ;
#10871 = VERTEX_POINT ( 'NONE', #3038 ) ;
#10872 = EDGE_CURVE ( 'NONE', #6313, #7688, #3345, .T. ) ;
#10873 = PRESENTATION_LAYER_ASSIGNMENT (  '', '', ( #11288 ) ) ;
#10874 = LINE ( 'NONE', #1346, #6565 ) ;
#10875 = PRESENTATION_LAYER_ASSIGNMENT (  '', '', ( #931 ) ) ;
#10876 = VERTEX_POINT ( 'NONE', #9205 ) ;
#10877 = CARTESIAN_POINT ( 'NONE',  ( 2.268397627743416578, 1.327118911337542340, 0.6999999999999999556 ) ) ;
#10878 = DIRECTION ( 'NONE',  ( -0.0000000000000000000, -0.0000000000000000000, -1.000000000000000000 ) ) ;
#10879 = FACE_OUTER_BOUND ( 'NONE', #6534, .T. ) ;
#10880 = EDGE_LOOP ( 'NONE', ( #1877, #5325, #4261, #7601 ) ) ;
#10881 =( GEOMETRIC_REPRESENTATION_CONTEXT ( 3 ) GLOBAL_UNCERTAINTY_ASSIGNED_CONTEXT ( ( #3328 ) ) GLOBAL_UNIT_ASSIGNED_CONTEXT ( ( #4739, #12351, #2432 ) ) REPRESENTATION_CONTEXT ( 'NONE', 'WORKASPACE' ) );
#10882 = MECHANICAL_DESIGN_GEOMETRIC_PRESENTATION_REPRESENTATION (  '', ( #8298 ), #11084 ) ;
#10883 = STYLED_ITEM ( 'NONE', ( #11035 ), #2935 ) ;
#10884 = CARTESIAN_POINT ( 'NONE',  ( 1.226181979420744916, 1.217042330292825936, 0.6999999999999999556 ) ) ;
#10885 = CARTESIAN_POINT ( 'NONE',  ( 2.425317892474804893, 1.061439968560242475, 0.7010000000000000675 ) ) ;
#10886 = VERTEX_POINT ( 'NONE', #10194 ) ;
#10887 =( LENGTH_UNIT ( ) NAMED_UNIT ( * ) SI_UNIT ( .MILLI., .METRE. ) );
#10888 = CARTESIAN_POINT ( 'NONE',  ( 1.678486726660851192, 1.222826256910922282, 0.7010000000000000675 ) ) ;
#10889 = SURFACE_SIDE_STYLE ('',( #9042 ) ) ;
#10890 = ORIENTED_EDGE ( 'NONE', *, *, #5717, .T. ) ;
#10891 = CARTESIAN_POINT ( 'NONE',  ( 1.832739060806250597, 1.134722106501922845, 0.6999999999999999556 ) ) ;
#10892 = PRESENTATION_STYLE_ASSIGNMENT (( #3239 ) ) ;
#10893 = AXIS2_PLACEMENT_3D ( 'NONE', #8925, #1236, #8036 ) ;
#10894 = STYLED_ITEM ( 'NONE', ( #11710 ), #3180 ) ;
#10895 = FILL_AREA_STYLE ('',( #281 ) ) ;
#10896 = VECTOR ( 'NONE', #10616, 1000.000000000000000 ) ;
#10897 =( NAMED_UNIT ( * ) PLANE_ANGLE_UNIT ( ) SI_UNIT ( $, .RADIAN. ) );
#10898 = PRESENTATION_LAYER_ASSIGNMENT (  '', '', ( #131 ) ) ;
#10899 = SURFACE_STYLE_FILL_AREA ( #5033 ) ;
#10900 = CARTESIAN_POINT ( 'NONE',  ( 1.235436266422391238, 1.124499085183668479, 0.7010000000000000675 ) ) ;
#10901 = CARTESIAN_POINT ( 'NONE',  ( 1.523476884324387548, 1.131439850079904774, 0.6999999999999999556 ) ) ;
#10902 = LINE ( 'NONE', #5339, #11708 ) ;
#10903 = LINE ( 'NONE', #286, #7570 ) ;
#10904 = CARTESIAN_POINT ( 'NONE',  ( 2.284742622188141059, 1.460707008425642162, 0.7010000000000000675 ) ) ;
#10905 = DIRECTION ( 'NONE',  ( -0.0000000000000000000, -0.0000000000000000000, -1.000000000000000000 ) ) ;
#10906 = CARTESIAN_POINT ( 'NONE',  ( 2.048717575183680584, 1.061024065393082916, 0.7010000000000000675 ) ) ;
#10907 =( NAMED_UNIT ( * ) SI_UNIT ( $, .STERADIAN. ) SOLID_ANGLE_UNIT ( ) );
#10908 = UNCERTAINTY_MEASURE_WITH_UNIT (LENGTH_MEASURE( 1.000000000000000082E-05 ), #1604, 'distance_accuracy_value', 'NONE');
#10909 = VERTEX_POINT ( 'NONE', #8252 ) ;
#10910 = AXIS2_PLACEMENT_3D ( 'NONE', #4609, #3640, #10295 ) ;
#10912 = CARTESIAN_POINT ( 'NONE',  ( 1.928729511641029903, 1.067844877324111152, 0.7010000000000000675 ) ) ;
#10911 = PRESENTATION_LAYER_ASSIGNMENT (  '', '', ( #4342 ) ) ;
#10913 = EDGE_CURVE ( 'NONE', #5066, #2759, #10067, .T. ) ;
#10914 = CARTESIAN_POINT ( 'NONE',  ( 1.444815191070611959, 1.132596622164890876, 0.7010000000000000675 ) ) ;
#10915 =( LENGTH_UNIT ( ) NAMED_UNIT ( * ) SI_UNIT ( .MILLI., .METRE. ) );
#10916 = CARTESIAN_POINT ( 'NONE',  ( 1.945324047985389271, 1.080654694852952069, 0.7010000000000000675 ) ) ;
#10917 = SURFACE_STYLE_FILL_AREA ( #7107 ) ;
#10918 = ADVANCED_FACE ( 'NONE', ( #4321 ), #93, .F. ) ;
#10919 = CARTESIAN_POINT ( 'NONE',  ( 1.832739060806250597, 1.134722106501922845, 0.7010000000000000675 ) ) ;
#10920 = CARTESIAN_POINT ( 'NONE',  ( 1.645518225790786548, 1.316815389902126432, 0.7010000000000000675 ) ) ;
#10921 = MECHANICAL_DESIGN_GEOMETRIC_PRESENTATION_REPRESENTATION (  '', ( #7127 ), #8952 ) ;
#10922 = MECHANICAL_DESIGN_GEOMETRIC_PRESENTATION_REPRESENTATION (  '', ( #11130 ), #4347 ) ;
#10923 =( NAMED_UNIT ( * ) PLANE_ANGLE_UNIT ( ) SI_UNIT ( $, .RADIAN. ) );
#10924 = UNCERTAINTY_MEASURE_WITH_UNIT (LENGTH_MEASURE( 1.000000000000000082E-05 ), #360, 'distance_accuracy_value', 'NONE');
#10925 = ORIENTED_EDGE ( 'NONE', *, *, #8436, .T. ) ;
#10926 = EDGE_LOOP ( 'NONE', ( #10336, #2640, #4042, #4690 ) ) ;
#10927 = AXIS2_PLACEMENT_3D ( 'NONE', #5171, #8950, #7806 ) ;
#10928 = SURFACE_STYLE_FILL_AREA ( #11980 ) ;
#10929 = CARTESIAN_POINT ( 'NONE',  ( 2.592885278268235449, 1.194612162481179629, 0.7010000000000000675 ) ) ;
#10930 = CARTESIAN_POINT ( 'NONE',  ( 1.987455038754229797, 1.484995753350852210, 0.7010000000000000675 ) ) ;
#10931 = ADVANCED_FACE ( 'NONE', ( #11795 ), #9574, .F. ) ;
#10932 = ADVANCED_FACE ( 'NONE', ( #2825, #7502 ), #9329, .F. ) ;
#10933 = CARTESIAN_POINT ( 'NONE',  ( 1.013332672324957384, 1.247118867853497681, 0.6999999999999999556 ) ) ;
#10934 = ORIENTED_EDGE ( 'NONE', *, *, #9567, .F. ) ;
#10935 = FACE_OUTER_BOUND ( 'NONE', #2117, .T. ) ;
#10936 = ORIENTED_EDGE ( 'NONE', *, *, #3846, .F. ) ;
#10937 = PLANE ( 'NONE',  #3431 ) ;
#10938 = B_SPLINE_SURFACE_WITH_KNOTS ( 'NONE', 3, 1, ( 
 ( #3416, #11869 ),
 ( #453, #5324 ),
 ( #1468, #1282 ),
 ( #5256, #7010 ) ),
 .UNSPECIFIED., .F., .F., .F.,
 ( 4, 4 ),
 ( 2, 2 ),
 ( 1.000000000000000000, 2.000000000000000000 ),
 ( 0.0000000000000000000, 1.000000000000000000 ),
 .UNSPECIFIED. ) ;
#10939 = ORIENTED_EDGE ( 'NONE', *, *, #1263, .T. ) ;
#10940 = DIRECTION ( 'NONE',  ( -0.0000000000000000000, 1.000000000000000000, -0.0000000000000000000 ) ) ;
#10941 = VECTOR ( 'NONE', #7256, 1000.000000000000000 ) ;
#10942 = CARTESIAN_POINT ( 'NONE',  ( 1.100000000000000977, -1.700000000000000178, -0.0000000000000000000 ) ) ;
#10943 = ORIENTED_EDGE ( 'NONE', *, *, #12212, .F. ) ;
#10944 =( NAMED_UNIT ( * ) PLANE_ANGLE_UNIT ( ) SI_UNIT ( $, .RADIAN. ) );
#10945 = CARTESIAN_POINT ( 'NONE',  ( 2.426149698806905786, 1.205425644811862096, 0.6999999999999999556 ) ) ;
#10946 = CARTESIAN_POINT ( 'NONE',  ( 1.927689753724234345, 1.461039730958485716, 0.6999999999999999556 ) ) ;
#10947 = EDGE_CURVE ( 'NONE', #6124, #9398, #8484, .T. ) ;
#10948 = PLANE ( 'NONE',  #7103 ) ;
#10949 = ORIENTED_EDGE ( 'NONE', *, *, #6245, .T. ) ;
#10950 = CARTESIAN_POINT ( 'NONE',  ( 2.504838577913932607, 1.188207253717312284, 0.7010000000000000675 ) ) ;
#10951 =( GEOMETRIC_REPRESENTATION_CONTEXT ( 3 ) GLOBAL_UNCERTAINTY_ASSIGNED_CONTEXT ( ( #6603 ) ) GLOBAL_UNIT_ASSIGNED_CONTEXT ( ( #2256, #11828, #1430 ) ) REPRESENTATION_CONTEXT ( 'NONE', 'WORKASPACE' ) );
#10952 = CARTESIAN_POINT ( 'NONE',  ( 2.151612018582703456, 1.177643313287374705, 0.6999999999999999556 ) ) ;
#10953 = AXIS2_PLACEMENT_3D ( 'NONE', #9387, #10245, #3472 ) ;
#10954 = VERTEX_POINT ( 'NONE', #7433 ) ;
#10955 = PRESENTATION_STYLE_ASSIGNMENT (( #9971 ) ) ;
#10956 = FACE_OUTER_BOUND ( 'NONE', #839, .T. ) ;
#10957 = DIRECTION ( 'NONE',  ( -0.3559357243698755835, 0.9345104387417468850, -0.0000000000000000000 ) ) ;
#10958 = B_SPLINE_CURVE_WITH_KNOTS ( 'NONE', 3,
 ( #2109, #4841, #6685, #2905 ),
 .UNSPECIFIED., .F., .F.,
 ( 4, 4 ),
 ( 26.00000000000000000, 27.00000000000000000 ),
 .UNSPECIFIED. ) ;
#10959 = PRESENTATION_STYLE_ASSIGNMENT (( #1422 ) ) ;
#10960 = SURFACE_SIDE_STYLE ('',( #4759 ) ) ;
#10961 =( NAMED_UNIT ( * ) PLANE_ANGLE_UNIT ( ) SI_UNIT ( $, .RADIAN. ) );
#10962 = COLOUR_RGB ( '',0.6470588235294117974, 0.6196078431372549211, 0.5882352941176470784 ) ;
#10963 = SURFACE_STYLE_USAGE ( .BOTH. , #7981 ) ;
#10964 = ADVANCED_FACE ( 'NONE', ( #3776 ), #7674, .F. ) ;
#10965 = DIRECTION ( 'NONE',  ( 1.000000000000000000, -0.0000000000000000000, -0.0000000000000000000 ) ) ;
#10966 =( LENGTH_UNIT ( ) NAMED_UNIT ( * ) SI_UNIT ( .MILLI., .METRE. ) );
#10967 = FILL_AREA_STYLE_COLOUR ( '', #4886 ) ;
#10968 = CARTESIAN_POINT ( 'NONE',  ( 1.899241977134061177, 1.079989249787272731, 0.7010000000000000675 ) ) ;
#10969 = CARTESIAN_POINT ( 'NONE',  ( 1.129011645970521283, 1.362797841499060025, 0.6999999999999999556 ) ) ;
#10970 = LINE ( 'NONE', #5229, #6544 ) ;
#10971 = ORIENTED_EDGE ( 'NONE', *, *, #5952, .T. ) ;
#10972 = DIRECTION ( 'NONE',  ( 0.0000000000000000000, 0.0000000000000000000, 1.000000000000000000 ) ) ;
#10973 = CARTESIAN_POINT ( 'NONE',  ( 2.380566711756506137, 1.061439968560242475, 0.6999999999999999556 ) ) ;
#10974 = MECHANICAL_DESIGN_GEOMETRIC_PRESENTATION_REPRESENTATION (  '', ( #2424 ), #5586 ) ;
#10975 = VERTEX_POINT ( 'NONE', #12107 ) ;
#10976 = DIRECTION ( 'NONE',  ( -0.0000000000000000000, -0.0000000000000000000, -1.000000000000000000 ) ) ;
#10977 = CARTESIAN_POINT ( 'NONE',  ( 2.146163687101306561, 1.006707111844477032, 0.6999999999999999556 ) ) ;
#10978 = B_SPLINE_CURVE_WITH_KNOTS ( 'NONE', 3,
 ( #610, #12199, #6380, #10229 ),
 .UNSPECIFIED., .F., .F.,
 ( 4, 4 ),
 ( 4.000000000000000000, 5.000000000000000000 ),
 .UNSPECIFIED. ) ;
#10979 = CARTESIAN_POINT ( 'NONE',  ( 1.428620161237295516, 1.078227539853696015, 0.7010000000000000675 ) ) ;
#10980 = COLOUR_RGB ( '',1.000000000000000000, 1.000000000000000000, 1.000000000000000000 ) ;
#10981 = SURFACE_SIDE_STYLE ('',( #365 ) ) ;
#10982 = COLOUR_RGB ( '',0.6470588235294117974, 0.6196078431372549211, 0.5882352941176470784 ) ;
#10983 = FACE_OUTER_BOUND ( 'NONE', #5506, .T. ) ;
#10984 = PRESENTATION_LAYER_ASSIGNMENT (  '', '', ( #8414 ) ) ;
#10985 = SURFACE_SIDE_STYLE ('',( #7174 ) ) ;
#10986 = EDGE_LOOP ( 'NONE', ( #6349, #588, #221, #3363 ) ) ;
#10987 = VERTEX_POINT ( 'NONE', #7371 ) ;
#10988 = CARTESIAN_POINT ( 'NONE',  ( 2.041771992302835237, 1.132975313202283063, 0.6999999999999999556 ) ) ;
#10989 = COLOUR_RGB ( '',1.000000000000000000, 1.000000000000000000, 1.000000000000000000 ) ;
#10990 = PRESENTATION_LAYER_ASSIGNMENT (  '', '', ( #1856 ) ) ;
#10991 = DIRECTION ( 'NONE',  ( -0.0000000000000000000, 1.000000000000000000, -0.0000000000000000000 ) ) ;
#10992 = LINE ( 'NONE', #11982, #5556 ) ;
#10993 = LINE ( 'NONE', #8318, #7251 ) ;
#10994 = UNCERTAINTY_MEASURE_WITH_UNIT (LENGTH_MEASURE( 1.000000000000000082E-05 ), #3293, 'distance_accuracy_value', 'NONE');
#10995 = LINE ( 'NONE', #2461, #2911 ) ;
#10996 = ORIENTED_EDGE ( 'NONE', *, *, #351, .T. ) ;
#10997 = VECTOR ( 'NONE', #11994, 1000.000000000000000 ) ;
#10998 = ADVANCED_FACE ( 'NONE', ( #10249 ), #1714, .F. ) ;
#10999 = FILL_AREA_STYLE_COLOUR ( '', #11152 ) ;
#11000 = ORIENTED_EDGE ( 'NONE', *, *, #2858, .T. ) ;
#11001 = CARTESIAN_POINT ( 'NONE',  ( 2.488493583469202353, 1.202597503279374980, 0.7010000000000000675 ) ) ;
#11002 = VECTOR ( 'NONE', #7249, 1000.000000000000000 ) ;
#11003 = EDGE_CURVE ( 'NONE', #10254, #6805, #4067, .T. ) ;
#11004 = EDGE_LOOP ( 'NONE', ( #5968, #4586, #6176, #7784, #9722, #10476, #3177 ) ) ;
#11005 = CARTESIAN_POINT ( 'NONE',  ( 2.113848011061852716, 1.074000244189454722, 0.7010000000000000675 ) ) ;
#11006 = CARTESIAN_POINT ( 'NONE',  ( 2.136639504587610983, 1.007289376278064141, 0.7010000000000000675 ) ) ;
#11007 = ORIENTED_EDGE ( 'NONE', *, *, #7990, .F. ) ;
#11008 = CARTESIAN_POINT ( 'NONE',  ( -3.249999999999998668, 2.000000000000000000, 0.6999999999999999556 ) ) ;
#11009 = CARTESIAN_POINT ( 'NONE',  ( 2.445530786367152043, 1.205425644811862096, 0.6999999999999999556 ) ) ;
#11010 = VECTOR ( 'NONE', #3583, 1000.000000000000000 ) ;
#11011 = CARTESIAN_POINT ( 'NONE',  ( 2.015861225028352965, 1.482749876251948873, 0.7010000000000000675 ) ) ;
#11012 = ORIENTED_EDGE ( 'NONE', *, *, #1391, .F. ) ;
#11013 = CARTESIAN_POINT ( 'NONE',  ( 1.678486726660851192, 1.222826256910922282, 0.7010000000000000675 ) ) ;
#11014 = FILL_AREA_STYLE_COLOUR ( '', #12244 ) ;
#11015 = VERTEX_POINT ( 'NONE', #191 ) ;
#11016 = CARTESIAN_POINT ( 'NONE',  ( 1.523476884324387548, 1.131439850079904774, 0.7010000000000000675 ) ) ;
#11017 = CARTESIAN_POINT ( 'NONE',  ( 2.073255862009072636, 1.075331134321934945, 0.7010000000000000675 ) ) ;
#11018 = CARTESIAN_POINT ( 'NONE',  ( 2.287196450871179287, 1.402397384478496489, 0.6999999999999999556 ) ) ;
#11019 =( LENGTH_UNIT ( ) NAMED_UNIT ( * ) SI_UNIT ( .MILLI., .METRE. ) );
#11020 = ADVANCED_FACE ( 'NONE', ( #7754 ), #65, .F. ) ;
#11021 = EDGE_CURVE ( 'NONE', #8079, #9010, #8646, .T. ) ;
#11022 = PRESENTATION_STYLE_ASSIGNMENT (( #7213 ) ) ;
#11023 = SURFACE_STYLE_USAGE ( .BOTH. , #8161 ) ;
#11024 = CARTESIAN_POINT ( 'NONE',  ( 1.952851895299268392, 1.341259618998864367, 0.6999999999999999556 ) ) ;
#11025 = DIRECTION ( 'NONE',  ( -1.000000000000000000, -0.0000000000000000000, -0.0000000000000000000 ) ) ;
#11026 = FILL_AREA_STYLE_COLOUR ( '', #2729 ) ;
#11027 = CARTESIAN_POINT ( 'NONE',  ( -1.099999999999998535, -1.700000000000000178, -0.1000000000000000056 ) ) ;
#11028 = CARTESIAN_POINT ( 'NONE',  ( 1.918747835644118327, 1.092549525416478540, 0.7010000000000000675 ) ) ;
#11029 = UNCERTAINTY_MEASURE_WITH_UNIT (LENGTH_MEASURE( 1.000000000000000082E-05 ), #2456, 'distance_accuracy_value', 'NONE');
#11030 = EDGE_CURVE ( 'NONE', #7767, #1341, #3954, .T. ) ;
#11031 = ORIENTED_EDGE ( 'NONE', *, *, #1316, .T. ) ;
#11032 =( NAMED_UNIT ( * ) SI_UNIT ( $, .STERADIAN. ) SOLID_ANGLE_UNIT ( ) );
#11033 = CARTESIAN_POINT ( 'NONE',  ( 2.137013817437611873, 1.024923670538664844, 0.7010000000000000675 ) ) ;
#11034 = ORIENTED_EDGE ( 'NONE', *, *, #567, .F. ) ;
#11035 = PRESENTATION_STYLE_ASSIGNMENT (( #738 ) ) ;
#11036 = CARTESIAN_POINT ( 'NONE',  ( 2.187629232803906199, 1.043888854932849108, 0.6999999999999999556 ) ) ;
#11037 = CARTESIAN_POINT ( 'NONE',  ( 1.428620161237295516, 1.096736157986126337, 0.7010000000000000675 ) ) ;
#11038 = PLANE ( 'NONE',  #4704 ) ;
#11039 = B_SPLINE_SURFACE_WITH_KNOTS ( 'NONE', 3, 1, ( 
 ( #2875, #6142 ),
 ( #5960, #422 ),
 ( #1308, #2377 ),
 ( #555, #8109 ) ),
 .UNSPECIFIED., .F., .F., .F.,
 ( 4, 4 ),
 ( 2, 2 ),
 ( 2.000000000000000000, 3.000000000000000000 ),
 ( 0.0000000000000000000, 1.000000000000000000 ),
 .UNSPECIFIED. ) ;
#11040 = SURFACE_SIDE_STYLE ('',( #8118 ) ) ;
#11041 = UNCERTAINTY_MEASURE_WITH_UNIT (LENGTH_MEASURE( 1.000000000000000082E-05 ), #12322, 'distance_accuracy_value', 'NONE');
#11042 = ORIENTED_EDGE ( 'NONE', *, *, #10673, .F. ) ;
#11043 = ORIENTED_EDGE ( 'NONE', *, *, #10566, .T. ) ;
#11044 = CARTESIAN_POINT ( 'NONE',  ( 2.186256752354823529, 1.086061436018292525, 0.6999999999999999556 ) ) ;
#11045 = FILL_AREA_STYLE_COLOUR ( '', #10225 ) ;
#11046 = SURFACE_STYLE_USAGE ( .BOTH. , #8243 ) ;
#11047 = PRESENTATION_STYLE_ASSIGNMENT (( #574 ) ) ;
#11048 = MECHANICAL_DESIGN_GEOMETRIC_PRESENTATION_REPRESENTATION (  '', ( #1496 ), #7064 ) ;
#11049 = SURFACE_STYLE_FILL_AREA ( #6406 ) ;
#11050 = CARTESIAN_POINT ( 'NONE',  ( 2.058574480230774828, 1.319549473706508769, 0.6999999999999999556 ) ) ;
#11051 =( LENGTH_UNIT ( ) NAMED_UNIT ( * ) SI_UNIT ( .MILLI., .METRE. ) );
#11052 = LINE ( 'NONE', #1652, #5672 ) ;
#11053 = ORIENTED_EDGE ( 'NONE', *, *, #8918, .F. ) ;
#11054 = FILL_AREA_STYLE_COLOUR ( '', #7733 ) ;
#11055 = CARTESIAN_POINT ( 'NONE',  ( 2.071259526809804186, 1.058695007660964693, 0.7010000000000000675 ) ) ;
#11056 = ORIENTED_EDGE ( 'NONE', *, *, #2064, .F. ) ;
#11057 = MECHANICAL_DESIGN_GEOMETRIC_PRESENTATION_REPRESENTATION (  '', ( #6862 ), #914 ) ;
#11058 = VECTOR ( 'NONE', #10533, 1000.000000000000000 ) ;
#11059 = CARTESIAN_POINT ( 'NONE',  ( 2.146163687101306561, 1.006707111844477032, 0.6999999999999999556 ) ) ;
#11060 = EDGE_LOOP ( 'NONE', ( #5029, #8581, #9908, #8670 ) ) ;
#11061 = CARTESIAN_POINT ( 'NONE',  ( 2.065312111528040617, 1.137300706134778405, 0.7010000000000000675 ) ) ;
#11062 = EDGE_CURVE ( 'NONE', #4325, #8124, #7687, .T. ) ;
#11063 = ORIENTED_EDGE ( 'NONE', *, *, #1245, .F. ) ;
#11064 = LINE ( 'NONE', #8144, #6078 ) ;
#11065 = CARTESIAN_POINT ( 'NONE',  ( 2.426149698806905786, 1.205425644811862096, 0.7010000000000000675 ) ) ;
#11066 = CARTESIAN_POINT ( 'NONE',  ( 1.345331291386396622, 1.456497748373132950, 0.7010000000000000675 ) ) ;
#11067 = MECHANICAL_DESIGN_GEOMETRIC_PRESENTATION_REPRESENTATION (  '', ( #2509 ), #8368 ) ;
#11068 = STYLED_ITEM ( 'NONE', ( #6663 ), #3438 ) ;
#11069 = STYLED_ITEM ( 'NONE', ( #2068 ), #7605 ) ;
#11070 = VECTOR ( 'NONE', #4582, 1000.000000000000000 ) ;
#11071 = ORIENTED_EDGE ( 'NONE', *, *, #7200, .T. ) ;
#11072 = CARTESIAN_POINT ( 'NONE',  ( 2.401569821665459070, 1.079989249787272731, 0.7010000000000000675 ) ) ;
#11073 = EDGE_CURVE ( 'NONE', #2082, #12061, #11500, .T. ) ;
#11074 = UNCERTAINTY_MEASURE_WITH_UNIT (LENGTH_MEASURE( 1.000000000000000082E-05 ), #12010, 'distance_accuracy_value', 'NONE');
#11075 = MECHANICAL_DESIGN_GEOMETRIC_PRESENTATION_REPRESENTATION (  '', ( #12271 ), #5301 ) ;
#11076 =( LENGTH_UNIT ( ) NAMED_UNIT ( * ) SI_UNIT ( .MILLI., .METRE. ) );
#11077 =( NAMED_UNIT ( * ) PLANE_ANGLE_UNIT ( ) SI_UNIT ( $, .RADIAN. ) );
#11078 = ORIENTED_EDGE ( 'NONE', *, *, #3882, .F. ) ;
#11079 = SURFACE_STYLE_USAGE ( .BOTH. , #9409 ) ;
#11080 = CARTESIAN_POINT ( 'NONE',  ( 1.984003042472108458, 1.335520155300681466, 0.7010000000000000675 ) ) ;
#11081 = SURFACE_STYLE_USAGE ( .BOTH. , #12250 ) ;
#11082 = COLOUR_RGB ( '',1.000000000000000000, 1.000000000000000000, 1.000000000000000000 ) ;
#11083 = PRESENTATION_STYLE_ASSIGNMENT (( #10337 ) ) ;
#11084 =( GEOMETRIC_REPRESENTATION_CONTEXT ( 3 ) GLOBAL_UNCERTAINTY_ASSIGNED_CONTEXT ( ( #2516 ) ) GLOBAL_UNIT_ASSIGNED_CONTEXT ( ( #3582, #11116, #7355 ) ) REPRESENTATION_CONTEXT ( 'NONE', 'WORKASPACE' ) );
#11085 = COLOUR_RGB ( '',1.000000000000000000, 1.000000000000000000, 1.000000000000000000 ) ;
#11086 = CARTESIAN_POINT ( 'NONE',  ( 1.968198722144361756, 1.163752147525683123, 0.7010000000000000675 ) ) ;
#11087 = CLOSED_SHELL ( 'NONE', ( #1088, #6181, #10162, #7195, #2194, #6410, #3349, #5816, #10772, #1888, #8831, #3934, #10460, #6080 ) ) ;
#11088 = CARTESIAN_POINT ( 'NONE',  ( 1.081583229266936730, 1.063189282105363676, 0.7010000000000000675 ) ) ;
#11089 = SURFACE_STYLE_FILL_AREA ( #7153 ) ;
#11090 = CARTESIAN_POINT ( 'NONE',  ( 1.190321471113391594, 1.053934884783088721, 0.6999999999999999556 ) ) ;
#11091 = EDGE_CURVE ( 'NONE', #11323, #4521, #5843, .T. ) ;
#11092 = B_SPLINE_CURVE_WITH_KNOTS ( 'NONE', 3,
 ( #11090, #5403, #10281, #9237, #2555, #865, #8284 ),
 .UNSPECIFIED., .F., .F.,
 ( 4, 3, 4 ),
 ( 0.0000000000000000000, 1.000000000000000000, 2.000000000000000000 ),
 .UNSPECIFIED. ) ;
#11093 = VECTOR ( 'NONE', #11544, 1000.000000000000000 ) ;
#11094 = EDGE_CURVE ( 'NONE', #3073, #6657, #9695, .T. ) ;
#11095 = COLOUR_RGB ( '',1.000000000000000000, 1.000000000000000000, 1.000000000000000000 ) ;
#11096 = CARTESIAN_POINT ( 'NONE',  ( 2.176815750474334177, 1.482250792451576649, 0.7010000000000000675 ) ) ;
#11097 = CARTESIAN_POINT ( 'NONE',  ( 1.944325880385757710, 1.058695007660964693, 0.7010000000000000675 ) ) ;
#11098 = EDGE_CURVE ( 'NONE', #2388, #2708, #10843, .T. ) ;
#11099 = STYLED_ITEM ( 'NONE', ( #5686 ), #12148 ) ;
#11100 =( NAMED_UNIT ( * ) SI_UNIT ( $, .STERADIAN. ) SOLID_ANGLE_UNIT ( ) );
#11101 = STYLED_ITEM ( 'NONE', ( #4346 ), #275 ) ;
#11102 = VERTEX_POINT ( 'NONE', #8238 ) ;
#11103 = CARTESIAN_POINT ( 'NONE',  ( 2.137762443137059876, 1.392831611648191581, 0.7010000000000000675 ) ) ;
#11104 = SURFACE_STYLE_FILL_AREA ( #9244 ) ;
#11105 = PRESENTATION_LAYER_ASSIGNMENT (  '', '', ( #11684 ) ) ;
#11106 = CARTESIAN_POINT ( 'NONE',  ( 2.402734350531517293, 1.482250792451576649, 0.7010000000000000675 ) ) ;
#11107 =( GEOMETRIC_REPRESENTATION_CONTEXT ( 3 ) GLOBAL_UNCERTAINTY_ASSIGNED_CONTEXT ( ( #1659 ) ) GLOBAL_UNIT_ASSIGNED_CONTEXT ( ( #7583, #1866, #6496 ) ) REPRESENTATION_CONTEXT ( 'NONE', 'WORKASPACE' ) );
#11108 = CARTESIAN_POINT ( 'NONE',  ( 2.545264365699737130, 1.061439968560242475, 0.7010000000000000675 ) ) ;
#11109 = VECTOR ( 'NONE', #11142, 1000.000000000000000 ) ;
#11110 = CARTESIAN_POINT ( 'NONE',  ( 1.918747835644118327, 1.092549525416478540, 0.7010000000000000675 ) ) ;
#11111 = AXIS2_PLACEMENT_3D ( 'NONE', #9826, #8839, #138 ) ;
#11112 = FILL_AREA_STYLE_COLOUR ( '', #6539 ) ;
#11113 = FACE_OUTER_BOUND ( 'NONE', #709, .T. ) ;
#11114 = ADVANCED_FACE ( 'NONE', ( #2323, #6092 ), #5175, .T. ) ;
#11115 =( NAMED_UNIT ( * ) SI_UNIT ( $, .STERADIAN. ) SOLID_ANGLE_UNIT ( ) );
#11116 =( NAMED_UNIT ( * ) PLANE_ANGLE_UNIT ( ) SI_UNIT ( $, .RADIAN. ) );
#11117 =( LENGTH_UNIT ( ) NAMED_UNIT ( * ) SI_UNIT ( .MILLI., .METRE. ) );
#11118 = STYLED_ITEM ( 'NONE', ( #740 ), #11599 ) ;
#11119 = SURFACE_STYLE_USAGE ( .BOTH. , #8381 ) ;
#11120 = EDGE_LOOP ( 'NONE', ( #12290, #11943, #11876, #2906 ) ) ;
#11121 = B_SPLINE_CURVE_WITH_KNOTS ( 'NONE', 3,
 ( #8491, #12269, #1689, #3750 ),
 .UNSPECIFIED., .F., .F.,
 ( 4, 4 ),
 ( 2.000000000000000000, 3.000000000000000000 ),
 .UNSPECIFIED. ) ;
#11122 = ORIENTED_EDGE ( 'NONE', *, *, #3768, .T. ) ;
#11123 = MANIFOLD_SOLID_BREP ( '凸台-拉伸3[9]', #5306 ) ;
#11124 = SURFACE_SIDE_STYLE ('',( #4444 ) ) ;
#11125 = LINE ( 'NONE', #4447, #1323 ) ;
#11126 = SURFACE_STYLE_USAGE ( .BOTH. , #12036 ) ;
#11127 = SURFACE_STYLE_USAGE ( .BOTH. , #1456 ) ;
#11128 = PRESENTATION_LAYER_ASSIGNMENT (  '', '', ( #7127 ) ) ;
#11129 = CARTESIAN_POINT ( 'NONE',  ( 2.146163687101306561, 1.006707111844477032, 0.7010000000000000675 ) ) ;
#11130 = STYLED_ITEM ( 'NONE', ( #45 ), #11165 ) ;
#11131 = UNCERTAINTY_MEASURE_WITH_UNIT (LENGTH_MEASURE( 1.000000000000000082E-05 ), #2457, 'distance_accuracy_value', 'NONE');
#11132 = FACE_OUTER_BOUND ( 'NONE', #6346, .T. ) ;
#11133 = ORIENTED_EDGE ( 'NONE', *, *, #2696, .T. ) ;
#11134 = PRESENTATION_STYLE_ASSIGNMENT (( #7311 ) ) ;
#11135 = ORIENTED_EDGE ( 'NONE', *, *, #10263, .T. ) ;
#11136 = FILL_AREA_STYLE ('',( #4563 ) ) ;
#11137 = ORIENTED_EDGE ( 'NONE', *, *, #403, .F. ) ;
#11138 = SURFACE_SIDE_STYLE ('',( #7315 ) ) ;
#11139 = LINE ( 'NONE', #2593, #11407 ) ;
#11140 = LINE ( 'NONE', #1469, #8005 ) ;
#11141 = ORIENTED_EDGE ( 'NONE', *, *, #3422, .F. ) ;
#11142 = DIRECTION ( 'NONE',  ( -1.000000000000000000, -0.0000000000000000000, -0.0000000000000000000 ) ) ;
#11143 = CARTESIAN_POINT ( 'NONE',  ( 2.003009817182348495, 1.484995753350852210, 0.7010000000000000675 ) ) ;
#11144 = MANIFOLD_SOLID_BREP ( '凸台-拉伸3[6]', #11087 ) ;
#11145 =( NAMED_UNIT ( * ) PLANE_ANGLE_UNIT ( ) SI_UNIT ( $, .RADIAN. ) );
#11146 = ORIENTED_EDGE ( 'NONE', *, *, #2250, .F. ) ;
#11147 = DIRECTION ( 'NONE',  ( -1.000000000000000000, 0.0000000000000000000, 0.0000000000000000000 ) ) ;
#11148 = CARTESIAN_POINT ( 'NONE',  ( 2.071259526809804186, 1.058695007660964693, 0.6999999999999999556 ) ) ;
#11149 = ORIENTED_EDGE ( 'NONE', *, *, #4676, .F. ) ;
#11150 = CARTESIAN_POINT ( 'NONE',  ( 1.942204774236117260, 1.352655365762020612, 0.7010000000000000675 ) ) ;
#11151 = COLOUR_RGB ( '',1.000000000000000000, 1.000000000000000000, 1.000000000000000000 ) ;
#11152 = COLOUR_RGB ( '',1.000000000000000000, 1.000000000000000000, 1.000000000000000000 ) ;
#11153 = CARTESIAN_POINT ( 'NONE',  ( 2.269354205026444582, 1.448229913429640581, 0.6999999999999999556 ) ) ;
#11154 = VERTEX_POINT ( 'NONE', #2074 ) ;
#11155 =( LENGTH_UNIT ( ) NAMED_UNIT ( * ) SI_UNIT ( .MILLI., .METRE. ) );
#11156 = CARTESIAN_POINT ( 'NONE',  ( 2.950000000000001510, 1.700000000000001066, -0.1000000000000000056 ) ) ;
#11157 = EDGE_CURVE ( 'NONE', #3836, #5937, #5303, .T. ) ;
#11158 = B_SPLINE_SURFACE_WITH_KNOTS ( 'NONE', 3, 1, ( 
 ( #2302, #7849 ),
 ( #7984, #284 ),
 ( #6910, #3993 ),
 ( #9918, #5039 ) ),
 .UNSPECIFIED., .F., .F., .F.,
 ( 4, 4 ),
 ( 2, 2 ),
 ( 18.00000000000000000, 19.00000000000000000 ),
 ( 0.0000000000000000000, 1.000000000000000000 ),
 .UNSPECIFIED. ) ;
#11159 = PRESENTATION_LAYER_ASSIGNMENT (  '', '', ( #1194 ) ) ;
#11160 = COLOUR_RGB ( '',0.6470588235294117974, 0.6196078431372549211, 0.5882352941176470784 ) ;
#11161 = CARTESIAN_POINT ( 'NONE',  ( 2.079577590140282872, 1.411464073508428951, 0.6999999999999999556 ) ) ;
#11162 = SURFACE_STYLE_USAGE ( .BOTH. , #7155 ) ;
#11163 = FILL_AREA_STYLE ('',( #10227 ) ) ;
#11164 = CARTESIAN_POINT ( 'NONE',  ( 2.490947412151131246, 1.144287879332228863, 0.7010000000000000675 ) ) ;
#11165 = MANIFOLD_SOLID_BREP ( '凸台-拉伸3[7]', #2733 ) ;
#11166 = DIRECTION ( 'NONE',  ( 0.0000000000000000000, 0.0000000000000000000, -1.000000000000000000 ) ) ;
#11167 = COLOUR_RGB ( '',1.000000000000000000, 1.000000000000000000, 1.000000000000000000 ) ;
#11168 = ORIENTED_EDGE ( 'NONE', *, *, #11545, .F. ) ;
#11169 = VECTOR ( 'NONE', #2316, 1000.000000000000000 ) ;
#11170 = PRESENTATION_STYLE_ASSIGNMENT (( #6314 ) ) ;
#11171 = ADVANCED_FACE ( 'NONE', ( #7602 ), #11362, .T. ) ;
#11172 = SURFACE_STYLE_FILL_AREA ( #1628 ) ;
#11173 = EDGE_CURVE ( 'NONE', #7761, #12357, #3927, .T. ) ;
#11174 = CARTESIAN_POINT ( 'NONE',  ( 1.957302059181020848, 1.130479894203750391, 0.7010000000000000675 ) ) ;
#11175 =( NAMED_UNIT ( * ) SI_UNIT ( $, .STERADIAN. ) SOLID_ANGLE_UNIT ( ) );
#11176 = STYLED_ITEM ( 'NONE', ( #11595 ), #4824 ) ;
#11177 = FILL_AREA_STYLE_COLOUR ( '', #11518 ) ;
#11178 = SURFACE_SIDE_STYLE ('',( #12149 ) ) ;
#11179 = CARTESIAN_POINT ( 'NONE',  ( 2.112641891879190492, 1.175147894287726480, 0.6999999999999999556 ) ) ;
#11180 = UNCERTAINTY_MEASURE_WITH_UNIT (LENGTH_MEASURE( 1.000000000000000082E-05 ), #9452, 'distance_accuracy_value', 'NONE');
#11181 = ORIENTED_EDGE ( 'NONE', *, *, #11868, .F. ) ;
#11182 = EDGE_LOOP ( 'NONE', ( #10250, #8800, #2201, #1602 ) ) ;
#11183 = FILL_AREA_STYLE ('',( #4493 ) ) ;
#11184 = ADVANCED_FACE ( 'NONE', ( #4856 ), #6569, .F. ) ;
#11185 = MANIFOLD_SOLID_BREP ( '凸台-拉伸3[5]', #6271 ) ;
#11186 = CARTESIAN_POINT ( 'NONE',  ( 2.950000000000001510, 1.700000000000001066, 0.0000000000000000000 ) ) ;
#11187 = CARTESIAN_POINT ( 'NONE',  ( 1.013332672324957384, 1.247118867853497681, 0.6999999999999999556 ) ) ;
#11188 = CARTESIAN_POINT ( 'NONE',  ( 1.944824964185577043, 1.108936110176710343, 0.7010000000000000675 ) ) ;
#11189 = CARTESIAN_POINT ( 'NONE',  ( 2.594548890933551455, 1.203346128978269869, 0.7010000000000000675 ) ) ;
#11190 = FACE_OUTER_BOUND ( 'NONE', #6279, .T. ) ;
#11191 = VECTOR ( 'NONE', #7189, 1000.000000000000000 ) ;
#11192 = PRODUCT_CONTEXT ( 'NONE', #9979, 'mechanical' ) ;
#11193 = CARTESIAN_POINT ( 'NONE',  ( 2.606485311813688810, 1.224141287305309023, 0.7010000000000000675 ) ) ;
#11194 = VERTEX_POINT ( 'NONE', #10640 ) ;
#11195 = ORIENTED_EDGE ( 'NONE', *, *, #1658, .T. ) ;
#11196 = MECHANICAL_DESIGN_GEOMETRIC_PRESENTATION_REPRESENTATION (  '', ( #4820 ), #4024 ) ;
#11197 = MECHANICAL_DESIGN_GEOMETRIC_PRESENTATION_REPRESENTATION (  '', ( #1844 ), #3435 ) ;
#11198 = LINE ( 'NONE', #12229, #11191 ) ;
#11199 = ORIENTED_EDGE ( 'NONE', *, *, #5124, .T. ) ;
#11200 = ORIENTED_EDGE ( 'NONE', *, *, #9130, .T. ) ;
#11201 =( NAMED_UNIT ( * ) SI_UNIT ( $, .STERADIAN. ) SOLID_ANGLE_UNIT ( ) );
#11202 = MECHANICAL_DESIGN_GEOMETRIC_PRESENTATION_REPRESENTATION (  '', ( #6800 ), #1437 ) ;
#11203 = ADVANCED_FACE ( 'NONE', ( #3114 ), #464, .F. ) ;
#11204 = CARTESIAN_POINT ( 'NONE',  ( 2.146163687101306561, 1.006707111844477032, 0.7010000000000000675 ) ) ;
#11205 = ORIENTED_EDGE ( 'NONE', *, *, #4079, .T. ) ;
#11206 = CARTESIAN_POINT ( 'NONE',  ( 2.462000551761694300, 1.085645532851132966, 0.7010000000000000675 ) ) ;
#11207 = DIRECTION ( 'NONE',  ( -0.0000000000000000000, 1.000000000000000000, -0.0000000000000000000 ) ) ;
#11208 = FILL_AREA_STYLE ('',( #7383 ) ) ;
#11209 =( GEOMETRIC_REPRESENTATION_CONTEXT ( 3 ) GLOBAL_UNCERTAINTY_ASSIGNED_CONTEXT ( ( #9836 ) ) GLOBAL_UNIT_ASSIGNED_CONTEXT ( ( #8009, #11915, #1328 ) ) REPRESENTATION_CONTEXT ( 'NONE', 'WORKASPACE' ) );
#11210 = CARTESIAN_POINT ( 'NONE',  ( 1.949233537750725054, 1.077161108254782285, 0.7010000000000000675 ) ) ;
#11211 = VERTEX_POINT ( 'NONE', #4048 ) ;
#11212 = CARTESIAN_POINT ( 'NONE',  ( 2.128820525056945190, 1.177643313287374705, 0.7010000000000000675 ) ) ;
#11213 = UNCERTAINTY_MEASURE_WITH_UNIT (LENGTH_MEASURE( 1.000000000000000082E-05 ), #9476, 'distance_accuracy_value', 'NONE');
#11214 = CARTESIAN_POINT ( 'NONE',  ( 1.563964569228308843, 1.374365672672346106, 0.7010000000000000675 ) ) ;
#11215 = ORIENTED_EDGE ( 'NONE', *, *, #11393, .F. ) ;
#11216 = FACE_OUTER_BOUND ( 'NONE', #7941, .T. ) ;
#11217 = CARTESIAN_POINT ( 'NONE',  ( 2.349831467749714964, 1.061439968560242475, 0.6999999999999999556 ) ) ;
#11218 = STYLED_ITEM ( 'NONE', ( #2963 ), #2418 ) ;
#11219 = EDGE_LOOP ( 'NONE', ( #6687, #3612, #1642, #7573 ) ) ;
#11220 = DIRECTION ( 'NONE',  ( 1.084202172485504187E-16, 1.000000000000000000, -0.0000000000000000000 ) ) ;
#11221 = STYLED_ITEM ( 'NONE', ( #6759 ), #6193 ) ;
#11222 = DIRECTION ( 'NONE',  ( -0.0000000000000000000, -0.0000000000000000000, -1.000000000000000000 ) ) ;
#11223 = FACE_OUTER_BOUND ( 'NONE', #9451, .T. ) ;
#11224 = ORIENTED_EDGE ( 'NONE', *, *, #792, .T. ) ;
#11225 = DIRECTION ( 'NONE',  ( -0.0000000000000000000, -0.0000000000000000000, 1.000000000000000000 ) ) ;
#11226 = CARTESIAN_POINT ( 'NONE',  ( 1.190321493177406875, 1.345445995451615806, 0.7010000000000000675 ) ) ;
#11227 = SURFACE_SIDE_STYLE ('',( #3628 ) ) ;
#11228 = CARTESIAN_POINT ( 'NONE',  ( 2.283328551422453057, 1.205425644811862096, 0.7010000000000000675 ) ) ;
#11229 = ORIENTED_EDGE ( 'NONE', *, *, #872, .T. ) ;
#11230 = CARTESIAN_POINT ( 'NONE',  ( 2.083112767055617542, 1.163752147525683123, 0.6999999999999999556 ) ) ;
#11231 = CARTESIAN_POINT ( 'NONE',  ( 1.140579499207267089, 0.9845275888515911955, 0.6999999999999999556 ) ) ;
#11232 =( NAMED_UNIT ( * ) SI_UNIT ( $, .STERADIAN. ) SOLID_ANGLE_UNIT ( ) );
#11233 = CARTESIAN_POINT ( 'NONE',  ( 1.957302059181020848, 1.130479894203750391, 0.6999999999999999556 ) ) ;
#11234 = EDGE_CURVE ( 'NONE', #10886, #12170, #7842, .T. ) ;
#11235 = DIRECTION ( 'NONE',  ( -0.3385350342956541247, -0.9409537876827108738, 0.0000000000000000000 ) ) ;
#11236 = PRESENTATION_STYLE_ASSIGNMENT (( #6200 ) ) ;
#11237 =( NAMED_UNIT ( * ) SI_UNIT ( $, .STERADIAN. ) SOLID_ANGLE_UNIT ( ) );
#11238 = CARTESIAN_POINT ( 'NONE',  ( 2.309280909012984662, 1.402979648912079158, 0.6999999999999999556 ) ) ;
#11239 = CARTESIAN_POINT ( 'NONE',  ( 2.221442160242816932, 1.338098754933535917, 0.7010000000000000675 ) ) ;
#11240 = CARTESIAN_POINT ( 'NONE',  ( 2.504838577913932607, 1.099453517980721440, 0.7010000000000000675 ) ) ;
#11241 = EDGE_CURVE ( 'NONE', #11935, #5870, #280, .T. ) ;
#11242 = FILL_AREA_STYLE_COLOUR ( '', #4416 ) ;
#11243 = ORIENTED_EDGE ( 'NONE', *, *, #9932, .T. ) ;
#11244 = VERTEX_POINT ( 'NONE', #8861 ) ;
#11245 =( NAMED_UNIT ( * ) PLANE_ANGLE_UNIT ( ) SI_UNIT ( $, .RADIAN. ) );
#11246 = CARTESIAN_POINT ( 'NONE',  ( 2.284742622188141059, 1.342340967231710813, 0.7010000000000000675 ) ) ;
#11247 = CARTESIAN_POINT ( 'NONE',  ( 1.931557653172965683, 1.364134293158385747, 0.7010000000000000675 ) ) ;
#11248 = UNCERTAINTY_MEASURE_WITH_UNIT (LENGTH_MEASURE( 1.000000000000000082E-05 ), #4933, 'distance_accuracy_value', 'NONE');
#11249 = COLOUR_RGB ( '',1.000000000000000000, 1.000000000000000000, 1.000000000000000000 ) ;
#11250 = ORIENTED_EDGE ( 'NONE', *, *, #1470, .T. ) ;
#11251 = EDGE_CURVE ( 'NONE', #9960, #5434, #1023, .T. ) ;
#11252 = EDGE_CURVE ( 'NONE', #11323, #2161, #7910, .T. ) ;
#11253 = SURFACE_SIDE_STYLE ('',( #4630 ) ) ;
#11254 = EDGE_CURVE ( 'NONE', #9923, #11015, #10154, .T. ) ;
#11255 = ORIENTED_EDGE ( 'NONE', *, *, #7419, .T. ) ;
#11256 =( NAMED_UNIT ( * ) PLANE_ANGLE_UNIT ( ) SI_UNIT ( $, .RADIAN. ) );
#11257 = ORIENTED_EDGE ( 'NONE', *, *, #8056, .T. ) ;
#11258 = B_SPLINE_SURFACE_WITH_KNOTS ( 'NONE', 3, 1, ( 
 ( #607, #6241 ),
 ( #1620, #7272 ),
 ( #7340, #2617 ),
 ( #12138, #3625 ) ),
 .UNSPECIFIED., .F., .F., .F.,
 ( 4, 4 ),
 ( 2, 2 ),
 ( 7.000000000000000000, 8.000000000000000000 ),
 ( 0.0000000000000000000, 1.000000000000000000 ),
 .UNSPECIFIED. ) ;
#11259 = VERTEX_POINT ( 'NONE', #710 ) ;
#11260 = CARTESIAN_POINT ( 'NONE',  ( 1.629901548903732955, 1.353543466240797466, 0.7010000000000000675 ) ) ;
#11261 = ORIENTED_EDGE ( 'NONE', *, *, #6970, .T. ) ;
#11262 = PLANE ( 'NONE',  #11111 ) ;
#11263 = CARTESIAN_POINT ( 'NONE',  ( 2.472148589025581433, 1.069009406190170264, 0.6999999999999999556 ) ) ;
#11264 = CARTESIAN_POINT ( 'NONE',  ( 2.301087616632872201, 1.446316758863579466, 0.6999999999999999556 ) ) ;
#11265 = FACE_OUTER_BOUND ( 'NONE', #11866, .T. ) ;
#11266 = DIRECTION ( 'NONE',  ( -0.0000000000000000000, -0.0000000000000000000, -1.000000000000000000 ) ) ;
#11267 = ORIENTED_EDGE ( 'NONE', *, *, #8627, .T. ) ;
#11268 = DIRECTION ( 'NONE',  ( 1.000000000000000000, 0.0000000000000000000, 0.0000000000000000000 ) ) ;
#11269 = ADVANCED_FACE ( 'NONE', ( #2610 ), #7264, .T. ) ;
#11270 = ORIENTED_EDGE ( 'NONE', *, *, #2385, .F. ) ;
#11271 = DIRECTION ( 'NONE',  ( -0.0000000000000000000, -0.0000000000000000000, -1.000000000000000000 ) ) ;
#11272 = CARTESIAN_POINT ( 'NONE',  ( 1.464480625416062498, 1.132596622164890876, 0.6999999999999999556 ) ) ;
#11273 = ORIENTED_EDGE ( 'NONE', *, *, #10759, .T. ) ;
#11274 = FACE_OUTER_BOUND ( 'NONE', #3987, .T. ) ;
#11275 = DIRECTION ( 'NONE',  ( 0.0000000000000000000, -0.0000000000000000000, -1.000000000000000000 ) ) ;
#11276 = PRESENTATION_LAYER_ASSIGNMENT (  '', '', ( #2706 ) ) ;
#11277 = PRESENTATION_LAYER_ASSIGNMENT (  '', '', ( #1117 ) ) ;
#11278 = SURFACE_SIDE_STYLE ('',( #10221 ) ) ;
#11279 = ORIENTED_EDGE ( 'NONE', *, *, #8374, .T. ) ;
#11280 = CARTESIAN_POINT ( 'NONE',  ( -0.3999999999999985789, 1.700000000000000622, -0.1000000000000000056 ) ) ;
#11281 = CARTESIAN_POINT ( 'NONE',  ( 2.096421668384277126, 1.061772691093084697, 0.6999999999999999556 ) ) ;
#11282 = CARTESIAN_POINT ( 'NONE',  ( 1.191478265262949865, 0.9845275888515911955, 0.7010000000000000675 ) ) ;
#11283 = FACE_OUTER_BOUND ( 'NONE', #3255, .T. ) ;
#11284 = ORIENTED_EDGE ( 'NONE', *, *, #12009, .T. ) ;
#11285 = STYLED_ITEM ( 'NONE', ( #7686 ), #7759 ) ;
#11286 = COLOUR_RGB ( '',1.000000000000000000, 1.000000000000000000, 1.000000000000000000 ) ;
#11287 = LINE ( 'NONE', #5643, #9781 ) ;
#11288 = STYLED_ITEM ( 'NONE', ( #4496 ), #1337 ) ;
#11289 = CARTESIAN_POINT ( 'NONE',  ( 1.042252415736626636, 1.159202843469491429, 0.6999999999999999556 ) ) ;
#11290 = PRESENTATION_STYLE_ASSIGNMENT (( #2496 ) ) ;
#11291 = CARTESIAN_POINT ( 'NONE',  ( 2.041771992302835237, 1.132975313202283063, 0.7010000000000000675 ) ) ;
#11292 = DIRECTION ( 'NONE',  ( -0.0000000000000000000, 1.000000000000000000, -0.0000000000000000000 ) ) ;
#11293 = LINE ( 'NONE', #11418, #9579 ) ;
#11294 =( GEOMETRIC_REPRESENTATION_CONTEXT ( 3 ) GLOBAL_UNCERTAINTY_ASSIGNED_CONTEXT ( ( #420 ) ) GLOBAL_UNIT_ASSIGNED_CONTEXT ( ( #997, #1887, #49 ) ) REPRESENTATION_CONTEXT ( 'NONE', 'WORKASPACE' ) );
#11295 = CARTESIAN_POINT ( 'NONE',  ( 2.015861225028352965, 1.482749876251948873, 0.6999999999999999556 ) ) ;
#11296 = CARTESIAN_POINT ( 'NONE',  ( -0.3999999999999988565, -1.700000000000000178, 0.0000000000000000000 ) ) ;
#11297 = VECTOR ( 'NONE', #594, 1000.000000000000000 ) ;
#11298 = CARTESIAN_POINT ( 'NONE',  ( 2.628652950588699966, 1.105941607377797675, 0.7010000000000000675 ) ) ;
#11299 = FACE_OUTER_BOUND ( 'NONE', #9888, .T. ) ;
#11300 = UNCERTAINTY_MEASURE_WITH_UNIT (LENGTH_MEASURE( 1.000000000000000082E-05 ), #5980, 'distance_accuracy_value', 'NONE');
#11301 = PRESENTATION_LAYER_ASSIGNMENT (  '', '', ( #3559 ) ) ;
#11302 =( GEOMETRIC_REPRESENTATION_CONTEXT ( 3 ) GLOBAL_UNCERTAINTY_ASSIGNED_CONTEXT ( ( #7172 ) ) GLOBAL_UNIT_ASSIGNED_CONTEXT ( ( #2896, #1986, #1918 ) ) REPRESENTATION_CONTEXT ( 'NONE', 'WORKASPACE' ) );
#11303 = CARTESIAN_POINT ( 'NONE',  ( 2.153899485998765240, 1.024175044838656401, 0.6999999999999999556 ) ) ;
#11304 = VERTEX_POINT ( 'NONE', #7391 ) ;
#11305 = ORIENTED_EDGE ( 'NONE', *, *, #12146, .F. ) ;
#11307 = PLANE ( 'NONE',  #7487 ) ;
#11306 = VECTOR ( 'NONE', #8661, 1000.000000000000000 ) ;
#11308 = PRESENTATION_STYLE_ASSIGNMENT (( #12158 ) ) ;
#11309 = PRESENTATION_LAYER_ASSIGNMENT (  '', '', ( #10694 ) ) ;
#11310 = EDGE_CURVE ( 'NONE', #240, #3709, #1330, .T. ) ;
#11311 = FACE_BOUND ( 'NONE', #3048, .T. ) ;
#11312 = CARTESIAN_POINT ( 'NONE',  ( 1.926234092641942786, 1.399070159146746706, 0.7010000000000000675 ) ) ;
#11313 = LINE ( 'NONE', #8576, #11933 ) ;
#11314 = DIRECTION ( 'NONE',  ( 0.0000000000000000000, -0.0000000000000000000, -1.000000000000000000 ) ) ;
#11315 = DIRECTION ( 'NONE',  ( -0.3667976789509234670, -0.9303007377811840506, 0.0000000000000000000 ) ) ;
#11316 = VERTEX_POINT ( 'NONE', #7144 ) ;
#11317 = STYLED_ITEM ( 'NONE', ( #7704 ), #10819 ) ;
#11318 = CARTESIAN_POINT ( 'NONE',  ( 2.070718852693380629, 1.112512877409197243, 0.6999999999999999556 ) ) ;
#11319 = EDGE_LOOP ( 'NONE', ( #3147, #4506, #11574, #10855 ) ) ;
#11320 = EDGE_CURVE ( 'NONE', #3812, #9705, #7861, .T. ) ;
#11321 = SURFACE_STYLE_USAGE ( .BOTH. , #9572 ) ;
#11322 = ORIENTED_EDGE ( 'NONE', *, *, #7953, .F. ) ;
#11323 = VERTEX_POINT ( 'NONE', #4468 ) ;
#11324 = CARTESIAN_POINT ( 'NONE',  ( 1.832739060806250597, 1.205425644811862096, 0.7010000000000000675 ) ) ;
#11325 =( LENGTH_UNIT ( ) NAMED_UNIT ( * ) SI_UNIT ( .MILLI., .METRE. ) );
#11326 = CARTESIAN_POINT ( 'NONE',  ( 1.307157238909066876, 1.100206562497149543, 0.6999999999999999556 ) ) ;
#11327 = MECHANICAL_DESIGN_GEOMETRIC_PRESENTATION_REPRESENTATION (  '', ( #8329 ), #5909 ) ;
#11328 = ADVANCED_FACE ( 'NONE', ( #10956, #4529 ), #9229, .T. ) ;
#11329 = ORIENTED_EDGE ( 'NONE', *, *, #378, .F. ) ;
#11330 = ADVANCED_FACE ( 'NONE', ( #11855 ), #5245, .F. ) ;
#11331 = CARTESIAN_POINT ( 'NONE',  ( 1.957302059181020848, 1.130479894203750391, 0.7010000000000000675 ) ) ;
#11332 = LINE ( 'NONE', #2775, #10095 ) ;
#11333 = FILL_AREA_STYLE_COLOUR ( '', #129 ) ;
#11334 = CARTESIAN_POINT ( 'NONE',  ( 2.472148589025581433, 1.216987752840328563, 0.7010000000000000675 ) ) ;
#11335 = CARTESIAN_POINT ( 'NONE',  ( 1.980966949356598450, 1.316804512807233207, 0.7010000000000000675 ) ) ;
#11336 = ORIENTED_EDGE ( 'NONE', *, *, #2110, .F. ) ;
#11337 = FACE_OUTER_BOUND ( 'NONE', #2653, .T. ) ;
#11338 = UNCERTAINTY_MEASURE_WITH_UNIT (LENGTH_MEASURE( 1.000000000000000082E-05 ), #4334, 'distance_accuracy_value', 'NONE');
#11339 = DIRECTION ( 'NONE',  ( -0.0000000000000000000, 1.000000000000000000, -0.0000000000000000000 ) ) ;
#11340 = ORIENTED_EDGE ( 'NONE', *, *, #5644, .F. ) ;
#11341 = VECTOR ( 'NONE', #8622, 1000.000000000000114 ) ;
#11342 = ORIENTED_EDGE ( 'NONE', *, *, #5886, .T. ) ;
#11343 = PRESENTATION_STYLE_ASSIGNMENT (( #8546 ) ) ;
#11344 = ADVANCED_FACE ( 'NONE', ( #501 ), #1213, .F. ) ;
#11345 = CARTESIAN_POINT ( 'NONE',  ( 2.341513404418675393, 1.319549473706508769, 0.6999999999999999556 ) ) ;
#11346 = CARTESIAN_POINT ( 'NONE',  ( 1.190321471113391594, 1.053934884783088721, 0.7010000000000000675 ) ) ;
#11347 = ORIENTED_EDGE ( 'NONE', *, *, #1836, .T. ) ;
#11348 =( LENGTH_UNIT ( ) NAMED_UNIT ( * ) SI_UNIT ( .MILLI., .METRE. ) );
#11349 = PRESENTATION_LAYER_ASSIGNMENT (  '', '', ( #4359 ) ) ;
#11350 = CARTESIAN_POINT ( 'NONE',  ( 1.140579499207267089, 0.9845275888515911955, 0.6999999999999999556 ) ) ;
#11351 =( NAMED_UNIT ( * ) SI_UNIT ( $, .STERADIAN. ) SOLID_ANGLE_UNIT ( ) );
#11352 = ORIENTED_EDGE ( 'NONE', *, *, #8999, .F. ) ;
#11353 = FILL_AREA_STYLE_COLOUR ( '', #12104 ) ;
#11354 = CARTESIAN_POINT ( 'NONE',  ( -1.099999999999998535, -1.700000000000000178, 0.0000000000000000000 ) ) ;
#11355 = CARTESIAN_POINT ( 'NONE',  ( 2.451644562914782721, 1.224141287305309023, 0.6999999999999999556 ) ) ;
#11356 = EDGE_CURVE ( 'NONE', #3045, #506, #10738, .T. ) ;
#11357 = LINE ( 'NONE', #4797, #5889 ) ;
#11358 = CARTESIAN_POINT ( 'NONE',  ( 0.4000000000000014655, 1.700000000000000622, -0.1000000000000000056 ) ) ;
#11359 = DIRECTION ( 'NONE',  ( 0.0000000000000000000, -0.0000000000000000000, 1.000000000000000000 ) ) ;
#11360 = DIRECTION ( 'NONE',  ( -1.275531967630004752E-16, -1.000000000000000000, -0.0000000000000000000 ) ) ;
#11361 =( LENGTH_UNIT ( ) NAMED_UNIT ( * ) SI_UNIT ( .MILLI., .METRE. ) );
#11362 = B_SPLINE_SURFACE_WITH_KNOTS ( 'NONE', 3, 1, ( 
 ( #2013, #10351 ),
 ( #7665, #8490 ),
 ( #5711, #8558 ),
 ( #11467, #9551 ) ),
 .UNSPECIFIED., .F., .F., .F.,
 ( 4, 4 ),
 ( 2, 2 ),
 ( 3.000000000000000000, 4.000000000000000000 ),
 ( 0.0000000000000000000, 1.000000000000000000 ),
 .UNSPECIFIED. ) ;
#11363 = CARTESIAN_POINT ( 'NONE',  ( 1.904191224815638073, 1.424024349137641199, 0.7010000000000000675 ) ) ;
#11364 = COLOUR_RGB ( '',1.000000000000000000, 1.000000000000000000, 1.000000000000000000 ) ;
#11365 = DIRECTION ( 'NONE',  ( 0.0000000000000000000, 1.000000000000000000, -0.0000000000000000000 ) ) ;
#11366 = CARTESIAN_POINT ( 'NONE',  ( 2.144583255068088334, 1.024175044838656401, 0.7010000000000000675 ) ) ;
#11367 = ORIENTED_EDGE ( 'NONE', *, *, #1438, .T. ) ;
#11368 = ORIENTED_EDGE ( 'NONE', *, *, #6503, .F. ) ;
#11369 = CARTESIAN_POINT ( 'NONE',  ( 2.545264365699737130, 1.061439968560242475, 0.7010000000000000675 ) ) ;
#11370 = CARTESIAN_POINT ( 'NONE',  ( -2.949999999999998845, -1.700000000000000178, 0.0000000000000000000 ) ) ;
#11371 = DIRECTION ( 'NONE',  ( -0.0000000000000000000, -0.0000000000000000000, -1.000000000000000000 ) ) ;
#11372 = PRESENTATION_STYLE_ASSIGNMENT (( #8455 ) ) ;
#11373 = COLOUR_RGB ( '',1.000000000000000000, 1.000000000000000000, 1.000000000000000000 ) ;
#11374 = LINE ( 'NONE', #12363, #4966 ) ;
#11375 = MECHANICAL_DESIGN_GEOMETRIC_PRESENTATION_REPRESENTATION (  '', ( #1622 ), #5385 ) ;
#11376 = VERTEX_POINT ( 'NONE', #11737 ) ;
#11377 = FACE_OUTER_BOUND ( 'NONE', #1822, .T. ) ;
#11378 = ORIENTED_EDGE ( 'NONE', *, *, #170, .T. ) ;
#11379 =( GEOMETRIC_REPRESENTATION_CONTEXT ( 3 ) GLOBAL_UNCERTAINTY_ASSIGNED_CONTEXT ( ( #1305 ) ) GLOBAL_UNIT_ASSIGNED_CONTEXT ( ( #2483, #605, #11397 ) ) REPRESENTATION_CONTEXT ( 'NONE', 'WORKASPACE' ) );
#11380 = ORIENTED_EDGE ( 'NONE', *, *, #8039, .T. ) ;
#11381 = ORIENTED_EDGE ( 'NONE', *, *, #418, .T. ) ;
#11382 = B_SPLINE_CURVE_WITH_KNOTS ( 'NONE', 3,
 ( #12197, #867, #3629, #10406 ),
 .UNSPECIFIED., .F., .F.,
 ( 4, 4 ),
 ( 23.00000000000000000, 24.00000000000000000 ),
 .UNSPECIFIED. ) ;
#11383 = VECTOR ( 'NONE', #7563, 1000.000000000000000 ) ;
#11384 = CARTESIAN_POINT ( 'NONE',  ( 2.146080506467544780, 1.319549473706508769, 0.7010000000000000675 ) ) ;
#11385 = CARTESIAN_POINT ( 'NONE',  ( 2.284742622188141059, 1.460707008425642162, 0.7010000000000000675 ) ) ;
#11386 = EDGE_CURVE ( 'NONE', #2759, #962, #4157, .T. ) ;
#11387 = CARTESIAN_POINT ( 'NONE',  ( 2.473562659791269436, 1.096958098981078544, 0.7010000000000000675 ) ) ;
#11388 = VERTEX_POINT ( 'NONE', #10723 ) ;
#11389 = CARTESIAN_POINT ( 'NONE',  ( 1.307157238909066876, 1.107147283265363047, 0.7010000000000000675 ) ) ;
#11390 = VECTOR ( 'NONE', #5396, 1000.000000000000000 ) ;
#11391 = DIRECTION ( 'NONE',  ( -0.0000000000000000000, -0.0000000000000000000, -1.000000000000000000 ) ) ;
#11392 = EDGE_LOOP ( 'NONE', ( #1079, #10857, #3940, #10943, #5149, #8506 ) ) ;
#11393 = EDGE_CURVE ( 'NONE', #3800, #7780, #2205, .T. ) ;
#11394 = COLOUR_RGB ( '',1.000000000000000000, 1.000000000000000000, 1.000000000000000000 ) ;
#11395 = ORIENTED_EDGE ( 'NONE', *, *, #4866, .F. ) ;
#11396 = VERTEX_POINT ( 'NONE', #1313 ) ;
#11397 =( NAMED_UNIT ( * ) SI_UNIT ( $, .STERADIAN. ) SOLID_ANGLE_UNIT ( ) );
#11398 = COLOUR_RGB ( '',1.000000000000000000, 1.000000000000000000, 1.000000000000000000 ) ;
#11399 = PRESENTATION_LAYER_ASSIGNMENT (  '', '', ( #8624 ) ) ;
#11400 = CARTESIAN_POINT ( 'NONE',  ( 2.380566711756506137, 1.224141287305309023, 0.7010000000000000675 ) ) ;
#11401 = CARTESIAN_POINT ( 'NONE',  ( 1.307157238909066876, 1.111774459862482134, 0.7010000000000000675 ) ) ;
#11402 = ORIENTED_EDGE ( 'NONE', *, *, #5296, .F. ) ;
#11403 = CARTESIAN_POINT ( 'NONE',  ( 2.128820525056945190, 1.177643313287374705, 0.6999999999999999556 ) ) ;
#11404 =( NAMED_UNIT ( * ) PLANE_ANGLE_UNIT ( ) SI_UNIT ( $, .RADIAN. ) );
#11405 = B_SPLINE_CURVE_WITH_KNOTS ( 'NONE', 3,
 ( #3208, #4999, #3331, #6989 ),
 .UNSPECIFIED., .F., .F.,
 ( 4, 4 ),
 ( 1.000000000000000000, 2.000000000000000000 ),
 .UNSPECIFIED. ) ;
#11406 = ORIENTED_EDGE ( 'NONE', *, *, #11476, .T. ) ;
#11407 = VECTOR ( 'NONE', #3716, 1000.000000000000000 ) ;
#11408 = FILL_AREA_STYLE_COLOUR ( '', #8757 ) ;
#11409 = EDGE_CURVE ( 'NONE', #5434, #8690, #8644, .T. ) ;
#11410 = CARTESIAN_POINT ( 'NONE',  ( 2.257459374462916557, 1.458461131326739046, 0.6999999999999999556 ) ) ;
#11411 = EDGE_CURVE ( 'NONE', #4656, #1149, #6854, .T. ) ;
#11412 = AXIS2_PLACEMENT_3D ( 'NONE', #8790, #3096, #9838 ) ;
#11413 = CARTESIAN_POINT ( 'NONE',  ( 2.174403512108454173, 1.061689510459877583, 0.6999999999999999556 ) ) ;
#11414 = FILL_AREA_STYLE_COLOUR ( '', #2531 ) ;
#11415 = CARTESIAN_POINT ( 'NONE',  ( 1.968198722144361756, 1.163752147525683123, 0.6999999999999999556 ) ) ;
#11416 = CARTESIAN_POINT ( 'NONE',  ( 2.039858837736773456, 1.146284214531503753, 0.7010000000000000675 ) ) ;
#11417 = CARTESIAN_POINT ( 'NONE',  ( 1.890923913803576051, 1.134722106501922845, 0.6999999999999999556 ) ) ;
#11418 = CARTESIAN_POINT ( 'NONE',  ( 1.991738841369566249, 1.135304370935510176, 0.7010000000000000675 ) ) ;
#11419 = FILL_AREA_STYLE_COLOUR ( '', #10267 ) ;
#11420 = VECTOR ( 'NONE', #1895, 1000.000000000000000 ) ;
#11421 = DIRECTION ( 'NONE',  ( 1.000000000000000000, -0.0000000000000000000, -0.0000000000000000000 ) ) ;
#11422 =( NAMED_UNIT ( * ) SI_UNIT ( $, .STERADIAN. ) SOLID_ANGLE_UNIT ( ) );
#11423 = LINE ( 'NONE', #178, #7911 ) ;
#11424 = SURFACE_STYLE_USAGE ( .BOTH. , #10137 ) ;
#11425 = EDGE_CURVE ( 'NONE', #6497, #9038, #3970, .T. ) ;
#11426 = UNCERTAINTY_MEASURE_WITH_UNIT (LENGTH_MEASURE( 1.000000000000000082E-05 ), #3489, 'distance_accuracy_value', 'NONE');
#11427 = FILL_AREA_STYLE ('',( #880 ) ) ;
#11428 = VERTEX_POINT ( 'NONE', #2149 ) ;
#11429 = CARTESIAN_POINT ( 'NONE',  ( 2.504838577913932607, 1.188207253717312284, 0.6999999999999999556 ) ) ;
#11430 = CARTESIAN_POINT ( 'NONE',  ( 2.111394182379369155, 1.112263335509567685, 0.6999999999999999556 ) ) ;
#11431 = DIRECTION ( 'NONE',  ( 0.0000000000000000000, 0.0000000000000000000, 1.000000000000000000 ) ) ;
#11432 = CARTESIAN_POINT ( 'NONE',  ( 1.191478287326965146, 1.217042330292825936, 0.7010000000000000675 ) ) ;
#11433 = CARTESIAN_POINT ( 'NONE',  ( 2.081449154389739764, 1.108520207010653236, 0.7010000000000000675 ) ) ;
#11434 = ORIENTED_EDGE ( 'NONE', *, *, #3191, .F. ) ;
#11435 = ORIENTED_EDGE ( 'NONE', *, *, #4162, .F. ) ;
#11436 = ORIENTED_EDGE ( 'NONE', *, *, #4030, .T. ) ;
#11437 = CARTESIAN_POINT ( 'NONE',  ( 2.095007597618034456, 1.180305093553438711, 0.7010000000000000675 ) ) ;
#11438 = PLANE ( 'NONE',  #6184 ) ;
#11439 = ORIENTED_EDGE ( 'NONE', *, *, #1490, .F. ) ;
#11440 = PLANE ( 'NONE',  #5876 ) ;
#11441 = CARTESIAN_POINT ( 'NONE',  ( 2.284742622188141059, 1.342340967231710813, 0.7010000000000000675 ) ) ;
#11442 = SURFACE_STYLE_FILL_AREA ( #3157 ) ;
#11443 = ORIENTED_EDGE ( 'NONE', *, *, #12079, .T. ) ;
#11444 = CARTESIAN_POINT ( 'NONE',  ( 2.112641891879190492, 1.175147894287726480, 0.7010000000000000675 ) ) ;
#11445 = UNCERTAINTY_MEASURE_WITH_UNIT (LENGTH_MEASURE( 1.000000000000000082E-05 ), #10827, 'distance_accuracy_value', 'NONE');
#11446 = CARTESIAN_POINT ( 'NONE',  ( 1.191478265262949865, 0.9845275888515911955, 0.7010000000000000675 ) ) ;
#11447 = ORIENTED_EDGE ( 'NONE', *, *, #1342, .T. ) ;
#11448 = DIRECTION ( 'NONE',  ( -1.000000000000000000, 0.0000000000000000000, -0.0000000000000000000 ) ) ;
#11449 = B_SPLINE_CURVE_WITH_KNOTS ( 'NONE', 3,
 ( #11602, #4129, #1694, #5414 ),
 .UNSPECIFIED., .F., .F.,
 ( 4, 4 ),
 ( 4.000000000000000000, 5.000000000000000000 ),
 .UNSPECIFIED. ) ;
#11450 = CARTESIAN_POINT ( 'NONE',  ( 1.941580919486481038, 1.159010851427137112, 0.6999999999999999556 ) ) ;
#11451 = UNCERTAINTY_MEASURE_WITH_UNIT (LENGTH_MEASURE( 1.000000000000000082E-05 ), #7304, 'distance_accuracy_value', 'NONE');
#11452 = EDGE_CURVE ( 'NONE', #3791, #12061, #10603, .T. ) ;
#11453 = ORIENTED_EDGE ( 'NONE', *, *, #11062, .F. ) ;
#11454 = FILL_AREA_STYLE ('',( #9597 ) ) ;
#11455 = VERTEX_POINT ( 'NONE', #9863 ) ;
#11456 = SURFACE_STYLE_USAGE ( .BOTH. , #7654 ) ;
#11457 = FILL_AREA_STYLE ('',( #12254 ) ) ;
#11458 = CARTESIAN_POINT ( 'NONE',  ( 2.268397627743416578, 1.475097257987704857, 0.7010000000000000675 ) ) ;
#11459 = B_SPLINE_SURFACE_WITH_KNOTS ( 'NONE', 3, 1, ( 
 ( #3187, #2367 ),
 ( #11890, #2554 ),
 ( #3441, #1489 ),
 ( #3567, #6374 ) ),
 .UNSPECIFIED., .F., .F., .F.,
 ( 4, 4 ),
 ( 2, 2 ),
 ( 4.000000000000000000, 5.000000000000000000 ),
 ( 0.0000000000000000000, 1.000000000000000000 ),
 .UNSPECIFIED. ) ;
#11460 = ADVANCED_FACE ( 'NONE', ( #1138 ), #2886, .F. ) ;
#11461 = COLOUR_RGB ( '',1.000000000000000000, 1.000000000000000000, 1.000000000000000000 ) ;
#11462 = VECTOR ( 'NONE', #4547, 1000.000000000000000 ) ;
#11463 = FACE_OUTER_BOUND ( 'NONE', #8394, .T. ) ;
#11464 = EDGE_LOOP ( 'NONE', ( #8620, #2006, #11305, #966 ) ) ;
#11465 = DIRECTION ( 'NONE',  ( -1.000000000000000000, 0.0000000000000000000, 0.0000000000000000000 ) ) ;
#11466 = ORIENTED_EDGE ( 'NONE', *, *, #6902, .F. ) ;
#11467 = CARTESIAN_POINT ( 'NONE',  ( 2.490947412151131246, 1.144287879332228863, 0.7010000000000000675 ) ) ;
#11468 = CARTESIAN_POINT ( 'NONE',  ( 2.045639891751560580, 1.127901294570894830, 0.7010000000000000675 ) ) ;
#11469 = COLOUR_RGB ( '',1.000000000000000000, 1.000000000000000000, 1.000000000000000000 ) ;
#11470 = PRESENTATION_LAYER_ASSIGNMENT (  '', '', ( #10458 ) ) ;
#11471 = DIRECTION ( 'NONE',  ( 0.0000000000000000000, -0.0000000000000000000, 1.000000000000000000 ) ) ;
#11472 = FACE_OUTER_BOUND ( 'NONE', #8606, .T. ) ;
#11473 = DIRECTION ( 'NONE',  ( -0.0000000000000000000, -0.0000000000000000000, -1.000000000000000000 ) ) ;
#11474 = EDGE_CURVE ( 'NONE', #6524, #3281, #411, .T. ) ;
#11475 = LINE ( 'NONE', #11233, #2534 ) ;
#11476 = EDGE_CURVE ( 'NONE', #8739, #4521, #6350, .T. ) ;
#11477 = CARTESIAN_POINT ( 'NONE',  ( 1.471421346183718004, 1.131439850079904774, 0.7010000000000000675 ) ) ;
#11478 = EDGE_CURVE ( 'NONE', #10755, #68, #2978, .T. ) ;
#11479 = MECHANICAL_DESIGN_GEOMETRIC_PRESENTATION_REPRESENTATION (  '', ( #8707 ), #6660 ) ;
#11480 =( GEOMETRIC_REPRESENTATION_CONTEXT ( 3 ) GLOBAL_UNCERTAINTY_ASSIGNED_CONTEXT ( ( #5176 ) ) GLOBAL_UNIT_ASSIGNED_CONTEXT ( ( #8223, #852, #1739 ) ) REPRESENTATION_CONTEXT ( 'NONE', 'WORKASPACE' ) );
#11481 =( NAMED_UNIT ( * ) SI_UNIT ( $, .STERADIAN. ) SOLID_ANGLE_UNIT ( ) );
#11482 = CARTESIAN_POINT ( 'NONE',  ( 2.390007713635883491, 1.456547976760678154, 0.6999999999999999556 ) ) ;
#11483 = COLOUR_RGB ( '',1.000000000000000000, 1.000000000000000000, 1.000000000000000000 ) ;
#11484 = PLANE ( 'NONE',  #4308 ) ;
#11485 = LINE ( 'NONE', #7621, #2584 ) ;
#11486 =( GEOMETRIC_REPRESENTATION_CONTEXT ( 3 ) GLOBAL_UNCERTAINTY_ASSIGNED_CONTEXT ( ( #1865 ) ) GLOBAL_UNIT_ASSIGNED_CONTEXT ( ( #504, #2460, #11920 ) ) REPRESENTATION_CONTEXT ( 'NONE', 'WORKASPACE' ) );
#11487 = STYLED_ITEM ( 'NONE', ( #10126 ), #1307 ) ;
#11488 = SURFACE_SIDE_STYLE ('',( #1250 ) ) ;
#11489 = STYLED_ITEM ( 'NONE', ( #1397 ), #679 ) ;
#11490 = FILL_AREA_STYLE ('',( #8638 ) ) ;
#11491 = ORIENTED_EDGE ( 'NONE', *, *, #2145, .F. ) ;
#11492 = FILL_AREA_STYLE_COLOUR ( '', #8912 ) ;
#11493 = COLOUR_RGB ( '',1.000000000000000000, 1.000000000000000000, 1.000000000000000000 ) ;
#11494 = LINE ( 'NONE', #10544, #8509 ) ;
#11495 = EDGE_CURVE ( 'NONE', #7657, #10434, #11449, .T. ) ;
#11496 = DIRECTION ( 'NONE',  ( 0.0000000000000000000, 0.0000000000000000000, 1.000000000000000000 ) ) ;
#11497 = MECHANICAL_DESIGN_GEOMETRIC_PRESENTATION_REPRESENTATION (  '', ( #2925 ), #11294 ) ;
#11498 = FILL_AREA_STYLE ('',( #8579 ) ) ;
#11499 = STYLED_ITEM ( 'NONE', ( #2864 ), #3918 ) ;
#11500 = LINE ( 'NONE', #11553, #2574 ) ;
#11501 = VECTOR ( 'NONE', #5560, 1000.000000000000000 ) ;
#11502 = UNCERTAINTY_MEASURE_WITH_UNIT (LENGTH_MEASURE( 1.000000000000000082E-05 ), #2357, 'distance_accuracy_value', 'NONE');
#11503 = VERTEX_POINT ( 'NONE', #187 ) ;
#11504 = LINE ( 'NONE', #8650, #3020 ) ;
#11505 = STYLED_ITEM ( 'NONE', ( #10802 ), #1277 ) ;
#11506 = ORIENTED_EDGE ( 'NONE', *, *, #7263, .F. ) ;
#11507 = DIRECTION ( 'NONE',  ( -0.3385350343141467211, -0.9409537876760576403, 0.0000000000000000000 ) ) ;
#11508 = EDGE_LOOP ( 'NONE', ( #398, #7048, #8143, #11402, #5423, #10686, #11329, #1418, #10390, #10010, #2272, #10667, #3605, #8062, #11146, #8898, #4955, #2404, #10808, #5582, #2966 ) ) ;
#11509 = FILL_AREA_STYLE ('',( #841 ) ) ;
#11510 = CARTESIAN_POINT ( 'NONE',  ( 2.584026540820218099, 1.224141287305309023, 0.7010000000000000675 ) ) ;
#11511 = MECHANICAL_DESIGN_GEOMETRIC_PRESENTATION_REPRESENTATION (  '', ( #6095 ), #12090 ) ;
#11512 = DIRECTION ( 'NONE',  ( -1.000000000000000000, -0.0000000000000000000, -0.0000000000000000000 ) ) ;
#11513 = ORIENTED_EDGE ( 'NONE', *, *, #3248, .T. ) ;
#11514 = SURFACE_STYLE_USAGE ( .BOTH. , #5689 ) ;
#11515 = ORIENTED_EDGE ( 'NONE', *, *, #5228, .T. ) ;
#11516 = PLANE ( 'NONE',  #9298 ) ;
#11517 = B_SPLINE_CURVE_WITH_KNOTS ( 'NONE', 3,
 ( #1848, #7497, #1969, #1140 ),
 .UNSPECIFIED., .F., .F.,
 ( 4, 4 ),
 ( 18.00000000000000000, 19.00000000000000000 ),
 .UNSPECIFIED. ) ;
#11518 = COLOUR_RGB ( '',1.000000000000000000, 1.000000000000000000, 1.000000000000000000 ) ;
#11519 = VERTEX_POINT ( 'NONE', #1444 ) ;
#11520 = COLOUR_RGB ( '',1.000000000000000000, 1.000000000000000000, 1.000000000000000000 ) ;
#11521 =( LENGTH_UNIT ( ) NAMED_UNIT ( * ) SI_UNIT ( .MILLI., .METRE. ) );
#11522 = ORIENTED_EDGE ( 'NONE', *, *, #655, .T. ) ;
#11523 = CARTESIAN_POINT ( 'NONE',  ( 1.501497905808405031, 1.465752062954798651, 0.6999999999999999556 ) ) ;
#11524 = CARTESIAN_POINT ( 'NONE',  ( 2.176815750474334177, 1.482250792451576649, 0.6999999999999999556 ) ) ;
#11525 = CARTESIAN_POINT ( 'NONE',  ( 1.013332672324957384, 1.247118867853497681, 0.7010000000000000675 ) ) ;
#11526 = LINE ( 'NONE', #2988, #130 ) ;
#11527 = VERTEX_POINT ( 'NONE', #4363 ) ;
#11528 = VECTOR ( 'NONE', #9980, 1000.000000000000000 ) ;
#11529 = DIRECTION ( 'NONE',  ( 0.0000000000000000000, 0.0000000000000000000, 1.000000000000000000 ) ) ;
#11530 = SURFACE_SIDE_STYLE ('',( #9944 ) ) ;
#11531 = EDGE_LOOP ( 'NONE', ( #6955, #9654, #4394, #11784 ) ) ;
#11532 =( LENGTH_UNIT ( ) NAMED_UNIT ( * ) SI_UNIT ( .MILLI., .METRE. ) );
#11533 = FILL_AREA_STYLE ('',( #167 ) ) ;
#11534 = EDGE_CURVE ( 'NONE', #4629, #6940, #6978, .T. ) ;
#11535 = DIRECTION ( 'NONE',  ( 0.3658589216693576840, -0.9306703226357520009, -0.0000000000000000000 ) ) ;
#11536 = VECTOR ( 'NONE', #3074, 1000.000000000000000 ) ;
#11537 = FILL_AREA_STYLE ('',( #5647 ) ) ;
#11538 = CARTESIAN_POINT ( 'NONE',  ( 2.106819247547798923, 1.117420534774164587, 0.7010000000000000675 ) ) ;
#11539 = PRESENTATION_STYLE_ASSIGNMENT (( #1061 ) ) ;
#11540 = CARTESIAN_POINT ( 'NONE',  ( 2.425317892474804449, 1.061439968560242697, 0.7010000000000000675 ) ) ;
#11541 = EDGE_CURVE ( 'NONE', #7190, #4463, #7572, .T. ) ;
#11542 = VERTEX_POINT ( 'NONE', #619 ) ;
#11543 = SURFACE_STYLE_USAGE ( .BOTH. , #6721 ) ;
#11544 = DIRECTION ( 'NONE',  ( -0.0000000000000000000, -0.0000000000000000000, -1.000000000000000000 ) ) ;
#11545 = EDGE_CURVE ( 'NONE', #5180, #7162, #2567, .T. ) ;
#11546 = ORIENTED_EDGE ( 'NONE', *, *, #10628, .F. ) ;
#11547 = FILL_AREA_STYLE_COLOUR ( '', #12266 ) ;
#11548 = SURFACE_SIDE_STYLE ('',( #7748 ) ) ;
#11549 = CARTESIAN_POINT ( 'NONE',  ( 2.098085281050710016, 1.122494553405553042, 0.6999999999999999556 ) ) ;
#11550 = CARTESIAN_POINT ( 'NONE',  ( 1.991738841369566249, 1.108603387643867011, 0.7010000000000000675 ) ) ;
#11551 = VECTOR ( 'NONE', #4240, 1000.000000000000000 ) ;
#11552 = FACE_OUTER_BOUND ( 'NONE', #88, .T. ) ;
#11553 = CARTESIAN_POINT ( 'NONE',  ( 2.058574480230774828, 1.482250792451576649, 0.6999999999999999556 ) ) ;
#11555 = UNCERTAINTY_MEASURE_WITH_UNIT (LENGTH_MEASURE( 1.000000000000000082E-05 ), #1624, 'distance_accuracy_value', 'NONE');
#11554 = B_SPLINE_CURVE_WITH_KNOTS ( 'NONE', 3,
 ( #9222, #1536, #1670, #1606 ),
 .UNSPECIFIED., .F., .F.,
 ( 4, 4 ),
 ( 7.000000000000000000, 8.000000000000000000 ),
 .UNSPECIFIED. ) ;
#11556 = ADVANCED_FACE ( 'NONE', ( #11839 ), #4672, .F. ) ;
#11557 = LINE ( 'NONE', #9514, #2056 ) ;
#11558 = ORIENTED_EDGE ( 'NONE', *, *, #10480, .F. ) ;
#11559 = LINE ( 'NONE', #6807, #9883 ) ;
#11560 = ORIENTED_EDGE ( 'NONE', *, *, #11157, .T. ) ;
#11561 = DIRECTION ( 'NONE',  ( 1.000000000000000000, -0.0000000000000000000, -0.0000000000000000000 ) ) ;
#11562 = DIRECTION ( 'NONE',  ( -0.0000000000000000000, 1.000000000000000000, -0.0000000000000000000 ) ) ;
#11563 = CARTESIAN_POINT ( 'NONE',  ( 2.596794768033564349, 1.194196259315126962, 0.6999999999999999556 ) ) ;
#11564 = CARTESIAN_POINT ( 'NONE',  ( 2.309280909012984662, 1.402979648912079158, 0.6999999999999999556 ) ) ;
#11565 = ORIENTED_EDGE ( 'NONE', *, *, #1251, .F. ) ;
#11566 = CARTESIAN_POINT ( 'NONE',  ( 1.890923913803576051, 1.134722106501922845, 0.7010000000000000675 ) ) ;
#11567 = ORIENTED_EDGE ( 'NONE', *, *, #567, .T. ) ;
#11568 = STYLED_ITEM ( 'NONE', ( #10341 ), #1888 ) ;
#11569 = EDGE_CURVE ( 'NONE', #6332, #11925, #1480, .T. ) ;
#11570 = DIRECTION ( 'NONE',  ( -0.0000000000000000000, -0.0000000000000000000, -1.000000000000000000 ) ) ;
#11571 = UNCERTAINTY_MEASURE_WITH_UNIT (LENGTH_MEASURE( 1.000000000000000082E-05 ), #10378, 'distance_accuracy_value', 'NONE');
#11572 = ORIENTED_EDGE ( 'NONE', *, *, #4002, .F. ) ;
#11573 = PRESENTATION_LAYER_ASSIGNMENT (  '', '', ( #4410 ) ) ;
#11574 = ORIENTED_EDGE ( 'NONE', *, *, #7407, .F. ) ;
#11575 = ORIENTED_EDGE ( 'NONE', *, *, #8106, .T. ) ;
#11576 = CARTESIAN_POINT ( 'NONE',  ( 2.039858837736773456, 1.146284214531503753, 0.7010000000000000675 ) ) ;
#11577 = STYLED_ITEM ( 'NONE', ( #6693 ), #1901 ) ;
#11578 =( LENGTH_UNIT ( ) NAMED_UNIT ( * ) SI_UNIT ( .MILLI., .METRE. ) );
#11579 = ORIENTED_EDGE ( 'NONE', *, *, #4385, .F. ) ;
#11580 = CARTESIAN_POINT ( 'NONE',  ( 1.928729511641029903, 1.067844877324111152, 0.6999999999999999556 ) ) ;
#11581 = COLOUR_RGB ( '',1.000000000000000000, 1.000000000000000000, 1.000000000000000000 ) ;
#11582 = FACE_OUTER_BOUND ( 'NONE', #4427, .T. ) ;
#11583 =( NAMED_UNIT ( * ) SI_UNIT ( $, .STERADIAN. ) SOLID_ANGLE_UNIT ( ) );
#11584 = EDGE_LOOP ( 'NONE', ( #826, #4275, #1921, #264 ) ) ;
#11585 = SURFACE_STYLE_FILL_AREA ( #10639 ) ;
#11586 =( LENGTH_UNIT ( ) NAMED_UNIT ( * ) SI_UNIT ( .MILLI., .METRE. ) );
#11587 =( NAMED_UNIT ( * ) SI_UNIT ( $, .STERADIAN. ) SOLID_ANGLE_UNIT ( ) );
#11588 = CARTESIAN_POINT ( 'NONE',  ( 1.293275775309741249, 1.525905132560692490, 0.6999999999999999556 ) ) ;
#11589 =( LENGTH_UNIT ( ) NAMED_UNIT ( * ) SI_UNIT ( .MILLI., .METRE. ) );
#11590 = CARTESIAN_POINT ( 'NONE',  ( 2.283328551422453057, 1.205425644811862096, 0.6999999999999999556 ) ) ;
#11591 =( NAMED_UNIT ( * ) PLANE_ANGLE_UNIT ( ) SI_UNIT ( $, .RADIAN. ) );
#11592 = DIRECTION ( 'NONE',  ( 0.3667976789509234670, 0.9303007377811840506, -0.0000000000000000000 ) ) ;
#11593 = VECTOR ( 'NONE', #6046, 1000.000000000000000 ) ;
#11594 = CARTESIAN_POINT ( 'NONE',  ( -2.741205712499112934, -1.613201107017512959, 0.5999999999999999778 ) ) ;
#11595 = PRESENTATION_STYLE_ASSIGNMENT (( #10474 ) ) ;
#11596 = FILL_AREA_STYLE_COLOUR ( '', #8432 ) ;
#11597 = VERTEX_POINT ( 'NONE', #9122 ) ;
#11598 = AXIS2_PLACEMENT_3D ( 'NONE', #9214, #5437, #8261 ) ;
#11599 = ADVANCED_FACE ( 'NONE', ( #12091 ), #7351, .F. ) ;
#11600 =( GEOMETRIC_REPRESENTATION_CONTEXT ( 3 ) GLOBAL_UNCERTAINTY_ASSIGNED_CONTEXT ( ( #3823 ) ) GLOBAL_UNIT_ASSIGNED_CONTEXT ( ( #2961, #9644, #7638 ) ) REPRESENTATION_CONTEXT ( 'NONE', 'WORKASPACE' ) );
#11601 = DIRECTION ( 'NONE',  ( -0.3409177962187308619, -0.9400931103999029537, -0.0000000000000000000 ) ) ;
#11602 = CARTESIAN_POINT ( 'NONE',  ( 1.960878826413513298, 1.075414314955142503, 0.6999999999999999556 ) ) ;
#11603 = CARTESIAN_POINT ( 'NONE',  ( 1.945324047985389271, 1.080654694852952069, 0.6999999999999999556 ) ) ;
#11604 = CARTESIAN_POINT ( 'NONE',  ( 1.991738841369566249, 1.099037614813560992, 0.6999999999999999556 ) ) ;
#11605 = EDGE_CURVE ( 'NONE', #8639, #8462, #12276, .T. ) ;
#11606 = FILL_AREA_STYLE_COLOUR ( '', #7490 ) ;
#11607 = ORIENTED_EDGE ( 'NONE', *, *, #5499, .F. ) ;
#11608 = LINE ( 'NONE', #8588, #24 ) ;
#11609 = ORIENTED_EDGE ( 'NONE', *, *, #4388, .F. ) ;
#11610 = CARTESIAN_POINT ( 'NONE',  ( 2.219237873460517374, 1.177643313287374705, 0.7010000000000000675 ) ) ;
#11611 = CARTESIAN_POINT ( 'NONE',  ( 2.490947412151131246, 1.144287879332228863, 0.7010000000000000675 ) ) ;
#11612 = EDGE_CURVE ( 'NONE', #4521, #10330, #7413, .T. ) ;
#11613 = UNCERTAINTY_MEASURE_WITH_UNIT (LENGTH_MEASURE( 1.000000000000000082E-05 ), #6583, 'distance_accuracy_value', 'NONE');
#11614 = LINE ( 'NONE', #3965, #8311 ) ;
#11615 = ORIENTED_EDGE ( 'NONE', *, *, #9940, .T. ) ;
#11616 = ADVANCED_FACE ( 'NONE', ( #2683 ), #7613, .F. ) ;
#11617 = CARTESIAN_POINT ( 'NONE',  ( 1.166028882235386144, 1.053934884783088721, 0.6999999999999999556 ) ) ;
#11618 = ORIENTED_EDGE ( 'NONE', *, *, #6968, .F. ) ;
#11619 =( NAMED_UNIT ( * ) PLANE_ANGLE_UNIT ( ) SI_UNIT ( $, .RADIAN. ) );
#11620 = DIRECTION ( 'NONE',  ( -1.000000000000000000, -0.0000000000000000000, -0.0000000000000000000 ) ) ;
#11621 = B_SPLINE_SURFACE_WITH_KNOTS ( 'NONE', 3, 1, ( 
 ( #9741, #8932 ),
 ( #10830, #6065 ),
 ( #5277, #6906 ),
 ( #6185, #9977 ) ),
 .UNSPECIFIED., .F., .F., .F.,
 ( 4, 4 ),
 ( 2, 2 ),
 ( 0.0000000000000000000, 1.000000000000000000 ),
 ( 0.0000000000000000000, 1.000000000000000000 ),
 .UNSPECIFIED. ) ;
#11622 = ORIENTED_EDGE ( 'NONE', *, *, #9130, .F. ) ;
#11623 = FILL_AREA_STYLE ('',( #9721 ) ) ;
#11624 = EDGE_LOOP ( 'NONE', ( #8346, #6474, #4372, #9175 ) ) ;
#11625 = DIRECTION ( 'NONE',  ( -0.0000000000000000000, -0.0000000000000000000, -1.000000000000000000 ) ) ;
#11626 = CARTESIAN_POINT ( 'NONE',  ( -2.909910007915382568, -1.613201107017512959, 0.6999999999999999556 ) ) ;
#11627 = B_SPLINE_CURVE_WITH_KNOTS ( 'NONE', 3,
 ( #4450, #7430, #6339, #4627 ),
 .UNSPECIFIED., .F., .F.,
 ( 4, 4 ),
 ( 24.00000000000000000, 25.00000000000000000 ),
 .UNSPECIFIED. ) ;
#11628 = EDGE_CURVE ( 'NONE', #3747, #6616, #1832, .T. ) ;
#11629 = DIRECTION ( 'NONE',  ( -1.000000000000000000, 0.0000000000000000000, 0.0000000000000000000 ) ) ;
#11630 = ORIENTED_EDGE ( 'NONE', *, *, #3055, .T. ) ;
#11631 = SURFACE_STYLE_FILL_AREA ( #222 ) ;
#11632 = CARTESIAN_POINT ( 'NONE',  ( 2.488493583469202353, 1.084231462085445408, 0.6999999999999999556 ) ) ;
#11633 = COLOUR_RGB ( '',1.000000000000000000, 1.000000000000000000, 1.000000000000000000 ) ;
#11634 = VERTEX_POINT ( 'NONE', #11417 ) ;
#11635 = CARTESIAN_POINT ( 'NONE',  ( 2.112641891879190492, 1.155350903561436215, 0.6999999999999999556 ) ) ;
#11636 =( NAMED_UNIT ( * ) PLANE_ANGLE_UNIT ( ) SI_UNIT ( $, .RADIAN. ) );
#11637 = FACE_OUTER_BOUND ( 'NONE', #10043, .T. ) ;
#11638 =( NAMED_UNIT ( * ) SI_UNIT ( $, .STERADIAN. ) SOLID_ANGLE_UNIT ( ) );
#11639 = CARTESIAN_POINT ( 'NONE',  ( 1.190321471113391594, 1.053934884783088721, 0.7010000000000000675 ) ) ;
#11640 = DIRECTION ( 'NONE',  ( -0.0000000000000000000, -0.0000000000000000000, -1.000000000000000000 ) ) ;
#11641 = CARTESIAN_POINT ( 'NONE',  ( 2.111394182379369155, 1.112263335509567685, 0.6999999999999999556 ) ) ;
#11642 =( NAMED_UNIT ( * ) PLANE_ANGLE_UNIT ( ) SI_UNIT ( $, .RADIAN. ) );
#11643 = PLANE ( 'NONE',  #6652 ) ;
#11644 = CARTESIAN_POINT ( 'NONE',  ( 2.606485311813688810, 1.224141287305309023, 0.7010000000000000675 ) ) ;
#11645 = CARTESIAN_POINT ( 'NONE',  ( 0.4000000000000010214, -1.700000000000000178, -0.1000000000000000056 ) ) ;
#11646 = STYLED_ITEM ( 'NONE', ( #4100 ), #8465 ) ;
#11647 = CARTESIAN_POINT ( 'NONE',  ( 2.597584984049067014, 1.191950382216223403, 0.7010000000000000675 ) ) ;
#11648 = ORIENTED_EDGE ( 'NONE', *, *, #10182, .F. ) ;
#11649 = DIRECTION ( 'NONE',  ( -1.000000000000000000, -0.0000000000000000000, -0.0000000000000000000 ) ) ;
#11650 = VECTOR ( 'NONE', #9846, 1000.000000000000000 ) ;
#11651 = VECTOR ( 'NONE', #5452, 1000.000000000000000 ) ;
#11652 = SURFACE_STYLE_USAGE ( .BOTH. , #9755 ) ;
#11653 = FILL_AREA_STYLE ('',( #1256 ) ) ;
#11654 = STYLED_ITEM ( 'NONE', ( #5579 ), #1493 ) ;
#11655 = CARTESIAN_POINT ( 'NONE',  ( -2.949999999999998845, 1.700000000000000178, -0.1000000000000000056 ) ) ;
#11656 = DIRECTION ( 'NONE',  ( 0.0000000000000000000, -1.000000000000000000, -0.0000000000000000000 ) ) ;
#11657 = UNCERTAINTY_MEASURE_WITH_UNIT (LENGTH_MEASURE( 1.000000000000000082E-05 ), #3064, 'distance_accuracy_value', 'NONE');
#11658 = VECTOR ( 'NONE', #1955, 1000.000000000000000 ) ;
#11659 = STYLED_ITEM ( 'NONE', ( #6923 ), #2883 ) ;
#11660 = CARTESIAN_POINT ( 'NONE',  ( 2.349831467749714964, 1.061439968560242475, 0.6999999999999999556 ) ) ;
#11661 = B_SPLINE_CURVE_WITH_KNOTS ( 'NONE', 3,
 ( #10670, #1211, #5851, #3963 ),
 .UNSPECIFIED., .F., .F.,
 ( 4, 4 ),
 ( 33.00000000000000000, 34.00000000000000000 ),
 .UNSPECIFIED. ) ;
#11662 = EDGE_CURVE ( 'NONE', #11259, #5432, #12205, .T. ) ;
#11663 = ORIENTED_EDGE ( 'NONE', *, *, #5186, .F. ) ;
#11664 = VECTOR ( 'NONE', #7873, 1000.000000000000000 ) ;
#11665 = SURFACE_SIDE_STYLE ('',( #10732 ) ) ;
#11666 = CARTESIAN_POINT ( 'NONE',  ( 1.045722754056161108, 1.072443591171578836, 0.6999999999999999556 ) ) ;
#11667 = DIRECTION ( 'NONE',  ( 0.0000000000000000000, -0.0000000000000000000, -1.000000000000000000 ) ) ;
#11668 = DIRECTION ( 'NONE',  ( -0.3658589216693576840, 0.9306703226357521119, 0.0000000000000000000 ) ) ;
#11669 = CARTESIAN_POINT ( 'NONE',  ( 2.357151363480007866, 1.364051112525174858, 0.7010000000000000675 ) ) ;
#11670 = COLOUR_RGB ( '',1.000000000000000000, 1.000000000000000000, 1.000000000000000000 ) ;
#11671 = VECTOR ( 'NONE', #5772, 1000.000000000000000 ) ;
#11672 = ORIENTED_EDGE ( 'NONE', *, *, #7808, .T. ) ;
#11673 =( GEOMETRIC_REPRESENTATION_CONTEXT ( 3 ) GLOBAL_UNCERTAINTY_ASSIGNED_CONTEXT ( ( #848 ) ) GLOBAL_UNIT_ASSIGNED_CONTEXT ( ( #7521, #11145, #970 ) ) REPRESENTATION_CONTEXT ( 'NONE', 'WORKASPACE' ) );
#11674 = CLOSED_SHELL ( 'NONE', ( #6396, #11904, #8777, #7051, #585, #5585, #11767, #9433, #11460, #9248, #1307, #10246, #7605, #3403, #8359, #5888, #5085, #10931, #10964, #1477, #10353, #4625, #3269 ) ) ;
#11675 =( NAMED_UNIT ( * ) PLANE_ANGLE_UNIT ( ) SI_UNIT ( $, .RADIAN. ) );
#11676 = DIRECTION ( 'NONE',  ( -0.0000000000000000000, -0.0000000000000000000, -1.000000000000000000 ) ) ;
#11677 = MECHANICAL_DESIGN_GEOMETRIC_PRESENTATION_REPRESENTATION (  '', ( #8523 ), #8940 ) ;
#11678 = ORIENTED_EDGE ( 'NONE', *, *, #7171, .F. ) ;
#11679 =( LENGTH_UNIT ( ) NAMED_UNIT ( * ) SI_UNIT ( .MILLI., .METRE. ) );
#11680 = DIRECTION ( 'NONE',  ( -0.0000000000000000000, 1.000000000000000000, -0.0000000000000000000 ) ) ;
#11681 = UNCERTAINTY_MEASURE_WITH_UNIT (LENGTH_MEASURE( 1.000000000000000082E-05 ), #10309, 'distance_accuracy_value', 'NONE');
#11682 = EDGE_CURVE ( 'NONE', #659, #5083, #804, .T. ) ;
#11683 = ORIENTED_EDGE ( 'NONE', *, *, #4063, .T. ) ;
#11684 = STYLED_ITEM ( 'NONE', ( #10955 ), #4368 ) ;
#11685 = PLANE ( 'NONE',  #3459 ) ;
#11686 = ADVANCED_FACE ( 'NONE', ( #2751 ), #785, .F. ) ;
#11687 = FACE_OUTER_BOUND ( 'NONE', #6959, .T. ) ;
#11688 = STYLED_ITEM ( 'NONE', ( #7939 ), #3545 ) ;
#11689 = CARTESIAN_POINT ( 'NONE',  ( 0.9890400503509301222, 1.118715180629586525, 0.7010000000000000675 ) ) ;
#11690 = VERTEX_POINT ( 'NONE', #2253 ) ;
#11691 =( GEOMETRIC_REPRESENTATION_CONTEXT ( 3 ) GLOBAL_UNCERTAINTY_ASSIGNED_CONTEXT ( ( #3538 ) ) GLOBAL_UNIT_ASSIGNED_CONTEXT ( ( #11076, #4276, #3426 ) ) REPRESENTATION_CONTEXT ( 'NONE', 'WORKASPACE' ) );
#11692 = CARTESIAN_POINT ( 'NONE',  ( 2.012118096529444511, 1.165665302091744238, 0.6999999999999999556 ) ) ;
#11693 = PLANE ( 'NONE',  #4128 ) ;
#11694 =( GEOMETRIC_REPRESENTATION_CONTEXT ( 3 ) GLOBAL_UNCERTAINTY_ASSIGNED_CONTEXT ( ( #7707 ) ) GLOBAL_UNIT_ASSIGNED_CONTEXT ( ( #1029, #5917, #4943 ) ) REPRESENTATION_CONTEXT ( 'NONE', 'WORKASPACE' ) );
#11695 = CARTESIAN_POINT ( 'NONE',  ( 1.942204774236117260, 1.352655365762020612, 0.7010000000000000675 ) ) ;
#11696 = ORIENTED_EDGE ( 'NONE', *, *, #6790, .T. ) ;
#11697 = CARTESIAN_POINT ( 'NONE',  ( 1.944824964185577043, 1.108936110176710343, 0.7010000000000000675 ) ) ;
#11698 =( LENGTH_UNIT ( ) NAMED_UNIT ( * ) SI_UNIT ( .MILLI., .METRE. ) );
#11699 = PRESENTATION_LAYER_ASSIGNMENT (  '', '', ( #6286 ) ) ;
#11700 = VERTEX_POINT ( 'NONE', #174 ) ;
#11701 =( NAMED_UNIT ( * ) PLANE_ANGLE_UNIT ( ) SI_UNIT ( $, .RADIAN. ) );
#11702 = COLOUR_RGB ( '',1.000000000000000000, 1.000000000000000000, 1.000000000000000000 ) ;
#11703 = CARTESIAN_POINT ( 'NONE',  ( 2.012118096529444955, 1.136219357900824400, 0.7010000000000000675 ) ) ;
#11704 = CARTESIAN_POINT ( 'NONE',  ( 2.269811698510213915, 1.355067604127344172, 0.6999999999999999556 ) ) ;
#11705 = B_SPLINE_CURVE_WITH_KNOTS ( 'NONE', 3,
 ( #3181, #5090, #7081, #9096 ),
 .UNSPECIFIED., .F., .F.,
 ( 4, 4 ),
 ( 7.000000000000000000, 8.000000000000000000 ),
 .UNSPECIFIED. ) ;
#11706 = EDGE_CURVE ( 'NONE', #11989, #7657, #2513, .T. ) ;
#11707 = CARTESIAN_POINT ( 'NONE',  ( 1.235436266422391238, 1.099049702156098318, 0.7010000000000000675 ) ) ;
#11708 = VECTOR ( 'NONE', #9047, 1000.000000000000000 ) ;
#11709 = MECHANICAL_DESIGN_GEOMETRIC_PRESENTATION_REPRESENTATION (  '', ( #9743 ), #6509 ) ;
#11710 = PRESENTATION_STYLE_ASSIGNMENT (( #3935 ) ) ;
#11711 = FILL_AREA_STYLE ('',( #1186 ) ) ;
#11712 = CARTESIAN_POINT ( 'NONE',  ( 2.085109102254885993, 1.127319030137312827, 0.6999999999999999556 ) ) ;
#11713 = CARTESIAN_POINT ( 'NONE',  ( 2.097295065034097572, 1.080571514219744733, 0.7010000000000000675 ) ) ;
#11714 = CARTESIAN_POINT ( 'NONE',  ( 1.897536774151580063, 1.319549473706508769, 0.7010000000000000675 ) ) ;
#11715 =( NAMED_UNIT ( * ) SI_UNIT ( $, .STERADIAN. ) SOLID_ANGLE_UNIT ( ) );
#11716 =( LENGTH_UNIT ( ) NAMED_UNIT ( * ) SI_UNIT ( .MILLI., .METRE. ) );
#11717 = VECTOR ( 'NONE', #4131, 1000.000000000000000 ) ;
#11718 = EDGE_CURVE ( 'NONE', #2472, #8924, #9817, .T. ) ;
#11719 = ORIENTED_EDGE ( 'NONE', *, *, #7647, .F. ) ;
#11720 = CARTESIAN_POINT ( 'NONE',  ( 2.513031870295155290, 1.144870143764706194, 0.7010000000000000675 ) ) ;
#11721 = SURFACE_SIDE_STYLE ('',( #9002 ) ) ;
#11722 = FILL_AREA_STYLE ('',( #5110 ) ) ;
#11723 =( LENGTH_UNIT ( ) NAMED_UNIT ( * ) SI_UNIT ( .MILLI., .METRE. ) );
#11724 =( LENGTH_UNIT ( ) NAMED_UNIT ( * ) SI_UNIT ( .MILLI., .METRE. ) );
#11725 = AXIS2_PLACEMENT_3D ( 'NONE', #5453, #9095, #7210 ) ;
#11726 = CARTESIAN_POINT ( 'NONE',  ( 1.941248196953083260, 1.105442523578539671, 0.6999999999999999556 ) ) ;
#11727 = B_SPLINE_SURFACE_WITH_KNOTS ( 'NONE', 3, 1, ( 
 ( #8555, #6378 ),
 ( #4477, #1821 ),
 ( #1686, #9294 ),
 ( #727, #4539 ) ),
 .UNSPECIFIED., .F., .F., .F.,
 ( 4, 4 ),
 ( 2, 2 ),
 ( 7.000000000000000000, 8.000000000000000000 ),
 ( 0.0000000000000000000, 1.000000000000000000 ),
 .UNSPECIFIED. ) ;
#11728 =( GEOMETRIC_REPRESENTATION_CONTEXT ( 3 ) GLOBAL_UNCERTAINTY_ASSIGNED_CONTEXT ( ( #8896 ) ) GLOBAL_UNIT_ASSIGNED_CONTEXT ( ( #1937, #920, #5765 ) ) REPRESENTATION_CONTEXT ( 'NONE', 'WORKASPACE' ) );
#11729 = UNCERTAINTY_MEASURE_WITH_UNIT (LENGTH_MEASURE( 1.000000000000000082E-05 ), #564, 'distance_accuracy_value', 'NONE');
#11730 =( LENGTH_UNIT ( ) NAMED_UNIT ( * ) SI_UNIT ( .MILLI., .METRE. ) );
#11731 = EDGE_LOOP ( 'NONE', ( #10504, #7422, #4398, #5764 ) ) ;
#11732 = ORIENTED_EDGE ( 'NONE', *, *, #7591, .T. ) ;
#11733 = CARTESIAN_POINT ( 'NONE',  ( 2.187504461854089755, 1.090137287050050530, 0.7010000000000000675 ) ) ;
#11734 = CARTESIAN_POINT ( 'NONE',  ( 1.663448468912525513, 1.143007747444127364, 0.7010000000000000675 ) ) ;
#11735 = SURFACE_SIDE_STYLE ('',( #6210 ) ) ;
#11736 = CARTESIAN_POINT ( 'NONE',  ( 1.918747835644118327, 1.114259670708837024, 0.6999999999999999556 ) ) ;
#11737 = CARTESIAN_POINT ( 'NONE',  ( 2.283328551422453057, 1.079989249787272731, 0.6999999999999999556 ) ) ;
#11738 = UNCERTAINTY_MEASURE_WITH_UNIT (LENGTH_MEASURE( 1.000000000000000082E-05 ), #10116, 'distance_accuracy_value', 'NONE');
#11739 = CARTESIAN_POINT ( 'NONE',  ( 1.935383962305082584, 1.061772691093084697, 0.6999999999999999556 ) ) ;
#11740 = ORIENTED_EDGE ( 'NONE', *, *, #5214, .T. ) ;
#11741 = CARTESIAN_POINT ( 'NONE',  ( 0.9404548836258183053, 1.294547185268458023, 0.7010000000000000675 ) ) ;
#11742 = ORIENTED_EDGE ( 'NONE', *, *, #7215, .T. ) ;
#11743 = CARTESIAN_POINT ( 'NONE',  ( 1.980966949356598450, 1.316804512807233207, 0.7010000000000000675 ) ) ;
#11744 =( GEOMETRIC_REPRESENTATION_CONTEXT ( 3 ) GLOBAL_UNCERTAINTY_ASSIGNED_CONTEXT ( ( #12108 ) ) GLOBAL_UNIT_ASSIGNED_CONTEXT ( ( #4923, #3995, #11481 ) ) REPRESENTATION_CONTEXT ( 'NONE', 'WORKASPACE' ) );
#11745 = VECTOR ( 'NONE', #4736, 1000.000000000000000 ) ;
#11746 = CARTESIAN_POINT ( 'NONE',  ( 2.118214994310397614, 1.093048609215742761, 0.6999999999999999556 ) ) ;
#11747 = ORIENTED_EDGE ( 'NONE', *, *, #11073, .T. ) ;
#11748 = FACE_OUTER_BOUND ( 'NONE', #2464, .T. ) ;
#11749 = ORIENTED_EDGE ( 'NONE', *, *, #9367, .F. ) ;
#11750 = MECHANICAL_DESIGN_GEOMETRIC_PRESENTATION_REPRESENTATION (  '', ( #4793 ), #10365 ) ;
#11751 = EDGE_CURVE ( 'NONE', #4330, #1284, #4918, .T. ) ;
#11752 = PRESENTATION_STYLE_ASSIGNMENT (( #7964 ) ) ;
#11753 = CARTESIAN_POINT ( 'NONE',  ( 2.197818860384403994, 1.463535149958128612, 0.7010000000000000675 ) ) ;
#11754 = VECTOR ( 'NONE', #1122, 1000.000000000000000 ) ;
#11755 = ORIENTED_EDGE ( 'NONE', *, *, #8027, .F. ) ;
#11756 = EDGE_CURVE ( 'NONE', #10152, #2045, #1242, .T. ) ;
#11757 = VERTEX_POINT ( 'NONE', #2136 ) ;
#11758 =( LENGTH_UNIT ( ) NAMED_UNIT ( * ) SI_UNIT ( .MILLI., .METRE. ) );
#11759 =( GEOMETRIC_REPRESENTATION_CONTEXT ( 3 ) GLOBAL_UNCERTAINTY_ASSIGNED_CONTEXT ( ( #8185 ) ) GLOBAL_UNIT_ASSIGNED_CONTEXT ( ( #7406, #2623, #4478 ) ) REPRESENTATION_CONTEXT ( 'NONE', 'WORKASPACE' ) );
#11760 = CARTESIAN_POINT ( 'NONE',  ( 2.103949515698704698, 1.160924005993198227, 0.7010000000000000675 ) ) ;
#11761 = CARTESIAN_POINT ( 'NONE',  ( 2.151612018582703456, 1.177643313287374705, 0.7010000000000000675 ) ) ;
#11762 = COLOUR_RGB ( '',1.000000000000000000, 1.000000000000000000, 1.000000000000000000 ) ;
#11763 = CARTESIAN_POINT ( 'NONE',  ( 2.085109102254885993, 1.127319030137312827, 0.7010000000000000675 ) ) ;
#11764 = CARTESIAN_POINT ( 'NONE',  ( 2.083112767055617542, 1.163752147525683123, 0.6999999999999999556 ) ) ;
#11765 =( LENGTH_UNIT ( ) NAMED_UNIT ( * ) SI_UNIT ( .MILLI., .METRE. ) );
#11766 = EDGE_CURVE ( 'NONE', #10876, #8860, #3992, .T. ) ;
#11767 = ADVANCED_FACE ( 'NONE', ( #8935 ), #7461, .F. ) ;
#11768 = CARTESIAN_POINT ( 'NONE',  ( 1.081583229266936730, 1.063189282105363676, 0.7010000000000000675 ) ) ;
#11769 = DIRECTION ( 'NONE',  ( 0.0000000000000000000, 0.0000000000000000000, 1.000000000000000000 ) ) ;
#11770 = EDGE_CURVE ( 'NONE', #9251, #593, #6067, .T. ) ;
#11771 = CARTESIAN_POINT ( 'NONE',  ( 1.127854851821517679, 1.432205159494573943, 0.6999999999999999556 ) ) ;
#11772 =( GEOMETRIC_REPRESENTATION_CONTEXT ( 3 ) GLOBAL_UNCERTAINTY_ASSIGNED_CONTEXT ( ( #2979 ) ) GLOBAL_UNIT_ASSIGNED_CONTEXT ( ( #7789, #6634, #4730 ) ) REPRESENTATION_CONTEXT ( 'NONE', 'WORKASPACE' ) );
#11773 = DIRECTION ( 'NONE',  ( -0.0000000000000000000, -0.0000000000000000000, -1.000000000000000000 ) ) ;
#11774 = ORIENTED_EDGE ( 'NONE', *, *, #3871, .F. ) ;
#11775 = CARTESIAN_POINT ( 'NONE',  ( 1.952851895299268392, 1.341259618998864367, 0.7010000000000000675 ) ) ;
#11776 = STYLED_ITEM ( 'NONE', ( #331 ), #2313 ) ;
#11777 = CARTESIAN_POINT ( 'NONE',  ( 2.592885278268235449, 1.194612162481179629, 0.6999999999999999556 ) ) ;
#11778 = SURFACE_STYLE_USAGE ( .BOTH. , #10173 ) ;
#11779 = STYLED_ITEM ( 'NONE', ( #1680 ), #6130 ) ;
#11780 = ADVANCED_FACE ( 'NONE', ( #7735 ), #10593, .T. ) ;
#11781 = CARTESIAN_POINT ( 'NONE',  ( 1.927689753724234345, 1.461039730958485716, 0.7010000000000000675 ) ) ;
#11782 = DIRECTION ( 'NONE',  ( 0.3559357243698775264, 0.9345104387417459968, 0.0000000000000000000 ) ) ;
#11783 = ORIENTED_EDGE ( 'NONE', *, *, #8197, .F. ) ;
#11784 = ORIENTED_EDGE ( 'NONE', *, *, #3160, .T. ) ;
#11785 =( NAMED_UNIT ( * ) SI_UNIT ( $, .STERADIAN. ) SOLID_ANGLE_UNIT ( ) );
#11786 =( GEOMETRIC_REPRESENTATION_CONTEXT ( 3 ) GLOBAL_UNCERTAINTY_ASSIGNED_CONTEXT ( ( #10301 ) ) GLOBAL_UNIT_ASSIGNED_CONTEXT ( ( #1793, #9518, #6664 ) ) REPRESENTATION_CONTEXT ( 'NONE', 'WORKASPACE' ) );
#11787 = FILL_AREA_STYLE_COLOUR ( '', #918 ) ;
#11788 = CARTESIAN_POINT ( 'NONE',  ( 1.606765754174732441, 1.221669440697902953, 0.7010000000000000675 ) ) ;
#11789 = PRESENTATION_STYLE_ASSIGNMENT (( #2398 ) ) ;
#11790 = SURFACE_STYLE_USAGE ( .BOTH. , #7875 ) ;
#11791 = CARTESIAN_POINT ( 'NONE',  ( 1.190321493177406875, 1.345445995451615806, 0.6999999999999999556 ) ) ;
#11792 = CARTESIAN_POINT ( 'NONE',  ( 1.904191224815638073, 1.424024349137641199, 0.6999999999999999556 ) ) ;
#11793 = ORIENTED_EDGE ( 'NONE', *, *, #4079, .F. ) ;
#11794 = PRESENTATION_LAYER_ASSIGNMENT (  '', '', ( #9436 ) ) ;
#11795 = FACE_OUTER_BOUND ( 'NONE', #760, .T. ) ;
#11796 = FILL_AREA_STYLE_COLOUR ( '', #2384 ) ;
#11797 = ORIENTED_EDGE ( 'NONE', *, *, #7898, .T. ) ;
#11798 = CARTESIAN_POINT ( 'NONE',  ( 2.488493583469202353, 1.202597503279374980, 0.6999999999999999556 ) ) ;
#11799 = LINE ( 'NONE', #6111, #211 ) ;
#11800 = UNCERTAINTY_MEASURE_WITH_UNIT (LENGTH_MEASURE( 1.000000000000000082E-05 ), #817, 'distance_accuracy_value', 'NONE');
#11801 = ORIENTED_EDGE ( 'NONE', *, *, #6455, .T. ) ;
#11802 = B_SPLINE_CURVE_WITH_KNOTS ( 'NONE', 3,
 ( #9624, #4058, #2024, #5100 ),
 .UNSPECIFIED., .F., .F.,
 ( 4, 4 ),
 ( 2.000000000000000000, 3.000000000000000000 ),
 .UNSPECIFIED. ) ;
#11803 =( NAMED_UNIT ( * ) PLANE_ANGLE_UNIT ( ) SI_UNIT ( $, .RADIAN. ) );
#11804 = DIRECTION ( 'NONE',  ( 0.0000000000000000000, 0.0000000000000000000, 1.000000000000000000 ) ) ;
#11805 = SURFACE_STYLE_FILL_AREA ( #11623 ) ;
#11806 = ORIENTED_EDGE ( 'NONE', *, *, #9567, .T. ) ;
#11807 = DIRECTION ( 'NONE',  ( -0.0000000000000000000, -0.0000000000000000000, -1.000000000000000000 ) ) ;
#11808 = FILL_AREA_STYLE ('',( #7013 ) ) ;
#11809 = LINE ( 'NONE', #5997, #9568 ) ;
#11810 = VERTEX_POINT ( 'NONE', #4418 ) ;
#11811 = CARTESIAN_POINT ( 'NONE',  ( 1.663448468912525513, 1.143007747444127364, 0.7010000000000000675 ) ) ;
#11812 = DIRECTION ( 'NONE',  ( -0.0000000000000000000, 1.000000000000000000, -0.0000000000000000000 ) ) ;
#11813 = ORIENTED_EDGE ( 'NONE', *, *, #8358, .T. ) ;
#11814 =( LENGTH_UNIT ( ) NAMED_UNIT ( * ) SI_UNIT ( .MILLI., .METRE. ) );
#11815 = EDGE_CURVE ( 'NONE', #7866, #1989, #2485, .T. ) ;
#11816 = SURFACE_STYLE_FILL_AREA ( #9738 ) ;
#11817 = CARTESIAN_POINT ( 'NONE',  ( 2.112641891879190492, 1.155350903561436215, 0.7010000000000000675 ) ) ;
#11818 = DIRECTION ( 'NONE',  ( -1.000000000000000000, 0.0000000000000000000, 0.0000000000000000000 ) ) ;
#11819 =( NAMED_UNIT ( * ) PLANE_ANGLE_UNIT ( ) SI_UNIT ( $, .RADIAN. ) );
#11820 = B_SPLINE_CURVE_WITH_KNOTS ( 'NONE', 3,
 ( #2657, #6487, #7442, #1728 ),
 .UNSPECIFIED., .F., .F.,
 ( 4, 4 ),
 ( 9.000000000000000000, 10.00000000000000000 ),
 .UNSPECIFIED. ) ;
#11821 = EDGE_CURVE ( 'NONE', #5121, #5802, #4348, .T. ) ;
#11822 = B_SPLINE_SURFACE_WITH_KNOTS ( 'NONE', 3, 1, ( 
 ( #5427, #8575 ),
 ( #2951, #1968 ),
 ( #1780, #1012 ),
 ( #10484, #6732 ) ),
 .UNSPECIFIED., .F., .F., .F.,
 ( 4, 4 ),
 ( 2, 2 ),
 ( 1.000000000000000000, 2.000000000000000000 ),
 ( 0.0000000000000000000, 1.000000000000000000 ),
 .UNSPECIFIED. ) ;
#11823 = LINE ( 'NONE', #11889, #3941 ) ;
#11824 = FILL_AREA_STYLE ('',( #11333 ) ) ;
#11825 = DIRECTION ( 'NONE',  ( 1.000000000000000000, -0.0000000000000000000, -0.0000000000000000000 ) ) ;
#11826 = CARTESIAN_POINT ( 'NONE',  ( 2.309280909012984662, 1.402979648912079158, 0.6999999999999999556 ) ) ;
#11827 = FILL_AREA_STYLE_COLOUR ( '', #3905 ) ;
#11828 =( NAMED_UNIT ( * ) PLANE_ANGLE_UNIT ( ) SI_UNIT ( $, .RADIAN. ) );
#11829 = CARTESIAN_POINT ( 'NONE',  ( 1.205359750925734996, 1.480790331735134302, 0.7010000000000000675 ) ) ;
#11830 = CARTESIAN_POINT ( 'NONE',  ( -2.741205712499112934, -1.613201107017512959, 0.5999999999999999778 ) ) ;
#11831 = EDGE_CURVE ( 'NONE', #8462, #5454, #1640, .T. ) ;
#11832 = CARTESIAN_POINT ( 'NONE',  ( 2.441496525651999150, 1.319549473706508769, 0.6999999999999999556 ) ) ;
#11833 = CARTESIAN_POINT ( 'NONE',  ( 1.145206697868407453, 1.431048376377577203, 0.6999999999999999556 ) ) ;
#11834 = VERTEX_POINT ( 'NONE', #1553 ) ;
#11835 = EDGE_CURVE ( 'NONE', #12307, #11304, #10902, .T. ) ;
#11836 = CARTESIAN_POINT ( 'NONE',  ( 1.984003042472108458, 1.335520155300681466, 0.7010000000000000675 ) ) ;
#11837 = EDGE_CURVE ( 'NONE', #1499, #6115, #6186, .T. ) ;
#11838 = SURFACE_STYLE_USAGE ( .BOTH. , #11721 ) ;
#11839 = FACE_OUTER_BOUND ( 'NONE', #7441, .T. ) ;
#11840 =( NAMED_UNIT ( * ) PLANE_ANGLE_UNIT ( ) SI_UNIT ( $, .RADIAN. ) );
#11841 = FILL_AREA_STYLE_COLOUR ( '', #6445 ) ;
#11842 =( GEOMETRIC_REPRESENTATION_CONTEXT ( 3 ) GLOBAL_UNCERTAINTY_ASSIGNED_CONTEXT ( ( #503 ) ) GLOBAL_UNIT_ASSIGNED_CONTEXT ( ( #1383, #7043, #2499 ) ) REPRESENTATION_CONTEXT ( 'NONE', 'WORKASPACE' ) );
#11843 = CARTESIAN_POINT ( 'NONE',  ( 2.221442160242816932, 1.338098754933535917, 0.7010000000000000675 ) ) ;
#11844 = DIRECTION ( 'NONE',  ( 1.000000000000000000, 0.0000000000000000000, -0.0000000000000000000 ) ) ;
#11845 = ORIENTED_EDGE ( 'NONE', *, *, #7671, .T. ) ;
#11846 = EDGE_LOOP ( 'NONE', ( #11284, #7281, #2772, #9128 ) ) ;
#11847 = CARTESIAN_POINT ( 'NONE',  ( 1.991738841369566693, 1.108603387643867011, 0.6999999999999999556 ) ) ;
#11848 = VECTOR ( 'NONE', #11391, 1000.000000000000000 ) ;
#11849 = EDGE_CURVE ( 'NONE', #3560, #6157, #6965, .T. ) ;
#11850 = DIRECTION ( 'NONE',  ( -0.0000000000000000000, -0.0000000000000000000, -1.000000000000000000 ) ) ;
#11851 = MECHANICAL_DESIGN_GEOMETRIC_PRESENTATION_REPRESENTATION (  '', ( #10652 ), #6863 ) ;
#11852 = MECHANICAL_DESIGN_GEOMETRIC_PRESENTATION_REPRESENTATION (  '', ( #12255 ), #9887 ) ;
#11853 = SURFACE_STYLE_USAGE ( .BOTH. , #11735 ) ;
#11854 = FACE_OUTER_BOUND ( 'NONE', #614, .T. ) ;
#11855 = FACE_OUTER_BOUND ( 'NONE', #1788, .T. ) ;
#11856 = CARTESIAN_POINT ( 'NONE',  ( 2.388136149386427043, 1.450059887362492139, 0.7010000000000000675 ) ) ;
#11857 = UNCERTAINTY_MEASURE_WITH_UNIT (LENGTH_MEASURE( 1.000000000000000082E-05 ), #4598, 'distance_accuracy_value', 'NONE');
#11858 =( NAMED_UNIT ( * ) SI_UNIT ( $, .STERADIAN. ) SOLID_ANGLE_UNIT ( ) );
#11859 =( LENGTH_UNIT ( ) NAMED_UNIT ( * ) SI_UNIT ( .MILLI., .METRE. ) );
#11860 = ORIENTED_EDGE ( 'NONE', *, *, #8125, .T. ) ;
#11861 = VECTOR ( 'NONE', #6400, 1000.000000000000000 ) ;
#11862 =( GEOMETRIC_REPRESENTATION_CONTEXT ( 3 ) GLOBAL_UNCERTAINTY_ASSIGNED_CONTEXT ( ( #8726 ) ) GLOBAL_UNIT_ASSIGNED_CONTEXT ( ( #7227, #7285, #4297 ) ) REPRESENTATION_CONTEXT ( 'NONE', 'WORKASPACE' ) );
#11863 = ORIENTED_EDGE ( 'NONE', *, *, #11924, .F. ) ;
#11864 = VECTOR ( 'NONE', #635, 1000.000000000000000 ) ;
#11865 = SURFACE_SIDE_STYLE ('',( #4146 ) ) ;
#11866 = EDGE_LOOP ( 'NONE', ( #6045, #2786, #6368, #3609 ) ) ;
#11867 = CARTESIAN_POINT ( 'NONE',  ( 2.105114044564763809, 1.067928057957318488, 0.7010000000000000675 ) ) ;
#11868 = EDGE_CURVE ( 'NONE', #8147, #5083, #8991, .T. ) ;
#11869 = CARTESIAN_POINT ( 'NONE',  ( 2.393834022768006609, 1.450059887362492139, 0.6999999999999999556 ) ) ;
#11870 = CARTESIAN_POINT ( 'NONE',  ( 2.026009262291684987, 1.456381615494256820, 0.7010000000000000675 ) ) ;
#11871 = ORIENTED_EDGE ( 'NONE', *, *, #2263, .F. ) ;
#11872 = PRESENTATION_STYLE_ASSIGNMENT (( #5327 ) ) ;
#11873 = SURFACE_SIDE_STYLE ('',( #4038 ) ) ;
#11874 = PLANE ( 'NONE',  #8649 ) ;
#11875 = CLOSED_SHELL ( 'NONE', ( #11328, #2392, #9857, #1872, #10197, #3180, #333, #12291, #7364, #9207, #11922, #6815, #3708, #8516, #5299, #8877 ) ) ;
#11876 = ORIENTED_EDGE ( 'NONE', *, *, #6307, .F. ) ;
#11877 = VECTOR ( 'NONE', #6116, 1000.000000000000000 ) ;
#11878 = DIRECTION ( 'NONE',  ( 0.9409537876827109848, -0.3385350342956541247, 0.0000000000000000000 ) ) ;
#11879 = CARTESIAN_POINT ( 'NONE',  ( 1.930101992090114349, 1.169491611223866245, 0.7010000000000000675 ) ) ;
#11880 = ORIENTED_EDGE ( 'NONE', *, *, #10842, .F. ) ;
#11881 = CARTESIAN_POINT ( 'NONE',  ( 2.380566711756506137, 1.224141287305309023, 0.7010000000000000675 ) ) ;
#11882 = VECTOR ( 'NONE', #6897, 1000.000000000000000 ) ;
#11883 = STYLED_ITEM ( 'NONE', ( #772 ), #3269 ) ;
#11884 = CARTESIAN_POINT ( 'NONE',  ( 2.061652163662894388, 1.177227410121318707, 0.7010000000000000675 ) ) ;
#11885 =( GEOMETRIC_REPRESENTATION_CONTEXT ( 3 ) GLOBAL_UNCERTAINTY_ASSIGNED_CONTEXT ( ( #705 ) ) GLOBAL_UNIT_ASSIGNED_CONTEXT ( ( #9037, #8089, #3423 ) ) REPRESENTATION_CONTEXT ( 'NONE', 'WORKASPACE' ) );
#11886 = FACE_OUTER_BOUND ( 'NONE', #12225, .T. ) ;
#11887 = AXIS2_PLACEMENT_3D ( 'NONE', #1103, #2793, #9418 ) ;
#11888 = CARTESIAN_POINT ( 'NONE',  ( 2.560902324761062943, 1.105941607377797675, 0.6999999999999999556 ) ) ;
#11889 = CARTESIAN_POINT ( 'NONE',  ( 2.341513404418675393, 1.153354568362160437, 0.7010000000000000675 ) ) ;
#11890 = CARTESIAN_POINT ( 'NONE',  ( 1.963291064779387307, 1.484995753350852210, 0.7010000000000000675 ) ) ;
#11891 = LINE ( 'NONE', #355, #2902 ) ;
#11892 = MECHANICAL_DESIGN_GEOMETRIC_PRESENTATION_REPRESENTATION (  '', ( #10315 ), #9737 ) ;
#11893 = CARTESIAN_POINT ( 'NONE',  ( 1.185694316580283347, 1.466908851588353713, 0.6999999999999999556 ) ) ;
#11894 = DIRECTION ( 'NONE',  ( 0.9910683662997868959, 0.1333547648937652708, 0.0000000000000000000 ) ) ;
#11895 = LINE ( 'NONE', #7158, #6141 ) ;
#11896 = LINE ( 'NONE', #7035, #627 ) ;
#11897 = VERTEX_POINT ( 'NONE', #6132 ) ;
#11898 = PRESENTATION_LAYER_ASSIGNMENT (  '', '', ( #7316 ) ) ;
#11899 = CARTESIAN_POINT ( 'NONE',  ( 1.890923913803576051, 1.153354568362160437, 0.7010000000000000675 ) ) ;
#11901 = LINE ( 'NONE', #8176, #8297 ) ;
#11900 = PRESENTATION_LAYER_ASSIGNMENT (  '', '', ( #9743 ) ) ;
#11902 = ORIENTED_EDGE ( 'NONE', *, *, #4585, .F. ) ;
#11903 = DIRECTION ( 'NONE',  ( -1.000000000000000000, 0.0000000000000000000, -0.0000000000000000000 ) ) ;
#11904 = ADVANCED_FACE ( 'NONE', ( #6308 ), #5279, .F. ) ;
#11905 = FILL_AREA_STYLE_COLOUR ( '', #2359 ) ;
#11906 = SURFACE_SIDE_STYLE ('',( #1318 ) ) ;
#11907 = CARTESIAN_POINT ( 'NONE',  ( 2.594548890933551455, 1.203346128978270091, 0.7010000000000000675 ) ) ;
#11908 = ADVANCED_FACE ( 'NONE', ( #11463 ), #9265, .T. ) ;
#11909 = COLOUR_RGB ( '',1.000000000000000000, 1.000000000000000000, 1.000000000000000000 ) ;
#11910 = SURFACE_SIDE_STYLE ('',( #1579 ) ) ;
#11911 = CARTESIAN_POINT ( 'NONE',  ( 1.529260877134530183, 1.440302685443794140, 0.7010000000000000675 ) ) ;
#11912 = ORIENTED_EDGE ( 'NONE', *, *, #5489, .T. ) ;
#11913 = ORIENTED_EDGE ( 'NONE', *, *, #7916, .T. ) ;
#11914 = CARTESIAN_POINT ( 'NONE',  ( 2.097295065034097572, 1.091052274016473422, 0.7010000000000000675 ) ) ;
#11915 =( NAMED_UNIT ( * ) PLANE_ANGLE_UNIT ( ) SI_UNIT ( $, .RADIAN. ) );
#11916 = COLOUR_RGB ( '',1.000000000000000000, 1.000000000000000000, 1.000000000000000000 ) ;
#11917 = DIRECTION ( 'NONE',  ( 0.0000000000000000000, 1.000000000000000000, 0.0000000000000000000 ) ) ;
#11918 = FILL_AREA_STYLE_COLOUR ( '', #4304 ) ;
#11919 = CARTESIAN_POINT ( 'NONE',  ( 2.595962961699245675, 1.197939387814038081, 0.6999999999999999556 ) ) ;
#11920 =( NAMED_UNIT ( * ) SI_UNIT ( $, .STERADIAN. ) SOLID_ANGLE_UNIT ( ) );
#11921 = ORIENTED_EDGE ( 'NONE', *, *, #5794, .T. ) ;
#11922 = ADVANCED_FACE ( 'NONE', ( #11223 ), #3808, .T. ) ;
#11923 =( LENGTH_UNIT ( ) NAMED_UNIT ( * ) SI_UNIT ( .MILLI., .METRE. ) );
#11924 = EDGE_CURVE ( 'NONE', #9266, #10018, #9970, .T. ) ;
#11925 = VERTEX_POINT ( 'NONE', #7397 ) ;
#11926 = CARTESIAN_POINT ( 'NONE',  ( 2.001595746416104937, 1.466030568956663283, 0.7010000000000000675 ) ) ;
#11927 = CARTESIAN_POINT ( 'NONE',  ( 1.464480625416062498, 1.132596622164890876, 0.7010000000000000675 ) ) ;
#11928 = B_SPLINE_SURFACE_WITH_KNOTS ( 'NONE', 3, 1, ( 
 ( #9341, #12053 ),
 ( #9219, #8145 ),
 ( #3548, #11009 ),
 ( #11065, #10945 ) ),
 .UNSPECIFIED., .F., .F., .F.,
 ( 4, 4 ),
 ( 2, 2 ),
 ( 5.000000000000000000, 6.000000000000000000 ),
 ( 0.0000000000000000000, 1.000000000000000000 ),
 .UNSPECIFIED. ) ;
#11929 = ORIENTED_EDGE ( 'NONE', *, *, #5309, .F. ) ;
#11930 = CARTESIAN_POINT ( 'NONE',  ( 2.058574480230774828, 1.319549473706508769, 0.7010000000000000675 ) ) ;
#11931 = COLOUR_RGB ( '',1.000000000000000000, 1.000000000000000000, 1.000000000000000000 ) ;
#11932 =( NAMED_UNIT ( * ) PLANE_ANGLE_UNIT ( ) SI_UNIT ( $, .RADIAN. ) );
#11933 = VECTOR ( 'NONE', #6733, 1000.000000000000000 ) ;
#11934 = LINE ( 'NONE', #10942, #5013 ) ;
#11935 = VERTEX_POINT ( 'NONE', #6834 ) ;
#11936 = CARTESIAN_POINT ( 'NONE',  ( 2.464703922344361864, 1.319549473706508769, 0.6999999999999999556 ) ) ;
#11937 = ORIENTED_EDGE ( 'NONE', *, *, #11751, .F. ) ;
#11938 = CARTESIAN_POINT ( 'NONE',  ( 1.832739060806250597, 1.153354568362160437, 0.7010000000000000675 ) ) ;
#11939 =( GEOMETRIC_REPRESENTATION_CONTEXT ( 3 ) GLOBAL_UNCERTAINTY_ASSIGNED_CONTEXT ( ( #8254 ) ) GLOBAL_UNIT_ASSIGNED_CONTEXT ( ( #1127, #2752, #12280 ) ) REPRESENTATION_CONTEXT ( 'NONE', 'WORKASPACE' ) );
#11940 = ADVANCED_FACE ( 'NONE', ( #8736 ), #9843, .T. ) ;
#11941 = CARTESIAN_POINT ( 'NONE',  ( 1.677329954575310644, 1.292233596970450593, 0.7010000000000000675 ) ) ;
#11942 = STYLED_ITEM ( 'NONE', ( #7353 ), #9433 ) ;
#11943 = ORIENTED_EDGE ( 'NONE', *, *, #870, .F. ) ;
#11944 = FILL_AREA_STYLE ('',( #4527 ) ) ;
#11945 = SURFACE_SIDE_STYLE ('',( #8154 ) ) ;
#11946 = CARTESIAN_POINT ( 'NONE',  ( 2.094134200968770010, 1.163752147525683123, 0.7010000000000000675 ) ) ;
#11947 = VECTOR ( 'NONE', #5779, 1000.000000000000000 ) ;
#11948 = CARTESIAN_POINT ( 'NONE',  ( 1.677329954575310644, 1.292233596970450593, 0.6999999999999999556 ) ) ;
#11949 = CARTESIAN_POINT ( 'NONE',  ( 2.221566931192634264, 1.319549473706508769, 0.7010000000000000675 ) ) ;
#11950 = FILL_AREA_STYLE ('',( #3436 ) ) ;
#11951 = FILL_AREA_STYLE_COLOUR ( '', #9350 ) ;
#11952 = FILL_AREA_STYLE_COLOUR ( '', #10369 ) ;
#11953 = CARTESIAN_POINT ( 'NONE',  ( 1.991738841369566693, 1.108603387643867011, 0.7010000000000000675 ) ) ;
#11954 = PRESENTATION_LAYER_ASSIGNMENT (  '', '', ( #4989 ) ) ;
#11955 = SURFACE_SIDE_STYLE ('',( #3308 ) ) ;
#11956 = DIRECTION ( 'NONE',  ( -0.0000000000000000000, -0.0000000000000000000, -1.000000000000000000 ) ) ;
#11957 =( NAMED_UNIT ( * ) PLANE_ANGLE_UNIT ( ) SI_UNIT ( $, .RADIAN. ) );
#11958 = CARTESIAN_POINT ( 'NONE',  ( 2.545264365699737130, 1.061439968560242475, 0.6999999999999999556 ) ) ;
#11959 = VERTEX_POINT ( 'NONE', #10517 ) ;
#11960 = LINE ( 'NONE', #7161, #4114 ) ;
#11961 = VECTOR ( 'NONE', #9078, 1000.000000000000000 ) ;
#11962 = ORIENTED_EDGE ( 'NONE', *, *, #12334, .T. ) ;
#11963 = DIRECTION ( 'NONE',  ( 0.0000000000000000000, 0.0000000000000000000, -1.000000000000000000 ) ) ;
#11964 = FILL_AREA_STYLE ('',( #11177 ) ) ;
#11965 = DIRECTION ( 'NONE',  ( 0.0000000000000000000, -0.0000000000000000000, -1.000000000000000000 ) ) ;
#11966 = FACE_OUTER_BOUND ( 'NONE', #9408, .T. ) ;
#11967 = MECHANICAL_DESIGN_GEOMETRIC_PRESENTATION_REPRESENTATION (  '', ( #9406 ), #1229 ) ;
#11968 =( LENGTH_UNIT ( ) NAMED_UNIT ( * ) SI_UNIT ( .MILLI., .METRE. ) );
#11969 = DIRECTION ( 'NONE',  ( -0.0000000000000000000, -0.0000000000000000000, -1.000000000000000000 ) ) ;
#11970 = VECTOR ( 'NONE', #1451, 1000.000000000000114 ) ;
#11971 = EDGE_CURVE ( 'NONE', #3091, #10439, #5026, .T. ) ;
#11972 = EDGE_CURVE ( 'NONE', #2898, #1741, #2122, .T. ) ;
#11973 = ORIENTED_EDGE ( 'NONE', *, *, #8536, .T. ) ;
#11974 = ORIENTED_EDGE ( 'NONE', *, *, #872, .F. ) ;
#11975 = CARTESIAN_POINT ( 'NONE',  ( 2.060861947646282388, 1.152772303928579545, 0.7010000000000000675 ) ) ;
#11976 =( LENGTH_UNIT ( ) NAMED_UNIT ( * ) SI_UNIT ( .MILLI., .METRE. ) );
#11977 = EDGE_CURVE ( 'NONE', #7002, #10193, #10762, .T. ) ;
#11978 = COLOUR_RGB ( '',1.000000000000000000, 1.000000000000000000, 1.000000000000000000 ) ;
#11979 = SURFACE_STYLE_FILL_AREA ( #9322 ) ;
#11980 = FILL_AREA_STYLE ('',( #2894 ) ) ;
#11981 = CARTESIAN_POINT ( 'NONE',  ( 1.078112890947402258, 1.432205159494573943, 0.6999999999999999556 ) ) ;
#11982 = CARTESIAN_POINT ( 'NONE',  ( 2.187504461854089755, 1.090137287050050530, 0.7010000000000000675 ) ) ;
#11983 = CARTESIAN_POINT ( 'NONE',  ( 2.050131645949924142, 1.079074262820843177, 0.7010000000000000675 ) ) ;
#11984 = UNCERTAINTY_MEASURE_WITH_UNIT (LENGTH_MEASURE( 1.000000000000000082E-05 ), #2723, 'distance_accuracy_value', 'NONE');
#11985 = CARTESIAN_POINT ( 'NONE',  ( 1.955596856198538624, 1.058695007660964693, 0.6999999999999999556 ) ) ;
#11986 = ORIENTED_EDGE ( 'NONE', *, *, #4585, .T. ) ;
#11987 = VECTOR ( 'NONE', #2173, 1000.000000000000000 ) ;
#11988 = DIRECTION ( 'NONE',  ( 0.0000000000000000000, 0.0000000000000000000, -1.000000000000000000 ) ) ;
#11989 = VERTEX_POINT ( 'NONE', #9729 ) ;
#11990 = SURFACE_STYLE_FILL_AREA ( #8203 ) ;
#11991 = COLOUR_RGB ( '',1.000000000000000000, 1.000000000000000000, 1.000000000000000000 ) ;
#11992 = CARTESIAN_POINT ( 'NONE',  ( 1.895540438951756279, 1.224141287305309023, 0.6999999999999999556 ) ) ;
#11993 = ORIENTED_EDGE ( 'NONE', *, *, #10242, .T. ) ;
#11994 = DIRECTION ( 'NONE',  ( -0.0000000000000000000, -0.0000000000000000000, -1.000000000000000000 ) ) ;
#11995 =( NAMED_UNIT ( * ) PLANE_ANGLE_UNIT ( ) SI_UNIT ( $, .RADIAN. ) );
#11996 = ADVANCED_FACE ( 'NONE', ( #4096 ), #8857, .T. ) ;
#11997 = ORIENTED_EDGE ( 'NONE', *, *, #2788, .F. ) ;
#11998 = EDGE_CURVE ( 'NONE', #11154, #12174, #11526, .T. ) ;
#11999 = CARTESIAN_POINT ( 'NONE',  ( -1.099999999999998535, -1.700000000000000178, -0.1000000000000000056 ) ) ;
#12000 = CARTESIAN_POINT ( 'NONE',  ( 2.441496525651999150, 1.319549473706508769, 0.7010000000000000675 ) ) ;
#12001 = PRESENTATION_LAYER_ASSIGNMENT (  '', '', ( #9241 ) ) ;
#12002 = ORIENTED_EDGE ( 'NONE', *, *, #9807, .T. ) ;
#12003 = LINE ( 'NONE', #11072, #8162 ) ;
#12004 = DIRECTION ( 'NONE',  ( -0.0000000000000000000, 1.000000000000000000, -0.0000000000000000000 ) ) ;
#12005 = CARTESIAN_POINT ( 'NONE',  ( 2.595047974733924789, 1.203346128978269869, 0.7010000000000000675 ) ) ;
#12006 = VERTEX_POINT ( 'NONE', #2065 ) ;
#12007 = LINE ( 'NONE', #5901, #10016 ) ;
#12008 = LINE ( 'NONE', #3563, #7604 ) ;
#12009 = EDGE_CURVE ( 'NONE', #4647, #4004, #9665, .T. ) ;
#12010 =( LENGTH_UNIT ( ) NAMED_UNIT ( * ) SI_UNIT ( .MILLI., .METRE. ) );
#12011 =( NAMED_UNIT ( * ) PLANE_ANGLE_UNIT ( ) SI_UNIT ( $, .RADIAN. ) );
#12012 = DIRECTION ( 'NONE',  ( -0.0000000000000000000, -0.0000000000000000000, -1.000000000000000000 ) ) ;
#12013 =( NAMED_UNIT ( * ) PLANE_ANGLE_UNIT ( ) SI_UNIT ( $, .RADIAN. ) );
#12014 = FILL_AREA_STYLE_COLOUR ( '', #11469 ) ;
#12015 = CARTESIAN_POINT ( 'NONE',  ( 2.085109102254885993, 1.180305093553438711, 0.6999999999999999556 ) ) ;
#12016 = FACE_OUTER_BOUND ( 'NONE', #3765, .T. ) ;
#12017 = LINE ( 'NONE', #1435, #1639 ) ;
#12018 = EDGE_LOOP ( 'NONE', ( #6106, #10845, #6704, #7636 ) ) ;
#12019 = CARTESIAN_POINT ( 'NONE',  ( 2.346129929567404737, 1.224141287305309023, 0.6999999999999999556 ) ) ;
#12020 = FACE_OUTER_BOUND ( 'NONE', #583, .T. ) ;
#12021 =( LENGTH_UNIT ( ) NAMED_UNIT ( * ) SI_UNIT ( .MILLI., .METRE. ) );
#12022 = CARTESIAN_POINT ( 'NONE',  ( 2.085109102254885993, 1.127319030137312827, 0.7010000000000000675 ) ) ;
#12023 = CARTESIAN_POINT ( 'NONE',  ( 2.071259526809804186, 1.058695007660964693, 0.6999999999999999556 ) ) ;
#12024 = CARTESIAN_POINT ( 'NONE',  ( 2.142378968285794105, 1.482250792451576649, 0.7010000000000000675 ) ) ;
#12025 = SURFACE_STYLE_FILL_AREA ( #1447 ) ;
#12026 = B_SPLINE_SURFACE_WITH_KNOTS ( 'NONE', 3, 1, ( 
 ( #915, #2910 ),
 ( #11458, #8549 ),
 ( #3804, #5580 ),
 ( #4654, #7777 ) ),
 .UNSPECIFIED., .F., .F., .F.,
 ( 4, 4 ),
 ( 2, 2 ),
 ( 2.000000000000000000, 3.000000000000000000 ),
 ( 0.0000000000000000000, 1.000000000000000000 ),
 .UNSPECIFIED. ) ;
#12027 = LINE ( 'NONE', #6327, #5815 ) ;
#12028 = CARTESIAN_POINT ( 'NONE',  ( 2.096421668384277126, 1.061772691093084697, 0.7010000000000000675 ) ) ;
#12029 = UNCERTAINTY_MEASURE_WITH_UNIT (LENGTH_MEASURE( 1.000000000000000082E-05 ), #5714, 'distance_accuracy_value', 'NONE');
#12030 = DIRECTION ( 'NONE',  ( 0.0000000000000000000, -0.0000000000000000000, 1.000000000000000000 ) ) ;
#12031 = ORIENTED_EDGE ( 'NONE', *, *, #2250, .T. ) ;
#12032 = ORIENTED_EDGE ( 'NONE', *, *, #472, .F. ) ;
#12033 = LINE ( 'NONE', #3523, #7690 ) ;
#12034 = FILL_AREA_STYLE_COLOUR ( '', #8824 ) ;
#12035 = CARTESIAN_POINT ( 'NONE',  ( 2.595047974733924789, 1.203346128978269869, 0.6999999999999999556 ) ) ;
#12036 = SURFACE_SIDE_STYLE ('',( #3528 ) ) ;
#12037 = MECHANICAL_DESIGN_GEOMETRIC_PRESENTATION_REPRESENTATION (  '', ( #5071 ), #481 ) ;
#12038 = PRESENTATION_STYLE_ASSIGNMENT (( #9199 ) ) ;
#12039 = SURFACE_SIDE_STYLE ('',( #6214 ) ) ;
#12040 = VERTEX_POINT ( 'NONE', #7254 ) ;
#12041 = CARTESIAN_POINT ( 'NONE',  ( 1.928729511641029903, 1.067844877324111152, 0.7010000000000000675 ) ) ;
#12042 = CARTESIAN_POINT ( 'NONE',  ( 2.137762443137059876, 1.392831611648191581, 0.7010000000000000675 ) ) ;
#12043 = EDGE_LOOP ( 'NONE', ( #11443, #2422, #2234, #3977, #3452, #4619, #1851 ) ) ;
#12044 = EDGE_CURVE ( 'NONE', #8147, #1524, #4742, .T. ) ;
#12045 = MECHANICAL_DESIGN_GEOMETRIC_PRESENTATION_REPRESENTATION (  '', ( #10458 ), #3311 ) ;
#12046 = CARTESIAN_POINT ( 'NONE',  ( -3.249999999999998668, 2.000000000000000000, 0.6999999999999999556 ) ) ;
#12047 = ORIENTED_EDGE ( 'NONE', *, *, #1632, .F. ) ;
#12048 = LINE ( 'NONE', #765, #11002 ) ;
#12049 = SURFACE_STYLE_FILL_AREA ( #649 ) ;
#12050 = PRESENTATION_STYLE_ASSIGNMENT (( #5258 ) ) ;
#12051 = ORIENTED_EDGE ( 'NONE', *, *, #3037, .T. ) ;
#12052 = FACE_OUTER_BOUND ( 'NONE', #9250, .T. ) ;
#12053 = CARTESIAN_POINT ( 'NONE',  ( 2.473105166307505431, 1.190120408283372955, 0.6999999999999999556 ) ) ;
#12054 = CARTESIAN_POINT ( 'NONE',  ( 1.082740056512518256, 1.140694203274155383, 0.7010000000000000675 ) ) ;
#12055 = MECHANICAL_DESIGN_GEOMETRIC_PRESENTATION_REPRESENTATION (  '', ( #7919 ), #7515 ) ;
#12056 = COLOUR_RGB ( '',1.000000000000000000, 1.000000000000000000, 1.000000000000000000 ) ;
#12057 = AXIS2_PLACEMENT_3D ( 'NONE', #9949, #6875, #8846 ) ;
#12058 = ORIENTED_EDGE ( 'NONE', *, *, #7102, .T. ) ;
#12059 = MECHANICAL_DESIGN_GEOMETRIC_PRESENTATION_REPRESENTATION (  '', ( #6665 ), #9890 ) ;
#12060 = CARTESIAN_POINT ( 'NONE',  ( 2.062359199045738389, 1.139879305766525297, 0.6999999999999999556 ) ) ;
#12061 = VERTEX_POINT ( 'NONE', #3490 ) ;
#12062 = LINE ( 'NONE', #4409, #11651 ) ;
#12063 = ADVANCED_FACE ( 'NONE', ( #7136 ), #10948, .F. ) ;
#12064 = SURFACE_STYLE_USAGE ( .BOTH. , #601 ) ;
#12065 = ADVANCED_FACE ( 'NONE', ( #4274 ), #9475, .F. ) ;
#12066 = CARTESIAN_POINT ( 'NONE',  ( 2.088561098537006888, 1.105026620411373450, 0.6999999999999999556 ) ) ;
#12067 = FILL_AREA_STYLE ('',( #4650 ) ) ;
#12068 = VECTOR ( 'NONE', #177, 1000.000000000000000 ) ;
#12069 = AXIS2_PLACEMENT_3D ( 'NONE', #3258, #8053, #363 ) ;
#12070 = AXIS2_PLACEMENT_3D ( 'NONE', #12145, #9180, #8437 ) ;
#12071 = PRESENTATION_LAYER_ASSIGNMENT (  '', '', ( #7695 ) ) ;
#12072 = SURFACE_STYLE_FILL_AREA ( #475 ) ;
#12073 = CARTESIAN_POINT ( 'NONE',  ( 2.146163687101306561, 1.006707111844477032, 0.7010000000000000675 ) ) ;
#12074 = COLOUR_RGB ( '',1.000000000000000000, 1.000000000000000000, 1.000000000000000000 ) ;
#12075 =( GEOMETRIC_REPRESENTATION_CONTEXT ( 3 ) GLOBAL_UNCERTAINTY_ASSIGNED_CONTEXT ( ( #8061 ) ) GLOBAL_UNIT_ASSIGNED_CONTEXT ( ( #10530, #8563, #7612 ) ) REPRESENTATION_CONTEXT ( 'NONE', 'WORKASPACE' ) );
#12076 = PLANE ( 'NONE',  #7167 ) ;
#12077 =( NAMED_UNIT ( * ) PLANE_ANGLE_UNIT ( ) SI_UNIT ( $, .RADIAN. ) );
#12078 = CARTESIAN_POINT ( 'NONE',  ( 1.970111876710422649, 1.180305093553438711, 0.6999999999999999556 ) ) ;
#12079 = EDGE_CURVE ( 'NONE', #493, #11316, #6119, .T. ) ;
#12080 = STYLED_ITEM ( 'NONE', ( #2251 ), #248 ) ;
#12081 = DIRECTION ( 'NONE',  ( 1.000000000000000000, 0.0000000000000000000, 0.0000000000000000000 ) ) ;
#12082 = EDGE_CURVE ( 'NONE', #8073, #11690, #2965, .T. ) ;
#12083 = EDGE_LOOP ( 'NONE', ( #3385, #5740, #4829, #9208 ) ) ;
#12084 = CARTESIAN_POINT ( 'NONE',  ( 2.092054685135732228, 1.102115298245675667, 0.6999999999999999556 ) ) ;
#12085 = DIRECTION ( 'NONE',  ( -0.0000000000000000000, -0.0000000000000000000, -1.000000000000000000 ) ) ;
#12086 = VECTOR ( 'NONE', #4138, 1000.000000000000000 ) ;
#12087 = CARTESIAN_POINT ( 'NONE',  ( 2.441496525651999150, 1.319549473706508769, 0.6999999999999999556 ) ) ;
#12088 = STYLED_ITEM ( 'NONE', ( #460 ), #10772 ) ;
#12089 = FILL_AREA_STYLE_COLOUR ( '', #1126 ) ;
#12090 =( GEOMETRIC_REPRESENTATION_CONTEXT ( 3 ) GLOBAL_UNCERTAINTY_ASSIGNED_CONTEXT ( ( #10908 ) ) GLOBAL_UNIT_ASSIGNED_CONTEXT ( ( #1604, #3420, #7199 ) ) REPRESENTATION_CONTEXT ( 'NONE', 'WORKASPACE' ) );
#12091 = FACE_OUTER_BOUND ( 'NONE', #5809, .T. ) ;
#12092 = FILL_AREA_STYLE_COLOUR ( '', #3009 ) ;
#12093 = SURFACE_STYLE_FILL_AREA ( #12348 ) ;
#12094 = CARTESIAN_POINT ( 'NONE',  ( 2.591887110667488336, 1.191950382216223403, 0.7009999999999998455 ) ) ;
#12095 = FILL_AREA_STYLE ('',( #8117 ) ) ;
#12096 = CARTESIAN_POINT ( 'NONE',  ( 2.490947412151131246, 1.144287879332228863, 0.7010000000000000675 ) ) ;
#12097 = EDGE_CURVE ( 'NONE', #3411, #2228, #10820, .T. ) ;
#12098 = PRESENTATION_LAYER_ASSIGNMENT (  '', '', ( #6103 ) ) ;
#12099 = CARTESIAN_POINT ( 'NONE',  ( 1.172969647131071547, 1.355857098667944793, 0.7010000000000000675 ) ) ;
#12100 = ORIENTED_EDGE ( 'NONE', *, *, #9757, .T. ) ;
#12101 = ORIENTED_EDGE ( 'NONE', *, *, #11628, .T. ) ;
#12102 = SURFACE_SIDE_STYLE ('',( #5369 ) ) ;
#12103 = LINE ( 'NONE', #10930, #1290 ) ;
#12104 = COLOUR_RGB ( '',1.000000000000000000, 1.000000000000000000, 1.000000000000000000 ) ;
#12105 = UNCERTAINTY_MEASURE_WITH_UNIT (LENGTH_MEASURE( 1.000000000000000082E-05 ), #10188, 'distance_accuracy_value', 'NONE');
#12106 = ORIENTED_EDGE ( 'NONE', *, *, #7730, .T. ) ;
#12107 = CARTESIAN_POINT ( 'NONE',  ( 1.895540438951756279, 1.205425644811862096, 0.7010000000000000675 ) ) ;
#12108 = UNCERTAINTY_MEASURE_WITH_UNIT (LENGTH_MEASURE( 1.000000000000000082E-05 ), #4923, 'distance_accuracy_value', 'NONE');
#12109 = EDGE_LOOP ( 'NONE', ( #12156, #7756, #3673, #9009, #3274, #6165, #5635, #7891, #3108, #10868, #11042, #3418, #7004, #12183, #12313 ) ) ;
#12110 = B_SPLINE_CURVE_WITH_KNOTS ( 'NONE', 3,
 ( #8574, #4746, #1902, #12360 ),
 .UNSPECIFIED., .F., .F.,
 ( 4, 4 ),
 ( 27.00000000000000000, 28.00000000000000000 ),
 .UNSPECIFIED. ) ;
#12111 = VERTEX_POINT ( 'NONE', #11335 ) ;
#12112 = SURFACE_STYLE_FILL_AREA ( #837 ) ;
#12113 = CARTESIAN_POINT ( 'NONE',  ( 2.341513404418675393, 1.134722106501922845, 0.7010000000000000675 ) ) ;
#12114 = VERTEX_POINT ( 'NONE', #10385 ) ;
#12115 = B_SPLINE_CURVE_WITH_KNOTS ( 'NONE', 3,
 ( #53, #1123, #2021, #109 ),
 .UNSPECIFIED., .F., .F.,
 ( 4, 4 ),
 ( 1.000000000000000000, 2.000000000000000000 ),
 .UNSPECIFIED. ) ;
#12116 = CARTESIAN_POINT ( 'NONE',  ( 2.070718852693380629, 1.112512877409197243, 0.6999999999999999556 ) ) ;
#12117 = SURFACE_STYLE_USAGE ( .BOTH. , #9084 ) ;
#12118 = ORIENTED_EDGE ( 'NONE', *, *, #5499, .T. ) ;
#12119 = SURFACE_STYLE_FILL_AREA ( #8341 ) ;
#12120 = LINE ( 'NONE', #10952, #2349 ) ;
#12121 = SURFACE_STYLE_USAGE ( .BOTH. , #12246 ) ;
#12122 = VERTEX_POINT ( 'NONE', #4768 ) ;
#12123 = DIRECTION ( 'NONE',  ( -0.0000000000000000000, 1.000000000000000000, -0.0000000000000000000 ) ) ;
#12124 = CARTESIAN_POINT ( 'NONE',  ( 2.591887110667488336, 1.191950382216223403, 0.7010000000000000675 ) ) ;
#12125 = AXIS2_PLACEMENT_3D ( 'NONE', #4336, #11878, #9277 ) ;
#12126 = COLOUR_RGB ( '',1.000000000000000000, 1.000000000000000000, 1.000000000000000000 ) ;
#12127 = CARTESIAN_POINT ( 'NONE',  ( 2.070718852693380629, 1.112512877409197243, 0.6999999999999999556 ) ) ;
#12128 = VERTEX_POINT ( 'NONE', #6611 ) ;
#12129 = EDGE_CURVE ( 'NONE', #1466, #1169, #9346, .T. ) ;
#12130 = DIRECTION ( 'NONE',  ( -1.000000000000000000, 0.0000000000000000000, 0.0000000000000000000 ) ) ;
#12131 =( NAMED_UNIT ( * ) SI_UNIT ( $, .STERADIAN. ) SOLID_ANGLE_UNIT ( ) );
#12132 = LINE ( 'NONE', #2671, #6891 ) ;
#12133 = ADVANCED_FACE ( 'NONE', ( #10438 ), #3790, .F. ) ;
#12134 = VECTOR ( 'NONE', #10505, 1000.000000000000000 ) ;
#12135 = VECTOR ( 'NONE', #8975, 1000.000000000000000 ) ;
#12136 = DIRECTION ( 'NONE',  ( -0.0000000000000000000, 0.0000000000000000000, -1.000000000000000000 ) ) ;
#12137 = ORIENTED_EDGE ( 'NONE', *, *, #378, .T. ) ;
#12138 = CARTESIAN_POINT ( 'NONE',  ( 0.9890400503509301222, 1.118715180629586525, 0.7010000000000000675 ) ) ;
#12139 = DIRECTION ( 'NONE',  ( -0.0000000000000000000, -0.0000000000000000000, -1.000000000000000000 ) ) ;
#12140 = DIRECTION ( 'NONE',  ( -0.0000000000000000000, 1.000000000000000000, -0.0000000000000000000 ) ) ;
#12141 = DIRECTION ( 'NONE',  ( -0.0000000000000000000, -0.0000000000000000000, 1.000000000000000000 ) ) ;
#12142 = ORIENTED_EDGE ( 'NONE', *, *, #565, .T. ) ;
#12143 = LINE ( 'NONE', #5524, #2801 ) ;
#12144 = CARTESIAN_POINT ( 'NONE',  ( 1.191478265262949865, 0.9845275888515911955, 0.6999999999999999556 ) ) ;
#12145 = CARTESIAN_POINT ( 'NONE',  ( 1.957302059181020848, 1.130479894203750391, 0.7010000000000000675 ) ) ;
#12146 = EDGE_CURVE ( 'NONE', #3791, #6218, #6494, .T. ) ;
#12147 = EDGE_CURVE ( 'NONE', #5617, #8668, #2777, .T. ) ;
#12148 = ADVANCED_FACE ( 'NONE', ( #4573 ), #7356, .T. ) ;
#12149 = SURFACE_STYLE_FILL_AREA ( #1575 ) ;
#12150 = FILL_AREA_STYLE ('',( #741 ) ) ;
#12151 = CARTESIAN_POINT ( 'NONE',  ( 2.309280909012984662, 1.377775917020444219, 0.7010000000000000675 ) ) ;
#12152 = UNCERTAINTY_MEASURE_WITH_UNIT (LENGTH_MEASURE( 1.000000000000000082E-05 ), #11325, 'distance_accuracy_value', 'NONE');
#12153 = AXIS2_PLACEMENT_3D ( 'NONE', #3956, #2884, #3778 ) ;
#12154 = CARTESIAN_POINT ( 'NONE',  ( 1.551239899778543929, 1.409069364765016985, 0.6999999999999999556 ) ) ;
#12155 = ORIENTED_EDGE ( 'NONE', *, *, #8258, .T. ) ;
#12156 = ORIENTED_EDGE ( 'NONE', *, *, #5783, .F. ) ;
#12157 = DIRECTION ( 'NONE',  ( -0.0000000000000000000, -0.0000000000000000000, -1.000000000000000000 ) ) ;
#12158 = SURFACE_STYLE_USAGE ( .BOTH. , #11124 ) ;
#12159 = B_SPLINE_CURVE_WITH_KNOTS ( 'NONE', 3,
 ( #6136, #4291, #9983, #9170 ),
 .UNSPECIFIED., .F., .F.,
 ( 4, 4 ),
 ( 1.000000000000000000, 2.000000000000000000 ),
 .UNSPECIFIED. ) ;
#12160 = CARTESIAN_POINT ( 'NONE',  ( 2.451062298482304058, 1.061439968560242697, 0.6999999999999999556 ) ) ;
#12161 = EDGE_CURVE ( 'NONE', #10508, #3706, #9649, .T. ) ;
#12162 = CARTESIAN_POINT ( 'NONE',  ( 2.488493583469202353, 1.084231462085445408, 0.7010000000000000675 ) ) ;
#12163 = PRESENTATION_STYLE_ASSIGNMENT (( #8246 ) ) ;
#12164 = CARTESIAN_POINT ( 'NONE',  ( 2.283328551422453057, 1.079989249787272731, 0.7010000000000000675 ) ) ;
#12165 = VECTOR ( 'NONE', #7065, 1000.000000000000000 ) ;
#12166 = FILL_AREA_STYLE ('',( #10487 ) ) ;
#12167 = ORIENTED_EDGE ( 'NONE', *, *, #3327, .T. ) ;
#12168 =( NAMED_UNIT ( * ) SI_UNIT ( $, .STERADIAN. ) SOLID_ANGLE_UNIT ( ) );
#12169 = ORIENTED_EDGE ( 'NONE', *, *, #5642, .T. ) ;
#12170 = VERTEX_POINT ( 'NONE', #6869 ) ;
#12171 = ORIENTED_EDGE ( 'NONE', *, *, #3620, .F. ) ;
#12172 = CARTESIAN_POINT ( 'NONE',  ( 1.635685497585844583, 1.112931231947474675, 0.6999999999999999556 ) ) ;
#12173 = PLANE ( 'NONE',  #11598 ) ;
#12174 = VERTEX_POINT ( 'NONE', #11564 ) ;
#12175 = DIRECTION ( 'NONE',  ( -0.0000000000000000000, -0.0000000000000000000, -1.000000000000000000 ) ) ;
#12176 = PRESENTATION_LAYER_ASSIGNMENT (  '', '', ( #11776 ) ) ;
#12177 = SURFACE_SIDE_STYLE ('',( #5504 ) ) ;
#12178 = STYLED_ITEM ( 'NONE', ( #6154 ), #2547 ) ;
#12179 = EDGE_LOOP ( 'NONE', ( #5845, #6331, #3225, #8413 ) ) ;
#12180 = SURFACE_SIDE_STYLE ('',( #12119 ) ) ;
#12181 = MECHANICAL_DESIGN_GEOMETRIC_PRESENTATION_REPRESENTATION (  '', ( #1856 ), #5408 ) ;
#12182 = UNCERTAINTY_MEASURE_WITH_UNIT (LENGTH_MEASURE( 1.000000000000000082E-05 ), #1951, 'distance_accuracy_value', 'NONE');
#12183 = ORIENTED_EDGE ( 'NONE', *, *, #4460, .F. ) ;
#12184 = CARTESIAN_POINT ( 'NONE',  ( 1.530417649220071841, 1.060875693806251796, 0.6999999999999999556 ) ) ;
#12185 = CARTESIAN_POINT ( 'NONE',  ( 2.269354205026444582, 1.448229913429640581, 0.7010000000000000675 ) ) ;
#12186 = UNCERTAINTY_MEASURE_WITH_UNIT (LENGTH_MEASURE( 1.000000000000000082E-05 ), #8593, 'distance_accuracy_value', 'NONE');
#12187 = STYLED_ITEM ( 'NONE', ( #9457 ), #2413 ) ;
#12188 = ORIENTED_EDGE ( 'NONE', *, *, #5417, .F. ) ;
#12189 = FILL_AREA_STYLE ('',( #10272 ) ) ;
#12190 = CARTESIAN_POINT ( 'NONE',  ( 1.832739060806250597, 1.205425644811862096, 0.7010000000000000675 ) ) ;
#12191 = STYLED_ITEM ( 'NONE', ( #7439 ), #6396 ) ;
#12192 = CARTESIAN_POINT ( 'NONE',  ( 1.169499264682951623, 1.449557005542017274, 0.6999999999999999556 ) ) ;
#12193 = ORIENTED_EDGE ( 'NONE', *, *, #7747, .T. ) ;
#12194 = DIRECTION ( 'NONE',  ( -0.0000000000000000000, -0.0000000000000000000, 1.000000000000000000 ) ) ;
#12195 = CARTESIAN_POINT ( 'NONE',  ( 1.551239899778543929, 1.409069364765016985, 0.7010000000000000675 ) ) ;
#12196 = CARTESIAN_POINT ( 'NONE',  ( 2.039734066786956568, 1.065515819591999369, 0.7010000000000000675 ) ) ;
#12197 = CARTESIAN_POINT ( 'NONE',  ( 1.516536163556732930, 1.311899031315902242, 0.6999999999999999556 ) ) ;
#12198 = VERTEX_POINT ( 'NONE', #5982 ) ;
#12199 = CARTESIAN_POINT ( 'NONE',  ( 1.969820744493629316, 1.075414314955142503, 0.7010000000000000675 ) ) ;
#12200 = EDGE_CURVE ( 'NONE', #3824, #3195, #12346, .T. ) ;
#12201 = CARTESIAN_POINT ( 'NONE',  ( 2.567556775426779847, 1.124324527338406599, 0.7010000000000000675 ) ) ;
#12202 = LINE ( 'NONE', #6256, #2932 ) ;
#12203 = CARTESIAN_POINT ( 'NONE',  ( 1.293275775309741249, 1.525905132560692490, 0.7010000000000000675 ) ) ;
#12204 = LINE ( 'NONE', #874, #9909 ) ;
#12205 = LINE ( 'NONE', #7476, #10511 ) ;
#12206 =( NAMED_UNIT ( * ) PLANE_ANGLE_UNIT ( ) SI_UNIT ( $, .RADIAN. ) );
#12207 =( NAMED_UNIT ( * ) PLANE_ANGLE_UNIT ( ) SI_UNIT ( $, .RADIAN. ) );
#12208 = CARTESIAN_POINT ( 'NONE',  ( 2.301087616632872201, 1.357563023126987956, 0.6999999999999999556 ) ) ;
#12209 = LINE ( 'NONE', #8752, #8915 ) ;
#12210 = CARTESIAN_POINT ( 'NONE',  ( 1.943327712786121042, 1.447980371530009025, 0.7010000000000000675 ) ) ;
#12211 = CARTESIAN_POINT ( 'NONE',  ( 2.014363973628903626, 1.462869704891335054, 0.6999999999999999556 ) ) ;
#12212 = EDGE_CURVE ( 'NONE', #4780, #6151, #11614, .T. ) ;
#12213 = EDGE_CURVE ( 'NONE', #451, #6606, #7644, .T. ) ;
#12214 =( LENGTH_UNIT ( ) NAMED_UNIT ( * ) SI_UNIT ( .MILLI., .METRE. ) );
#12215 = ORIENTED_EDGE ( 'NONE', *, *, #1996, .F. ) ;
#12216 = EDGE_CURVE ( 'NONE', #7590, #10332, #6749, .T. ) ;
#12217 = ORIENTED_EDGE ( 'NONE', *, *, #5801, .T. ) ;
#12218 = SURFACE_STYLE_FILL_AREA ( #11183 ) ;
#12219 = CARTESIAN_POINT ( 'NONE',  ( 2.223230543859060493, 1.482250792451576649, 0.7010000000000000675 ) ) ;
#12220 = CARTESIAN_POINT ( 'NONE',  ( 1.939418223020783927, 1.100534866213565888, 0.7010000000000000675 ) ) ;
#12221 =( NAMED_UNIT ( * ) PLANE_ANGLE_UNIT ( ) SI_UNIT ( $, .RADIAN. ) );
#12222 = FILL_AREA_STYLE ('',( #10311 ) ) ;
#12223 = SURFACE_STYLE_FILL_AREA ( #5543 ) ;
#12224 = COLOUR_RGB ( '',1.000000000000000000, 1.000000000000000000, 1.000000000000000000 ) ;
#12225 = EDGE_LOOP ( 'NONE', ( #293, #1531, #8362, #7802 ) ) ;
#12226 = SURFACE_STYLE_USAGE ( .BOTH. , #4753 ) ;
#12227 = EDGE_LOOP ( 'NONE', ( #7504, #8858, #1804, #10619, #10812, #5435, #4373, #8602, #1209, #2778, #8463, #7368 ) ) ;
#12228 = EDGE_CURVE ( 'NONE', #2903, #5121, #8717, .T. ) ;
#12229 = CARTESIAN_POINT ( 'NONE',  ( 1.895540438951756279, 1.224141287305309023, 0.7010000000000000675 ) ) ;
#12230 = ORIENTED_EDGE ( 'NONE', *, *, #3246, .T. ) ;
#12231 = B_SPLINE_SURFACE_WITH_KNOTS ( 'NONE', 3, 1, ( 
 ( #4488, #2937 ),
 ( #3820, #1893 ),
 ( #114, #6783 ),
 ( #9681, #8566 ) ),
 .UNSPECIFIED., .F., .F., .F.,
 ( 4, 4 ),
 ( 2, 2 ),
 ( 10.00000000000000000, 11.00000000000000000 ),
 ( 0.0000000000000000000, 1.000000000000000000 ),
 .UNSPECIFIED. ) ;
#12232 = ORIENTED_EDGE ( 'NONE', *, *, #1261, .F. ) ;
#12233 = PRESENTATION_STYLE_ASSIGNMENT (( #9396 ) ) ;
#12234 =( NAMED_UNIT ( * ) SI_UNIT ( $, .STERADIAN. ) SOLID_ANGLE_UNIT ( ) );
#12235 = CARTESIAN_POINT ( 'NONE',  ( 2.074877884358346414, 1.131311700535857057, 0.7010000000000000675 ) ) ;
#12236 = VECTOR ( 'NONE', #2868, 1000.000000000000000 ) ;
#12237 = EDGE_LOOP ( 'NONE', ( #1052, #2468, #6719, #1348 ) ) ;
#12238 = CARTESIAN_POINT ( 'NONE',  ( 2.052918197165804592, 1.171072043255974915, 0.7010000000000000675 ) ) ;
#12239 = FILL_AREA_STYLE_COLOUR ( '', #10502 ) ;
#12240 = FACE_OUTER_BOUND ( 'NONE', #11182, .T. ) ;
#12241 = CARTESIAN_POINT ( 'NONE',  ( 1.832739060806250597, 1.153354568362160437, 0.6999999999999999556 ) ) ;
#12242 = FILL_AREA_STYLE_COLOUR ( '', #9723 ) ;
#12243 = ORIENTED_EDGE ( 'NONE', *, *, #10028, .T. ) ;
#12244 = COLOUR_RGB ( '',1.000000000000000000, 1.000000000000000000, 1.000000000000000000 ) ;
#12245 =( NAMED_UNIT ( * ) SI_UNIT ( $, .STERADIAN. ) SOLID_ANGLE_UNIT ( ) );
#12246 = SURFACE_SIDE_STYLE ('',( #4646 ) ) ;
#12247 = EDGE_LOOP ( 'NONE', ( #8467, #10934, #2882, #3586 ) ) ;
#12248 = SURFACE_SIDE_STYLE ('',( #978 ) ) ;
#12249 = EDGE_CURVE ( 'NONE', #11244, #7588, #8788, .T. ) ;
#12250 = SURFACE_SIDE_STYLE ('',( #3675 ) ) ;
#12251 = ORIENTED_EDGE ( 'NONE', *, *, #11320, .F. ) ;
#12252 = CARTESIAN_POINT ( 'NONE',  ( 1.191478265262949865, 0.9845275888515911955, 0.7010000000000000675 ) ) ;
#12253 = VECTOR ( 'NONE', #7882, 1000.000000000000000 ) ;
#12254 = FILL_AREA_STYLE_COLOUR ( '', #1526 ) ;
#12255 = STYLED_ITEM ( 'NONE', ( #8964 ), #4711 ) ;
#12256 = AXIS2_PLACEMENT_3D ( 'NONE', #11610, #6865, #11667 ) ;
#12257 = DIRECTION ( 'NONE',  ( 1.000000000000000000, 0.0000000000000000000, 0.0000000000000000000 ) ) ;
#12258 = ORIENTED_EDGE ( 'NONE', *, *, #11766, .F. ) ;
#12259 = CARTESIAN_POINT ( 'NONE',  ( 1.987662990337809354, 1.466030568956663283, 0.6999999999999999556 ) ) ;
#12260 = CARTESIAN_POINT ( 'NONE',  ( 2.269354205026444582, 1.448229913429640581, 0.7010000000000000675 ) ) ;
#12261 = CARTESIAN_POINT ( 'NONE',  ( 1.935383962305082584, 1.061772691093084697, 0.6999999999999999556 ) ) ;
#12262 = DIRECTION ( 'NONE',  ( -0.0000000000000000000, -0.0000000000000000000, -1.000000000000000000 ) ) ;
#12263 = ORIENTED_EDGE ( 'NONE', *, *, #1182, .T. ) ;
#12264 = LINE ( 'NONE', #7344, #9718 ) ;
#12265 = FILL_AREA_STYLE ('',( #11408 ) ) ;
#12266 = COLOUR_RGB ( '',1.000000000000000000, 1.000000000000000000, 1.000000000000000000 ) ;
#12267 = STYLED_ITEM ( 'NONE', ( #7794 ), #8181 ) ;
#12268 =( GEOMETRIC_REPRESENTATION_CONTEXT ( 3 ) GLOBAL_UNCERTAINTY_ASSIGNED_CONTEXT ( ( #9716 ) ) GLOBAL_UNIT_ASSIGNED_CONTEXT ( ( #7931, #10722, #2091 ) ) REPRESENTATION_CONTEXT ( 'NONE', 'WORKASPACE' ) );
#12269 = CARTESIAN_POINT ( 'NONE',  ( 2.095548271735012236, 1.099203976079982992, 0.6999999999999999556 ) ) ;
#12270 = PRESENTATION_LAYER_ASSIGNMENT (  '', '', ( #299 ) ) ;
#12271 = STYLED_ITEM ( 'NONE', ( #1812 ), #1477 ) ;
#12272 = MECHANICAL_DESIGN_GEOMETRIC_PRESENTATION_REPRESENTATION (  '', ( #6894 ), #7904 ) ;
#12273 = CARTESIAN_POINT ( 'NONE',  ( 1.293275775309741249, 1.525905132560692490, 0.6999999999999999556 ) ) ;
#12274 =( NAMED_UNIT ( * ) PLANE_ANGLE_UNIT ( ) SI_UNIT ( $, .RADIAN. ) );
#12275 = VECTOR ( 'NONE', #3185, 999.9999999999998863 ) ;
#12276 = LINE ( 'NONE', #10462, #10700 ) ;
#12277 = SURFACE_STYLE_FILL_AREA ( #10414 ) ;
#12278 = DIRECTION ( 'NONE',  ( 1.000000000000000000, 0.0000000000000000000, -0.0000000000000000000 ) ) ;
#12279 = VECTOR ( 'NONE', #9914, 1000.000000000000000 ) ;
#12280 =( NAMED_UNIT ( * ) SI_UNIT ( $, .STERADIAN. ) SOLID_ANGLE_UNIT ( ) );
#12281 = LINE ( 'NONE', #9558, #11658 ) ;
#12282 = MECHANICAL_DESIGN_GEOMETRIC_PRESENTATION_REPRESENTATION (  '', ( #8305 ), #6682 ) ;
#12283 = DIRECTION ( 'NONE',  ( 0.3658589216693576840, -0.9306703226357520009, -0.0000000000000000000 ) ) ;
#12284 = DIRECTION ( 'NONE',  ( 1.000000000000000000, 0.0000000000000000000, 0.0000000000000000000 ) ) ;
#12285 = PRESENTATION_STYLE_ASSIGNMENT (( #6283 ) ) ;
#12286 = UNCERTAINTY_MEASURE_WITH_UNIT (LENGTH_MEASURE( 1.000000000000000082E-05 ), #3086, 'distance_accuracy_value', 'NONE');
#12287 = MECHANICAL_DESIGN_GEOMETRIC_PRESENTATION_REPRESENTATION (  '', ( #3559 ), #533 ) ;
#12288 = STYLED_ITEM ( 'NONE', ( #3781 ), #3388 ) ;
#12289 = DIRECTION ( 'NONE',  ( 0.0000000000000000000, 0.0000000000000000000, 1.000000000000000000 ) ) ;
#12290 = ORIENTED_EDGE ( 'NONE', *, *, #1335, .T. ) ;
#12291 = ADVANCED_FACE ( 'NONE', ( #2224 ), #7701, .F. ) ;
#12292 = ORIENTED_EDGE ( 'NONE', *, *, #12082, .T. ) ;
#12294 =( NAMED_UNIT ( * ) SI_UNIT ( $, .STERADIAN. ) SOLID_ANGLE_UNIT ( ) );
#12293 = PRESENTATION_LAYER_ASSIGNMENT (  '', '', ( #5315 ) ) ;
#12295 = EDGE_CURVE ( 'NONE', #9650, #2588, #8781, .T. ) ;
#12296 = COLOUR_RGB ( '',1.000000000000000000, 1.000000000000000000, 1.000000000000000000 ) ;
#12297 = FACE_OUTER_BOUND ( 'NONE', #2839, .T. ) ;
#12298 = CARTESIAN_POINT ( 'NONE',  ( 2.346129929567404737, 1.224141287305309023, 0.7010000000000000675 ) ) ;
#12299 =( LENGTH_UNIT ( ) NAMED_UNIT ( * ) SI_UNIT ( .MILLI., .METRE. ) );
#12300 = B_SPLINE_CURVE_WITH_KNOTS ( 'NONE', 3,
 ( #11639, #7917, #4286, #11707, #10900, #1486, #4170 ),
 .UNSPECIFIED., .F., .F.,
 ( 4, 3, 4 ),
 ( 0.0000000000000000000, 1.000000000000000000, 2.000000000000000000 ),
 .UNSPECIFIED. ) ;
#12301 = CARTESIAN_POINT ( 'NONE',  ( 1.945324047985389271, 1.080654694852952069, 0.6999999999999999556 ) ) ;
#12302 = ADVANCED_FACE ( 'NONE', ( #3847 ), #2119, .F. ) ;
#12303 = SURFACE_STYLE_USAGE ( .BOTH. , #5789 ) ;
#12304 = EDGE_LOOP ( 'NONE', ( #11845, #9610, #1660, #3551 ) ) ;
#12305 = B_SPLINE_CURVE_WITH_KNOTS ( 'NONE', 3,
 ( #7392, #4411, #2785, #11272 ),
 .UNSPECIFIED., .F., .F.,
 ( 4, 4 ),
 ( 26.00000000000000000, 27.00000000000000000 ),
 .UNSPECIFIED. ) ;
#12306 = CARTESIAN_POINT ( 'NONE',  ( 0.4000000000000010214, -1.700000000000000178, -0.1000000000000000056 ) ) ;
#12307 = VERTEX_POINT ( 'NONE', #10133 ) ;
#12308 = ORIENTED_EDGE ( 'NONE', *, *, #4239, .F. ) ;
#12309 = PLANE ( 'NONE',  #2346 ) ;
#12310 = CARTESIAN_POINT ( 'NONE',  ( 2.060861947646282388, 1.148114188464350871, 0.7010000000000000675 ) ) ;
#12311 = PRESENTATION_STYLE_ASSIGNMENT (( #10557 ) ) ;
#12312 = COLOUR_RGB ( '',1.000000000000000000, 1.000000000000000000, 1.000000000000000000 ) ;
#12313 = ORIENTED_EDGE ( 'NONE', *, *, #8258, .F. ) ;
#12314 = CARTESIAN_POINT ( 'NONE',  ( 2.137762443137059876, 1.411464073508428951, 0.6999999999999999556 ) ) ;
#12315 = EDGE_CURVE ( 'NONE', #5493, #863, #3342, .T. ) ;
#12316 = ORIENTED_EDGE ( 'NONE', *, *, #9225, .T. ) ;
#12317 = EDGE_CURVE ( 'NONE', #3812, #11396, #5131, .T. ) ;
#12318 = DIRECTION ( 'NONE',  ( -0.0000000000000000000, 1.000000000000000000, -0.0000000000000000000 ) ) ;
#12319 = FILL_AREA_STYLE ('',( #3904 ) ) ;
#12320 =( NAMED_UNIT ( * ) SI_UNIT ( $, .STERADIAN. ) SOLID_ANGLE_UNIT ( ) );
#12321 = VERTEX_POINT ( 'NONE', #3406 ) ;
#12322 =( LENGTH_UNIT ( ) NAMED_UNIT ( * ) SI_UNIT ( .MILLI., .METRE. ) );
#12323 = STYLED_ITEM ( 'NONE', ( #6514 ), #11144 ) ;
#12324 = FILL_AREA_STYLE_COLOUR ( '', #7589 ) ;
#12325 = UNCERTAINTY_MEASURE_WITH_UNIT (LENGTH_MEASURE( 1.000000000000000082E-05 ), #5633, 'distance_accuracy_value', 'NONE');
#12326 = EDGE_LOOP ( 'NONE', ( #10890, #1008, #183, #3209 ) ) ;
#12327 =( NAMED_UNIT ( * ) PLANE_ANGLE_UNIT ( ) SI_UNIT ( $, .RADIAN. ) );
#12328 = ORIENTED_EDGE ( 'NONE', *, *, #9204, .T. ) ;
#12329 =( NAMED_UNIT ( * ) PLANE_ANGLE_UNIT ( ) SI_UNIT ( $, .RADIAN. ) );
#12330 = FILL_AREA_STYLE_COLOUR ( '', #3454 ) ;
#12331 = CARTESIAN_POINT ( 'NONE',  ( 2.097295065034097572, 1.091052274016473422, 0.6999999999999999556 ) ) ;
#12332 = LINE ( 'NONE', #10578, #5701 ) ;
#12333 =( GEOMETRIC_REPRESENTATION_CONTEXT ( 3 ) GLOBAL_UNCERTAINTY_ASSIGNED_CONTEXT ( ( #11445 ) ) GLOBAL_UNIT_ASSIGNED_CONTEXT ( ( #10827, #6004, #7024 ) ) REPRESENTATION_CONTEXT ( 'NONE', 'WORKASPACE' ) );
#12334 = EDGE_CURVE ( 'NONE', #5069, #2472, #879, .T. ) ;
#12335 = ORIENTED_EDGE ( 'NONE', *, *, #1028, .F. ) ;
#12336 = CARTESIAN_POINT ( 'NONE',  ( 1.987455038754229797, 1.484995753350852210, 0.6999999999999999556 ) ) ;
#12337 =( GEOMETRIC_REPRESENTATION_CONTEXT ( 3 ) GLOBAL_UNCERTAINTY_ASSIGNED_CONTEXT ( ( #9388 ) ) GLOBAL_UNIT_ASSIGNED_CONTEXT ( ( #5096, #722, #5340 ) ) REPRESENTATION_CONTEXT ( 'NONE', 'WORKASPACE' ) );
#12338 =( GEOMETRIC_REPRESENTATION_CONTEXT ( 3 ) GLOBAL_UNCERTAINTY_ASSIGNED_CONTEXT ( ( #9879 ) ) GLOBAL_UNIT_ASSIGNED_CONTEXT ( ( #11923, #2283, #4674 ) ) REPRESENTATION_CONTEXT ( 'NONE', 'WORKASPACE' ) );
#12339 = SURFACE_SIDE_STYLE ('',( #4660 ) ) ;
#12340 = ORIENTED_EDGE ( 'NONE', *, *, #3553, .T. ) ;
#12341 = CARTESIAN_POINT ( 'NONE',  ( 1.980966949356598450, 1.316804512807233207, 0.6999999999999999556 ) ) ;
#12342 = SURFACE_STYLE_FILL_AREA ( #12265 ) ;
#12343 = SURFACE_STYLE_USAGE ( .BOTH. , #1886 ) ;
#12344 = COLOUR_RGB ( '',1.000000000000000000, 1.000000000000000000, 1.000000000000000000 ) ;
#12345 = DIRECTION ( 'NONE',  ( 0.0000000000000000000, 0.0000000000000000000, 1.000000000000000000 ) ) ;
#12346 = B_SPLINE_CURVE_WITH_KNOTS ( 'NONE', 3,
 ( #7764, #7820, #2166, #6937 ),
 .UNSPECIFIED., .F., .F.,
 ( 4, 4 ),
 ( 24.00000000000000000, 25.00000000000000000 ),
 .UNSPECIFIED. ) ;
#12347 = SURFACE_STYLE_USAGE ( .BOTH. , #3756 ) ;
#12348 = FILL_AREA_STYLE ('',( #11419 ) ) ;
#12349 = LINE ( 'NONE', #3942, #12352 ) ;
#12350 = CARTESIAN_POINT ( 'NONE',  ( 1.987662990337809354, 1.466030568956663283, 0.7010000000000000675 ) ) ;
#12351 =( NAMED_UNIT ( * ) PLANE_ANGLE_UNIT ( ) SI_UNIT ( $, .RADIAN. ) );
#12352 = VECTOR ( 'NONE', #3758, 1000.000000000000000 ) ;
#12353 =( NAMED_UNIT ( * ) PLANE_ANGLE_UNIT ( ) SI_UNIT ( $, .RADIAN. ) );
#12354 = COLOUR_RGB ( '',1.000000000000000000, 1.000000000000000000, 1.000000000000000000 ) ;
#12355 = CARTESIAN_POINT ( 'NONE',  ( 2.426981505140121342, 1.224141287305309023, 0.7010000000000000675 ) ) ;
#12356 = B_SPLINE_CURVE_WITH_KNOTS ( 'NONE', 3,
 ( #10860, #11734, #4197, #9012 ),
 .UNSPECIFIED., .F., .F.,
 ( 4, 4 ),
 ( 34.00000000000000000, 35.00000000000000000 ),
 .UNSPECIFIED. ) ;
#12357 = VERTEX_POINT ( 'NONE', #1400 ) ;
#12358 = MECHANICAL_DESIGN_GEOMETRIC_PRESENTATION_REPRESENTATION (  '', ( #10756 ), #393 ) ;
#12359 =( NAMED_UNIT ( * ) PLANE_ANGLE_UNIT ( ) SI_UNIT ( $, .RADIAN. ) );
#12360 = CARTESIAN_POINT ( 'NONE',  ( 1.428620161237295516, 1.096736157986126337, 0.7010000000000000675 ) ) ;
#12361 = FACE_OUTER_BOUND ( 'NONE', #7067, .T. ) ;
#12362 = COLOUR_RGB ( '',1.000000000000000000, 1.000000000000000000, 1.000000000000000000 ) ;
#12363 = CARTESIAN_POINT ( 'NONE',  ( -2.909910007915382568, -1.613201107017512959, 0.5999999999999999778 ) ) ;
ENDSEC;
END-ISO-10303-21;
